candidate_id,email,first_name,last_name,phone
review-clean4-messy-CAND-00001,review-clean4-messy.DANIELLE.JOHNSON.0001@EXAMPLE.COM, Danielle ,Johnson,+1-messy-0000001
review-clean4-messy-CAND-00002,review-clean4-messy.joshua.walker.0002@example.com,Joshua,Walker,+1-messy-0000002
review-clean4-messy-CAND-00003,review-clean4-messy.candidate-00003@example.com,jill,rhodes,+1-messy-0000003
review-clean4-messy-CAND-00004,review-clean4-messy.patricia.miller.0004@example.com,Patricia,Miller,+1-messy-0000004
review-clean4-messy-CAND-00005,review-clean4-messy.robert.johnson.0005@example.com,robert,Johnson,+1-messy-0000005
review-clean4-messy-CAND-00006,review-clean4-messy.jeffery.wagner.0006@example.com,Jeffery,Wagner,+1-messy-0000006
review-clean4-messy-CAND-00007,review-clean4-messy.anthony.gonzalez.0007@example.com,anthony, Gonzalez ,+1-messy-0000007
review-clean4-messy-CAND-00008,review-clean4-messy.debra.gardner.0008@example.com,debra,Gardner,+1-messy-0000008
review-clean4-messy-CAND-00009,review-clean4-messy.jeffrey.lawrence.0009@example.com,jeffrey,lawrence,+1-messy-0000009
review-clean4-messy-CAND-00010,review-clean4-messy. lisa.smith.0010@example.com ,lisa,smith,+1-messy-0000010
review-clean4-messy-CAND-00011,review-clean4-messy.LINDA.WOLFE.0011@EXAMPLE.COM,linda, Wolfe ,+1-messy-0000011
review-clean4-messy-CAND-00012,review-clean4-messy.matthew.moore.0012@example.com,Matthew,Moore,+1-messy-0000012
review-clean4-messy-CAND-00013,review-clean4-messy.susan.rogers.0013@example.com,Susan,Rogers,+1-messy-0000013
review-clean4-messy-CAND-00014,review-clean4-messy.christopher.davis.0014@example.com,Christopher,Davis,+1-messy-0000014
review-clean4-messy-CAND-00015,review-clean4-messy.melanie.munoz.0015@example.com, Melanie ,Munoz,+1-messy-0000015
review-clean4-messy-CAND-00016,review-clean4-messy.lindsay.blair.0016@example.com,Lindsay,Blair,+1-messy-0000016
review-clean4-messy-CAND-00017,review-clean4-messy.amanda.dudley.0017@example.com,Amanda,Dudley,+1-messy-0000017
review-clean4-messy-CAND-00018,review-clean4-messy.nicholas.arnold.0018@example.com,Nicholas,Arnold,+1-messy-0000018
review-clean4-messy-CAND-00019,review-clean4-messy. maria.montgomery.0019@example.com ,Maria,Montgomery,+1-messy-0000019
review-clean4-messy-CAND-00020,review-clean4-messy.michelle.ray.0020@example.com, Michelle ,Ray,+1-messy-0000020
review-clean4-messy-CAND-00021,review-clean4-messy.candidate-00021@example.com,Janet,Williams,+1-messy-0000021
review-clean4-messy-CAND-00022,review-clean4-messy.jeremy.roberts.0022@example.com, Jeremy ,Roberts,+1-messy-0000022
review-clean4-messy-CAND-00023,review-clean4-messy.christopher.hall.0023@example.com,christopher,hall,+1-messy-0000023
review-clean4-messy-CAND-00024,review-clean4-messy.candidate-00024@example.com,Craig, Ramirez ,+1-messy-0000024
review-clean4-messy-CAND-00025,review-clean4-messy.candidate-00025@example.com, Cynthia ,Diaz,+1-messy-0000025
review-clean4-messy-CAND-00026,review-clean4-messy.mitchell.clark.0026@example.com,Mitchell,Clark,+1-messy-0000026
review-clean4-messy-CAND-00027,review-clean4-messy.joseph.zuniga.0027@example.com,Joseph,Zuniga,+1-messy-0000027
review-clean4-messy-CAND-00028,review-clean4-messy.deborah.lynch.0028@example.com,deborah,Lynch,+1-messy-0000028
review-clean4-messy-CAND-00029,review-clean4-messy.GEORGE.DANIEL.0029@EXAMPLE.COM, George ,Daniel,+1-messy-0000029
review-clean4-messy-CAND-00030,review-clean4-messy.frank.gray.0030@example.com,frank,Gray,+1-messy-0000030
review-clean4-messy-CAND-00031,review-clean4-messy.veronica.bowman.0031@example.com,Veronica, Bowman ,+1-messy-0000031
review-clean4-messy-CAND-00032,review-clean4-messy.angela.cohen.0032@example.com,Angela,Cohen,+1-messy-0000032
review-clean4-messy-CAND-00033,review-clean4-messy.megan.parsons.0033@example.com,Megan,Parsons,+1-messy-0000033
review-clean4-messy-CAND-00034,review-clean4-messy.jeremy.johnson.0034@example.com, Jeremy ,Johnson,+1-messy-0000034
review-clean4-messy-CAND-00035,review-clean4-messy.leslie.adams.0035@example.com,Leslie,Adams,+1-messy-0000035
review-clean4-messy-CAND-00036,review-clean4-messy.jason.hahn.0036@example.com, Jason ,Hahn,+1-messy-0000036
review-clean4-messy-CAND-00037,review-clean4-messy. nancy.edwards.0037@example.com ,Nancy,Edwards,+1-messy-0000037
review-clean4-messy-CAND-00038,review-clean4-messy.diana.foster.0038@example.com,diana,Foster,+1-messy-0000038
review-clean4-messy-CAND-00039,review-clean4-messy.robin.ellis.0039@example.com, Robin ,ellis,+1-messy-0000039
review-clean4-messy-CAND-00040,review-clean4-messy.candidate-00040@example.com,Joseph,wright,+1-messy-0000040
review-clean4-messy-CAND-00041,review-clean4-messy.anna.baker.0041@example.com, Anna ,Baker,+1-messy-0000041
review-clean4-messy-CAND-00042,review-clean4-messy.candidate-00042@example.com,Brenda,Hurst,+1-messy-0000042
review-clean4-messy-CAND-00043,review-clean4-messy.REGINALD.ROBINSON.0043@EXAMPLE.COM,reginald,Robinson,+1-messy-0000043
review-clean4-messy-CAND-00044,review-clean4-messy.whitney.hicks.0044@example.com,whitney,Hicks,+1-messy-0000044
review-clean4-messy-CAND-00045,review-clean4-messy.CHRISTOPHER.WILLIAMS.0045@EXAMPLE.COM, Christopher ,Williams,+1-messy-0000045
review-clean4-messy-CAND-00046,review-clean4-messy.daniel.burton.0046@example.com, Daniel ,Burton,+1-messy-0000046
review-clean4-messy-CAND-00047,review-clean4-messy.laura.henderson.0047@example.com,Laura,Henderson,+1-messy-0000047
review-clean4-messy-CAND-00048,review-clean4-messy.bryan.james.0048@example.com,Bryan,James,+1-messy-0000048
review-clean4-messy-CAND-00049,review-clean4-messy.candidate-00049@example.com,Wendy,rice,+1-messy-0000049
review-clean4-messy-CAND-00050,review-clean4-messy.tasha.valencia.0050@example.com,Tasha,Valencia,+1-messy-0000050
review-clean4-messy-CAND-00051,review-clean4-messy. alexander.le.0051@example.com ,Alexander,Le,+1-messy-0000051
review-clean4-messy-CAND-00052,review-clean4-messy.erin.herrera.0052@example.com,Erin,Herrera,+1-messy-0000052
review-clean4-messy-CAND-00053,review-clean4-messy.candidate-00053@example.com,Joseph,Davidson,+1-messy-0000053
review-clean4-messy-CAND-00054,review-clean4-messy.candidate-00054@example.com,daniel,Graham,+1-messy-0000054
review-clean4-messy-CAND-00055,review-clean4-messy.shawn.mckay.0055@example.com, Shawn ,mckay,+1-messy-0000055
review-clean4-messy-CAND-00056,review-clean4-messy.NANCY.BAKER.0056@EXAMPLE.COM,Nancy,Baker,+1-messy-0000056
review-clean4-messy-CAND-00057,review-clean4-messy.vincent.white.0057@example.com,Vincent, White ,+1-messy-0000057
review-clean4-messy-CAND-00058,review-clean4-messy.rita.harrell.0058@example.com,Rita,Harrell,+1-messy-0000058
review-clean4-messy-CAND-00059,review-clean4-messy.KENNETH.FOWLER.0059@EXAMPLE.COM,Kenneth,Fowler,+1-messy-0000059
review-clean4-messy-CAND-00060,review-clean4-messy.chelsea.hernandez.0060@example.com,Chelsea, Hernandez ,+1-messy-0000060
review-clean4-messy-CAND-00061,review-clean4-messy. kathryn.ryan.0061@example.com ,Kathryn,Ryan,+1-messy-0000061
review-clean4-messy-CAND-00062,review-clean4-messy.kimberly.moreno.0062@example.com,Kimberly,Moreno,+1-messy-0000062
review-clean4-messy-CAND-00063,review-clean4-messy.aaron.nguyen.0063@example.com,Aaron,Nguyen,+1-messy-0000063
review-clean4-messy-CAND-00064,review-clean4-messy.andrew.hickman.0064@example.com,Andrew,Hickman,+1-messy-0000064
review-clean4-messy-CAND-00065,review-clean4-messy. natasha.decker.0065@example.com ,Natasha,decker,+1-messy-0000065
review-clean4-messy-CAND-00066,review-clean4-messy.KYLE.BROWN.0066@EXAMPLE.COM, Kyle ,brown,+1-messy-0000066
review-clean4-messy-CAND-00067,review-clean4-messy.candidate-00067@example.com,Natalie,arroyo,+1-messy-0000067
review-clean4-messy-CAND-00068,review-clean4-messy.CHRISTOPHER.TUCKER.0068@EXAMPLE.COM,Christopher,Tucker,+1-messy-0000068
review-clean4-messy-CAND-00069,review-clean4-messy.chad.hodges.0069@example.com,Chad,Hodges,+1-messy-0000069
review-clean4-messy-CAND-00070,review-clean4-messy. katie.anderson.0070@example.com ,katie,anderson,+1-messy-0000070
review-clean4-messy-CAND-00071,review-clean4-messy.thomas.pierce.0071@example.com,Thomas,Pierce,+1-messy-0000071
review-clean4-messy-CAND-00072,review-clean4-messy.joseph.brennan.0072@example.com,Joseph,Brennan,+1-messy-0000072
review-clean4-messy-CAND-00073,review-clean4-messy.rodney.lewis.0073@example.com,Rodney,Lewis,+1-messy-0000073
review-clean4-messy-CAND-00074,review-clean4-messy.amber.blair.0074@example.com,Amber,blair,+1-messy-0000074
review-clean4-messy-CAND-00075,review-clean4-messy.james.collins.0075@example.com,James,Collins,+1-messy-0000075
review-clean4-messy-CAND-00076,review-clean4-messy.wanda.santos.0076@example.com, Wanda ,Santos,+1-messy-0000076
review-clean4-messy-CAND-00077,review-clean4-messy.SAMUEL.HOLMES.0077@EXAMPLE.COM, Samuel ,Holmes,+1-messy-0000077
review-clean4-messy-CAND-00078,review-clean4-messy.candidate-00078@example.com,David, Walker ,+1-messy-0000078
review-clean4-messy-CAND-00079,review-clean4-messy.matthew.chapman.0079@example.com,Matthew,Chapman,+1-messy-0000079
review-clean4-messy-CAND-00080,review-clean4-messy.jerry.robinson.0080@example.com,Jerry,Robinson,+1-messy-0000080
review-clean4-messy-CAND-00081,review-clean4-messy.chad.welch.0081@example.com,Chad,Welch,+1-messy-0000081
review-clean4-messy-CAND-00082,review-clean4-messy.jeremy.whitehead.0082@example.com,Jeremy,Whitehead,+1-messy-0000082
review-clean4-messy-CAND-00083,review-clean4-messy.MICHELE.JONES.0083@EXAMPLE.COM,Michele,Jones,+1-messy-0000083
review-clean4-messy-CAND-00084,review-clean4-messy.candidate-00084@example.com,John,Caldwell,+1-messy-0000084
review-clean4-messy-CAND-00085,review-clean4-messy.jason.anderson.0085@example.com,Jason, Anderson ,+1-messy-0000085
review-clean4-messy-CAND-00086,review-clean4-messy.selena.duncan.0086@example.com,Selena,Duncan,+1-messy-0000086
review-clean4-messy-CAND-00087,review-clean4-messy.thomas.mueller.0087@example.com,Thomas, Mueller ,+1-messy-0000087
review-clean4-messy-CAND-00088,review-clean4-messy. lindsey.lee.0088@example.com , Lindsey ,lee,+1-messy-0000088
review-clean4-messy-CAND-00089,review-clean4-messy.collin.jordan.0089@example.com,Collin,Jordan,+1-messy-0000089
review-clean4-messy-CAND-00090,review-clean4-messy.rodney.owens.0090@example.com,rodney, Owens ,+1-messy-0000090
review-clean4-messy-CAND-00091,review-clean4-messy.JESSICA.NUNEZ.0091@EXAMPLE.COM, Jessica ,Nunez,+1-messy-0000091
review-clean4-messy-CAND-00092,review-clean4-messy.tracey.garcia.0092@example.com,Tracey,garcia,+1-messy-0000092
review-clean4-messy-CAND-00093,review-clean4-messy.richard.morgan.0093@example.com,Richard,Morgan,+1-messy-0000093
review-clean4-messy-CAND-00094,review-clean4-messy.michelle.wright.0094@example.com,Michelle,Wright,+1-messy-0000094
review-clean4-messy-CAND-00095,review-clean4-messy.james.west.0095@example.com,james,west,+1-messy-0000095
review-clean4-messy-CAND-00096,review-clean4-messy.robert.ramirez.0096@example.com, Robert ,Ramirez,+1-messy-0000096
review-clean4-messy-CAND-00097,review-clean4-messy.john.leblanc.0097@example.com,John,Leblanc,+1-messy-0000097
review-clean4-messy-CAND-00098,review-clean4-messy.scott.callahan.0098@example.com,Scott,callahan,+1-messy-0000098
review-clean4-messy-CAND-00099,review-clean4-messy.candidate-00099@example.com,Andrea,williams,+1-messy-0000099
review-clean4-messy-CAND-00100,review-clean4-messy.yvette.huff.0100@example.com,yvette,Huff,+1-messy-0000100
review-clean4-messy-CAND-00101,review-clean4-messy.tanya.house.0101@example.com, Tanya , House ,+1-messy-0000101
review-clean4-messy-CAND-00102,review-clean4-messy.melinda.martin.0102@example.com, Melinda , Martin ,+1-messy-0000102
review-clean4-messy-CAND-00103,review-clean4-messy.todd.lewis.0103@example.com,Todd,Lewis,+1-messy-0000103
review-clean4-messy-CAND-00104,review-clean4-messy.richard.brown.0104@example.com,Richard, Brown ,+1-messy-0000104
review-clean4-messy-CAND-00105,review-clean4-messy.nicholas.galloway.0105@example.com,Nicholas,Galloway,+1-messy-0000105
review-clean4-messy-CAND-00106,review-clean4-messy.joseph.bowers.0106@example.com,Joseph,Bowers,+1-messy-0000106
review-clean4-messy-CAND-00107,review-clean4-messy.candidate-00107@example.com, Spencer ,Henderson,+1-messy-0000107
review-clean4-messy-CAND-00108,review-clean4-messy.susan.cowan.0108@example.com,Susan,Cowan,+1-messy-0000108
review-clean4-messy-CAND-00109,review-clean4-messy.angela.higgins.0109@example.com, Angela ,Higgins,+1-messy-0000109
review-clean4-messy-CAND-00110,review-clean4-messy.candidate-00110@example.com,Eric, Phillips ,+1-messy-0000110
review-clean4-messy-CAND-00111,review-clean4-messy.tanya.riley.0111@example.com,Tanya,riley,+1-messy-0000111
review-clean4-messy-CAND-00112,review-clean4-messy.amy.adkins.0112@example.com,Amy,Adkins,+1-messy-0000112
review-clean4-messy-CAND-00113,review-clean4-messy.candidate-00113@example.com,brian,Silva,+1-messy-0000113
review-clean4-messy-CAND-00114,review-clean4-messy.candidate-00114@example.com,Wesley,Farrell,+1-messy-0000114
review-clean4-messy-CAND-00115,review-clean4-messy. eric.yu.0115@example.com ,eric, Yu ,+1-messy-0000115
review-clean4-messy-CAND-00116,review-clean4-messy.christopher.lopez.0116@example.com,Christopher, Lopez ,+1-messy-0000116
review-clean4-messy-CAND-00117,review-clean4-messy.brooke.leonard.0117@example.com,Brooke,Leonard,+1-messy-0000117
review-clean4-messy-CAND-00118,review-clean4-messy.joe.wilson.0118@example.com,Joe,Wilson,+1-messy-0000118
review-clean4-messy-CAND-00119,review-clean4-messy.pamela.sanchez.0119@example.com, Pamela ,Sanchez,+1-messy-0000119
review-clean4-messy-CAND-00120,review-clean4-messy.candidate-00120@example.com, Brooke ,harvey,+1-messy-0000120
review-clean4-messy-CAND-00121,review-clean4-messy.robert.silva.0121@example.com,Robert,Silva,+1-messy-0000121
review-clean4-messy-CAND-00122,review-clean4-messy.alexandra.donovan.0122@example.com,Alexandra,Donovan,+1-messy-0000122
review-clean4-messy-CAND-00123,review-clean4-messy.james.moran.0123@example.com,James,Moran,+1-messy-0000123
review-clean4-messy-CAND-00124,review-clean4-messy.john.foster.0124@example.com,John, Foster ,+1-messy-0000124
review-clean4-messy-CAND-00125,review-clean4-messy.emily.evans.0125@example.com,Emily,evans,+1-messy-0000125
review-clean4-messy-CAND-00126,review-clean4-messy.leslie.walton.0126@example.com,leslie, Walton ,+1-messy-0000126
review-clean4-messy-CAND-00127,review-clean4-messy.charles.ellis.0127@example.com,Charles,Ellis,+1-messy-0000127
review-clean4-messy-CAND-00128,review-clean4-messy. yolanda.ferrell.0128@example.com ,yolanda,Ferrell,+1-messy-0000128
review-clean4-messy-CAND-00129,review-clean4-messy.candidate-00129@example.com, Charles ,Lewis,+1-messy-0000129
review-clean4-messy-CAND-00130,review-clean4-messy.joseph.mahoney.0130@example.com,joseph, Mahoney ,+1-messy-0000130
review-clean4-messy-CAND-00131,review-clean4-messy.nicole.suarez.0131@example.com,Nicole,Suarez,+1-messy-0000131
review-clean4-messy-CAND-00132,review-clean4-messy.mike.moore.0132@example.com, Mike ,Moore,+1-messy-0000132
review-clean4-messy-CAND-00133,review-clean4-messy.martha.warner.0133@example.com, Martha ,Warner,+1-messy-0000133
review-clean4-messy-CAND-00134,review-clean4-messy.candidate-00134@example.com,Cheryl,Archer,+1-messy-0000134
review-clean4-messy-CAND-00135,review-clean4-messy.destiny.smith.0135@example.com,Destiny,Smith,+1-messy-0000135
review-clean4-messy-CAND-00136,review-clean4-messy.lisa.evans.0136@example.com, Lisa , Evans ,+1-messy-0000136
review-clean4-messy-CAND-00137,review-clean4-messy. elizabeth.mcmillan.0137@example.com ,elizabeth,Mcmillan,+1-messy-0000137
review-clean4-messy-CAND-00138,review-clean4-messy.dennis.wilson.0138@example.com, Dennis ,Wilson,+1-messy-0000138
review-clean4-messy-CAND-00139,review-clean4-messy.daniel.tran.0139@example.com, Daniel ,Tran,+1-messy-0000139
review-clean4-messy-CAND-00140,review-clean4-messy.joseph.jacobs.0140@example.com,Joseph,Jacobs,+1-messy-0000140
review-clean4-messy-CAND-00141,review-clean4-messy.candidate-00141@example.com,Jennifer,Harris,+1-messy-0000141
review-clean4-messy-CAND-00142,review-clean4-messy.cynthia.baker.0142@example.com, Cynthia ,baker,+1-messy-0000142
review-clean4-messy-CAND-00143,review-clean4-messy.tracy.whitehead.0143@example.com,Tracy,Whitehead,+1-messy-0000143
review-clean4-messy-CAND-00144,review-clean4-messy.meghan.davis.0144@example.com,Meghan,Davis,+1-messy-0000144
review-clean4-messy-CAND-00145,review-clean4-messy.rodney.hill.0145@example.com,Rodney, Hill ,+1-messy-0000145
review-clean4-messy-CAND-00146,review-clean4-messy. adam.wise.0146@example.com ,Adam,Wise,+1-messy-0000146
review-clean4-messy-CAND-00147,review-clean4-messy.dana.green.0147@example.com,Dana,Green,+1-messy-0000147
review-clean4-messy-CAND-00148,review-clean4-messy.joyce.arnold.0148@example.com, Joyce ,Arnold,+1-messy-0000148
review-clean4-messy-CAND-00149,review-clean4-messy. ronald.smith.0149@example.com ,Ronald,Smith,+1-messy-0000149
review-clean4-messy-CAND-00150,review-clean4-messy.candidate-00150@example.com,Charles,Ware,+1-messy-0000150
review-clean4-messy-CAND-00151,review-clean4-messy.rebecca.gardner.0151@example.com, Rebecca ,gardner,+1-messy-0000151
review-clean4-messy-CAND-00152,review-clean4-messy.MARY.AGUILAR.0152@EXAMPLE.COM,mary,Aguilar,+1-messy-0000152
review-clean4-messy-CAND-00153,review-clean4-messy.earl.anderson.0153@example.com,Earl,Anderson,+1-messy-0000153
review-clean4-messy-CAND-00154,review-clean4-messy.kyle.nolan.0154@example.com,Kyle,nolan,+1-messy-0000154
review-clean4-messy-CAND-00155,review-clean4-messy.laura.valencia.0155@example.com,Laura, Valencia ,+1-messy-0000155
review-clean4-messy-CAND-00156,review-clean4-messy.rachel.clark.0156@example.com,Rachel,clark,+1-messy-0000156
review-clean4-messy-CAND-00157,review-clean4-messy. john.garcia.0157@example.com ,john,Garcia,+1-messy-0000157
review-clean4-messy-CAND-00158,review-clean4-messy.kimberly.henson.0158@example.com,kimberly,Henson,+1-messy-0000158
review-clean4-messy-CAND-00159,review-clean4-messy. richard.oliver.0159@example.com ,Richard,Oliver,+1-messy-0000159
review-clean4-messy-CAND-00160,review-clean4-messy.candidate-00160@example.com,Eric,Spears,+1-messy-0000160
review-clean4-messy-CAND-00161,review-clean4-messy.michelle.cherry.0161@example.com, Michelle ,Cherry,+1-messy-0000161
review-clean4-messy-CAND-00162,review-clean4-messy.lisa.keith.0162@example.com,Lisa,Keith,+1-messy-0000162
review-clean4-messy-CAND-00163,review-clean4-messy. angel.doyle.0163@example.com ,Angel,Doyle,+1-messy-0000163
review-clean4-messy-CAND-00164,review-clean4-messy.candidate-00164@example.com,Martin,Galvan,+1-messy-0000164
review-clean4-messy-CAND-00165,review-clean4-messy.leah.shields.0165@example.com,Leah,Shields,+1-messy-0000165
review-clean4-messy-CAND-00166,review-clean4-messy.LISA.ADAMS.0166@EXAMPLE.COM,Lisa,Adams,+1-messy-0000166
review-clean4-messy-CAND-00167,review-clean4-messy.kristin.rodriguez.0167@example.com,Kristin,Rodriguez,+1-messy-0000167
review-clean4-messy-CAND-00168,review-clean4-messy.monica.garrison.0168@example.com,monica,Garrison,+1-messy-0000168
review-clean4-messy-CAND-00169,review-clean4-messy. jeffrey.velasquez.0169@example.com ,Jeffrey, Velasquez ,+1-messy-0000169
review-clean4-messy-CAND-00170,review-clean4-messy.STEVEN.TORRES.0170@EXAMPLE.COM,Steven,torres,+1-messy-0000170
review-clean4-messy-CAND-00171,review-clean4-messy.LAURA.PEREZ.0171@EXAMPLE.COM, Laura ,Perez,+1-messy-0000171
review-clean4-messy-CAND-00172,review-clean4-messy.andrew.lee.0172@example.com,Andrew,Lee,+1-messy-0000172
review-clean4-messy-CAND-00173,review-clean4-messy.mark.lin.0173@example.com,Mark,Lin,+1-messy-0000173
review-clean4-messy-CAND-00174,review-clean4-messy.tammy.ramirez.0174@example.com,tammy,Ramirez,+1-messy-0000174
review-clean4-messy-CAND-00175,review-clean4-messy.darlene.ross.0175@example.com,Darlene,ross,+1-messy-0000175
review-clean4-messy-CAND-00176,review-clean4-messy. tina.herrera.0176@example.com ,Tina,herrera,+1-messy-0000176
review-clean4-messy-CAND-00177,review-clean4-messy.SHEILA.WILSON.0177@EXAMPLE.COM,Sheila,Wilson,+1-messy-0000177
review-clean4-messy-CAND-00178,review-clean4-messy.tara.white.0178@example.com,Tara,White,+1-messy-0000178
review-clean4-messy-CAND-00179,review-clean4-messy.sydney.baker.0179@example.com,Sydney,baker,+1-messy-0000179
review-clean4-messy-CAND-00180,review-clean4-messy.daniel.hamilton.0180@example.com,Daniel,Hamilton,+1-messy-0000180
review-clean4-messy-CAND-00181,review-clean4-messy. jessica.edwards.0181@example.com ,Jessica,Edwards,+1-messy-0000181
review-clean4-messy-CAND-00182,review-clean4-messy.catherine.dixon.0182@example.com,catherine,Dixon,+1-messy-0000182
review-clean4-messy-CAND-00183,review-clean4-messy.paul.ray.0183@example.com, Paul ,Ray,+1-messy-0000183
review-clean4-messy-CAND-00184,review-clean4-messy.jonathan.fletcher.0184@example.com,Jonathan,Fletcher,+1-messy-0000184
review-clean4-messy-CAND-00185,review-clean4-messy.aaron.frost.0185@example.com,Aaron,Frost,+1-messy-0000185
review-clean4-messy-CAND-00186,review-clean4-messy.amanda.ball.0186@example.com,Amanda,Ball,+1-messy-0000186
review-clean4-messy-CAND-00187,review-clean4-messy.judy.lambert.0187@example.com,Judy,Lambert,+1-messy-0000187
review-clean4-messy-CAND-00188,review-clean4-messy.michael.jones.0188@example.com, Michael ,jones,+1-messy-0000188
review-clean4-messy-CAND-00189,review-clean4-messy. elizabeth.rivera.0189@example.com ,elizabeth,Rivera,+1-messy-0000189
review-clean4-messy-CAND-00190,review-clean4-messy.lee.charles.0190@example.com,Lee, Charles ,+1-messy-0000190
review-clean4-messy-CAND-00191,review-clean4-messy.jennifer.evans.0191@example.com,Jennifer,evans,+1-messy-0000191
review-clean4-messy-CAND-00192,review-clean4-messy.kyle.ortiz.0192@example.com, Kyle ,Ortiz,+1-messy-0000192
review-clean4-messy-CAND-00193,review-clean4-messy.richard.phillips.0193@example.com,Richard,Phillips,+1-messy-0000193
review-clean4-messy-CAND-00194,review-clean4-messy.david.fisher.0194@example.com,David,Fisher,+1-messy-0000194
review-clean4-messy-CAND-00195,review-clean4-messy.shelby.byrd.0195@example.com,Shelby,Byrd,+1-messy-0000195
review-clean4-messy-CAND-00196,review-clean4-messy.raven.gilbert.0196@example.com,Raven,Gilbert,+1-messy-0000196
review-clean4-messy-CAND-00197,review-clean4-messy. kevin.kelley.0197@example.com ,Kevin,Kelley,+1-messy-0000197
review-clean4-messy-CAND-00198,review-clean4-messy. aaron.mitchell.0198@example.com ,Aaron,Mitchell,+1-messy-0000198
review-clean4-messy-CAND-00199,review-clean4-messy.RUSSELL.CARPENTER.0199@EXAMPLE.COM,Russell,Carpenter,+1-messy-0000199
review-clean4-messy-CAND-00200,review-clean4-messy. diana.marshall.0200@example.com ,Diana,marshall,+1-messy-0000200
review-clean4-messy-CAND-00201,review-clean4-messy.SCOTT.LEWIS.0201@EXAMPLE.COM,Scott,Lewis,+1-messy-0000201
review-clean4-messy-CAND-00202,review-clean4-messy.thomas.santana.0202@example.com, Thomas ,Santana,+1-messy-0000202
review-clean4-messy-CAND-00203,review-clean4-messy.laura.jackson.0203@example.com,Laura,jackson,+1-messy-0000203
review-clean4-messy-CAND-00204,review-clean4-messy.christopher.robertson.0204@example.com,Christopher,robertson,+1-messy-0000204
review-clean4-messy-CAND-00205,review-clean4-messy.cynthia.rogers.0205@example.com,Cynthia,Rogers,+1-messy-0000205
review-clean4-messy-CAND-00206,review-clean4-messy.loretta.potter.0206@example.com,loretta,Potter,+1-messy-0000206
review-clean4-messy-CAND-00207,review-clean4-messy.emily.walker.0207@example.com, Emily , Walker ,+1-messy-0000207
review-clean4-messy-CAND-00208,review-clean4-messy.james.johnson.0208@example.com, James ,Johnson,+1-messy-0000208
review-clean4-messy-CAND-00209,review-clean4-messy.john.alvarez.0209@example.com,John,Alvarez,+1-messy-0000209
review-clean4-messy-CAND-00210,review-clean4-messy.MELISSA.JONES.0210@EXAMPLE.COM,melissa,Jones,+1-messy-0000210
review-clean4-messy-CAND-00211,review-clean4-messy.robert.soto.0211@example.com,Robert,soto,+1-messy-0000211
review-clean4-messy-CAND-00212,review-clean4-messy.james.horton.0212@example.com,James,Horton,+1-messy-0000212
review-clean4-messy-CAND-00213,review-clean4-messy.troy.sanchez.0213@example.com, Troy ,Sanchez,+1-messy-0000213
review-clean4-messy-CAND-00214,review-clean4-messy. diana.smith.0214@example.com , Diana ,Smith,+1-messy-0000214
review-clean4-messy-CAND-00215,review-clean4-messy. karen.carrillo.0215@example.com ,Karen,Carrillo,+1-messy-0000215
review-clean4-messy-CAND-00216,review-clean4-messy.daniel.coleman.0216@example.com,Daniel,Coleman,+1-messy-0000216
review-clean4-messy-CAND-00217,review-clean4-messy.candidate-00217@example.com,Gregory, Rubio ,+1-messy-0000217
review-clean4-messy-CAND-00218,review-clean4-messy.APRIL.WILLIAMS.0218@EXAMPLE.COM, April ,Williams,+1-messy-0000218
review-clean4-messy-CAND-00219,review-clean4-messy. john.charles.0219@example.com , John ,Charles,+1-messy-0000219
review-clean4-messy-CAND-00220,review-clean4-messy.stephen.solis.0220@example.com,Stephen,Solis,+1-messy-0000220
review-clean4-messy-CAND-00221,review-clean4-messy.elizabeth.travis.0221@example.com,Elizabeth, Travis ,+1-messy-0000221
review-clean4-messy-CAND-00222,review-clean4-messy. caitlin.dodson.0222@example.com ,caitlin,Dodson,+1-messy-0000222
review-clean4-messy-CAND-00223,review-clean4-messy.patricia.salazar.0223@example.com,Patricia,Salazar,+1-messy-0000223
review-clean4-messy-CAND-00224,review-clean4-messy.jennifer.wagner.0224@example.com,Jennifer,Wagner,+1-messy-0000224
review-clean4-messy-CAND-00225,review-clean4-messy.maria.kelley.0225@example.com, Maria ,kelley,+1-messy-0000225
review-clean4-messy-CAND-00226,review-clean4-messy.phyllis.manning.0226@example.com,Phyllis,manning,+1-messy-0000226
review-clean4-messy-CAND-00227,review-clean4-messy.thomas.green.0227@example.com,Thomas,Green,+1-messy-0000227
review-clean4-messy-CAND-00228,review-clean4-messy.john.walsh.0228@example.com,John,Walsh,+1-messy-0000228
review-clean4-messy-CAND-00229,review-clean4-messy.katie.boyd.0229@example.com,Katie,Boyd,+1-messy-0000229
review-clean4-messy-CAND-00230,review-clean4-messy.candidate-00230@example.com, Courtney ,Hill,+1-messy-0000230
review-clean4-messy-CAND-00231,review-clean4-messy.chris.mitchell.0231@example.com,Chris,mitchell,+1-messy-0000231
review-clean4-messy-CAND-00232,review-clean4-messy. joseph.flores.0232@example.com ,Joseph,Flores,+1-messy-0000232
review-clean4-messy-CAND-00233,review-clean4-messy.amber.taylor.0233@example.com,Amber,Taylor,+1-messy-0000233
review-clean4-messy-CAND-00234,review-clean4-messy.jesse.benson.0234@example.com, Jesse ,Benson,+1-messy-0000234
review-clean4-messy-CAND-00235,review-clean4-messy.jasmine.brown.0235@example.com,jasmine,Brown,+1-messy-0000235
review-clean4-messy-CAND-00236,review-clean4-messy. rick.daniels.0236@example.com ,rick,daniels,+1-messy-0000236
review-clean4-messy-CAND-00237,review-clean4-messy.candidate-00237@example.com,Robert,clark,+1-messy-0000237
review-clean4-messy-CAND-00238,review-clean4-messy. robert.stein.0238@example.com ,Robert,stein,+1-messy-0000238
review-clean4-messy-CAND-00239,review-clean4-messy.brandy.dominguez.0239@example.com,brandy,Dominguez,+1-messy-0000239
review-clean4-messy-CAND-00240,review-clean4-messy.melissa.cannon.0240@example.com,Melissa,Cannon,+1-messy-0000240
review-clean4-messy-CAND-00241,review-clean4-messy.omar.smith.0241@example.com,Omar,Smith,+1-messy-0000241
review-clean4-messy-CAND-00242,review-clean4-messy.michael.molina.0242@example.com,Michael,Molina,+1-messy-0000242
review-clean4-messy-CAND-00243,review-clean4-messy.melissa.ashley.0243@example.com,Melissa,ashley,+1-messy-0000243
review-clean4-messy-CAND-00244,review-clean4-messy.robert.adkins.0244@example.com, Robert ,Adkins,+1-messy-0000244
review-clean4-messy-CAND-00245,review-clean4-messy.amy.morrison.0245@example.com, Amy ,Morrison,+1-messy-0000245
review-clean4-messy-CAND-00246,review-clean4-messy.jeffrey.robinson.0246@example.com,Jeffrey,Robinson,+1-messy-0000246
review-clean4-messy-CAND-00247,review-clean4-messy.RYAN.JOHNSON.0247@EXAMPLE.COM,Ryan,Johnson,+1-messy-0000247
review-clean4-messy-CAND-00248,review-clean4-messy.matthew.shelton.0248@example.com,Matthew,shelton,+1-messy-0000248
review-clean4-messy-CAND-00249,review-clean4-messy. richard.martin.0249@example.com ,Richard,Martin,+1-messy-0000249
review-clean4-messy-CAND-00250,review-clean4-messy. tanner.anderson.0250@example.com ,Tanner,Anderson,+1-messy-0000250
review-clean4-messy-CAND-00251,review-clean4-messy. cindy.johnson.0251@example.com ,Cindy,johnson,+1-messy-0000251
review-clean4-messy-CAND-00252,review-clean4-messy.phillip.elliott.0252@example.com,phillip,Elliott,+1-messy-0000252
review-clean4-messy-CAND-00253,review-clean4-messy.anthony.day.0253@example.com,anthony,day,+1-messy-0000253
review-clean4-messy-CAND-00254,review-clean4-messy.derek.murray.0254@example.com,Derek,Murray,+1-messy-0000254
review-clean4-messy-CAND-00255,review-clean4-messy.brent.gray.0255@example.com,Brent, Gray ,+1-messy-0000255
review-clean4-messy-CAND-00256,review-clean4-messy.jason.murphy.0256@example.com, Jason ,Murphy,+1-messy-0000256
review-clean4-messy-CAND-00257,review-clean4-messy.kathleen.gray.0257@example.com, Kathleen , Gray ,+1-messy-0000257
review-clean4-messy-CAND-00258,review-clean4-messy.KAREN.DECKER.0258@EXAMPLE.COM,Karen,decker,+1-messy-0000258
review-clean4-messy-CAND-00259,review-clean4-messy.JOHNNY.MILLER.0259@EXAMPLE.COM,Johnny, Miller ,+1-messy-0000259
review-clean4-messy-CAND-00260,review-clean4-messy. andrew.ryan.0260@example.com ,Andrew,ryan,+1-messy-0000260
review-clean4-messy-CAND-00261,review-clean4-messy.zoe.bell.0261@example.com,Zoe,Bell,+1-messy-0000261
review-clean4-messy-CAND-00262,review-clean4-messy.candidate-00262@example.com,Debra,Harrington,+1-messy-0000262
review-clean4-messy-CAND-00263,review-clean4-messy. denise.webster.0263@example.com ,denise,Webster,+1-messy-0000263
review-clean4-messy-CAND-00264,review-clean4-messy.stefanie.gonzalez.0264@example.com,Stefanie,Gonzalez,+1-messy-0000264
review-clean4-messy-CAND-00265,review-clean4-messy.candidate-00265@example.com,Andrew,Hernandez,+1-messy-0000265
review-clean4-messy-CAND-00266,review-clean4-messy.david.caldwell.0266@example.com,David,Caldwell,+1-messy-0000266
review-clean4-messy-CAND-00267,review-clean4-messy. anne.robinson.0267@example.com ,Anne,Robinson,+1-messy-0000267
review-clean4-messy-CAND-00268,review-clean4-messy.candidate-00268@example.com,Holly, Wang ,+1-messy-0000268
review-clean4-messy-CAND-00269,review-clean4-messy.gary.lawson.0269@example.com,Gary,Lawson,+1-messy-0000269
review-clean4-messy-CAND-00270,review-clean4-messy.julie.wilson.0270@example.com,julie,wilson,+1-messy-0000270
review-clean4-messy-CAND-00271,review-clean4-messy.lori.oconnell.0271@example.com,Lori,Oconnell,+1-messy-0000271
review-clean4-messy-CAND-00272,review-clean4-messy.daniel.johnson.0272@example.com, Daniel ,johnson,+1-messy-0000272
review-clean4-messy-CAND-00273,review-clean4-messy.candidate-00273@example.com,Larry,Byrd,+1-messy-0000273
review-clean4-messy-CAND-00274,review-clean4-messy.susan.sanders.0274@example.com,Susan,Sanders,+1-messy-0000274
review-clean4-messy-CAND-00275,review-clean4-messy.jennifer.jones.0275@example.com,jennifer,Jones,+1-messy-0000275
review-clean4-messy-CAND-00276,review-clean4-messy.candidate-00276@example.com,Hannah,Burton,+1-messy-0000276
review-clean4-messy-CAND-00277,review-clean4-messy.curtis.barton.0277@example.com,Curtis,Barton,+1-messy-0000277
review-clean4-messy-CAND-00278,review-clean4-messy.melissa.burke.0278@example.com,Melissa,Burke,+1-messy-0000278
review-clean4-messy-CAND-00279,review-clean4-messy.david.riggs.0279@example.com,David,Riggs,+1-messy-0000279
review-clean4-messy-CAND-00280,review-clean4-messy.kimberly.reed.0280@example.com,Kimberly, Reed ,+1-messy-0000280
review-clean4-messy-CAND-00281,review-clean4-messy.ross.wood.0281@example.com,Ross,Wood,+1-messy-0000281
review-clean4-messy-CAND-00282,review-clean4-messy.candidate-00282@example.com,William,peterson,+1-messy-0000282
review-clean4-messy-CAND-00283,review-clean4-messy.melissa.short.0283@example.com,Melissa,Short,+1-messy-0000283
review-clean4-messy-CAND-00284,review-clean4-messy.daniel.yu.0284@example.com,Daniel,Yu,+1-messy-0000284
review-clean4-messy-CAND-00285,review-clean4-messy.cynthia.poole.0285@example.com,Cynthia,Poole,+1-messy-0000285
review-clean4-messy-CAND-00286,review-clean4-messy.jasmine.graham.0286@example.com, Jasmine ,Graham,+1-messy-0000286
review-clean4-messy-CAND-00287,review-clean4-messy.jessica.sheppard.0287@example.com,Jessica,Sheppard,+1-messy-0000287
review-clean4-messy-CAND-00288,review-clean4-messy.JOSEPH.MORTON.0288@EXAMPLE.COM,Joseph, Morton ,+1-messy-0000288
review-clean4-messy-CAND-00289,review-clean4-messy.candidate-00289@example.com,Amanda,Webb,+1-messy-0000289
review-clean4-messy-CAND-00290,review-clean4-messy.ryan.simon.0290@example.com,Ryan,Simon,+1-messy-0000290
review-clean4-messy-CAND-00291,review-clean4-messy.joseph.christian.0291@example.com,Joseph,Christian,+1-messy-0000291
review-clean4-messy-CAND-00292,review-clean4-messy.mariah.miller.0292@example.com, Mariah ,Miller,+1-messy-0000292
review-clean4-messy-CAND-00293,review-clean4-messy.nicole.sanchez.0293@example.com,Nicole,sanchez,+1-messy-0000293
review-clean4-messy-CAND-00294,review-clean4-messy.steven.bishop.0294@example.com,Steven,Bishop,+1-messy-0000294
review-clean4-messy-CAND-00295,review-clean4-messy.nicholas.johnson.0295@example.com,Nicholas,Johnson,+1-messy-0000295
review-clean4-messy-CAND-00296,review-clean4-messy.melissa.white.0296@example.com,Melissa,White,+1-messy-0000296
review-clean4-messy-CAND-00297,review-clean4-messy.jason.salinas.0297@example.com,Jason,Salinas,+1-messy-0000297
review-clean4-messy-CAND-00298,review-clean4-messy.matthew.beard.0298@example.com,Matthew,Beard,+1-messy-0000298
review-clean4-messy-CAND-00299,review-clean4-messy.jacqueline.hill.0299@example.com,Jacqueline,Hill,+1-messy-0000299
review-clean4-messy-CAND-00300,review-clean4-messy.alejandro.vaughan.0300@example.com,Alejandro, Vaughan ,+1-messy-0000300
review-clean4-messy-CAND-00301,review-clean4-messy.candidate-00301@example.com, Christopher , Cortez ,+1-messy-0000301
review-clean4-messy-CAND-00302,review-clean4-messy.tracy.chang.0302@example.com,Tracy, Chang ,+1-messy-0000302
review-clean4-messy-CAND-00303,review-clean4-messy. hannah.brewer.0303@example.com ,Hannah,Brewer,+1-messy-0000303
review-clean4-messy-CAND-00304,review-clean4-messy.travis.mcguire.0304@example.com,Travis,Mcguire,+1-messy-0000304
review-clean4-messy-CAND-00305,review-clean4-messy.christopher.walker.0305@example.com, Christopher ,Walker,+1-messy-0000305
review-clean4-messy-CAND-00306,review-clean4-messy.heather.torres.0306@example.com,Heather, Torres ,+1-messy-0000306
review-clean4-messy-CAND-00307,review-clean4-messy.bonnie.kennedy.0307@example.com,Bonnie,Kennedy,+1-messy-0000307
review-clean4-messy-CAND-00308,review-clean4-messy.alyssa.coleman.0308@example.com,Alyssa,coleman,+1-messy-0000308
review-clean4-messy-CAND-00309,review-clean4-messy.julie.rivera.0309@example.com,Julie, Rivera ,+1-messy-0000309
review-clean4-messy-CAND-00310,review-clean4-messy.jacqueline.nelson.0310@example.com,Jacqueline,Nelson,+1-messy-0000310
review-clean4-messy-CAND-00311,review-clean4-messy.john.martinez.0311@example.com,John,Martinez,+1-messy-0000311
review-clean4-messy-CAND-00312,review-clean4-messy. james.wilson.0312@example.com , James ,Wilson,+1-messy-0000312
review-clean4-messy-CAND-00313,review-clean4-messy. amanda.gill.0313@example.com ,amanda, Gill ,+1-messy-0000313
review-clean4-messy-CAND-00314,review-clean4-messy.candidate-00314@example.com,Jacob,robinson,+1-messy-0000314
review-clean4-messy-CAND-00315,review-clean4-messy.TODD.HARDY.0315@EXAMPLE.COM,Todd,Hardy,+1-messy-0000315
review-clean4-messy-CAND-00316,review-clean4-messy. tiffany.warren.0316@example.com , Tiffany ,warren,+1-messy-0000316
review-clean4-messy-CAND-00317,review-clean4-messy.justin.garcia.0317@example.com,Justin,Garcia,+1-messy-0000317
review-clean4-messy-CAND-00318,review-clean4-messy.james.perez.0318@example.com,James, Perez ,+1-messy-0000318
review-clean4-messy-CAND-00319,review-clean4-messy.harry.smith.0319@example.com,Harry,smith,+1-messy-0000319
review-clean4-messy-CAND-00320,review-clean4-messy.amanda.hill.0320@example.com,amanda,Hill,+1-messy-0000320
review-clean4-messy-CAND-00321,review-clean4-messy.terri.tran.0321@example.com,Terri,Tran,+1-messy-0000321
review-clean4-messy-CAND-00322,review-clean4-messy.heidi.martinez.0322@example.com,Heidi,Martinez,+1-messy-0000322
review-clean4-messy-CAND-00323,review-clean4-messy.miranda.henry.0323@example.com,Miranda,Henry,+1-messy-0000323
review-clean4-messy-CAND-00324,review-clean4-messy.monique.andrews.0324@example.com,Monique,Andrews,+1-messy-0000324
review-clean4-messy-CAND-00325,review-clean4-messy.taylor.alexander.0325@example.com,Taylor, Alexander ,+1-messy-0000325
review-clean4-messy-CAND-00326,review-clean4-messy. jack.williams.0326@example.com ,Jack, Williams ,+1-messy-0000326
review-clean4-messy-CAND-00327,review-clean4-messy.candidate-00327@example.com,shelley,Woods,+1-messy-0000327
review-clean4-messy-CAND-00328,review-clean4-messy.LYNN.MORALES.0328@EXAMPLE.COM,Lynn,Morales,+1-messy-0000328
review-clean4-messy-CAND-00329,review-clean4-messy.charles.soto.0329@example.com, Charles ,soto,+1-messy-0000329
review-clean4-messy-CAND-00330,review-clean4-messy.brian.hernandez.0330@example.com,Brian,Hernandez,+1-messy-0000330
review-clean4-messy-CAND-00331,review-clean4-messy.anna.torres.0331@example.com,Anna,Torres,+1-messy-0000331
review-clean4-messy-CAND-00332,review-clean4-messy.victoria.wilson.0332@example.com,Victoria,Wilson,+1-messy-0000332
review-clean4-messy-CAND-00333,review-clean4-messy.kathy.obrien.0333@example.com,Kathy,Obrien,+1-messy-0000333
review-clean4-messy-CAND-00334,review-clean4-messy.krystal.perez.0334@example.com,Krystal,Perez,+1-messy-0000334
review-clean4-messy-CAND-00335,review-clean4-messy.candidate-00335@example.com, Alexandra ,Hayes,+1-messy-0000335
review-clean4-messy-CAND-00336,review-clean4-messy.scott.dalton.0336@example.com,Scott,Dalton,+1-messy-0000336
review-clean4-messy-CAND-00337,review-clean4-messy.veronica.torres.0337@example.com,Veronica,Torres,+1-messy-0000337
review-clean4-messy-CAND-00338,review-clean4-messy.christine.lynch.0338@example.com,christine,Lynch,+1-messy-0000338
review-clean4-messy-CAND-00339,review-clean4-messy.jody.meza.0339@example.com,Jody,Meza,+1-messy-0000339
review-clean4-messy-CAND-00340,review-clean4-messy.jared.clark.0340@example.com,Jared,clark,+1-messy-0000340
review-clean4-messy-CAND-00341,review-clean4-messy.candidate-00341@example.com, Donna ,Moore,+1-messy-0000341
review-clean4-messy-CAND-00342,review-clean4-messy.candidate-00342@example.com,glenn,Jones,+1-messy-0000342
review-clean4-messy-CAND-00343,review-clean4-messy.aaron.hayes.0343@example.com,aaron,Hayes,+1-messy-0000343
review-clean4-messy-CAND-00344,review-clean4-messy.candidate-00344@example.com,Brittney,carter,+1-messy-0000344
review-clean4-messy-CAND-00345,review-clean4-messy. jesse.mann.0345@example.com ,Jesse, Mann ,+1-messy-0000345
review-clean4-messy-CAND-00346,review-clean4-messy.jacqueline.gibson.0346@example.com,Jacqueline,gibson,+1-messy-0000346
review-clean4-messy-CAND-00347,review-clean4-messy.grace.bradshaw.0347@example.com,grace,Bradshaw,+1-messy-0000347
review-clean4-messy-CAND-00348,review-clean4-messy.KRISTIN.WEBER.0348@EXAMPLE.COM,Kristin,weber,+1-messy-0000348
review-clean4-messy-CAND-00349,review-clean4-messy.DONNA.PECK.0349@EXAMPLE.COM,Donna,Peck,+1-messy-0000349
review-clean4-messy-CAND-00350,review-clean4-messy. ronald.stephens.0350@example.com ,Ronald,Stephens,+1-messy-0000350
review-clean4-messy-CAND-00351,review-clean4-messy. deborah.kerr.0351@example.com , Deborah , Kerr ,+1-messy-0000351
review-clean4-messy-CAND-00352,review-clean4-messy.margaret.jones.0352@example.com,Margaret,Jones,+1-messy-0000352
review-clean4-messy-CAND-00353,review-clean4-messy.gabriel.parker.0353@example.com,Gabriel,parker,+1-messy-0000353
review-clean4-messy-CAND-00354,review-clean4-messy.kaitlyn.carroll.0354@example.com,Kaitlyn,Carroll,+1-messy-0000354
review-clean4-messy-CAND-00355,review-clean4-messy. keith.martinez.0355@example.com ,Keith,Martinez,+1-messy-0000355
review-clean4-messy-CAND-00356,review-clean4-messy.haley.lyons.0356@example.com,Haley,Lyons,+1-messy-0000356
review-clean4-messy-CAND-00357,review-clean4-messy.candidate-00357@example.com, Sherri ,Mason,+1-messy-0000357
review-clean4-messy-CAND-00358,review-clean4-messy.troy.miller.0358@example.com,Troy, Miller ,+1-messy-0000358
review-clean4-messy-CAND-00359,review-clean4-messy.BILL.REYNOLDS.0359@EXAMPLE.COM,Bill,Reynolds,+1-messy-0000359
review-clean4-messy-CAND-00360,review-clean4-messy.marcus.wright.0360@example.com,Marcus,Wright,+1-messy-0000360
review-clean4-messy-CAND-00361,review-clean4-messy.christopher.hayden.0361@example.com, Christopher ,Hayden,+1-messy-0000361
review-clean4-messy-CAND-00362,review-clean4-messy.mary.johnston.0362@example.com,mary,Johnston,+1-messy-0000362
review-clean4-messy-CAND-00363,review-clean4-messy.STEPHANIE.KEY.0363@EXAMPLE.COM,Stephanie, Key ,+1-messy-0000363
review-clean4-messy-CAND-00364,review-clean4-messy.EMILY.ADAMS.0364@EXAMPLE.COM,Emily,Adams,+1-messy-0000364
review-clean4-messy-CAND-00365,review-clean4-messy.billy.avila.0365@example.com,Billy,Avila,+1-messy-0000365
review-clean4-messy-CAND-00366,review-clean4-messy.candidate-00366@example.com,Thomas,pearson,+1-messy-0000366
review-clean4-messy-CAND-00367,review-clean4-messy.sabrina.white.0367@example.com,Sabrina,white,+1-messy-0000367
review-clean4-messy-CAND-00368,review-clean4-messy.brenda.walters.0368@example.com,Brenda,Walters,+1-messy-0000368
review-clean4-messy-CAND-00369,review-clean4-messy.travis.davis.0369@example.com,Travis,davis,+1-messy-0000369
review-clean4-messy-CAND-00370,review-clean4-messy.candidate-00370@example.com,Michael,Cook,+1-messy-0000370
review-clean4-messy-CAND-00371,review-clean4-messy.ELIZABETH.HODGE.0371@EXAMPLE.COM,elizabeth,Hodge,+1-messy-0000371
review-clean4-messy-CAND-00372,review-clean4-messy.candidate-00372@example.com,Mark,steele,+1-messy-0000372
review-clean4-messy-CAND-00373,review-clean4-messy.candidate-00373@example.com,Keith,landry,+1-messy-0000373
review-clean4-messy-CAND-00374,review-clean4-messy.lisa.pierce.0374@example.com,Lisa,Pierce,+1-messy-0000374
review-clean4-messy-CAND-00375,review-clean4-messy.shawn.edwards.0375@example.com,Shawn, Edwards ,+1-messy-0000375
review-clean4-messy-CAND-00376,review-clean4-messy.marcus.cordova.0376@example.com, Marcus ,Cordova,+1-messy-0000376
review-clean4-messy-CAND-00377,review-clean4-messy.RICHARD.ROBERTSON.0377@EXAMPLE.COM,Richard,Robertson,+1-messy-0000377
review-clean4-messy-CAND-00378,review-clean4-messy. vanessa.sandoval.0378@example.com ,Vanessa, Sandoval ,+1-messy-0000378
review-clean4-messy-CAND-00379,review-clean4-messy.amy.gutierrez.0379@example.com,amy,Gutierrez,+1-messy-0000379
review-clean4-messy-CAND-00380,review-clean4-messy.jacob.cox.0380@example.com,jacob, Cox ,+1-messy-0000380
review-clean4-messy-CAND-00381,review-clean4-messy. katherine.garrett.0381@example.com ,Katherine,garrett,+1-messy-0000381
review-clean4-messy-CAND-00382,review-clean4-messy.candidate-00382@example.com,kathleen,Harris,+1-messy-0000382
review-clean4-messy-CAND-00383,review-clean4-messy.andrea.pennington.0383@example.com,Andrea,Pennington,+1-messy-0000383
review-clean4-messy-CAND-00384,review-clean4-messy.samuel.wolfe.0384@example.com, Samuel ,Wolfe,+1-messy-0000384
review-clean4-messy-CAND-00385,review-clean4-messy. david.dudley.0385@example.com ,david, Dudley ,+1-messy-0000385
review-clean4-messy-CAND-00386,review-clean4-messy.chelsea.allen.0386@example.com,chelsea,Allen,+1-messy-0000386
review-clean4-messy-CAND-00387,review-clean4-messy. eric.pierce.0387@example.com ,Eric,Pierce,+1-messy-0000387
review-clean4-messy-CAND-00388,review-clean4-messy.andrea.davis.0388@example.com,Andrea,Davis,+1-messy-0000388
review-clean4-messy-CAND-00389,review-clean4-messy.victoria.durham.0389@example.com,Victoria,Durham,+1-messy-0000389
review-clean4-messy-CAND-00390,review-clean4-messy.steven.wilson.0390@example.com,Steven,wilson,+1-messy-0000390
review-clean4-messy-CAND-00391,review-clean4-messy.marilyn.jimenez.0391@example.com, Marilyn ,Jimenez,+1-messy-0000391
review-clean4-messy-CAND-00392,review-clean4-messy.jennifer.hicks.0392@example.com, Jennifer ,hicks,+1-messy-0000392
review-clean4-messy-CAND-00393,review-clean4-messy.joshua.davenport.0393@example.com,Joshua,Davenport,+1-messy-0000393
review-clean4-messy-CAND-00394,review-clean4-messy.tina.sanchez.0394@example.com, Tina ,Sanchez,+1-messy-0000394
review-clean4-messy-CAND-00395,review-clean4-messy.ANDREA.REYES.0395@EXAMPLE.COM,Andrea,Reyes,+1-messy-0000395
review-clean4-messy-CAND-00396,review-clean4-messy.sandra.romero.0396@example.com,Sandra, Romero ,+1-messy-0000396
review-clean4-messy-CAND-00397,review-clean4-messy.NATASHA.SHIELDS.0397@EXAMPLE.COM,Natasha,Shields,+1-messy-0000397
review-clean4-messy-CAND-00398,review-clean4-messy.joshua.tyler.0398@example.com, Joshua ,Tyler,+1-messy-0000398
review-clean4-messy-CAND-00399,review-clean4-messy.ROBERT.VILLA.0399@EXAMPLE.COM,Robert,villa,+1-messy-0000399
review-clean4-messy-CAND-00400,review-clean4-messy.william.hoover.0400@example.com,William,hoover,+1-messy-0000400
review-clean4-messy-CAND-00401,review-clean4-messy.justin.evans.0401@example.com,justin,Evans,+1-messy-0000401
review-clean4-messy-CAND-00402,review-clean4-messy.brenda.duarte.0402@example.com,Brenda,Duarte,+1-messy-0000402
review-clean4-messy-CAND-00403,review-clean4-messy.tracy.hernandez.0403@example.com,Tracy,Hernandez,+1-messy-0000403
review-clean4-messy-CAND-00404,review-clean4-messy.amanda.reed.0404@example.com,Amanda, Reed ,+1-messy-0000404
review-clean4-messy-CAND-00405,review-clean4-messy.candidate-00405@example.com, Andrea ,Daniels,+1-messy-0000405
review-clean4-messy-CAND-00406,review-clean4-messy.stanley.morris.0406@example.com,Stanley,Morris,+1-messy-0000406
review-clean4-messy-CAND-00407,review-clean4-messy.JACOB.TERRY.0407@EXAMPLE.COM,Jacob,Terry,+1-messy-0000407
review-clean4-messy-CAND-00408,review-clean4-messy.ashley.hall.0408@example.com,Ashley,Hall,+1-messy-0000408
review-clean4-messy-CAND-00409,review-clean4-messy.kimberly.williams.0409@example.com, Kimberly , Williams ,+1-messy-0000409
review-clean4-messy-CAND-00410,review-clean4-messy.julie.thornton.0410@example.com,Julie, Thornton ,+1-messy-0000410
review-clean4-messy-CAND-00411,review-clean4-messy. lisa.hughes.0411@example.com , Lisa ,Hughes,+1-messy-0000411
review-clean4-messy-CAND-00412,review-clean4-messy.elizabeth.hoover.0412@example.com, Elizabeth ,Hoover,+1-messy-0000412
review-clean4-messy-CAND-00413,review-clean4-messy.tina.simpson.0413@example.com,tina, Simpson ,+1-messy-0000413
review-clean4-messy-CAND-00414,review-clean4-messy.benjamin.shaw.0414@example.com,Benjamin,Shaw,+1-messy-0000414
review-clean4-messy-CAND-00415,review-clean4-messy.brittany.kane.0415@example.com,Brittany, Kane ,+1-messy-0000415
review-clean4-messy-CAND-00416,review-clean4-messy.morgan.alexander.0416@example.com, Morgan ,Alexander,+1-messy-0000416
review-clean4-messy-CAND-00417,review-clean4-messy.alicia.bryant.0417@example.com,Alicia,bryant,+1-messy-0000417
review-clean4-messy-CAND-00418,review-clean4-messy.jennifer.ortiz.0418@example.com,jennifer,ortiz,+1-messy-0000418
review-clean4-messy-CAND-00419,review-clean4-messy.candidate-00419@example.com,Diana,moore,+1-messy-0000419
review-clean4-messy-CAND-00420,review-clean4-messy.terrance.costa.0420@example.com,Terrance,costa,+1-messy-0000420
review-clean4-messy-CAND-00421,review-clean4-messy.matthew.schwartz.0421@example.com,Matthew,Schwartz,+1-messy-0000421
review-clean4-messy-CAND-00422,review-clean4-messy.debra.christian.0422@example.com,Debra, Christian ,+1-messy-0000422
review-clean4-messy-CAND-00423,review-clean4-messy. melissa.villarreal.0423@example.com ,Melissa,Villarreal,+1-messy-0000423
review-clean4-messy-CAND-00424,review-clean4-messy. norman.stewart.0424@example.com ,norman,Stewart,+1-messy-0000424
review-clean4-messy-CAND-00425,review-clean4-messy.candidate-00425@example.com,Jennifer,Malone,+1-messy-0000425
review-clean4-messy-CAND-00426,review-clean4-messy. monique.johnson.0426@example.com ,monique,johnson,+1-messy-0000426
review-clean4-messy-CAND-00427,review-clean4-messy.casey.welch.0427@example.com,Casey,Welch,+1-messy-0000427
review-clean4-messy-CAND-00428,review-clean4-messy.SAMANTHA.BRIGHT.0428@EXAMPLE.COM,Samantha,Bright,+1-messy-0000428
review-clean4-messy-CAND-00429,review-clean4-messy.julie.hamilton.0429@example.com,Julie, Hamilton ,+1-messy-0000429
review-clean4-messy-CAND-00430,review-clean4-messy.corey.schultz.0430@example.com,Corey,Schultz,+1-messy-0000430
review-clean4-messy-CAND-00431,review-clean4-messy.MONIQUE.WALLACE.0431@EXAMPLE.COM,Monique, Wallace ,+1-messy-0000431
review-clean4-messy-CAND-00432,review-clean4-messy.heather.berger.0432@example.com,Heather,Berger,+1-messy-0000432
review-clean4-messy-CAND-00433,review-clean4-messy.brandon.flynn.0433@example.com,brandon,Flynn,+1-messy-0000433
review-clean4-messy-CAND-00434,review-clean4-messy.kelly.brooks.0434@example.com,Kelly,Brooks,+1-messy-0000434
review-clean4-messy-CAND-00435,review-clean4-messy.dustin.schmidt.0435@example.com, Dustin ,Schmidt,+1-messy-0000435
review-clean4-messy-CAND-00436,review-clean4-messy.ashlee.sparks.0436@example.com,ashlee, Sparks ,+1-messy-0000436
review-clean4-messy-CAND-00437,review-clean4-messy.george.miller.0437@example.com,George, Miller ,+1-messy-0000437
review-clean4-messy-CAND-00438,review-clean4-messy.monica.harvey.0438@example.com,Monica,Harvey,+1-messy-0000438
review-clean4-messy-CAND-00439,review-clean4-messy.john.durham.0439@example.com,john,Durham,+1-messy-0000439
review-clean4-messy-CAND-00440,review-clean4-messy.DOUGLAS.MURRAY.0440@EXAMPLE.COM, Douglas ,Murray,+1-messy-0000440
review-clean4-messy-CAND-00441,review-clean4-messy.JONATHAN.SCOTT.0441@EXAMPLE.COM,Jonathan,Scott,+1-messy-0000441
review-clean4-messy-CAND-00442,review-clean4-messy.albert.ballard.0442@example.com,Albert,Ballard,+1-messy-0000442
review-clean4-messy-CAND-00443,review-clean4-messy.rachel.byrd.0443@example.com, Rachel , Byrd ,+1-messy-0000443
review-clean4-messy-CAND-00444,review-clean4-messy.ERIC.ALEXANDER.0444@EXAMPLE.COM,Eric,alexander,+1-messy-0000444
review-clean4-messy-CAND-00445,review-clean4-messy.michael.matthews.0445@example.com,Michael,matthews,+1-messy-0000445
review-clean4-messy-CAND-00446,review-clean4-messy. danielle.coleman.0446@example.com ,Danielle,Coleman,+1-messy-0000446
review-clean4-messy-CAND-00447,review-clean4-messy.john.bruce.0447@example.com,John,Bruce,+1-messy-0000447
review-clean4-messy-CAND-00448,review-clean4-messy. james.cruz.0448@example.com ,James,Cruz,+1-messy-0000448
review-clean4-messy-CAND-00449,review-clean4-messy. timothy.young.0449@example.com ,Timothy,Young,+1-messy-0000449
review-clean4-messy-CAND-00450,review-clean4-messy.ashley.andrews.0450@example.com,Ashley,Andrews,+1-messy-0000450
review-clean4-messy-CAND-00451,review-clean4-messy.victoria.phillips.0451@example.com,Victoria,Phillips,+1-messy-0000451
review-clean4-messy-CAND-00452,review-clean4-messy.tiffany.barrett.0452@example.com,Tiffany,Barrett,+1-messy-0000452
review-clean4-messy-CAND-00453,review-clean4-messy. joshua.knight.0453@example.com ,Joshua,Knight,+1-messy-0000453
review-clean4-messy-CAND-00454,review-clean4-messy. gina.garner.0454@example.com ,Gina,Garner,+1-messy-0000454
review-clean4-messy-CAND-00455,review-clean4-messy.candidate-00455@example.com, Brandon ,Obrien,+1-messy-0000455
review-clean4-messy-CAND-00456,review-clean4-messy.tyler.strong.0456@example.com,Tyler,Strong,+1-messy-0000456
review-clean4-messy-CAND-00457,review-clean4-messy.JUSTIN.LINDSEY.0457@EXAMPLE.COM,Justin,Lindsey,+1-messy-0000457
review-clean4-messy-CAND-00458,review-clean4-messy.catherine.gomez.0458@example.com,Catherine,Gomez,+1-messy-0000458
review-clean4-messy-CAND-00459,review-clean4-messy.DANA.OLIVER.0459@EXAMPLE.COM, Dana ,Oliver,+1-messy-0000459
review-clean4-messy-CAND-00460,review-clean4-messy.erica.le.0460@example.com,Erica,le,+1-messy-0000460
review-clean4-messy-CAND-00461,review-clean4-messy.donna.massey.0461@example.com,Donna, Massey ,+1-messy-0000461
review-clean4-messy-CAND-00462,review-clean4-messy.courtney.berger.0462@example.com,Courtney,Berger,+1-messy-0000462
review-clean4-messy-CAND-00463,review-clean4-messy. debbie.parker.0463@example.com ,Debbie,Parker,+1-messy-0000463
review-clean4-messy-CAND-00464,review-clean4-messy.scott.riley.0464@example.com,Scott, Riley ,+1-messy-0000464
review-clean4-messy-CAND-00465,review-clean4-messy.jessica.davis.0465@example.com,Jessica,Davis,+1-messy-0000465
review-clean4-messy-CAND-00466,review-clean4-messy.candidate-00466@example.com,Kenneth,Burgess,+1-messy-0000466
review-clean4-messy-CAND-00467,review-clean4-messy.gregory.anderson.0467@example.com, Gregory ,anderson,+1-messy-0000467
review-clean4-messy-CAND-00468,review-clean4-messy.amber.mata.0468@example.com,Amber,Mata,+1-messy-0000468
review-clean4-messy-CAND-00469,review-clean4-messy.alyssa.mcintyre.0469@example.com, Alyssa ,mcintyre,+1-messy-0000469
review-clean4-messy-CAND-00470,review-clean4-messy.maria.scott.0470@example.com,Maria, Scott ,+1-messy-0000470
review-clean4-messy-CAND-00471,review-clean4-messy.makayla.olson.0471@example.com, Makayla ,Olson,+1-messy-0000471
review-clean4-messy-CAND-00472,review-clean4-messy.lindsay.francis.0472@example.com,Lindsay, Francis ,+1-messy-0000472
review-clean4-messy-CAND-00473,review-clean4-messy.matthew.wilson.0473@example.com, Matthew ,Wilson,+1-messy-0000473
review-clean4-messy-CAND-00474,review-clean4-messy.sydney.taylor.0474@example.com,Sydney,taylor,+1-messy-0000474
review-clean4-messy-CAND-00475,review-clean4-messy.tammy.dalton.0475@example.com,Tammy, Dalton ,+1-messy-0000475
review-clean4-messy-CAND-00476,review-clean4-messy.jennifer.whitney.0476@example.com,jennifer,Whitney,+1-messy-0000476
review-clean4-messy-CAND-00477,review-clean4-messy.tammy.ballard.0477@example.com,Tammy,Ballard,+1-messy-0000477
review-clean4-messy-CAND-00478,review-clean4-messy.michael.gibbs.0478@example.com,michael, Gibbs ,+1-messy-0000478
review-clean4-messy-CAND-00479,review-clean4-messy.alexander.herrera.0479@example.com,Alexander,Herrera,+1-messy-0000479
review-clean4-messy-CAND-00480,review-clean4-messy.shawn.chambers.0480@example.com,Shawn,chambers,+1-messy-0000480
review-clean4-messy-CAND-00481,review-clean4-messy. emily.richards.0481@example.com ,Emily,Richards,+1-messy-0000481
review-clean4-messy-CAND-00482,review-clean4-messy.lynn.bentley.0482@example.com, Lynn ,bentley,+1-messy-0000482
review-clean4-messy-CAND-00483,review-clean4-messy.daniel.hall.0483@example.com,Daniel,Hall,+1-messy-0000483
review-clean4-messy-CAND-00484,review-clean4-messy.angel.henson.0484@example.com,Angel,Henson,+1-messy-0000484
review-clean4-messy-CAND-00485,review-clean4-messy. anna.herman.0485@example.com , Anna ,herman,+1-messy-0000485
review-clean4-messy-CAND-00486,review-clean4-messy.jeffrey.brown.0486@example.com,Jeffrey,brown,+1-messy-0000486
review-clean4-messy-CAND-00487,review-clean4-messy.madison.blankenship.0487@example.com,Madison,Blankenship,+1-messy-0000487
review-clean4-messy-CAND-00488,review-clean4-messy.candidate-00488@example.com,kevin,Ortiz,+1-messy-0000488
review-clean4-messy-CAND-00489,review-clean4-messy.donald.shah.0489@example.com,Donald,Shah,+1-messy-0000489
review-clean4-messy-CAND-00490,review-clean4-messy.kevin.vasquez.0490@example.com, Kevin ,Vasquez,+1-messy-0000490
review-clean4-messy-CAND-00491,review-clean4-messy.colton.clay.0491@example.com,colton,Clay,+1-messy-0000491
review-clean4-messy-CAND-00492,review-clean4-messy.derek.chavez.0492@example.com,Derek, Chavez ,+1-messy-0000492
review-clean4-messy-CAND-00493,review-clean4-messy.ellen.paul.0493@example.com,Ellen,paul,+1-messy-0000493
review-clean4-messy-CAND-00494,review-clean4-messy.sonya.barnes.0494@example.com, Sonya ,barnes,+1-messy-0000494
review-clean4-messy-CAND-00495,review-clean4-messy.julia.moore.0495@example.com, Julia , Moore ,+1-messy-0000495
review-clean4-messy-CAND-00496,review-clean4-messy.robert.garcia.0496@example.com,Robert,Garcia,+1-messy-0000496
review-clean4-messy-CAND-00497,review-clean4-messy.tracy.russell.0497@example.com,Tracy,Russell,+1-messy-0000497
review-clean4-messy-CAND-00498,review-clean4-messy. stephanie.johnson.0498@example.com ,stephanie,Johnson,+1-messy-0000498
review-clean4-messy-CAND-00499,review-clean4-messy.mitchell.ramos.0499@example.com,mitchell,ramos,+1-messy-0000499
review-clean4-messy-CAND-00500,review-clean4-messy.stephanie.foley.0500@example.com,Stephanie,Foley,+1-messy-0000500
review-clean4-messy-CAND-00501,review-clean4-messy.cory.jennings.0501@example.com,Cory,Jennings,+1-messy-0000501
review-clean4-messy-CAND-00502,review-clean4-messy.amy.levine.0502@example.com,Amy,Levine,+1-messy-0000502
review-clean4-messy-CAND-00503,review-clean4-messy. michael.sanders.0503@example.com ,Michael,Sanders,+1-messy-0000503
review-clean4-messy-CAND-00504,review-clean4-messy. james.martinez.0504@example.com ,james,Martinez,+1-messy-0000504
review-clean4-messy-CAND-00505,review-clean4-messy. melanie.gibson.0505@example.com ,Melanie,Gibson,+1-messy-0000505
review-clean4-messy-CAND-00506,review-clean4-messy.elizabeth.may.0506@example.com, Elizabeth ,May,+1-messy-0000506
review-clean4-messy-CAND-00507,review-clean4-messy.candidate-00507@example.com,Carla,Smith,+1-messy-0000507
review-clean4-messy-CAND-00508,review-clean4-messy.kristin.sanchez.0508@example.com,kristin, Sanchez ,+1-messy-0000508
review-clean4-messy-CAND-00509,review-clean4-messy.david.cunningham.0509@example.com,David,Cunningham,+1-messy-0000509
review-clean4-messy-CAND-00510,review-clean4-messy.casey.hubbard.0510@example.com,casey,Hubbard,+1-messy-0000510
review-clean4-messy-CAND-00511,review-clean4-messy.jamie.robinson.0511@example.com, Jamie ,Robinson,+1-messy-0000511
review-clean4-messy-CAND-00512,review-clean4-messy. molly.murphy.0512@example.com ,Molly,Murphy,+1-messy-0000512
review-clean4-messy-CAND-00513,review-clean4-messy.dylan.lester.0513@example.com,Dylan,Lester,+1-messy-0000513
review-clean4-messy-CAND-00514,review-clean4-messy.aaron.garrison.0514@example.com, Aaron ,Garrison,+1-messy-0000514
review-clean4-messy-CAND-00515,review-clean4-messy.candidate-00515@example.com,Duane,Anderson,+1-messy-0000515
review-clean4-messy-CAND-00516,review-clean4-messy.JOHN.THOMPSON.0516@EXAMPLE.COM, John ,Thompson,+1-messy-0000516
review-clean4-messy-CAND-00517,review-clean4-messy.donna.johnson.0517@example.com, Donna ,Johnson,+1-messy-0000517
review-clean4-messy-CAND-00518,review-clean4-messy. alexis.tyler.0518@example.com ,Alexis,tyler,+1-messy-0000518
review-clean4-messy-CAND-00519,review-clean4-messy.JOHN.MORRIS.0519@EXAMPLE.COM,john, Morris ,+1-messy-0000519
review-clean4-messy-CAND-00520,review-clean4-messy.grant.williams.0520@example.com,Grant,Williams,+1-messy-0000520
review-clean4-messy-CAND-00521,review-clean4-messy.judy.fox.0521@example.com,Judy,fox,+1-messy-0000521
review-clean4-messy-CAND-00522,review-clean4-messy.julie.alvarez.0522@example.com,Julie,alvarez,+1-messy-0000522
review-clean4-messy-CAND-00523,review-clean4-messy.kimberly.palmer.0523@example.com,kimberly,Palmer,+1-messy-0000523
review-clean4-messy-CAND-00524,review-clean4-messy. daniel.gordon.0524@example.com ,Daniel,Gordon,+1-messy-0000524
review-clean4-messy-CAND-00525,review-clean4-messy.sonia.williams.0525@example.com,Sonia, Williams ,+1-messy-0000525
review-clean4-messy-CAND-00526,review-clean4-messy.krista.camacho.0526@example.com,Krista,Camacho,+1-messy-0000526
review-clean4-messy-CAND-00527,review-clean4-messy.adrienne.ellis.0527@example.com,adrienne,Ellis,+1-messy-0000527
review-clean4-messy-CAND-00528,review-clean4-messy.tamara.brown.0528@example.com, Tamara , Brown ,+1-messy-0000528
review-clean4-messy-CAND-00529,review-clean4-messy.timothy.morales.0529@example.com,timothy,Morales,+1-messy-0000529
review-clean4-messy-CAND-00530,review-clean4-messy.gina.henry.0530@example.com,Gina,henry,+1-messy-0000530
review-clean4-messy-CAND-00531,review-clean4-messy.renee.jones.0531@example.com,Renee,Jones,+1-messy-0000531
review-clean4-messy-CAND-00532,review-clean4-messy.christopher.franklin.0532@example.com,christopher,franklin,+1-messy-0000532
review-clean4-messy-CAND-00533,review-clean4-messy.cameron.hill.0533@example.com,Cameron,Hill,+1-messy-0000533
review-clean4-messy-CAND-00534,review-clean4-messy.cynthia.kelley.0534@example.com,Cynthia,Kelley,+1-messy-0000534
review-clean4-messy-CAND-00535,review-clean4-messy.candidate-00535@example.com,Mark, Vang ,+1-messy-0000535
review-clean4-messy-CAND-00536,review-clean4-messy.alyssa.chavez.0536@example.com,Alyssa,Chavez,+1-messy-0000536
review-clean4-messy-CAND-00537,review-clean4-messy.catherine.garcia.0537@example.com,Catherine,Garcia,+1-messy-0000537
review-clean4-messy-CAND-00538,review-clean4-messy.candidate-00538@example.com,Jacqueline,Farrell,+1-messy-0000538
review-clean4-messy-CAND-00539,review-clean4-messy.debra.mack.0539@example.com,debra,Mack,+1-messy-0000539
review-clean4-messy-CAND-00540,review-clean4-messy. jennifer.lewis.0540@example.com ,jennifer,Lewis,+1-messy-0000540
review-clean4-messy-CAND-00541,review-clean4-messy.SHANNON.PEREZ.0541@EXAMPLE.COM,Shannon,Perez,+1-messy-0000541
review-clean4-messy-CAND-00542,review-clean4-messy.matthew.chavez.0542@example.com,Matthew,chavez,+1-messy-0000542
review-clean4-messy-CAND-00543,review-clean4-messy.robert.davis.0543@example.com,Robert,Davis,+1-messy-0000543
review-clean4-messy-CAND-00544,review-clean4-messy.ronald.ortega.0544@example.com,Ronald,Ortega,+1-messy-0000544
review-clean4-messy-CAND-00545,review-clean4-messy.nicholas.hernandez.0545@example.com,Nicholas,Hernandez,+1-messy-0000545
review-clean4-messy-CAND-00546,review-clean4-messy.sandra.jones.0546@example.com,Sandra,Jones,+1-messy-0000546
review-clean4-messy-CAND-00547,review-clean4-messy.marie.davis.0547@example.com,marie,Davis,+1-messy-0000547
review-clean4-messy-CAND-00548,review-clean4-messy.candidate-00548@example.com,colin,rodgers,+1-messy-0000548
review-clean4-messy-CAND-00549,review-clean4-messy.lisa.hawkins.0549@example.com,lisa,hawkins,+1-messy-0000549
review-clean4-messy-CAND-00550,review-clean4-messy.BRENDA.HOFFMAN.0550@EXAMPLE.COM,Brenda, Hoffman ,+1-messy-0000550
review-clean4-messy-CAND-00551,review-clean4-messy. mark.martinez.0551@example.com ,Mark,martinez,+1-messy-0000551
review-clean4-messy-CAND-00552,review-clean4-messy.michael.ortega.0552@example.com,Michael,ortega,+1-messy-0000552
review-clean4-messy-CAND-00553,review-clean4-messy.karen.parrish.0553@example.com,Karen,Parrish,+1-messy-0000553
review-clean4-messy-CAND-00554,review-clean4-messy.jennifer.schmitt.0554@example.com,Jennifer,Schmitt,+1-messy-0000554
review-clean4-messy-CAND-00555,review-clean4-messy.CAROLINE.BELL.0555@EXAMPLE.COM,Caroline,bell,+1-messy-0000555
review-clean4-messy-CAND-00556,review-clean4-messy.becky.lewis.0556@example.com,Becky, Lewis ,+1-messy-0000556
review-clean4-messy-CAND-00557,review-clean4-messy.diane.walker.0557@example.com, Diane ,walker,+1-messy-0000557
review-clean4-messy-CAND-00558,review-clean4-messy. daniel.bruce.0558@example.com , Daniel ,Bruce,+1-messy-0000558
review-clean4-messy-CAND-00559,review-clean4-messy. michael.farmer.0559@example.com ,Michael,Farmer,+1-messy-0000559
review-clean4-messy-CAND-00560,review-clean4-messy.audrey.aguirre.0560@example.com,Audrey,Aguirre,+1-messy-0000560
review-clean4-messy-CAND-00561,review-clean4-messy.megan.villegas.0561@example.com,Megan,Villegas,+1-messy-0000561
review-clean4-messy-CAND-00562,review-clean4-messy.loretta.austin.0562@example.com,loretta,Austin,+1-messy-0000562
review-clean4-messy-CAND-00563,review-clean4-messy.dawn.johnson.0563@example.com,Dawn,Johnson,+1-messy-0000563
review-clean4-messy-CAND-00564,review-clean4-messy.sarah.gallegos.0564@example.com,Sarah,gallegos,+1-messy-0000564
review-clean4-messy-CAND-00565,review-clean4-messy.joseph.white.0565@example.com,joseph,White,+1-messy-0000565
review-clean4-messy-CAND-00566,review-clean4-messy.jacqueline.parker.0566@example.com,Jacqueline, Parker ,+1-messy-0000566
review-clean4-messy-CAND-00567,review-clean4-messy.matthew.smith.0567@example.com,Matthew,Smith,+1-messy-0000567
review-clean4-messy-CAND-00568,review-clean4-messy. molly.knight.0568@example.com ,Molly,Knight,+1-messy-0000568
review-clean4-messy-CAND-00569,review-clean4-messy.richard.thomas.0569@example.com, Richard ,thomas,+1-messy-0000569
review-clean4-messy-CAND-00570,review-clean4-messy.cynthia.johnson.0570@example.com, Cynthia ,johnson,+1-messy-0000570
review-clean4-messy-CAND-00571,review-clean4-messy.JULIE.LEWIS.0571@EXAMPLE.COM,julie,Lewis,+1-messy-0000571
review-clean4-messy-CAND-00572,review-clean4-messy.robert.peterson.0572@example.com,Robert,Peterson,+1-messy-0000572
review-clean4-messy-CAND-00573,review-clean4-messy.candidate-00573@example.com,Mitchell,Griffith,+1-messy-0000573
review-clean4-messy-CAND-00574,review-clean4-messy.kimberly.bradley.0574@example.com,Kimberly,Bradley,+1-messy-0000574
review-clean4-messy-CAND-00575,review-clean4-messy.christopher.williams.0575@example.com, Christopher ,Williams,+1-messy-0000575
review-clean4-messy-CAND-00576,review-clean4-messy.eric.williamson.0576@example.com, Eric ,Williamson,+1-messy-0000576
review-clean4-messy-CAND-00577,review-clean4-messy.candidate-00577@example.com,emily,Nelson,+1-messy-0000577
review-clean4-messy-CAND-00578,review-clean4-messy.candidate-00578@example.com,Ebony,Tucker,+1-messy-0000578
review-clean4-messy-CAND-00579,review-clean4-messy.SCOTT.NELSON.0579@EXAMPLE.COM,Scott,Nelson,+1-messy-0000579
review-clean4-messy-CAND-00580,review-clean4-messy.candidate-00580@example.com,Kari,Wilson,+1-messy-0000580
review-clean4-messy-CAND-00581,review-clean4-messy.RUSSELL.CAMPBELL.0581@EXAMPLE.COM,Russell,Campbell,+1-messy-0000581
review-clean4-messy-CAND-00582,review-clean4-messy.erika.tucker.0582@example.com,Erika,Tucker,+1-messy-0000582
review-clean4-messy-CAND-00583,review-clean4-messy.candidate-00583@example.com, Elizabeth ,williams,+1-messy-0000583
review-clean4-messy-CAND-00584,review-clean4-messy.randall.greene.0584@example.com,Randall,Greene,+1-messy-0000584
review-clean4-messy-CAND-00585,review-clean4-messy.adrian.turner.0585@example.com, Adrian ,Turner,+1-messy-0000585
review-clean4-messy-CAND-00586,review-clean4-messy.jason.taylor.0586@example.com, Jason ,Taylor,+1-messy-0000586
review-clean4-messy-CAND-00587,review-clean4-messy.jonathan.murphy.0587@example.com,jonathan,Murphy,+1-messy-0000587
review-clean4-messy-CAND-00588,review-clean4-messy.adrian.burgess.0588@example.com,Adrian,Burgess,+1-messy-0000588
review-clean4-messy-CAND-00589,review-clean4-messy.gregory.james.0589@example.com,Gregory,James,+1-messy-0000589
review-clean4-messy-CAND-00590,review-clean4-messy.JANE.MASON.0590@EXAMPLE.COM,jane,Mason,+1-messy-0000590
review-clean4-messy-CAND-00591,review-clean4-messy.candidate-00591@example.com,Martha,Drake,+1-messy-0000591
review-clean4-messy-CAND-00592,review-clean4-messy.charles.hensley.0592@example.com,Charles,hensley,+1-messy-0000592
review-clean4-messy-CAND-00593,review-clean4-messy.bobby.smith.0593@example.com,Bobby,Smith,+1-messy-0000593
review-clean4-messy-CAND-00594,review-clean4-messy.samantha.atkins.0594@example.com,Samantha,atkins,+1-messy-0000594
review-clean4-messy-CAND-00595,review-clean4-messy.barbara.berry.0595@example.com,Barbara,Berry,+1-messy-0000595
review-clean4-messy-CAND-00596,review-clean4-messy.jenna.butler.0596@example.com,jenna,Butler,+1-messy-0000596
review-clean4-messy-CAND-00597,review-clean4-messy.DARIUS.SMITH.0597@EXAMPLE.COM,Darius,Smith,+1-messy-0000597
review-clean4-messy-CAND-00598,review-clean4-messy.mark.solis.0598@example.com,Mark,Solis,+1-messy-0000598
review-clean4-messy-CAND-00599,review-clean4-messy.christine.collier.0599@example.com,christine,Collier,+1-messy-0000599
review-clean4-messy-CAND-00600,review-clean4-messy.samantha.davis.0600@example.com, Samantha ,Davis,+1-messy-0000600
review-clean4-messy-CAND-00601,review-clean4-messy.candidate-00601@example.com,Megan,sanchez,+1-messy-0000601
review-clean4-messy-CAND-00602,review-clean4-messy.brianna.warren.0602@example.com,Brianna,Warren,+1-messy-0000602
review-clean4-messy-CAND-00603,review-clean4-messy.candidate-00603@example.com,randy,Collins,+1-messy-0000603
review-clean4-messy-CAND-00604,review-clean4-messy.matthew.cook.0604@example.com,Matthew,Cook,+1-messy-0000604
review-clean4-messy-CAND-00605,review-clean4-messy.gary.dixon.0605@example.com, Gary ,Dixon,+1-messy-0000605
review-clean4-messy-CAND-00606,review-clean4-messy.daniel.hicks.0606@example.com,daniel, Hicks ,+1-messy-0000606
review-clean4-messy-CAND-00607,review-clean4-messy.rebecca.bailey.0607@example.com,rebecca,bailey,+1-messy-0000607
review-clean4-messy-CAND-00608,review-clean4-messy.jessica.fuentes.0608@example.com,Jessica,fuentes,+1-messy-0000608
review-clean4-messy-CAND-00609,review-clean4-messy.LISA.YOUNG.0609@EXAMPLE.COM,Lisa,Young,+1-messy-0000609
review-clean4-messy-CAND-00610,review-clean4-messy.dwayne.gonzalez.0610@example.com,Dwayne, Gonzalez ,+1-messy-0000610
review-clean4-messy-CAND-00611,review-clean4-messy.CARRIE.WOLF.0611@EXAMPLE.COM,Carrie,wolf,+1-messy-0000611
review-clean4-messy-CAND-00612,review-clean4-messy.diana.thompson.0612@example.com, Diana ,Thompson,+1-messy-0000612
review-clean4-messy-CAND-00613,review-clean4-messy.kendra.snyder.0613@example.com,Kendra, Snyder ,+1-messy-0000613
review-clean4-messy-CAND-00614,review-clean4-messy. karen.wolf.0614@example.com , Karen ,Wolf,+1-messy-0000614
review-clean4-messy-CAND-00615,review-clean4-messy.shane.glass.0615@example.com,Shane, Glass ,+1-messy-0000615
review-clean4-messy-CAND-00616,review-clean4-messy.candidate-00616@example.com,Anne,reid,+1-messy-0000616
review-clean4-messy-CAND-00617,review-clean4-messy.claudia.lin.0617@example.com,Claudia,Lin,+1-messy-0000617
review-clean4-messy-CAND-00618,review-clean4-messy.courtney.hernandez.0618@example.com, Courtney ,Hernandez,+1-messy-0000618
review-clean4-messy-CAND-00619,review-clean4-messy.candidate-00619@example.com,Carlos,ramos,+1-messy-0000619
review-clean4-messy-CAND-00620,review-clean4-messy.KEVIN.HILL.0620@EXAMPLE.COM,Kevin,hill,+1-messy-0000620
review-clean4-messy-CAND-00621,review-clean4-messy.brian.romero.0621@example.com,Brian,romero,+1-messy-0000621
review-clean4-messy-CAND-00622,review-clean4-messy.lance.hayes.0622@example.com,Lance,hayes,+1-messy-0000622
review-clean4-messy-CAND-00623,review-clean4-messy. brian.decker.0623@example.com ,Brian,decker,+1-messy-0000623
review-clean4-messy-CAND-00624,review-clean4-messy.chase.lin.0624@example.com,Chase,Lin,+1-messy-0000624
review-clean4-messy-CAND-00625,review-clean4-messy. melissa.gilbert.0625@example.com ,Melissa,Gilbert,+1-messy-0000625
review-clean4-messy-CAND-00626,review-clean4-messy.william.ford.0626@example.com,William,Ford,+1-messy-0000626
review-clean4-messy-CAND-00627,review-clean4-messy. angela.conner.0627@example.com , Angela ,Conner,+1-messy-0000627
review-clean4-messy-CAND-00628,review-clean4-messy.candidate-00628@example.com,Paula,Cole,+1-messy-0000628
review-clean4-messy-CAND-00629,review-clean4-messy.lisa.pearson.0629@example.com,Lisa,Pearson,+1-messy-0000629
review-clean4-messy-CAND-00630,review-clean4-messy.marc.alvarez.0630@example.com, Marc ,Alvarez,+1-messy-0000630
review-clean4-messy-CAND-00631,review-clean4-messy.edward.brown.0631@example.com, Edward ,Brown,+1-messy-0000631
review-clean4-messy-CAND-00632,review-clean4-messy.dale.nolan.0632@example.com,Dale, Nolan ,+1-messy-0000632
review-clean4-messy-CAND-00633,review-clean4-messy.matthew.klein.0633@example.com,Matthew,klein,+1-messy-0000633
review-clean4-messy-CAND-00634,review-clean4-messy.william.thompson.0634@example.com,william,thompson,+1-messy-0000634
review-clean4-messy-CAND-00635,review-clean4-messy.john.kim.0635@example.com, John ,Kim,+1-messy-0000635
review-clean4-messy-CAND-00636,review-clean4-messy.SCOTT.MILLS.0636@EXAMPLE.COM,Scott,Mills,+1-messy-0000636
review-clean4-messy-CAND-00637,review-clean4-messy.erik.watson.0637@example.com, Erik ,Watson,+1-messy-0000637
review-clean4-messy-CAND-00638,review-clean4-messy.justin.ortiz.0638@example.com,Justin,Ortiz,+1-messy-0000638
review-clean4-messy-CAND-00639,review-clean4-messy.candidate-00639@example.com,Matthew,Harper,+1-messy-0000639
review-clean4-messy-CAND-00640,review-clean4-messy. kristina.holland.0640@example.com ,Kristina,Holland,+1-messy-0000640
review-clean4-messy-CAND-00641,review-clean4-messy.cameron.davis.0641@example.com,Cameron,Davis,+1-messy-0000641
review-clean4-messy-CAND-00642,review-clean4-messy.erika.mitchell.0642@example.com, Erika ,Mitchell,+1-messy-0000642
review-clean4-messy-CAND-00643,review-clean4-messy.candidate-00643@example.com,jennifer,Douglas,+1-messy-0000643
review-clean4-messy-CAND-00644,review-clean4-messy. rebecca.marks.0644@example.com ,Rebecca,marks,+1-messy-0000644
review-clean4-messy-CAND-00645,review-clean4-messy.mathew.aguilar.0645@example.com,Mathew,Aguilar,+1-messy-0000645
review-clean4-messy-CAND-00646,review-clean4-messy.donald.bailey.0646@example.com,Donald,Bailey,+1-messy-0000646
review-clean4-messy-CAND-00647,review-clean4-messy.tammy.hale.0647@example.com,tammy,Hale,+1-messy-0000647
review-clean4-messy-CAND-00648,review-clean4-messy.philip.larson.0648@example.com, Philip ,larson,+1-messy-0000648
review-clean4-messy-CAND-00649,review-clean4-messy.sharon.collins.0649@example.com,Sharon,Collins,+1-messy-0000649
review-clean4-messy-CAND-00650,review-clean4-messy.nicholas.conner.0650@example.com,Nicholas,conner,+1-messy-0000650
review-clean4-messy-CAND-00651,review-clean4-messy. lisa.santiago.0651@example.com ,lisa,Santiago,+1-messy-0000651
review-clean4-messy-CAND-00652,review-clean4-messy.candidate-00652@example.com,Maria,Rodgers,+1-messy-0000652
review-clean4-messy-CAND-00653,review-clean4-messy.gina.fox.0653@example.com,gina,Fox,+1-messy-0000653
review-clean4-messy-CAND-00654,review-clean4-messy.debbie.henderson.0654@example.com,Debbie,Henderson,+1-messy-0000654
review-clean4-messy-CAND-00655,review-clean4-messy.michael.cox.0655@example.com,Michael,Cox,+1-messy-0000655
review-clean4-messy-CAND-00656,review-clean4-messy.henry.lewis.0656@example.com,Henry,Lewis,+1-messy-0000656
review-clean4-messy-CAND-00657,review-clean4-messy.stacey.tucker.0657@example.com, Stacey ,Tucker,+1-messy-0000657
review-clean4-messy-CAND-00658,review-clean4-messy.jeremy.taylor.0658@example.com,Jeremy,Taylor,+1-messy-0000658
review-clean4-messy-CAND-00659,review-clean4-messy.chris.richard.0659@example.com,Chris,Richard,+1-messy-0000659
review-clean4-messy-CAND-00660,review-clean4-messy. craig.wise.0660@example.com , Craig ,Wise,+1-messy-0000660
review-clean4-messy-CAND-00661,review-clean4-messy.candidate-00661@example.com,Mary,Stephenson,+1-messy-0000661
review-clean4-messy-CAND-00662,review-clean4-messy.benjamin.rogers.0662@example.com,Benjamin,Rogers,+1-messy-0000662
review-clean4-messy-CAND-00663,review-clean4-messy.katie.anderson.0663@example.com,katie,Anderson,+1-messy-0000663
review-clean4-messy-CAND-00664,review-clean4-messy.nicholas.martin.0664@example.com,Nicholas,martin,+1-messy-0000664
review-clean4-messy-CAND-00665,review-clean4-messy.marie.wise.0665@example.com,Marie,wise,+1-messy-0000665
review-clean4-messy-CAND-00666,review-clean4-messy.lisa.martin.0666@example.com,Lisa, Martin ,+1-messy-0000666
review-clean4-messy-CAND-00667,review-clean4-messy.samuel.jenkins.0667@example.com,Samuel,Jenkins,+1-messy-0000667
review-clean4-messy-CAND-00668,review-clean4-messy.erica.young.0668@example.com, Erica ,Young,+1-messy-0000668
review-clean4-messy-CAND-00669,review-clean4-messy.sean.mitchell.0669@example.com,sean,Mitchell,+1-messy-0000669
review-clean4-messy-CAND-00670,review-clean4-messy.kaitlyn.cole.0670@example.com,Kaitlyn,Cole,+1-messy-0000670
review-clean4-messy-CAND-00671,review-clean4-messy.candidate-00671@example.com,Amanda,Collins,+1-messy-0000671
review-clean4-messy-CAND-00672,review-clean4-messy.candidate-00672@example.com,Lindsey,Harrison,+1-messy-0000672
review-clean4-messy-CAND-00673,review-clean4-messy.mary.richardson.0673@example.com, Mary ,richardson,+1-messy-0000673
review-clean4-messy-CAND-00674,review-clean4-messy.stacey.joyce.0674@example.com,Stacey,Joyce,+1-messy-0000674
review-clean4-messy-CAND-00675,review-clean4-messy.steven.campbell.0675@example.com,Steven,Campbell,+1-messy-0000675
review-clean4-messy-CAND-00676,review-clean4-messy.patrick.rose.0676@example.com,patrick,Rose,+1-messy-0000676
review-clean4-messy-CAND-00677,review-clean4-messy.tammy.montoya.0677@example.com,Tammy, Montoya ,+1-messy-0000677
review-clean4-messy-CAND-00678,review-clean4-messy.laurie.taylor.0678@example.com, Laurie ,Taylor,+1-messy-0000678
review-clean4-messy-CAND-00679,review-clean4-messy. john.davidson.0679@example.com ,John,Davidson,+1-messy-0000679
review-clean4-messy-CAND-00680,review-clean4-messy. morgan.spencer.0680@example.com ,Morgan,Spencer,+1-messy-0000680
review-clean4-messy-CAND-00681,review-clean4-messy.CURTIS.SINGLETON.0681@EXAMPLE.COM,curtis,Singleton,+1-messy-0000681
review-clean4-messy-CAND-00682,review-clean4-messy.melissa.mitchell.0682@example.com,Melissa,Mitchell,+1-messy-0000682
review-clean4-messy-CAND-00683,review-clean4-messy.kathryn.nelson.0683@example.com,Kathryn,Nelson,+1-messy-0000683
review-clean4-messy-CAND-00684,review-clean4-messy.rebecca.hernandez.0684@example.com,rebecca,hernandez,+1-messy-0000684
review-clean4-messy-CAND-00685,review-clean4-messy.candidate-00685@example.com,Samuel,Potts,+1-messy-0000685
review-clean4-messy-CAND-00686,review-clean4-messy.jeffrey.hayes.0686@example.com,Jeffrey,Hayes,+1-messy-0000686
review-clean4-messy-CAND-00687,review-clean4-messy.michael.johnson.0687@example.com,Michael,Johnson,+1-messy-0000687
review-clean4-messy-CAND-00688,review-clean4-messy.brian.shaw.0688@example.com,Brian,Shaw,+1-messy-0000688
review-clean4-messy-CAND-00689,review-clean4-messy. joe.vang.0689@example.com ,Joe,Vang,+1-messy-0000689
review-clean4-messy-CAND-00690,review-clean4-messy.nicholas.johnson.0690@example.com,Nicholas,Johnson,+1-messy-0000690
review-clean4-messy-CAND-00691,review-clean4-messy.sarah.combs.0691@example.com,Sarah,Combs,+1-messy-0000691
review-clean4-messy-CAND-00692,review-clean4-messy.debra.moody.0692@example.com,Debra,Moody,+1-messy-0000692
review-clean4-messy-CAND-00693,review-clean4-messy. devin.mitchell.0693@example.com ,Devin, Mitchell ,+1-messy-0000693
review-clean4-messy-CAND-00694,review-clean4-messy. maria.horton.0694@example.com ,Maria,Horton,+1-messy-0000694
review-clean4-messy-CAND-00695,review-clean4-messy.dominic.thornton.0695@example.com,Dominic,Thornton,+1-messy-0000695
review-clean4-messy-CAND-00696,review-clean4-messy.shane.smith.0696@example.com,Shane,Smith,+1-messy-0000696
review-clean4-messy-CAND-00697,review-clean4-messy.christian.scott.0697@example.com,Christian, Scott ,+1-messy-0000697
review-clean4-messy-CAND-00698,review-clean4-messy.MARY.DUNN.0698@EXAMPLE.COM,Mary,Dunn,+1-messy-0000698
review-clean4-messy-CAND-00699,review-clean4-messy.candidate-00699@example.com, Jessica ,Rose,+1-messy-0000699
review-clean4-messy-CAND-00700,review-clean4-messy.daniel.roberts.0700@example.com,Daniel,roberts,+1-messy-0000700
review-clean4-messy-CAND-00701,review-clean4-messy.candidate-00701@example.com,Kevin,Williams,+1-messy-0000701
review-clean4-messy-CAND-00702,review-clean4-messy.robert.bauer.0702@example.com, Robert ,Bauer,+1-messy-0000702
review-clean4-messy-CAND-00703,review-clean4-messy.stephen.rodriguez.0703@example.com,Stephen,Rodriguez,+1-messy-0000703
review-clean4-messy-CAND-00704,review-clean4-messy.candidate-00704@example.com,rebecca, Carlson ,+1-messy-0000704
review-clean4-messy-CAND-00705,review-clean4-messy.candidate-00705@example.com,allen, Robertson ,+1-messy-0000705
review-clean4-messy-CAND-00706,review-clean4-messy.john.thomas.0706@example.com,John,Thomas,+1-messy-0000706
review-clean4-messy-CAND-00707,review-clean4-messy.ruben.mendez.0707@example.com,Ruben,Mendez,+1-messy-0000707
review-clean4-messy-CAND-00708,review-clean4-messy.candidate-00708@example.com,john, Butler ,+1-messy-0000708
review-clean4-messy-CAND-00709,review-clean4-messy.elizabeth.miller.0709@example.com,Elizabeth,Miller,+1-messy-0000709
review-clean4-messy-CAND-00710,review-clean4-messy. theresa.jones.0710@example.com , Theresa ,Jones,+1-messy-0000710
review-clean4-messy-CAND-00711,review-clean4-messy.alicia.romero.0711@example.com,Alicia,Romero,+1-messy-0000711
review-clean4-messy-CAND-00712,review-clean4-messy. vanessa.spencer.0712@example.com ,vanessa,Spencer,+1-messy-0000712
review-clean4-messy-CAND-00713,review-clean4-messy.peter.harrison.0713@example.com,Peter,Harrison,+1-messy-0000713
review-clean4-messy-CAND-00714,review-clean4-messy.cynthia.zavala.0714@example.com,Cynthia, Zavala ,+1-messy-0000714
review-clean4-messy-CAND-00715,review-clean4-messy.candidate-00715@example.com,Jon,smith,+1-messy-0000715
review-clean4-messy-CAND-00716,review-clean4-messy.KRISTINA.COOPER.0716@EXAMPLE.COM,Kristina,cooper,+1-messy-0000716
review-clean4-messy-CAND-00717,review-clean4-messy.jessica.fuller.0717@example.com, Jessica ,Fuller,+1-messy-0000717
review-clean4-messy-CAND-00718,review-clean4-messy.candidate-00718@example.com,Kelsey,Moss,+1-messy-0000718
review-clean4-messy-CAND-00719,review-clean4-messy.marvin.williams.0719@example.com,Marvin, Williams ,+1-messy-0000719
review-clean4-messy-CAND-00720,review-clean4-messy.amy.li.0720@example.com,Amy, Li ,+1-messy-0000720
review-clean4-messy-CAND-00721,review-clean4-messy.gregory.maxwell.0721@example.com,Gregory,Maxwell,+1-messy-0000721
review-clean4-messy-CAND-00722,review-clean4-messy.candidate-00722@example.com,Steven,Dominguez,+1-messy-0000722
review-clean4-messy-CAND-00723,review-clean4-messy.candidate-00723@example.com,Crystal,Cain,+1-messy-0000723
review-clean4-messy-CAND-00724,review-clean4-messy. bryan.parsons.0724@example.com ,bryan,parsons,+1-messy-0000724
review-clean4-messy-CAND-00725,review-clean4-messy.stephen.carter.0725@example.com,Stephen,Carter,+1-messy-0000725
review-clean4-messy-CAND-00726,review-clean4-messy.BRADLEY.GONZALEZ.0726@EXAMPLE.COM, Bradley ,gonzalez,+1-messy-0000726
review-clean4-messy-CAND-00727,review-clean4-messy. bobby.mahoney.0727@example.com ,Bobby,Mahoney,+1-messy-0000727
review-clean4-messy-CAND-00728,review-clean4-messy.zachary.hays.0728@example.com, Zachary ,Hays,+1-messy-0000728
review-clean4-messy-CAND-00729,review-clean4-messy.amy.king.0729@example.com,Amy,King,+1-messy-0000729
review-clean4-messy-CAND-00730,review-clean4-messy.karen.lee.0730@example.com,Karen,lee,+1-messy-0000730
review-clean4-messy-CAND-00731,review-clean4-messy.michael.norman.0731@example.com,Michael,Norman,+1-messy-0000731
review-clean4-messy-CAND-00732,review-clean4-messy.michelle.rivera.0732@example.com,Michelle,rivera,+1-messy-0000732
review-clean4-messy-CAND-00733,review-clean4-messy.david.richardson.0733@example.com,david,Richardson,+1-messy-0000733
review-clean4-messy-CAND-00734,review-clean4-messy.pamela.paul.0734@example.com,Pamela,Paul,+1-messy-0000734
review-clean4-messy-CAND-00735,review-clean4-messy.patricia.hughes.0735@example.com,Patricia, Hughes ,+1-messy-0000735
review-clean4-messy-CAND-00736,review-clean4-messy.terri.crawford.0736@example.com,Terri,Crawford,+1-messy-0000736
review-clean4-messy-CAND-00737,review-clean4-messy.tyler.glass.0737@example.com, Tyler ,Glass,+1-messy-0000737
review-clean4-messy-CAND-00738,review-clean4-messy.april.owen.0738@example.com,April, Owen ,+1-messy-0000738
review-clean4-messy-CAND-00739,review-clean4-messy. jessica.miller.0739@example.com ,Jessica,Miller,+1-messy-0000739
review-clean4-messy-CAND-00740,review-clean4-messy.CARRIE.SHORT.0740@EXAMPLE.COM,Carrie,Short,+1-messy-0000740
review-clean4-messy-CAND-00741,review-clean4-messy.AMY.MORRIS.0741@EXAMPLE.COM,Amy,Morris,+1-messy-0000741
review-clean4-messy-CAND-00742,review-clean4-messy.christopher.guerrero.0742@example.com,Christopher,guerrero,+1-messy-0000742
review-clean4-messy-CAND-00743,review-clean4-messy.kirk.morrison.0743@example.com,Kirk,Morrison,+1-messy-0000743
review-clean4-messy-CAND-00744,review-clean4-messy. ronald.norris.0744@example.com ,ronald,Norris,+1-messy-0000744
review-clean4-messy-CAND-00745,review-clean4-messy.michael.williams.0745@example.com,Michael, Williams ,+1-messy-0000745
review-clean4-messy-CAND-00746,review-clean4-messy.molly.gomez.0746@example.com,molly,Gomez,+1-messy-0000746
review-clean4-messy-CAND-00747,review-clean4-messy.whitney.hill.0747@example.com,Whitney,Hill,+1-messy-0000747
review-clean4-messy-CAND-00748,review-clean4-messy.TINA.GOULD.0748@EXAMPLE.COM,tina,gould,+1-messy-0000748
review-clean4-messy-CAND-00749,review-clean4-messy.candidate-00749@example.com,charles,walsh,+1-messy-0000749
review-clean4-messy-CAND-00750,review-clean4-messy.candidate-00750@example.com,michael,Owen,+1-messy-0000750
review-clean4-messy-CAND-00751,review-clean4-messy.erin.cisneros.0751@example.com, Erin ,cisneros,+1-messy-0000751
review-clean4-messy-CAND-00752,review-clean4-messy.douglas.lawson.0752@example.com,Douglas,lawson,+1-messy-0000752
review-clean4-messy-CAND-00753,review-clean4-messy.kimberly.johnson.0753@example.com,Kimberly,Johnson,+1-messy-0000753
review-clean4-messy-CAND-00754,review-clean4-messy.candidate-00754@example.com,Carlos, Osborne ,+1-messy-0000754
review-clean4-messy-CAND-00755,review-clean4-messy.michael.reyes.0755@example.com,Michael,Reyes,+1-messy-0000755
review-clean4-messy-CAND-00756,review-clean4-messy.ashley.jacobs.0756@example.com,Ashley, Jacobs ,+1-messy-0000756
review-clean4-messy-CAND-00757,review-clean4-messy.ERIKA.RUSH.0757@EXAMPLE.COM,Erika,rush,+1-messy-0000757
review-clean4-messy-CAND-00758,review-clean4-messy.NATHAN.HINES.0758@EXAMPLE.COM, Nathan ,Hines,+1-messy-0000758
review-clean4-messy-CAND-00759,review-clean4-messy.audrey.moreno.0759@example.com,Audrey, Moreno ,+1-messy-0000759
review-clean4-messy-CAND-00760,review-clean4-messy.raymond.banks.0760@example.com,Raymond,Banks,+1-messy-0000760
review-clean4-messy-CAND-00761,review-clean4-messy.candidate-00761@example.com,john,wilson,+1-messy-0000761
review-clean4-messy-CAND-00762,review-clean4-messy.jill.porter.0762@example.com,jill,Porter,+1-messy-0000762
review-clean4-messy-CAND-00763,review-clean4-messy.paul.hoffman.0763@example.com,paul,hoffman,+1-messy-0000763
review-clean4-messy-CAND-00764,review-clean4-messy.jose.green.0764@example.com,Jose,Green,+1-messy-0000764
review-clean4-messy-CAND-00765,review-clean4-messy.sean.davies.0765@example.com,Sean,Davies,+1-messy-0000765
review-clean4-messy-CAND-00766,review-clean4-messy.justin.hendricks.0766@example.com,Justin,Hendricks,+1-messy-0000766
review-clean4-messy-CAND-00767,review-clean4-messy.travis.martinez.0767@example.com,Travis, Martinez ,+1-messy-0000767
review-clean4-messy-CAND-00768,review-clean4-messy.melissa.hayes.0768@example.com,Melissa,Hayes,+1-messy-0000768
review-clean4-messy-CAND-00769,review-clean4-messy.RACHEL.WALLACE.0769@EXAMPLE.COM,Rachel, Wallace ,+1-messy-0000769
review-clean4-messy-CAND-00770,review-clean4-messy.candidate-00770@example.com,Christopher,Fleming,+1-messy-0000770
review-clean4-messy-CAND-00771,review-clean4-messy.megan.flores.0771@example.com, Megan , Flores ,+1-messy-0000771
review-clean4-messy-CAND-00772,review-clean4-messy.michael.brown.0772@example.com, Michael ,Brown,+1-messy-0000772
review-clean4-messy-CAND-00773,review-clean4-messy.candidate-00773@example.com,amber,Vance,+1-messy-0000773
review-clean4-messy-CAND-00774,review-clean4-messy.melissa.joseph.0774@example.com,Melissa,Joseph,+1-messy-0000774
review-clean4-messy-CAND-00775,review-clean4-messy.sara.little.0775@example.com,Sara,Little,+1-messy-0000775
review-clean4-messy-CAND-00776,review-clean4-messy. laura.hicks.0776@example.com ,Laura,Hicks,+1-messy-0000776
review-clean4-messy-CAND-00777,review-clean4-messy.david.harris.0777@example.com,david,Harris,+1-messy-0000777
review-clean4-messy-CAND-00778,review-clean4-messy.dominic.tyler.0778@example.com, Dominic ,Tyler,+1-messy-0000778
review-clean4-messy-CAND-00779,review-clean4-messy.anthony.spencer.0779@example.com,Anthony,Spencer,+1-messy-0000779
review-clean4-messy-CAND-00780,review-clean4-messy.miguel.lara.0780@example.com,Miguel,lara,+1-messy-0000780
review-clean4-messy-CAND-00781,review-clean4-messy.andrea.salazar.0781@example.com,Andrea,Salazar,+1-messy-0000781
review-clean4-messy-CAND-00782,review-clean4-messy.christopher.parker.0782@example.com,Christopher,Parker,+1-messy-0000782
review-clean4-messy-CAND-00783,review-clean4-messy.YVONNE.HIGGINS.0783@EXAMPLE.COM,Yvonne,Higgins,+1-messy-0000783
review-clean4-messy-CAND-00784,review-clean4-messy.alicia.hammond.0784@example.com,alicia,Hammond,+1-messy-0000784
review-clean4-messy-CAND-00785,review-clean4-messy.madeline.jones.0785@example.com,madeline,Jones,+1-messy-0000785
review-clean4-messy-CAND-00786,review-clean4-messy.teresa.day.0786@example.com,teresa,Day,+1-messy-0000786
review-clean4-messy-CAND-00787,review-clean4-messy.shannon.frazier.0787@example.com, Shannon ,Frazier,+1-messy-0000787
review-clean4-messy-CAND-00788,review-clean4-messy.MELVIN.HUMPHREY.0788@EXAMPLE.COM,Melvin,Humphrey,+1-messy-0000788
review-clean4-messy-CAND-00789,review-clean4-messy.kimberly.bowman.0789@example.com,Kimberly, Bowman ,+1-messy-0000789
review-clean4-messy-CAND-00790,review-clean4-messy. hunter.burch.0790@example.com , Hunter ,burch,+1-messy-0000790
review-clean4-messy-CAND-00791,review-clean4-messy.ryan.bartlett.0791@example.com, Ryan ,bartlett,+1-messy-0000791
review-clean4-messy-CAND-00792,review-clean4-messy.brian.martinez.0792@example.com,Brian, Martinez ,+1-messy-0000792
review-clean4-messy-CAND-00793,review-clean4-messy.eric.martin.0793@example.com,Eric,Martin,+1-messy-0000793
review-clean4-messy-CAND-00794,review-clean4-messy.marcus.fletcher.0794@example.com,marcus,fletcher,+1-messy-0000794
review-clean4-messy-CAND-00795,review-clean4-messy.michael.everett.0795@example.com,michael,Everett,+1-messy-0000795
review-clean4-messy-CAND-00796,review-clean4-messy. patty.singleton.0796@example.com ,patty, Singleton ,+1-messy-0000796
review-clean4-messy-CAND-00797,review-clean4-messy.john.reid.0797@example.com, John ,Reid,+1-messy-0000797
review-clean4-messy-CAND-00798,review-clean4-messy.ANDREA.MARTINEZ.0798@EXAMPLE.COM,Andrea, Martinez ,+1-messy-0000798
review-clean4-messy-CAND-00799,review-clean4-messy.kevin.ferguson.0799@example.com,kevin,ferguson,+1-messy-0000799
review-clean4-messy-CAND-00800,review-clean4-messy.wayne.jackson.0800@example.com,Wayne, Jackson ,+1-messy-0000800
review-clean4-messy-CAND-00801,review-clean4-messy.shelly.moore.0801@example.com,Shelly,Moore,+1-messy-0000801
review-clean4-messy-CAND-00802,review-clean4-messy.donna.le.0802@example.com,Donna,Le,+1-messy-0000802
review-clean4-messy-CAND-00803,review-clean4-messy.cassie.kirby.0803@example.com,Cassie,Kirby,+1-messy-0000803
review-clean4-messy-CAND-00804,review-clean4-messy.anne.bryan.0804@example.com, Anne ,Bryan,+1-messy-0000804
review-clean4-messy-CAND-00805,review-clean4-messy.anthony.williams.0805@example.com,Anthony,Williams,+1-messy-0000805
review-clean4-messy-CAND-00806,review-clean4-messy. darlene.ray.0806@example.com , Darlene ,Ray,+1-messy-0000806
review-clean4-messy-CAND-00807,review-clean4-messy.debra.wang.0807@example.com,Debra,Wang,+1-messy-0000807
review-clean4-messy-CAND-00808,review-clean4-messy.robert.fowler.0808@example.com,robert,Fowler,+1-messy-0000808
review-clean4-messy-CAND-00809,review-clean4-messy.tyler.burton.0809@example.com,Tyler,Burton,+1-messy-0000809
review-clean4-messy-CAND-00810,review-clean4-messy.keith.frye.0810@example.com,keith,Frye,+1-messy-0000810
review-clean4-messy-CAND-00811,review-clean4-messy.timothy.ballard.0811@example.com, Timothy ,Ballard,+1-messy-0000811
review-clean4-messy-CAND-00812,review-clean4-messy.gail.evans.0812@example.com,Gail,evans,+1-messy-0000812
review-clean4-messy-CAND-00813,review-clean4-messy.CHARLES.BROWN.0813@EXAMPLE.COM, Charles ,Brown,+1-messy-0000813
review-clean4-messy-CAND-00814,review-clean4-messy.scott.washington.0814@example.com,Scott,washington,+1-messy-0000814
review-clean4-messy-CAND-00815,review-clean4-messy.james.lawson.0815@example.com,James,lawson,+1-messy-0000815
review-clean4-messy-CAND-00816,review-clean4-messy.larry.higgins.0816@example.com,Larry,Higgins,+1-messy-0000816
review-clean4-messy-CAND-00817,review-clean4-messy.jessica.valencia.0817@example.com,jessica, Valencia ,+1-messy-0000817
review-clean4-messy-CAND-00818,review-clean4-messy.candidate-00818@example.com,Theresa,Anderson,+1-messy-0000818
review-clean4-messy-CAND-00819,review-clean4-messy.MITCHELL.HOFFMAN.0819@EXAMPLE.COM,Mitchell,Hoffman,+1-messy-0000819
review-clean4-messy-CAND-00820,review-clean4-messy.luis.owens.0820@example.com,Luis,Owens,+1-messy-0000820
review-clean4-messy-CAND-00821,review-clean4-messy. joseph.wright.0821@example.com ,Joseph,Wright,+1-messy-0000821
review-clean4-messy-CAND-00822,review-clean4-messy.colin.roberts.0822@example.com,Colin,roberts,+1-messy-0000822
review-clean4-messy-CAND-00823,review-clean4-messy.candidate-00823@example.com,Patrick,gilbert,+1-messy-0000823
review-clean4-messy-CAND-00824,review-clean4-messy.john.grimes.0824@example.com,John,grimes,+1-messy-0000824
review-clean4-messy-CAND-00825,review-clean4-messy.erik.murphy.0825@example.com, Erik ,Murphy,+1-messy-0000825
review-clean4-messy-CAND-00826,review-clean4-messy.candidate-00826@example.com,Becky,Edwards,+1-messy-0000826
review-clean4-messy-CAND-00827,review-clean4-messy.kathryn.jimenez.0827@example.com, Kathryn ,Jimenez,+1-messy-0000827
review-clean4-messy-CAND-00828,review-clean4-messy.xavier.jimenez.0828@example.com,Xavier,jimenez,+1-messy-0000828
review-clean4-messy-CAND-00829,review-clean4-messy.kyle.johnson.0829@example.com, Kyle ,johnson,+1-messy-0000829
review-clean4-messy-CAND-00830,review-clean4-messy.SIERRA.WAGNER.0830@EXAMPLE.COM,Sierra, Wagner ,+1-messy-0000830
review-clean4-messy-CAND-00831,review-clean4-messy.tammy.lewis.0831@example.com,Tammy,Lewis,+1-messy-0000831
review-clean4-messy-CAND-00832,review-clean4-messy. michael.williams.0832@example.com ,Michael,Williams,+1-messy-0000832
review-clean4-messy-CAND-00833,review-clean4-messy.troy.khan.0833@example.com,troy,Khan,+1-messy-0000833
review-clean4-messy-CAND-00834,review-clean4-messy.destiny.ruiz.0834@example.com,Destiny,Ruiz,+1-messy-0000834
review-clean4-messy-CAND-00835,review-clean4-messy. amanda.boone.0835@example.com , Amanda ,Boone,+1-messy-0000835
review-clean4-messy-CAND-00836,review-clean4-messy.candidate-00836@example.com,Ryan,Khan,+1-messy-0000836
review-clean4-messy-CAND-00837,review-clean4-messy.jessica.gallagher.0837@example.com,jessica,Gallagher,+1-messy-0000837
review-clean4-messy-CAND-00838,review-clean4-messy.candidate-00838@example.com,Michael,Morales,+1-messy-0000838
review-clean4-messy-CAND-00839,review-clean4-messy.candidate-00839@example.com,ashley, Lee ,+1-messy-0000839
review-clean4-messy-CAND-00840,review-clean4-messy.angela.jones.0840@example.com, Angela , Jones ,+1-messy-0000840
review-clean4-messy-CAND-00841,review-clean4-messy.WILLIAM.DURAN.0841@EXAMPLE.COM,William,Duran,+1-messy-0000841
review-clean4-messy-CAND-00842,review-clean4-messy.joshua.hays.0842@example.com,Joshua, Hays ,+1-messy-0000842
review-clean4-messy-CAND-00843,review-clean4-messy.erin.wilson.0843@example.com,Erin, Wilson ,+1-messy-0000843
review-clean4-messy-CAND-00844,review-clean4-messy.theresa.long.0844@example.com,theresa,Long,+1-messy-0000844
review-clean4-messy-CAND-00845,review-clean4-messy.candidate-00845@example.com,Laura,morgan,+1-messy-0000845
review-clean4-messy-CAND-00846,review-clean4-messy.sheila.fischer.0846@example.com,sheila,Fischer,+1-messy-0000846
review-clean4-messy-CAND-00847,review-clean4-messy.james.hicks.0847@example.com,James,Hicks,+1-messy-0000847
review-clean4-messy-CAND-00848,review-clean4-messy.vincent.williams.0848@example.com,Vincent,Williams,+1-messy-0000848
review-clean4-messy-CAND-00849,review-clean4-messy.derrick.cook.0849@example.com,Derrick,Cook,+1-messy-0000849
review-clean4-messy-CAND-00850,review-clean4-messy.THOMAS.BRYANT.0850@EXAMPLE.COM,Thomas, Bryant ,+1-messy-0000850
review-clean4-messy-CAND-00851,review-clean4-messy.catherine.robertson.0851@example.com,catherine,Robertson,+1-messy-0000851
review-clean4-messy-CAND-00852,review-clean4-messy.candidate-00852@example.com,mark,austin,+1-messy-0000852
review-clean4-messy-CAND-00853,review-clean4-messy.francisco.ewing.0853@example.com,Francisco,Ewing,+1-messy-0000853
review-clean4-messy-CAND-00854,review-clean4-messy.candidate-00854@example.com,Jodi, Evans ,+1-messy-0000854
review-clean4-messy-CAND-00855,review-clean4-messy.matthew.clayton.0855@example.com, Matthew ,Clayton,+1-messy-0000855
review-clean4-messy-CAND-00856,review-clean4-messy. amanda.erickson.0856@example.com ,Amanda,Erickson,+1-messy-0000856
review-clean4-messy-CAND-00857,review-clean4-messy.kevin.cabrera.0857@example.com,Kevin, Cabrera ,+1-messy-0000857
review-clean4-messy-CAND-00858,review-clean4-messy. micheal.nunez.0858@example.com ,Micheal,Nunez,+1-messy-0000858
review-clean4-messy-CAND-00859,review-clean4-messy.tina.silva.0859@example.com,Tina,Silva,+1-messy-0000859
review-clean4-messy-CAND-00860,review-clean4-messy.laura.swanson.0860@example.com,laura,swanson,+1-messy-0000860
review-clean4-messy-CAND-00861,review-clean4-messy.candidate-00861@example.com, Hailey ,johnson,+1-messy-0000861
review-clean4-messy-CAND-00862,review-clean4-messy.thomas.coffey.0862@example.com,Thomas,Coffey,+1-messy-0000862
review-clean4-messy-CAND-00863,review-clean4-messy. krista.parsons.0863@example.com , Krista ,Parsons,+1-messy-0000863
review-clean4-messy-CAND-00864,review-clean4-messy.becky.griffith.0864@example.com,Becky,Griffith,+1-messy-0000864
review-clean4-messy-CAND-00865,review-clean4-messy.candidate-00865@example.com, Brandy ,Jackson,+1-messy-0000865
review-clean4-messy-CAND-00866,review-clean4-messy.cristina.harvey.0866@example.com,Cristina,Harvey,+1-messy-0000866
review-clean4-messy-CAND-00867,review-clean4-messy.maureen.hernandez.0867@example.com,maureen,Hernandez,+1-messy-0000867
review-clean4-messy-CAND-00868,review-clean4-messy.erin.johnson.0868@example.com,Erin,Johnson,+1-messy-0000868
review-clean4-messy-CAND-00869,review-clean4-messy.stacy.rodriguez.0869@example.com,Stacy,Rodriguez,+1-messy-0000869
review-clean4-messy-CAND-00870,review-clean4-messy.andrew.edwards.0870@example.com,Andrew,Edwards,+1-messy-0000870
review-clean4-messy-CAND-00871,review-clean4-messy.edward.vaughn.0871@example.com,Edward, Vaughn ,+1-messy-0000871
review-clean4-messy-CAND-00872,review-clean4-messy. robert.hampton.0872@example.com , Robert ,Hampton,+1-messy-0000872
review-clean4-messy-CAND-00873,review-clean4-messy.samantha.salas.0873@example.com,Samantha,Salas,+1-messy-0000873
review-clean4-messy-CAND-00874,review-clean4-messy.jill.brown.0874@example.com,Jill,Brown,+1-messy-0000874
review-clean4-messy-CAND-00875,review-clean4-messy.devin.clark.0875@example.com,devin,Clark,+1-messy-0000875
review-clean4-messy-CAND-00876,review-clean4-messy.mark.bates.0876@example.com,Mark,Bates,+1-messy-0000876
review-clean4-messy-CAND-00877,review-clean4-messy.alicia.edwards.0877@example.com,alicia,Edwards,+1-messy-0000877
review-clean4-messy-CAND-00878,review-clean4-messy.glen.barr.0878@example.com,Glen,barr,+1-messy-0000878
review-clean4-messy-CAND-00879,review-clean4-messy.matthew.gomez.0879@example.com, Matthew ,Gomez,+1-messy-0000879
review-clean4-messy-CAND-00880,review-clean4-messy.kelsey.le.0880@example.com, Kelsey ,Le,+1-messy-0000880
review-clean4-messy-CAND-00881,review-clean4-messy.dawn.steele.0881@example.com,dawn,steele,+1-messy-0000881
review-clean4-messy-CAND-00882,review-clean4-messy.chelsea.lee.0882@example.com,chelsea,Lee,+1-messy-0000882
review-clean4-messy-CAND-00883,review-clean4-messy.john.grant.0883@example.com,john,Grant,+1-messy-0000883
review-clean4-messy-CAND-00884,review-clean4-messy.jeffrey.dudley.0884@example.com,Jeffrey, Dudley ,+1-messy-0000884
review-clean4-messy-CAND-00885,review-clean4-messy.kenneth.roberts.0885@example.com,Kenneth,Roberts,+1-messy-0000885
review-clean4-messy-CAND-00886,review-clean4-messy.jared.bush.0886@example.com,Jared,bush,+1-messy-0000886
review-clean4-messy-CAND-00887,review-clean4-messy.logan.bailey.0887@example.com,Logan, Bailey ,+1-messy-0000887
review-clean4-messy-CAND-00888,review-clean4-messy.sarah.pope.0888@example.com,sarah,Pope,+1-messy-0000888
review-clean4-messy-CAND-00889,review-clean4-messy.joshua.martinez.0889@example.com,joshua,Martinez,+1-messy-0000889
review-clean4-messy-CAND-00890,review-clean4-messy.erica.james.0890@example.com,erica,James,+1-messy-0000890
review-clean4-messy-CAND-00891,review-clean4-messy. tina.cardenas.0891@example.com ,tina,cardenas,+1-messy-0000891
review-clean4-messy-CAND-00892,review-clean4-messy.stephanie.ballard.0892@example.com,stephanie,Ballard,+1-messy-0000892
review-clean4-messy-CAND-00893,review-clean4-messy.kelly.roberts.0893@example.com,Kelly,Roberts,+1-messy-0000893
review-clean4-messy-CAND-00894,review-clean4-messy.jennifer.reed.0894@example.com,Jennifer,Reed,+1-messy-0000894
review-clean4-messy-CAND-00895,review-clean4-messy.scott.scott.0895@example.com,Scott,Scott,+1-messy-0000895
review-clean4-messy-CAND-00896,review-clean4-messy.timothy.harris.0896@example.com,Timothy,harris,+1-messy-0000896
review-clean4-messy-CAND-00897,review-clean4-messy.amanda.fitzpatrick.0897@example.com,Amanda, Fitzpatrick ,+1-messy-0000897
review-clean4-messy-CAND-00898,review-clean4-messy.heather.taylor.0898@example.com,Heather,Taylor,+1-messy-0000898
review-clean4-messy-CAND-00899,review-clean4-messy. christina.matthews.0899@example.com , Christina ,matthews,+1-messy-0000899
review-clean4-messy-CAND-00900,review-clean4-messy.john.santiago.0900@example.com,John,santiago,+1-messy-0000900
review-clean4-messy-CAND-00901,review-clean4-messy.amanda.little.0901@example.com,Amanda,Little,+1-messy-0000901
review-clean4-messy-CAND-00902,review-clean4-messy.brian.gutierrez.0902@example.com,Brian,Gutierrez,+1-messy-0000902
review-clean4-messy-CAND-00903,review-clean4-messy.jennifer.garcia.0903@example.com,Jennifer,Garcia,+1-messy-0000903
review-clean4-messy-CAND-00904,review-clean4-messy.KELLI.SMITH.0904@EXAMPLE.COM,Kelli,Smith,+1-messy-0000904
review-clean4-messy-CAND-00905,review-clean4-messy.candidate-00905@example.com,Andrea, Hickman ,+1-messy-0000905
review-clean4-messy-CAND-00906,review-clean4-messy.richard.donovan.0906@example.com,Richard,donovan,+1-messy-0000906
review-clean4-messy-CAND-00907,review-clean4-messy.natalie.woods.0907@example.com,Natalie,Woods,+1-messy-0000907
review-clean4-messy-CAND-00908,review-clean4-messy.james.maynard.0908@example.com,James,Maynard,+1-messy-0000908
review-clean4-messy-CAND-00909,review-clean4-messy.manuel.brewer.0909@example.com, Manuel ,Brewer,+1-messy-0000909
review-clean4-messy-CAND-00910,review-clean4-messy.rebecca.davis.0910@example.com,Rebecca, Davis ,+1-messy-0000910
review-clean4-messy-CAND-00911,review-clean4-messy.audrey.nichols.0911@example.com,Audrey,Nichols,+1-messy-0000911
review-clean4-messy-CAND-00912,review-clean4-messy.jennifer.zuniga.0912@example.com,jennifer,Zuniga,+1-messy-0000912
review-clean4-messy-CAND-00913,review-clean4-messy.robin.thompson.0913@example.com,Robin,Thompson,+1-messy-0000913
review-clean4-messy-CAND-00914,review-clean4-messy.nicole.thompson.0914@example.com,Nicole,thompson,+1-messy-0000914
review-clean4-messy-CAND-00915,review-clean4-messy.samantha.osborn.0915@example.com,samantha,Osborn,+1-messy-0000915
review-clean4-messy-CAND-00916,review-clean4-messy.randy.simpson.0916@example.com,Randy,Simpson,+1-messy-0000916
review-clean4-messy-CAND-00917,review-clean4-messy.sharon.hayden.0917@example.com,sharon,Hayden,+1-messy-0000917
review-clean4-messy-CAND-00918,review-clean4-messy.sara.mcdowell.0918@example.com,Sara,Mcdowell,+1-messy-0000918
review-clean4-messy-CAND-00919,review-clean4-messy.albert.bradley.0919@example.com, Albert ,Bradley,+1-messy-0000919
review-clean4-messy-CAND-00920,review-clean4-messy.daniel.bird.0920@example.com,Daniel,Bird,+1-messy-0000920
review-clean4-messy-CAND-00921,review-clean4-messy.justin.hays.0921@example.com,Justin, Hays ,+1-messy-0000921
review-clean4-messy-CAND-00922,review-clean4-messy.amy.snyder.0922@example.com,amy,Snyder,+1-messy-0000922
review-clean4-messy-CAND-00923,review-clean4-messy.sheena.rosales.0923@example.com,Sheena,Rosales,+1-messy-0000923
review-clean4-messy-CAND-00924,review-clean4-messy.TAYLOR.LEE.0924@EXAMPLE.COM,Taylor,lee,+1-messy-0000924
review-clean4-messy-CAND-00925,review-clean4-messy.daniel.martin.0925@example.com,Daniel,Martin,+1-messy-0000925
review-clean4-messy-CAND-00926,review-clean4-messy.stephen.scott.0926@example.com,Stephen,Scott,+1-messy-0000926
review-clean4-messy-CAND-00927,review-clean4-messy.candidate-00927@example.com,jacob,Doyle,+1-messy-0000927
review-clean4-messy-CAND-00928,review-clean4-messy.candidate-00928@example.com,krystal,Bradley,+1-messy-0000928
review-clean4-messy-CAND-00929,review-clean4-messy.katherine.thompson.0929@example.com,Katherine, Thompson ,+1-messy-0000929
review-clean4-messy-CAND-00930,review-clean4-messy.melissa.prince.0930@example.com,Melissa,prince,+1-messy-0000930
review-clean4-messy-CAND-00931,review-clean4-messy. margaret.robertson.0931@example.com ,margaret, Robertson ,+1-messy-0000931
review-clean4-messy-CAND-00932,review-clean4-messy. christopher.caldwell.0932@example.com ,Christopher, Caldwell ,+1-messy-0000932
review-clean4-messy-CAND-00933,review-clean4-messy.jack.taylor.0933@example.com,Jack, Taylor ,+1-messy-0000933
review-clean4-messy-CAND-00934,review-clean4-messy.marcus.wright.0934@example.com,Marcus,Wright,+1-messy-0000934
review-clean4-messy-CAND-00935,review-clean4-messy.candidate-00935@example.com,Jose,Young,+1-messy-0000935
review-clean4-messy-CAND-00936,review-clean4-messy.karen.finley.0936@example.com,karen,Finley,+1-messy-0000936
review-clean4-messy-CAND-00937,review-clean4-messy.kevin.sharp.0937@example.com,Kevin,Sharp,+1-messy-0000937
review-clean4-messy-CAND-00938,review-clean4-messy.alexander.valdez.0938@example.com,alexander,valdez,+1-messy-0000938
review-clean4-messy-CAND-00939,review-clean4-messy.heather.brown.0939@example.com,Heather, Brown ,+1-messy-0000939
review-clean4-messy-CAND-00940,review-clean4-messy.david.parker.0940@example.com,David,Parker,+1-messy-0000940
review-clean4-messy-CAND-00941,review-clean4-messy.candidate-00941@example.com,richard,shaw,+1-messy-0000941
review-clean4-messy-CAND-00942,review-clean4-messy.PAULA.PADILLA.0942@EXAMPLE.COM,Paula,Padilla,+1-messy-0000942
review-clean4-messy-CAND-00943,review-clean4-messy.larry.wilson.0943@example.com,Larry,Wilson,+1-messy-0000943
review-clean4-messy-CAND-00944,review-clean4-messy.SABRINA.PHILLIPS.0944@EXAMPLE.COM,Sabrina, Phillips ,+1-messy-0000944
review-clean4-messy-CAND-00945,review-clean4-messy.christina.robinson.0945@example.com,Christina,Robinson,+1-messy-0000945
review-clean4-messy-CAND-00946,review-clean4-messy.dennis.hernandez.0946@example.com,Dennis,Hernandez,+1-messy-0000946
review-clean4-messy-CAND-00947,review-clean4-messy.julie.obrien.0947@example.com,Julie,Obrien,+1-messy-0000947
review-clean4-messy-CAND-00948,review-clean4-messy.robert.dunn.0948@example.com,Robert,Dunn,+1-messy-0000948
review-clean4-messy-CAND-00949,review-clean4-messy.thomas.medina.0949@example.com,thomas,Medina,+1-messy-0000949
review-clean4-messy-CAND-00950,review-clean4-messy.candidate-00950@example.com,elizabeth,Robinson,+1-messy-0000950
review-clean4-messy-CAND-00951,review-clean4-messy.candidate-00951@example.com, John ,Fischer,+1-messy-0000951
review-clean4-messy-CAND-00952,review-clean4-messy.morgan.miller.0952@example.com,Morgan,Miller,+1-messy-0000952
review-clean4-messy-CAND-00953,review-clean4-messy.sean.padilla.0953@example.com,Sean,Padilla,+1-messy-0000953
review-clean4-messy-CAND-00954,review-clean4-messy.christian.elliott.0954@example.com, Christian ,Elliott,+1-messy-0000954
review-clean4-messy-CAND-00955,review-clean4-messy.bryan.kelley.0955@example.com, Bryan ,kelley,+1-messy-0000955
review-clean4-messy-CAND-00956,review-clean4-messy.william.armstrong.0956@example.com,William, Armstrong ,+1-messy-0000956
review-clean4-messy-CAND-00957,review-clean4-messy.edward.murphy.0957@example.com,Edward,Murphy,+1-messy-0000957
review-clean4-messy-CAND-00958,review-clean4-messy.abigail.wilson.0958@example.com,Abigail,Wilson,+1-messy-0000958
review-clean4-messy-CAND-00959,review-clean4-messy.jamie.aguilar.0959@example.com,Jamie,Aguilar,+1-messy-0000959
review-clean4-messy-CAND-00960,review-clean4-messy.CHRISTOPHER.DIXON.0960@EXAMPLE.COM,Christopher,Dixon,+1-messy-0000960
review-clean4-messy-CAND-00961,review-clean4-messy.lindsey.chavez.0961@example.com,Lindsey,Chavez,+1-messy-0000961
review-clean4-messy-CAND-00962,review-clean4-messy.william.bryant.0962@example.com,william, Bryant ,+1-messy-0000962
review-clean4-messy-CAND-00963,review-clean4-messy.brian.ford.0963@example.com, Brian , Ford ,+1-messy-0000963
review-clean4-messy-CAND-00964,review-clean4-messy.lindsay.cummings.0964@example.com,Lindsay,Cummings,+1-messy-0000964
review-clean4-messy-CAND-00965,review-clean4-messy.RANDY.VELASQUEZ.0965@EXAMPLE.COM,Randy,velasquez,+1-messy-0000965
review-clean4-messy-CAND-00966,review-clean4-messy.julie.lane.0966@example.com,Julie,Lane,+1-messy-0000966
review-clean4-messy-CAND-00967,review-clean4-messy.brandon.cooper.0967@example.com,Brandon,cooper,+1-messy-0000967
review-clean4-messy-CAND-00968,review-clean4-messy.candidate-00968@example.com,Bryce,Mcknight,+1-messy-0000968
review-clean4-messy-CAND-00969,review-clean4-messy.SARAH.JONES.0969@EXAMPLE.COM,Sarah,Jones,+1-messy-0000969
review-clean4-messy-CAND-00970,review-clean4-messy.candidate-00970@example.com,Sarah,Johnson,+1-messy-0000970
review-clean4-messy-CAND-00971,review-clean4-messy.robert.mack.0971@example.com,Robert,Mack,+1-messy-0000971
review-clean4-messy-CAND-00972,review-clean4-messy.katie.good.0972@example.com,Katie,Good,+1-messy-0000972
review-clean4-messy-CAND-00973,review-clean4-messy.debbie.fisher.0973@example.com,Debbie,Fisher,+1-messy-0000973
review-clean4-messy-CAND-00974,review-clean4-messy. victoria.reyes.0974@example.com ,Victoria,Reyes,+1-messy-0000974
review-clean4-messy-CAND-00975,review-clean4-messy.molly.knox.0975@example.com,Molly,Knox,+1-messy-0000975
review-clean4-messy-CAND-00976,review-clean4-messy.candidate-00976@example.com,Nicholas,Vega,+1-messy-0000976
review-clean4-messy-CAND-00977,review-clean4-messy.dorothy.ryan.0977@example.com,dorothy,Ryan,+1-messy-0000977
review-clean4-messy-CAND-00978,review-clean4-messy.candidate-00978@example.com, Desiree ,bailey,+1-messy-0000978
review-clean4-messy-CAND-00979,review-clean4-messy.gregory.medina.0979@example.com, Gregory ,medina,+1-messy-0000979
review-clean4-messy-CAND-00980,review-clean4-messy.candidate-00980@example.com,Allison,Luna,+1-messy-0000980
review-clean4-messy-CAND-00981,review-clean4-messy.jeffrey.smith.0981@example.com, Jeffrey , Smith ,+1-messy-0000981
review-clean4-messy-CAND-00982,review-clean4-messy. andrew.evans.0982@example.com ,Andrew,evans,+1-messy-0000982
review-clean4-messy-CAND-00983,review-clean4-messy. emily.stephens.0983@example.com , Emily ,stephens,+1-messy-0000983
review-clean4-messy-CAND-00984,review-clean4-messy.AMANDA.MORROW.0984@EXAMPLE.COM,amanda, Morrow ,+1-messy-0000984
review-clean4-messy-CAND-00985,review-clean4-messy.JOHN.REED.0985@EXAMPLE.COM, John ,Reed,+1-messy-0000985
review-clean4-messy-CAND-00986,review-clean4-messy.joshua.pineda.0986@example.com,joshua,Pineda,+1-messy-0000986
review-clean4-messy-CAND-00987,review-clean4-messy.jessica.rodriguez.0987@example.com, Jessica ,Rodriguez,+1-messy-0000987
review-clean4-messy-CAND-00988,review-clean4-messy.lisa.barnes.0988@example.com,Lisa,Barnes,+1-messy-0000988
review-clean4-messy-CAND-00989,review-clean4-messy.katie.stephenson.0989@example.com,Katie,Stephenson,+1-messy-0000989
review-clean4-messy-CAND-00990,review-clean4-messy.ALEXIS.HARRIS.0990@EXAMPLE.COM,Alexis, Harris ,+1-messy-0000990
review-clean4-messy-CAND-00991,review-clean4-messy.craig.johnson.0991@example.com,Craig,Johnson,+1-messy-0000991
review-clean4-messy-CAND-00992,review-clean4-messy.carla.warner.0992@example.com,carla,Warner,+1-messy-0000992
review-clean4-messy-CAND-00993,review-clean4-messy.brandon.yang.0993@example.com,Brandon,Yang,+1-messy-0000993
review-clean4-messy-CAND-00994,review-clean4-messy.richard.young.0994@example.com,Richard,Young,+1-messy-0000994
review-clean4-messy-CAND-00995,review-clean4-messy.jeff.shields.0995@example.com,Jeff,Shields,+1-messy-0000995
review-clean4-messy-CAND-00996,review-clean4-messy.BRIAN.GORDON.0996@EXAMPLE.COM,Brian,gordon,+1-messy-0000996
review-clean4-messy-CAND-00997,review-clean4-messy.keith.cabrera.0997@example.com,Keith, Cabrera ,+1-messy-0000997
review-clean4-messy-CAND-00998,review-clean4-messy.jessica.flores.0998@example.com,Jessica,flores,+1-messy-0000998
review-clean4-messy-CAND-00999,review-clean4-messy.carla.chambers.0999@example.com,Carla,Chambers,+1-messy-0000999
review-clean4-messy-CAND-01000,review-clean4-messy.malik.turner.1000@example.com,Malik,Turner,+1-messy-0001000
review-clean4-messy-CAND-01001,review-clean4-messy.douglas.keller.1001@example.com,Douglas,Keller,+1-messy-0001001
review-clean4-messy-CAND-01002,review-clean4-messy.jeffrey.turner.1002@example.com,Jeffrey,Turner,+1-messy-0001002
review-clean4-messy-CAND-01003,review-clean4-messy.bruce.fry.1003@example.com, Bruce ,Fry,+1-messy-0001003
review-clean4-messy-CAND-01004,review-clean4-messy.nichole.buck.1004@example.com,Nichole,Buck,+1-messy-0001004
review-clean4-messy-CAND-01005,review-clean4-messy.connie.simmons.1005@example.com,Connie,simmons,+1-messy-0001005
review-clean4-messy-CAND-01006,review-clean4-messy.TYLER.COMPTON.1006@EXAMPLE.COM,Tyler,Compton,+1-messy-0001006
review-clean4-messy-CAND-01007,review-clean4-messy.shelly.powers.1007@example.com,shelly,Powers,+1-messy-0001007
review-clean4-messy-CAND-01008,review-clean4-messy. kristi.flores.1008@example.com ,Kristi,Flores,+1-messy-0001008
review-clean4-messy-CAND-01009,review-clean4-messy.robert.hernandez.1009@example.com, Robert ,Hernandez,+1-messy-0001009
review-clean4-messy-CAND-01010,review-clean4-messy.nicholas.webster.1010@example.com, Nicholas ,webster,+1-messy-0001010
review-clean4-messy-CAND-01011,review-clean4-messy.thomas.atkinson.1011@example.com,Thomas,Atkinson,+1-messy-0001011
review-clean4-messy-CAND-01012,review-clean4-messy.kevin.zimmerman.1012@example.com,Kevin,zimmerman,+1-messy-0001012
review-clean4-messy-CAND-01013,review-clean4-messy.linda.melendez.1013@example.com,Linda, Melendez ,+1-messy-0001013
review-clean4-messy-CAND-01014,review-clean4-messy.anna.faulkner.1014@example.com, Anna ,faulkner,+1-messy-0001014
review-clean4-messy-CAND-01015,review-clean4-messy. angela.anderson.1015@example.com ,Angela,anderson,+1-messy-0001015
review-clean4-messy-CAND-01016,review-clean4-messy.john.harris.1016@example.com,John,Harris,+1-messy-0001016
review-clean4-messy-CAND-01017,review-clean4-messy.deborah.nielsen.1017@example.com,Deborah,nielsen,+1-messy-0001017
review-clean4-messy-CAND-01018,review-clean4-messy.melanie.davis.1018@example.com,melanie,Davis,+1-messy-0001018
review-clean4-messy-CAND-01019,review-clean4-messy.candidate-01019@example.com, Jenny ,lee,+1-messy-0001019
review-clean4-messy-CAND-01020,review-clean4-messy. joseph.nunez.1020@example.com ,Joseph,Nunez,+1-messy-0001020
review-clean4-messy-CAND-01021,review-clean4-messy.carrie.russo.1021@example.com,carrie,russo,+1-messy-0001021
review-clean4-messy-CAND-01022,review-clean4-messy.jacob.gill.1022@example.com,Jacob,Gill,+1-messy-0001022
review-clean4-messy-CAND-01023,review-clean4-messy.jennifer.hansen.1023@example.com,Jennifer, Hansen ,+1-messy-0001023
review-clean4-messy-CAND-01024,review-clean4-messy.TIMOTHY.BOOTH.1024@EXAMPLE.COM,Timothy, Booth ,+1-messy-0001024
review-clean4-messy-CAND-01025,review-clean4-messy.mason.krueger.1025@example.com,Mason,Krueger,+1-messy-0001025
review-clean4-messy-CAND-01026,review-clean4-messy.ALEXIS.GILES.1026@EXAMPLE.COM,alexis,Giles,+1-messy-0001026
review-clean4-messy-CAND-01027,review-clean4-messy.suzanne.wilson.1027@example.com,Suzanne,wilson,+1-messy-0001027
review-clean4-messy-CAND-01028,review-clean4-messy.yvonne.mendoza.1028@example.com,Yvonne,Mendoza,+1-messy-0001028
review-clean4-messy-CAND-01029,review-clean4-messy.john.munoz.1029@example.com,John, Munoz ,+1-messy-0001029
review-clean4-messy-CAND-01030,review-clean4-messy.james.herman.1030@example.com,James, Herman ,+1-messy-0001030
review-clean4-messy-CAND-01031,review-clean4-messy.andrea.rowe.1031@example.com,Andrea,Rowe,+1-messy-0001031
review-clean4-messy-CAND-01032,review-clean4-messy.oscar.ferguson.1032@example.com,Oscar,Ferguson,+1-messy-0001032
review-clean4-messy-CAND-01033,review-clean4-messy.michael.green.1033@example.com,Michael,green,+1-messy-0001033
review-clean4-messy-CAND-01034,review-clean4-messy.william.crawford.1034@example.com,William, Crawford ,+1-messy-0001034
review-clean4-messy-CAND-01035,review-clean4-messy.corey.zavala.1035@example.com,Corey,Zavala,+1-messy-0001035
review-clean4-messy-CAND-01036,review-clean4-messy.terrance.franco.1036@example.com,Terrance,franco,+1-messy-0001036
review-clean4-messy-CAND-01037,review-clean4-messy.robin.wood.1037@example.com,Robin,wood,+1-messy-0001037
review-clean4-messy-CAND-01038,review-clean4-messy.robert.hart.1038@example.com,robert,hart,+1-messy-0001038
review-clean4-messy-CAND-01039,review-clean4-messy.jeffrey.thomas.1039@example.com,jeffrey,Thomas,+1-messy-0001039
review-clean4-messy-CAND-01040,review-clean4-messy.jose.donovan.1040@example.com,jose,Donovan,+1-messy-0001040
review-clean4-messy-CAND-01041,review-clean4-messy.beth.butler.1041@example.com,Beth,Butler,+1-messy-0001041
review-clean4-messy-CAND-01042,review-clean4-messy.elijah.rivera.1042@example.com,Elijah,rivera,+1-messy-0001042
review-clean4-messy-CAND-01043,review-clean4-messy.noah.whitaker.1043@example.com,noah,whitaker,+1-messy-0001043
review-clean4-messy-CAND-01044,review-clean4-messy.victor.pena.1044@example.com, Victor ,Pena,+1-messy-0001044
review-clean4-messy-CAND-01045,review-clean4-messy.gail.scott.1045@example.com, Gail ,Scott,+1-messy-0001045
review-clean4-messy-CAND-01046,review-clean4-messy.lorraine.levy.1046@example.com,Lorraine,Levy,+1-messy-0001046
review-clean4-messy-CAND-01047,review-clean4-messy.darlene.henry.1047@example.com,Darlene,Henry,+1-messy-0001047
review-clean4-messy-CAND-01048,review-clean4-messy.gary.norton.1048@example.com,Gary,Norton,+1-messy-0001048
review-clean4-messy-CAND-01049,review-clean4-messy. gary.cortez.1049@example.com ,gary,Cortez,+1-messy-0001049
review-clean4-messy-CAND-01050,review-clean4-messy.tracy.stark.1050@example.com,tracy,Stark,+1-messy-0001050
review-clean4-messy-CAND-01051,review-clean4-messy.amber.may.1051@example.com, Amber , May ,+1-messy-0001051
review-clean4-messy-CAND-01052,review-clean4-messy.brian.johnson.1052@example.com, Brian ,Johnson,+1-messy-0001052
review-clean4-messy-CAND-01053,review-clean4-messy.melanie.landry.1053@example.com,Melanie,Landry,+1-messy-0001053
review-clean4-messy-CAND-01054,review-clean4-messy. elizabeth.duran.1054@example.com ,Elizabeth,Duran,+1-messy-0001054
review-clean4-messy-CAND-01055,review-clean4-messy.robert.kirby.1055@example.com,Robert,Kirby,+1-messy-0001055
review-clean4-messy-CAND-01056,review-clean4-messy.jesse.mann.1056@example.com,Jesse, Mann ,+1-messy-0001056
review-clean4-messy-CAND-01057,review-clean4-messy.albert.wagner.1057@example.com,Albert,Wagner,+1-messy-0001057
review-clean4-messy-CAND-01058,review-clean4-messy.nathaniel.williamson.1058@example.com, Nathaniel ,Williamson,+1-messy-0001058
review-clean4-messy-CAND-01059,review-clean4-messy.elizabeth.jensen.1059@example.com,Elizabeth,jensen,+1-messy-0001059
review-clean4-messy-CAND-01060,review-clean4-messy.timothy.freeman.1060@example.com,timothy, Freeman ,+1-messy-0001060
review-clean4-messy-CAND-01061,review-clean4-messy.adam.arnold.1061@example.com,adam,Arnold,+1-messy-0001061
review-clean4-messy-CAND-01062,review-clean4-messy.alexander.moreno.1062@example.com,alexander,Moreno,+1-messy-0001062
review-clean4-messy-CAND-01063,review-clean4-messy. joshua.madden.1063@example.com ,Joshua,madden,+1-messy-0001063
review-clean4-messy-CAND-01064,review-clean4-messy.andre.li.1064@example.com,Andre,Li,+1-messy-0001064
review-clean4-messy-CAND-01065,review-clean4-messy.emily.drake.1065@example.com,Emily,Drake,+1-messy-0001065
review-clean4-messy-CAND-01066,review-clean4-messy.renee.rodriguez.1066@example.com,Renee,Rodriguez,+1-messy-0001066
review-clean4-messy-CAND-01067,review-clean4-messy.cole.hernandez.1067@example.com,Cole,Hernandez,+1-messy-0001067
review-clean4-messy-CAND-01068,review-clean4-messy.james.fox.1068@example.com,James,Fox,+1-messy-0001068
review-clean4-messy-CAND-01069,review-clean4-messy.lisa.adams.1069@example.com,lisa,Adams,+1-messy-0001069
review-clean4-messy-CAND-01070,review-clean4-messy. randy.watson.1070@example.com ,Randy, Watson ,+1-messy-0001070
review-clean4-messy-CAND-01071,review-clean4-messy.candidate-01071@example.com,Richard,cunningham,+1-messy-0001071
review-clean4-messy-CAND-01072,review-clean4-messy.VERONICA.PEREZ.1072@EXAMPLE.COM, Veronica ,Perez,+1-messy-0001072
review-clean4-messy-CAND-01073,review-clean4-messy.gabriella.abbott.1073@example.com,Gabriella,Abbott,+1-messy-0001073
review-clean4-messy-CAND-01074,review-clean4-messy. desiree.garrison.1074@example.com ,desiree,garrison,+1-messy-0001074
review-clean4-messy-CAND-01075,review-clean4-messy.katherine.davis.1075@example.com,Katherine,Davis,+1-messy-0001075
review-clean4-messy-CAND-01076,review-clean4-messy.nicholas.tran.1076@example.com,Nicholas,tran,+1-messy-0001076
review-clean4-messy-CAND-01077,review-clean4-messy. brian.smith.1077@example.com ,Brian,smith,+1-messy-0001077
review-clean4-messy-CAND-01078,review-clean4-messy.george.porter.1078@example.com, George ,Porter,+1-messy-0001078
review-clean4-messy-CAND-01079,review-clean4-messy.candidate-01079@example.com,Ryan,Mueller,+1-messy-0001079
review-clean4-messy-CAND-01080,review-clean4-messy.ariel.hodge.1080@example.com,ariel,Hodge,+1-messy-0001080
review-clean4-messy-CAND-01081,review-clean4-messy.CODY.RICE.1081@EXAMPLE.COM,Cody,rice,+1-messy-0001081
review-clean4-messy-CAND-01082,review-clean4-messy.brad.lewis.1082@example.com,Brad, Lewis ,+1-messy-0001082
review-clean4-messy-CAND-01083,review-clean4-messy.miranda.clay.1083@example.com,Miranda,Clay,+1-messy-0001083
review-clean4-messy-CAND-01084,review-clean4-messy.candidate-01084@example.com,Thomas,Williams,+1-messy-0001084
review-clean4-messy-CAND-01085,review-clean4-messy.CHARLES.FROST.1085@EXAMPLE.COM,Charles,Frost,+1-messy-0001085
review-clean4-messy-CAND-01086,review-clean4-messy.candidate-01086@example.com,Rachel,Elliott,+1-messy-0001086
review-clean4-messy-CAND-01087,review-clean4-messy.candidate-01087@example.com, Antonio ,Mcfarland,+1-messy-0001087
review-clean4-messy-CAND-01088,review-clean4-messy.leonard.ali.1088@example.com,Leonard,ali,+1-messy-0001088
review-clean4-messy-CAND-01089,review-clean4-messy.candidate-01089@example.com,brenda,goodwin,+1-messy-0001089
review-clean4-messy-CAND-01090,review-clean4-messy.jennifer.sanders.1090@example.com,Jennifer,Sanders,+1-messy-0001090
review-clean4-messy-CAND-01091,review-clean4-messy.candidate-01091@example.com, Chase ,martin,+1-messy-0001091
review-clean4-messy-CAND-01092,review-clean4-messy.JOHN.DAVENPORT.1092@EXAMPLE.COM,john,Davenport,+1-messy-0001092
review-clean4-messy-CAND-01093,review-clean4-messy.paul.mosley.1093@example.com,Paul,Mosley,+1-messy-0001093
review-clean4-messy-CAND-01094,review-clean4-messy.martin.campos.1094@example.com,martin, Campos ,+1-messy-0001094
review-clean4-messy-CAND-01095,review-clean4-messy.candidate-01095@example.com,Donald,Hinton,+1-messy-0001095
review-clean4-messy-CAND-01096,review-clean4-messy. jennifer.mason.1096@example.com , Jennifer , Mason ,+1-messy-0001096
review-clean4-messy-CAND-01097,review-clean4-messy.terri.brown.1097@example.com,Terri,Brown,+1-messy-0001097
review-clean4-messy-CAND-01098,review-clean4-messy.samuel.roberson.1098@example.com,samuel, Roberson ,+1-messy-0001098
review-clean4-messy-CAND-01099,review-clean4-messy.matthew.mack.1099@example.com,Matthew,mack,+1-messy-0001099
review-clean4-messy-CAND-01100,review-clean4-messy.STEPHANIE.SANDERS.1100@EXAMPLE.COM,Stephanie,Sanders,+1-messy-0001100
review-clean4-messy-CAND-01101,review-clean4-messy.kim.johnson.1101@example.com,Kim,Johnson,+1-messy-0001101
review-clean4-messy-CAND-01102,review-clean4-messy.joshua.riddle.1102@example.com, Joshua ,Riddle,+1-messy-0001102
review-clean4-messy-CAND-01103,review-clean4-messy.tracy.kelly.1103@example.com,tracy,kelly,+1-messy-0001103
review-clean4-messy-CAND-01104,review-clean4-messy.shelley.reynolds.1104@example.com,Shelley,Reynolds,+1-messy-0001104
review-clean4-messy-CAND-01105,review-clean4-messy.erin.guerrero.1105@example.com,erin,Guerrero,+1-messy-0001105
review-clean4-messy-CAND-01106,review-clean4-messy.christopher.montgomery.1106@example.com,Christopher, Montgomery ,+1-messy-0001106
review-clean4-messy-CAND-01107,review-clean4-messy.lauren.marquez.1107@example.com,lauren,Marquez,+1-messy-0001107
review-clean4-messy-CAND-01108,review-clean4-messy.christopher.moore.1108@example.com,Christopher,Moore,+1-messy-0001108
review-clean4-messy-CAND-01109,review-clean4-messy.candidate-01109@example.com,Jennifer, Walters ,+1-messy-0001109
review-clean4-messy-CAND-01110,review-clean4-messy.candidate-01110@example.com, Jodi ,Stewart,+1-messy-0001110
review-clean4-messy-CAND-01111,review-clean4-messy.daniel.smith.1111@example.com,Daniel,Smith,+1-messy-0001111
review-clean4-messy-CAND-01112,review-clean4-messy.kyle.ward.1112@example.com,Kyle,Ward,+1-messy-0001112
review-clean4-messy-CAND-01113,review-clean4-messy.joseph.anderson.1113@example.com,Joseph, Anderson ,+1-messy-0001113
review-clean4-messy-CAND-01114,review-clean4-messy.jacob.cole.1114@example.com, Jacob , Cole ,+1-messy-0001114
review-clean4-messy-CAND-01115,review-clean4-messy.angela.russell.1115@example.com,Angela,Russell,+1-messy-0001115
review-clean4-messy-CAND-01116,review-clean4-messy.anthony.gomez.1116@example.com,Anthony,Gomez,+1-messy-0001116
review-clean4-messy-CAND-01117,review-clean4-messy.christopher.george.1117@example.com,christopher,george,+1-messy-0001117
review-clean4-messy-CAND-01118,review-clean4-messy.mark.cruz.1118@example.com,mark,Cruz,+1-messy-0001118
review-clean4-messy-CAND-01119,review-clean4-messy.candidate-01119@example.com,kelly,hughes,+1-messy-0001119
review-clean4-messy-CAND-01120,review-clean4-messy.candidate-01120@example.com,christopher,santana,+1-messy-0001120
review-clean4-messy-CAND-01121,review-clean4-messy.candidate-01121@example.com,rebecca,Spence,+1-messy-0001121
review-clean4-messy-CAND-01122,review-clean4-messy.ashley.jackson.1122@example.com, Ashley ,Jackson,+1-messy-0001122
review-clean4-messy-CAND-01123,review-clean4-messy.oscar.taylor.1123@example.com,Oscar,Taylor,+1-messy-0001123
review-clean4-messy-CAND-01124,review-clean4-messy.kevin.snyder.1124@example.com, Kevin ,Snyder,+1-messy-0001124
review-clean4-messy-CAND-01125,review-clean4-messy. bryan.hamilton.1125@example.com ,Bryan,Hamilton,+1-messy-0001125
review-clean4-messy-CAND-01126,review-clean4-messy.candidate-01126@example.com, Robert ,washington,+1-messy-0001126
review-clean4-messy-CAND-01127,review-clean4-messy.chase.king.1127@example.com,Chase,King,+1-messy-0001127
review-clean4-messy-CAND-01128,review-clean4-messy.john.weber.1128@example.com, John ,Weber,+1-messy-0001128
review-clean4-messy-CAND-01129,review-clean4-messy.brittney.gonzalez.1129@example.com,Brittney,gonzalez,+1-messy-0001129
review-clean4-messy-CAND-01130,review-clean4-messy.daniel.torres.1130@example.com,Daniel,Torres,+1-messy-0001130
review-clean4-messy-CAND-01131,review-clean4-messy.candidate-01131@example.com, Stacy ,cook,+1-messy-0001131
review-clean4-messy-CAND-01132,review-clean4-messy.christine.brock.1132@example.com,Christine,Brock,+1-messy-0001132
review-clean4-messy-CAND-01133,review-clean4-messy.mark.cook.1133@example.com, Mark ,Cook,+1-messy-0001133
review-clean4-messy-CAND-01134,review-clean4-messy. lisa.villarreal.1134@example.com ,lisa,Villarreal,+1-messy-0001134
review-clean4-messy-CAND-01135,review-clean4-messy.TERRI.TAYLOR.1135@EXAMPLE.COM,terri,Taylor,+1-messy-0001135
review-clean4-messy-CAND-01136,review-clean4-messy. malik.valentine.1136@example.com ,Malik,valentine,+1-messy-0001136
review-clean4-messy-CAND-01137,review-clean4-messy.james.edwards.1137@example.com, James ,Edwards,+1-messy-0001137
review-clean4-messy-CAND-01138,review-clean4-messy.TAMARA.NOVAK.1138@EXAMPLE.COM,Tamara,Novak,+1-messy-0001138
review-clean4-messy-CAND-01139,review-clean4-messy.kelly.neal.1139@example.com,Kelly,neal,+1-messy-0001139
review-clean4-messy-CAND-01140,review-clean4-messy.travis.johnston.1140@example.com,Travis,Johnston,+1-messy-0001140
review-clean4-messy-CAND-01141,review-clean4-messy.john.bennett.1141@example.com,John,bennett,+1-messy-0001141
review-clean4-messy-CAND-01142,review-clean4-messy.lisa.long.1142@example.com, Lisa ,Long,+1-messy-0001142
review-clean4-messy-CAND-01143,review-clean4-messy.daniel.elliott.1143@example.com, Daniel ,Elliott,+1-messy-0001143
review-clean4-messy-CAND-01144,review-clean4-messy.brittany.gardner.1144@example.com,Brittany,gardner,+1-messy-0001144
review-clean4-messy-CAND-01145,review-clean4-messy.erin.pierce.1145@example.com,Erin,pierce,+1-messy-0001145
review-clean4-messy-CAND-01146,review-clean4-messy.stephanie.murray.1146@example.com,Stephanie,Murray,+1-messy-0001146
review-clean4-messy-CAND-01147,review-clean4-messy.jeanette.gonzales.1147@example.com,jeanette,gonzales,+1-messy-0001147
review-clean4-messy-CAND-01148,review-clean4-messy.candidate-01148@example.com, Kelly ,schwartz,+1-messy-0001148
review-clean4-messy-CAND-01149,review-clean4-messy.lori.flynn.1149@example.com,Lori,Flynn,+1-messy-0001149
review-clean4-messy-CAND-01150,review-clean4-messy. robert.porter.1150@example.com ,Robert, Porter ,+1-messy-0001150
review-clean4-messy-CAND-01151,review-clean4-messy.cynthia.allen.1151@example.com,Cynthia,Allen,+1-messy-0001151
review-clean4-messy-CAND-01152,review-clean4-messy.donna.espinoza.1152@example.com,Donna,Espinoza,+1-messy-0001152
review-clean4-messy-CAND-01153,review-clean4-messy.candidate-01153@example.com,Kristina,Jones,+1-messy-0001153
review-clean4-messy-CAND-01154,review-clean4-messy.vicki.mendoza.1154@example.com,Vicki,Mendoza,+1-messy-0001154
review-clean4-messy-CAND-01155,review-clean4-messy.richard.hunter.1155@example.com,Richard,hunter,+1-messy-0001155
review-clean4-messy-CAND-01156,review-clean4-messy.samantha.holt.1156@example.com,Samantha,Holt,+1-messy-0001156
review-clean4-messy-CAND-01157,review-clean4-messy.amy.gibbs.1157@example.com,Amy, Gibbs ,+1-messy-0001157
review-clean4-messy-CAND-01158,review-clean4-messy.michael.woodard.1158@example.com,Michael,woodard,+1-messy-0001158
review-clean4-messy-CAND-01159,review-clean4-messy. amanda.little.1159@example.com , Amanda ,Little,+1-messy-0001159
review-clean4-messy-CAND-01160,review-clean4-messy.christopher.mack.1160@example.com,Christopher,Mack,+1-messy-0001160
review-clean4-messy-CAND-01161,review-clean4-messy.candidate-01161@example.com,Diane,kelly,+1-messy-0001161
review-clean4-messy-CAND-01162,review-clean4-messy. deborah.williams.1162@example.com ,deborah,Williams,+1-messy-0001162
review-clean4-messy-CAND-01163,review-clean4-messy.tonya.byrd.1163@example.com,Tonya,Byrd,+1-messy-0001163
review-clean4-messy-CAND-01164,review-clean4-messy.reginald.goodwin.1164@example.com,reginald,Goodwin,+1-messy-0001164
review-clean4-messy-CAND-01165,review-clean4-messy.tammy.jordan.1165@example.com,Tammy, Jordan ,+1-messy-0001165
review-clean4-messy-CAND-01166,review-clean4-messy. alex.green.1166@example.com ,Alex,Green,+1-messy-0001166
review-clean4-messy-CAND-01167,review-clean4-messy.william.stone.1167@example.com,William,Stone,+1-messy-0001167
review-clean4-messy-CAND-01168,review-clean4-messy. beverly.johnston.1168@example.com , Beverly ,Johnston,+1-messy-0001168
review-clean4-messy-CAND-01169,review-clean4-messy.candidate-01169@example.com,Sean,Myers,+1-messy-0001169
review-clean4-messy-CAND-01170,review-clean4-messy.kelsey.chapman.1170@example.com,Kelsey, Chapman ,+1-messy-0001170
review-clean4-messy-CAND-01171,review-clean4-messy. vincent.cooper.1171@example.com ,Vincent, Cooper ,+1-messy-0001171
review-clean4-messy-CAND-01172,review-clean4-messy.angel.garcia.1172@example.com,angel,Garcia,+1-messy-0001172
review-clean4-messy-CAND-01173,review-clean4-messy.robert.nixon.1173@example.com, Robert ,Nixon,+1-messy-0001173
review-clean4-messy-CAND-01174,review-clean4-messy.candidate-01174@example.com, Darren ,Shepard,+1-messy-0001174
review-clean4-messy-CAND-01175,review-clean4-messy.candidate-01175@example.com,Donald,Collins,+1-messy-0001175
review-clean4-messy-CAND-01176,review-clean4-messy.stanley.clark.1176@example.com,Stanley, Clark ,+1-messy-0001176
review-clean4-messy-CAND-01177,review-clean4-messy.timothy.alvarez.1177@example.com, Timothy ,Alvarez,+1-messy-0001177
review-clean4-messy-CAND-01178,review-clean4-messy.samuel.horton.1178@example.com,Samuel, Horton ,+1-messy-0001178
review-clean4-messy-CAND-01179,review-clean4-messy.luis.evans.1179@example.com,Luis,Evans,+1-messy-0001179
review-clean4-messy-CAND-01180,review-clean4-messy.lisa.wilson.1180@example.com,Lisa,Wilson,+1-messy-0001180
review-clean4-messy-CAND-01181,review-clean4-messy.melinda.wong.1181@example.com,melinda,Wong,+1-messy-0001181
review-clean4-messy-CAND-01182,review-clean4-messy.candidate-01182@example.com, Erica ,Martin,+1-messy-0001182
review-clean4-messy-CAND-01183,review-clean4-messy.tonya.sanchez.1183@example.com,Tonya,sanchez,+1-messy-0001183
review-clean4-messy-CAND-01184,review-clean4-messy.GREG.MOORE.1184@EXAMPLE.COM,Greg,moore,+1-messy-0001184
review-clean4-messy-CAND-01185,review-clean4-messy. anita.mullen.1185@example.com ,Anita, Mullen ,+1-messy-0001185
review-clean4-messy-CAND-01186,review-clean4-messy.jesse.sullivan.1186@example.com, Jesse ,Sullivan,+1-messy-0001186
review-clean4-messy-CAND-01187,review-clean4-messy.jack.davidson.1187@example.com,jack,Davidson,+1-messy-0001187
review-clean4-messy-CAND-01188,review-clean4-messy.ryan.johnson.1188@example.com,Ryan,Johnson,+1-messy-0001188
review-clean4-messy-CAND-01189,review-clean4-messy.christina.gonzalez.1189@example.com,Christina, Gonzalez ,+1-messy-0001189
review-clean4-messy-CAND-01190,review-clean4-messy.brittany.price.1190@example.com,Brittany,price,+1-messy-0001190
review-clean4-messy-CAND-01191,review-clean4-messy. janet.harris.1191@example.com ,Janet,Harris,+1-messy-0001191
review-clean4-messy-CAND-01192,review-clean4-messy.candidate-01192@example.com,Karen,Stokes,+1-messy-0001192
review-clean4-messy-CAND-01193,review-clean4-messy.bryan.garcia.1193@example.com,Bryan,Garcia,+1-messy-0001193
review-clean4-messy-CAND-01194,review-clean4-messy.candidate-01194@example.com,Monica,lopez,+1-messy-0001194
review-clean4-messy-CAND-01195,review-clean4-messy. mark.ellis.1195@example.com ,mark,Ellis,+1-messy-0001195
review-clean4-messy-CAND-01196,review-clean4-messy.jose.huffman.1196@example.com,jose, Huffman ,+1-messy-0001196
review-clean4-messy-CAND-01197,review-clean4-messy.allison.fowler.1197@example.com,Allison,Fowler,+1-messy-0001197
review-clean4-messy-CAND-01198,review-clean4-messy.candice.carr.1198@example.com,candice, Carr ,+1-messy-0001198
review-clean4-messy-CAND-01199,review-clean4-messy.brenda.bailey.1199@example.com,Brenda,Bailey,+1-messy-0001199
review-clean4-messy-CAND-01200,review-clean4-messy.megan.williamson.1200@example.com,Megan, Williamson ,+1-messy-0001200
review-clean4-messy-CAND-01201,review-clean4-messy.lisa.mccarthy.1201@example.com,lisa,Mccarthy,+1-messy-0001201
review-clean4-messy-CAND-01202,review-clean4-messy.kenneth.mendez.1202@example.com, Kenneth ,Mendez,+1-messy-0001202
review-clean4-messy-CAND-01203,review-clean4-messy.christopher.anderson.1203@example.com, Christopher ,Anderson,+1-messy-0001203
review-clean4-messy-CAND-01204,review-clean4-messy.david.torres.1204@example.com,David,Torres,+1-messy-0001204
review-clean4-messy-CAND-01205,review-clean4-messy.isaac.steele.1205@example.com,Isaac,Steele,+1-messy-0001205
review-clean4-messy-CAND-01206,review-clean4-messy.william.barnes.1206@example.com,William,Barnes,+1-messy-0001206
review-clean4-messy-CAND-01207,review-clean4-messy. devin.reyes.1207@example.com , Devin ,reyes,+1-messy-0001207
review-clean4-messy-CAND-01208,review-clean4-messy.jacob.reid.1208@example.com,Jacob,Reid,+1-messy-0001208
review-clean4-messy-CAND-01209,review-clean4-messy.heather.brewer.1209@example.com,heather,Brewer,+1-messy-0001209
review-clean4-messy-CAND-01210,review-clean4-messy.zoe.peters.1210@example.com, Zoe ,Peters,+1-messy-0001210
review-clean4-messy-CAND-01211,review-clean4-messy.TRACY.TAYLOR.1211@EXAMPLE.COM,tracy, Taylor ,+1-messy-0001211
review-clean4-messy-CAND-01212,review-clean4-messy.leonard.hayes.1212@example.com,Leonard,Hayes,+1-messy-0001212
review-clean4-messy-CAND-01213,review-clean4-messy.brian.howard.1213@example.com,Brian,Howard,+1-messy-0001213
review-clean4-messy-CAND-01214,review-clean4-messy. albert.taylor.1214@example.com ,Albert,Taylor,+1-messy-0001214
review-clean4-messy-CAND-01215,review-clean4-messy.lisa.maynard.1215@example.com,Lisa, Maynard ,+1-messy-0001215
review-clean4-messy-CAND-01216,review-clean4-messy.WILLIAM.SIMPSON.1216@EXAMPLE.COM,William,Simpson,+1-messy-0001216
review-clean4-messy-CAND-01217,review-clean4-messy.GAIL.PERRY.1217@EXAMPLE.COM,Gail,Perry,+1-messy-0001217
review-clean4-messy-CAND-01218,review-clean4-messy.mary.burns.1218@example.com,Mary,Burns,+1-messy-0001218
review-clean4-messy-CAND-01219,review-clean4-messy.christopher.johnson.1219@example.com,christopher,johnson,+1-messy-0001219
review-clean4-messy-CAND-01220,review-clean4-messy.kathleen.carter.1220@example.com,Kathleen,carter,+1-messy-0001220
review-clean4-messy-CAND-01221,review-clean4-messy.candidate-01221@example.com, Joshua ,medina,+1-messy-0001221
review-clean4-messy-CAND-01222,review-clean4-messy.candidate-01222@example.com,Gary,ellis,+1-messy-0001222
review-clean4-messy-CAND-01223,review-clean4-messy.JULIA.CANNON.1223@EXAMPLE.COM,Julia,Cannon,+1-messy-0001223
review-clean4-messy-CAND-01224,review-clean4-messy. andrea.wilson.1224@example.com ,andrea,wilson,+1-messy-0001224
review-clean4-messy-CAND-01225,review-clean4-messy.danny.hampton.1225@example.com,danny,hampton,+1-messy-0001225
review-clean4-messy-CAND-01226,review-clean4-messy.madeline.richardson.1226@example.com,Madeline,Richardson,+1-messy-0001226
review-clean4-messy-CAND-01227,review-clean4-messy.lynn.williams.1227@example.com,Lynn,Williams,+1-messy-0001227
review-clean4-messy-CAND-01228,review-clean4-messy.jennifer.payne.1228@example.com,jennifer,Payne,+1-messy-0001228
review-clean4-messy-CAND-01229,review-clean4-messy.veronica.garcia.1229@example.com, Veronica ,garcia,+1-messy-0001229
review-clean4-messy-CAND-01230,review-clean4-messy.candidate-01230@example.com,Maria,Potter,+1-messy-0001230
review-clean4-messy-CAND-01231,review-clean4-messy.kenneth.kidd.1231@example.com,Kenneth,Kidd,+1-messy-0001231
review-clean4-messy-CAND-01232,review-clean4-messy.shannon.bailey.1232@example.com,Shannon,Bailey,+1-messy-0001232
review-clean4-messy-CAND-01233,review-clean4-messy.candidate-01233@example.com,Lisa,Gonzales,+1-messy-0001233
review-clean4-messy-CAND-01234,review-clean4-messy.VICTORIA.ROWE.1234@EXAMPLE.COM,Victoria,Rowe,+1-messy-0001234
review-clean4-messy-CAND-01235,review-clean4-messy.JOEL.COCHRAN.1235@EXAMPLE.COM,joel,Cochran,+1-messy-0001235
review-clean4-messy-CAND-01236,review-clean4-messy.brianna.bell.1236@example.com,brianna,Bell,+1-messy-0001236
review-clean4-messy-CAND-01237,review-clean4-messy. jennifer.chen.1237@example.com ,Jennifer,Chen,+1-messy-0001237
review-clean4-messy-CAND-01238,review-clean4-messy. gabriel.taylor.1238@example.com ,Gabriel, Taylor ,+1-messy-0001238
review-clean4-messy-CAND-01239,review-clean4-messy.candidate-01239@example.com,Jamie,Clark,+1-messy-0001239
review-clean4-messy-CAND-01240,review-clean4-messy. brian.bell.1240@example.com ,Brian,Bell,+1-messy-0001240
review-clean4-messy-CAND-01241,review-clean4-messy.juan.ryan.1241@example.com,Juan,Ryan,+1-messy-0001241
review-clean4-messy-CAND-01242,review-clean4-messy.candidate-01242@example.com,Mario,Padilla,+1-messy-0001242
review-clean4-messy-CAND-01243,review-clean4-messy.candidate-01243@example.com,keith,Adams,+1-messy-0001243
review-clean4-messy-CAND-01244,review-clean4-messy.michele.duke.1244@example.com,Michele,Duke,+1-messy-0001244
review-clean4-messy-CAND-01245,review-clean4-messy.ERIN.DAVIS.1245@EXAMPLE.COM,Erin,Davis,+1-messy-0001245
review-clean4-messy-CAND-01246,review-clean4-messy.sydney.floyd.1246@example.com, Sydney ,Floyd,+1-messy-0001246
review-clean4-messy-CAND-01247,review-clean4-messy.samantha.riddle.1247@example.com,samantha,Riddle,+1-messy-0001247
review-clean4-messy-CAND-01248,review-clean4-messy.michelle.martinez.1248@example.com, Michelle ,Martinez,+1-messy-0001248
review-clean4-messy-CAND-01249,review-clean4-messy.michelle.wright.1249@example.com,Michelle,Wright,+1-messy-0001249
review-clean4-messy-CAND-01250,review-clean4-messy.jennifer.poole.1250@example.com,Jennifer,Poole,+1-messy-0001250
review-clean4-messy-CAND-01251,review-clean4-messy.kathleen.lowe.1251@example.com, Kathleen ,lowe,+1-messy-0001251
review-clean4-messy-CAND-01252,review-clean4-messy.tracy.ray.1252@example.com,Tracy,Ray,+1-messy-0001252
review-clean4-messy-CAND-01253,review-clean4-messy.joseph.perry.1253@example.com, Joseph ,Perry,+1-messy-0001253
review-clean4-messy-CAND-01254,review-clean4-messy.candidate-01254@example.com,Shannon,schultz,+1-messy-0001254
review-clean4-messy-CAND-01255,review-clean4-messy.nicole.davis.1255@example.com,Nicole,Davis,+1-messy-0001255
review-clean4-messy-CAND-01256,review-clean4-messy.zachary.ramirez.1256@example.com,Zachary,ramirez,+1-messy-0001256
review-clean4-messy-CAND-01257,review-clean4-messy.sharon.wood.1257@example.com, Sharon ,Wood,+1-messy-0001257
review-clean4-messy-CAND-01258,review-clean4-messy.stephanie.murphy.1258@example.com,Stephanie,Murphy,+1-messy-0001258
review-clean4-messy-CAND-01259,review-clean4-messy.aaron.schroeder.1259@example.com,Aaron,Schroeder,+1-messy-0001259
review-clean4-messy-CAND-01260,review-clean4-messy.jessica.simon.1260@example.com,Jessica,Simon,+1-messy-0001260
review-clean4-messy-CAND-01261,review-clean4-messy.stephen.beck.1261@example.com, Stephen ,Beck,+1-messy-0001261
review-clean4-messy-CAND-01262,review-clean4-messy.candidate-01262@example.com,Michael,Brown,+1-messy-0001262
review-clean4-messy-CAND-01263,review-clean4-messy.amanda.robinson.1263@example.com,Amanda,robinson,+1-messy-0001263
review-clean4-messy-CAND-01264,review-clean4-messy.russell.lewis.1264@example.com,Russell,Lewis,+1-messy-0001264
review-clean4-messy-CAND-01265,review-clean4-messy.JOSEPH.CLAYTON.1265@EXAMPLE.COM,Joseph,clayton,+1-messy-0001265
review-clean4-messy-CAND-01266,review-clean4-messy. matthew.lane.1266@example.com , Matthew ,lane,+1-messy-0001266
review-clean4-messy-CAND-01267,review-clean4-messy.ASHLEE.WASHINGTON.1267@EXAMPLE.COM,ashlee,Washington,+1-messy-0001267
review-clean4-messy-CAND-01268,review-clean4-messy.matthew.fleming.1268@example.com,matthew, Fleming ,+1-messy-0001268
review-clean4-messy-CAND-01269,review-clean4-messy.brandon.garcia.1269@example.com,Brandon,Garcia,+1-messy-0001269
review-clean4-messy-CAND-01270,review-clean4-messy.kristen.stevens.1270@example.com, Kristen ,Stevens,+1-messy-0001270
review-clean4-messy-CAND-01271,review-clean4-messy.david.mathews.1271@example.com,David,Mathews,+1-messy-0001271
review-clean4-messy-CAND-01272,review-clean4-messy.scott.smith.1272@example.com,Scott,Smith,+1-messy-0001272
review-clean4-messy-CAND-01273,review-clean4-messy.susan.harris.1273@example.com,susan,Harris,+1-messy-0001273
review-clean4-messy-CAND-01274,review-clean4-messy.haley.anderson.1274@example.com,Haley,anderson,+1-messy-0001274
review-clean4-messy-CAND-01275,review-clean4-messy. debra.moore.1275@example.com ,Debra,Moore,+1-messy-0001275
review-clean4-messy-CAND-01276,review-clean4-messy.sarah.hill.1276@example.com,sarah,Hill,+1-messy-0001276
review-clean4-messy-CAND-01277,review-clean4-messy.candidate-01277@example.com,Diamond,Wright,+1-messy-0001277
review-clean4-messy-CAND-01278,review-clean4-messy.nathan.mckee.1278@example.com,Nathan,Mckee,+1-messy-0001278
review-clean4-messy-CAND-01279,review-clean4-messy.gabriel.sanders.1279@example.com,Gabriel,Sanders,+1-messy-0001279
review-clean4-messy-CAND-01280,review-clean4-messy.kevin.lyons.1280@example.com,Kevin,Lyons,+1-messy-0001280
review-clean4-messy-CAND-01281,review-clean4-messy.jim.rios.1281@example.com,Jim,Rios,+1-messy-0001281
review-clean4-messy-CAND-01282,review-clean4-messy.candidate-01282@example.com, Jane , Smith ,+1-messy-0001282
review-clean4-messy-CAND-01283,review-clean4-messy.thomas.anderson.1283@example.com,thomas,Anderson,+1-messy-0001283
review-clean4-messy-CAND-01284,review-clean4-messy.jeremy.frazier.1284@example.com,Jeremy,Frazier,+1-messy-0001284
review-clean4-messy-CAND-01285,review-clean4-messy.albert.dominguez.1285@example.com,albert, Dominguez ,+1-messy-0001285
review-clean4-messy-CAND-01286,review-clean4-messy.lisa.mcneil.1286@example.com,Lisa,Mcneil,+1-messy-0001286
review-clean4-messy-CAND-01287,review-clean4-messy.robert.anderson.1287@example.com,Robert,Anderson,+1-messy-0001287
review-clean4-messy-CAND-01288,review-clean4-messy.chad.reyes.1288@example.com,Chad,Reyes,+1-messy-0001288
review-clean4-messy-CAND-01289,review-clean4-messy.jessica.garcia.1289@example.com, Jessica ,Garcia,+1-messy-0001289
review-clean4-messy-CAND-01290,review-clean4-messy.lawrence.ibarra.1290@example.com,Lawrence,Ibarra,+1-messy-0001290
review-clean4-messy-CAND-01291,review-clean4-messy.derrick.ayala.1291@example.com,derrick,Ayala,+1-messy-0001291
review-clean4-messy-CAND-01292,review-clean4-messy.karen.anderson.1292@example.com, Karen ,Anderson,+1-messy-0001292
review-clean4-messy-CAND-01293,review-clean4-messy.VICTORIA.THOMAS.1293@EXAMPLE.COM,Victoria,Thomas,+1-messy-0001293
review-clean4-messy-CAND-01294,review-clean4-messy.alyssa.smith.1294@example.com,Alyssa, Smith ,+1-messy-0001294
review-clean4-messy-CAND-01295,review-clean4-messy.debra.alexander.1295@example.com,Debra, Alexander ,+1-messy-0001295
review-clean4-messy-CAND-01296,review-clean4-messy.JENNIFER.FULLER.1296@EXAMPLE.COM,jennifer,Fuller,+1-messy-0001296
review-clean4-messy-CAND-01297,review-clean4-messy.edward.jenkins.1297@example.com,Edward, Jenkins ,+1-messy-0001297
review-clean4-messy-CAND-01298,review-clean4-messy.candidate-01298@example.com,glenda,Heath,+1-messy-0001298
review-clean4-messy-CAND-01299,review-clean4-messy.christopher.garcia.1299@example.com,Christopher,Garcia,+1-messy-0001299
review-clean4-messy-CAND-01300,review-clean4-messy.karen.lawrence.1300@example.com,karen,Lawrence,+1-messy-0001300
review-clean4-messy-CAND-01301,review-clean4-messy. patrick.richmond.1301@example.com , Patrick ,Richmond,+1-messy-0001301
review-clean4-messy-CAND-01302,review-clean4-messy.leonard.taylor.1302@example.com,leonard, Taylor ,+1-messy-0001302
review-clean4-messy-CAND-01303,review-clean4-messy.joshua.miller.1303@example.com, Joshua ,Miller,+1-messy-0001303
review-clean4-messy-CAND-01304,review-clean4-messy.ANGELA.GREENE.1304@EXAMPLE.COM,Angela,Greene,+1-messy-0001304
review-clean4-messy-CAND-01305,review-clean4-messy.cathy.maxwell.1305@example.com, Cathy ,Maxwell,+1-messy-0001305
review-clean4-messy-CAND-01306,review-clean4-messy.hannah.abbott.1306@example.com,hannah,Abbott,+1-messy-0001306
review-clean4-messy-CAND-01307,review-clean4-messy.dominique.turner.1307@example.com,Dominique,Turner,+1-messy-0001307
review-clean4-messy-CAND-01308,review-clean4-messy.april.hicks.1308@example.com,april,Hicks,+1-messy-0001308
review-clean4-messy-CAND-01309,review-clean4-messy.julie.phillips.1309@example.com,Julie,Phillips,+1-messy-0001309
review-clean4-messy-CAND-01310,review-clean4-messy.brian.hurst.1310@example.com,Brian,Hurst,+1-messy-0001310
review-clean4-messy-CAND-01311,review-clean4-messy.candidate-01311@example.com, Stephanie ,Simpson,+1-messy-0001311
review-clean4-messy-CAND-01312,review-clean4-messy. daniel.porter.1312@example.com ,Daniel,Porter,+1-messy-0001312
review-clean4-messy-CAND-01313,review-clean4-messy.brittney.rice.1313@example.com,Brittney,Rice,+1-messy-0001313
review-clean4-messy-CAND-01314,review-clean4-messy.tiffany.hatfield.1314@example.com,Tiffany,Hatfield,+1-messy-0001314
review-clean4-messy-CAND-01315,review-clean4-messy.sarah.anderson.1315@example.com,sarah,Anderson,+1-messy-0001315
review-clean4-messy-CAND-01316,review-clean4-messy.MICHELLE.CARROLL.1316@EXAMPLE.COM,Michelle, Carroll ,+1-messy-0001316
review-clean4-messy-CAND-01317,review-clean4-messy.michael.vega.1317@example.com,Michael,Vega,+1-messy-0001317
review-clean4-messy-CAND-01318,review-clean4-messy.kathryn.best.1318@example.com,Kathryn,Best,+1-messy-0001318
review-clean4-messy-CAND-01319,review-clean4-messy.kaylee.smith.1319@example.com,Kaylee,smith,+1-messy-0001319
review-clean4-messy-CAND-01320,review-clean4-messy.carlos.baker.1320@example.com, Carlos ,Baker,+1-messy-0001320
review-clean4-messy-CAND-01321,review-clean4-messy.BILL.BROWN.1321@EXAMPLE.COM,bill,Brown,+1-messy-0001321
review-clean4-messy-CAND-01322,review-clean4-messy.kristina.hunter.1322@example.com,Kristina,Hunter,+1-messy-0001322
review-clean4-messy-CAND-01323,review-clean4-messy.courtney.mason.1323@example.com,courtney,Mason,+1-messy-0001323
review-clean4-messy-CAND-01324,review-clean4-messy.robert.miles.1324@example.com,robert,Miles,+1-messy-0001324
review-clean4-messy-CAND-01325,review-clean4-messy. christopher.herrera.1325@example.com ,Christopher,Herrera,+1-messy-0001325
review-clean4-messy-CAND-01326,review-clean4-messy.candidate-01326@example.com,Christina,Ramirez,+1-messy-0001326
review-clean4-messy-CAND-01327,review-clean4-messy.kyle.dixon.1327@example.com,Kyle, Dixon ,+1-messy-0001327
review-clean4-messy-CAND-01328,review-clean4-messy.james.morton.1328@example.com, James ,Morton,+1-messy-0001328
review-clean4-messy-CAND-01329,review-clean4-messy.amanda.myers.1329@example.com,Amanda,Myers,+1-messy-0001329
review-clean4-messy-CAND-01330,review-clean4-messy.cynthia.davenport.1330@example.com,Cynthia,Davenport,+1-messy-0001330
review-clean4-messy-CAND-01331,review-clean4-messy.erin.jones.1331@example.com,Erin,Jones,+1-messy-0001331
review-clean4-messy-CAND-01332,review-clean4-messy.holly.blair.1332@example.com,Holly,Blair,+1-messy-0001332
review-clean4-messy-CAND-01333,review-clean4-messy.meghan.brown.1333@example.com, Meghan ,Brown,+1-messy-0001333
review-clean4-messy-CAND-01334,review-clean4-messy. christopher.hamilton.1334@example.com , Christopher ,Hamilton,+1-messy-0001334
review-clean4-messy-CAND-01335,review-clean4-messy.shawn.lynch.1335@example.com,Shawn,Lynch,+1-messy-0001335
review-clean4-messy-CAND-01336,review-clean4-messy.kyle.harmon.1336@example.com,Kyle,Harmon,+1-messy-0001336
review-clean4-messy-CAND-01337,review-clean4-messy.joy.wilson.1337@example.com, Joy , Wilson ,+1-messy-0001337
review-clean4-messy-CAND-01338,review-clean4-messy.candidate-01338@example.com,Jean,Miles,+1-messy-0001338
review-clean4-messy-CAND-01339,review-clean4-messy. frank.benton.1339@example.com ,Frank,Benton,+1-messy-0001339
review-clean4-messy-CAND-01340,review-clean4-messy.alexandra.logan.1340@example.com,Alexandra,logan,+1-messy-0001340
review-clean4-messy-CAND-01341,review-clean4-messy. jennifer.jackson.1341@example.com , Jennifer ,Jackson,+1-messy-0001341
review-clean4-messy-CAND-01342,review-clean4-messy. david.norman.1342@example.com ,David,Norman,+1-messy-0001342
review-clean4-messy-CAND-01343,review-clean4-messy.JOSEPH.TANNER.1343@EXAMPLE.COM,joseph,Tanner,+1-messy-0001343
review-clean4-messy-CAND-01344,review-clean4-messy.kelsey.johnson.1344@example.com,kelsey,Johnson,+1-messy-0001344
review-clean4-messy-CAND-01345,review-clean4-messy.lindsay.nelson.1345@example.com, Lindsay ,Nelson,+1-messy-0001345
review-clean4-messy-CAND-01346,review-clean4-messy.caleb.joseph.1346@example.com, Caleb ,Joseph,+1-messy-0001346
review-clean4-messy-CAND-01347,review-clean4-messy.barbara.jones.1347@example.com,Barbara,Jones,+1-messy-0001347
review-clean4-messy-CAND-01348,review-clean4-messy.spencer.ward.1348@example.com, Spencer ,ward,+1-messy-0001348
review-clean4-messy-CAND-01349,review-clean4-messy.candidate-01349@example.com,Victor,Bradley,+1-messy-0001349
review-clean4-messy-CAND-01350,review-clean4-messy.michael.scott.1350@example.com,michael,Scott,+1-messy-0001350
review-clean4-messy-CAND-01351,review-clean4-messy.dakota.berry.1351@example.com, Dakota ,Berry,+1-messy-0001351
review-clean4-messy-CAND-01352,review-clean4-messy. jennifer.perez.1352@example.com ,jennifer,Perez,+1-messy-0001352
review-clean4-messy-CAND-01353,review-clean4-messy.william.williams.1353@example.com,William,Williams,+1-messy-0001353
review-clean4-messy-CAND-01354,review-clean4-messy. michelle.sanchez.1354@example.com ,michelle,Sanchez,+1-messy-0001354
review-clean4-messy-CAND-01355,review-clean4-messy.thomas.reyes.1355@example.com,thomas,Reyes,+1-messy-0001355
review-clean4-messy-CAND-01356,review-clean4-messy.edward.velazquez.1356@example.com,Edward,Velazquez,+1-messy-0001356
review-clean4-messy-CAND-01357,review-clean4-messy.meredith.tran.1357@example.com,Meredith,Tran,+1-messy-0001357
review-clean4-messy-CAND-01358,review-clean4-messy.ROBIN.YANG.1358@EXAMPLE.COM,Robin,Yang,+1-messy-0001358
review-clean4-messy-CAND-01359,review-clean4-messy. robert.morris.1359@example.com ,Robert,Morris,+1-messy-0001359
review-clean4-messy-CAND-01360,review-clean4-messy.robert.cortez.1360@example.com, Robert ,Cortez,+1-messy-0001360
review-clean4-messy-CAND-01361,review-clean4-messy.candidate-01361@example.com,joseph,Miller,+1-messy-0001361
review-clean4-messy-CAND-01362,review-clean4-messy.nathan.shaw.1362@example.com,Nathan,Shaw,+1-messy-0001362
review-clean4-messy-CAND-01363,review-clean4-messy.RACHEL.WHITE.1363@EXAMPLE.COM,Rachel,White,+1-messy-0001363
review-clean4-messy-CAND-01364,review-clean4-messy.linda.jarvis.1364@example.com,Linda, Jarvis ,+1-messy-0001364
review-clean4-messy-CAND-01365,review-clean4-messy.stephanie.jones.1365@example.com,Stephanie,Jones,+1-messy-0001365
review-clean4-messy-CAND-01366,review-clean4-messy.steven.campbell.1366@example.com,steven,Campbell,+1-messy-0001366
review-clean4-messy-CAND-01367,review-clean4-messy.candidate-01367@example.com,megan,Murphy,+1-messy-0001367
review-clean4-messy-CAND-01368,review-clean4-messy.candidate-01368@example.com,angela,Smith,+1-messy-0001368
review-clean4-messy-CAND-01369,review-clean4-messy.james.elliott.1369@example.com,James,Elliott,+1-messy-0001369
review-clean4-messy-CAND-01370,review-clean4-messy.kevin.dean.1370@example.com,kevin,Dean,+1-messy-0001370
review-clean4-messy-CAND-01371,review-clean4-messy.STEVEN.VARGAS.1371@EXAMPLE.COM, Steven ,Vargas,+1-messy-0001371
review-clean4-messy-CAND-01372,review-clean4-messy.TREVOR.BARTON.1372@EXAMPLE.COM, Trevor , Barton ,+1-messy-0001372
review-clean4-messy-CAND-01373,review-clean4-messy.james.mccullough.1373@example.com,James,Mccullough,+1-messy-0001373
review-clean4-messy-CAND-01374,review-clean4-messy.KATHLEEN.SANCHEZ.1374@EXAMPLE.COM,Kathleen,Sanchez,+1-messy-0001374
review-clean4-messy-CAND-01375,review-clean4-messy.adam.ortiz.1375@example.com,adam,Ortiz,+1-messy-0001375
review-clean4-messy-CAND-01376,review-clean4-messy.jesse.reed.1376@example.com, Jesse ,Reed,+1-messy-0001376
review-clean4-messy-CAND-01377,review-clean4-messy.mary.wiley.1377@example.com,Mary, Wiley ,+1-messy-0001377
review-clean4-messy-CAND-01378,review-clean4-messy.stephanie.smith.1378@example.com,Stephanie,Smith,+1-messy-0001378
review-clean4-messy-CAND-01379,review-clean4-messy.diane.sweeney.1379@example.com,Diane,Sweeney,+1-messy-0001379
review-clean4-messy-CAND-01380,review-clean4-messy.jessica.garcia.1380@example.com, Jessica ,Garcia,+1-messy-0001380
review-clean4-messy-CAND-01381,review-clean4-messy.candidate-01381@example.com,Alyssa,Allen,+1-messy-0001381
review-clean4-messy-CAND-01382,review-clean4-messy.travis.brown.1382@example.com,Travis,Brown,+1-messy-0001382
review-clean4-messy-CAND-01383,review-clean4-messy. wendy.dawson.1383@example.com ,Wendy,Dawson,+1-messy-0001383
review-clean4-messy-CAND-01384,review-clean4-messy.christopher.morse.1384@example.com,Christopher,Morse,+1-messy-0001384
review-clean4-messy-CAND-01385,review-clean4-messy.phyllis.meyer.1385@example.com,Phyllis,meyer,+1-messy-0001385
review-clean4-messy-CAND-01386,review-clean4-messy.jaclyn.watson.1386@example.com,Jaclyn,Watson,+1-messy-0001386
review-clean4-messy-CAND-01387,review-clean4-messy.terri.miller.1387@example.com,Terri,miller,+1-messy-0001387
review-clean4-messy-CAND-01388,review-clean4-messy.candidate-01388@example.com,Cody,Anderson,+1-messy-0001388
review-clean4-messy-CAND-01389,review-clean4-messy.lori.jones.1389@example.com, Lori ,Jones,+1-messy-0001389
review-clean4-messy-CAND-01390,review-clean4-messy.ASHLEY.GRAHAM.1390@EXAMPLE.COM,Ashley,Graham,+1-messy-0001390
review-clean4-messy-CAND-01391,review-clean4-messy.tamara.young.1391@example.com,Tamara, Young ,+1-messy-0001391
review-clean4-messy-CAND-01392,review-clean4-messy.jose.edwards.1392@example.com,jose,Edwards,+1-messy-0001392
review-clean4-messy-CAND-01393,review-clean4-messy.lauren.haynes.1393@example.com, Lauren , Haynes ,+1-messy-0001393
review-clean4-messy-CAND-01394,review-clean4-messy.jill.stewart.1394@example.com, Jill ,Stewart,+1-messy-0001394
review-clean4-messy-CAND-01395,review-clean4-messy.joseph.jones.1395@example.com, Joseph ,Jones,+1-messy-0001395
review-clean4-messy-CAND-01396,review-clean4-messy.james.chan.1396@example.com, James ,Chan,+1-messy-0001396
review-clean4-messy-CAND-01397,review-clean4-messy. brenda.moore.1397@example.com ,Brenda,Moore,+1-messy-0001397
review-clean4-messy-CAND-01398,review-clean4-messy.frank.owens.1398@example.com,Frank,owens,+1-messy-0001398
review-clean4-messy-CAND-01399,review-clean4-messy.richard.herrera.1399@example.com, Richard ,herrera,+1-messy-0001399
review-clean4-messy-CAND-01400,review-clean4-messy.candidate-01400@example.com,Tami,Clark,+1-messy-0001400
review-clean4-messy-CAND-01401,review-clean4-messy.kyle.baker.1401@example.com,Kyle,baker,+1-messy-0001401
review-clean4-messy-CAND-01402,review-clean4-messy.david.moore.1402@example.com,David,Moore,+1-messy-0001402
review-clean4-messy-CAND-01403,review-clean4-messy.gina.mckenzie.1403@example.com,Gina,Mckenzie,+1-messy-0001403
review-clean4-messy-CAND-01404,review-clean4-messy.heidi.williams.1404@example.com,Heidi, Williams ,+1-messy-0001404
review-clean4-messy-CAND-01405,review-clean4-messy. mary.murphy.1405@example.com ,Mary,Murphy,+1-messy-0001405
review-clean4-messy-CAND-01406,review-clean4-messy.christopher.wright.1406@example.com, Christopher ,Wright,+1-messy-0001406
review-clean4-messy-CAND-01407,review-clean4-messy.michael.palmer.1407@example.com,Michael,Palmer,+1-messy-0001407
review-clean4-messy-CAND-01408,review-clean4-messy.erica.green.1408@example.com,Erica,Green,+1-messy-0001408
review-clean4-messy-CAND-01409,review-clean4-messy.vicki.johnson.1409@example.com, Vicki ,johnson,+1-messy-0001409
review-clean4-messy-CAND-01410,review-clean4-messy.candidate-01410@example.com,Richard,chavez,+1-messy-0001410
review-clean4-messy-CAND-01411,review-clean4-messy.kaitlin.wright.1411@example.com,Kaitlin,Wright,+1-messy-0001411
review-clean4-messy-CAND-01412,review-clean4-messy.steven.lara.1412@example.com, Steven ,Lara,+1-messy-0001412
review-clean4-messy-CAND-01413,review-clean4-messy.donald.smith.1413@example.com,Donald,Smith,+1-messy-0001413
review-clean4-messy-CAND-01414,review-clean4-messy.maria.haas.1414@example.com,Maria,Haas,+1-messy-0001414
review-clean4-messy-CAND-01415,review-clean4-messy.david.colon.1415@example.com,David,Colon,+1-messy-0001415
review-clean4-messy-CAND-01416,review-clean4-messy.nathan.mccoy.1416@example.com,Nathan,Mccoy,+1-messy-0001416
review-clean4-messy-CAND-01417,review-clean4-messy.deanna.aguilar.1417@example.com,Deanna,Aguilar,+1-messy-0001417
review-clean4-messy-CAND-01418,review-clean4-messy. jonathan.hess.1418@example.com ,Jonathan,Hess,+1-messy-0001418
review-clean4-messy-CAND-01419,review-clean4-messy.andrew.brown.1419@example.com,Andrew,Brown,+1-messy-0001419
review-clean4-messy-CAND-01420,review-clean4-messy.rachel.ramos.1420@example.com,Rachel,Ramos,+1-messy-0001420
review-clean4-messy-CAND-01421,review-clean4-messy.DAVID.STEIN.1421@EXAMPLE.COM,David,Stein,+1-messy-0001421
review-clean4-messy-CAND-01422,review-clean4-messy.maria.rivera.1422@example.com,Maria,Rivera,+1-messy-0001422
review-clean4-messy-CAND-01423,review-clean4-messy.brad.murray.1423@example.com,Brad, Murray ,+1-messy-0001423
review-clean4-messy-CAND-01424,review-clean4-messy.gary.berry.1424@example.com,Gary,Berry,+1-messy-0001424
review-clean4-messy-CAND-01425,review-clean4-messy.LORRAINE.FOSTER.1425@EXAMPLE.COM,lorraine, Foster ,+1-messy-0001425
review-clean4-messy-CAND-01426,review-clean4-messy.anthony.vega.1426@example.com, Anthony ,Vega,+1-messy-0001426
review-clean4-messy-CAND-01427,review-clean4-messy.gerald.lewis.1427@example.com,gerald,Lewis,+1-messy-0001427
review-clean4-messy-CAND-01428,review-clean4-messy.jacob.ramirez.1428@example.com,Jacob,ramirez,+1-messy-0001428
review-clean4-messy-CAND-01429,review-clean4-messy.nicole.johnson.1429@example.com,Nicole,johnson,+1-messy-0001429
review-clean4-messy-CAND-01430,review-clean4-messy.christine.sanchez.1430@example.com,Christine,sanchez,+1-messy-0001430
review-clean4-messy-CAND-01431,review-clean4-messy.kenneth.jenkins.1431@example.com,Kenneth, Jenkins ,+1-messy-0001431
review-clean4-messy-CAND-01432,review-clean4-messy.andrea.brown.1432@example.com,Andrea,Brown,+1-messy-0001432
review-clean4-messy-CAND-01433,review-clean4-messy.joshua.taylor.1433@example.com,Joshua,Taylor,+1-messy-0001433
review-clean4-messy-CAND-01434,review-clean4-messy.james.wilkerson.1434@example.com,James,wilkerson,+1-messy-0001434
review-clean4-messy-CAND-01435,review-clean4-messy. alicia.mccoy.1435@example.com ,Alicia, Mccoy ,+1-messy-0001435
review-clean4-messy-CAND-01436,review-clean4-messy.candidate-01436@example.com, Leah ,Norton,+1-messy-0001436
review-clean4-messy-CAND-01437,review-clean4-messy.veronica.casey.1437@example.com,Veronica,Casey,+1-messy-0001437
review-clean4-messy-CAND-01438,review-clean4-messy.michael.stephens.1438@example.com,Michael, Stephens ,+1-messy-0001438
review-clean4-messy-CAND-01439,review-clean4-messy.todd.durham.1439@example.com, Todd , Durham ,+1-messy-0001439
review-clean4-messy-CAND-01440,review-clean4-messy.WAYNE.PRICE.1440@EXAMPLE.COM,Wayne, Price ,+1-messy-0001440
review-clean4-messy-CAND-01441,review-clean4-messy.hector.flores.1441@example.com,hector,Flores,+1-messy-0001441
review-clean4-messy-CAND-01442,review-clean4-messy.JEFFERY.HUANG.1442@EXAMPLE.COM,Jeffery,Huang,+1-messy-0001442
review-clean4-messy-CAND-01443,review-clean4-messy.kimberly.brown.1443@example.com,Kimberly, Brown ,+1-messy-0001443
review-clean4-messy-CAND-01444,review-clean4-messy.victoria.moreno.1444@example.com,Victoria,Moreno,+1-messy-0001444
review-clean4-messy-CAND-01445,review-clean4-messy.katie.key.1445@example.com,Katie,Key,+1-messy-0001445
review-clean4-messy-CAND-01446,review-clean4-messy.TERRI.GARCIA.1446@EXAMPLE.COM, Terri ,Garcia,+1-messy-0001446
review-clean4-messy-CAND-01447,review-clean4-messy.diane.adams.1447@example.com,Diane,Adams,+1-messy-0001447
review-clean4-messy-CAND-01448,review-clean4-messy.lisa.stark.1448@example.com,Lisa, Stark ,+1-messy-0001448
review-clean4-messy-CAND-01449,review-clean4-messy. brian.davies.1449@example.com ,Brian,Davies,+1-messy-0001449
review-clean4-messy-CAND-01450,review-clean4-messy.jeffrey.bradford.1450@example.com,Jeffrey, Bradford ,+1-messy-0001450
review-clean4-messy-CAND-01451,review-clean4-messy.LAURA.KELLY.1451@EXAMPLE.COM,Laura,Kelly,+1-messy-0001451
review-clean4-messy-CAND-01452,review-clean4-messy. mary.bruce.1452@example.com ,Mary,Bruce,+1-messy-0001452
review-clean4-messy-CAND-01453,review-clean4-messy.gregory.watkins.1453@example.com,Gregory,Watkins,+1-messy-0001453
review-clean4-messy-CAND-01454,review-clean4-messy.linda.wolfe.1454@example.com,Linda,wolfe,+1-messy-0001454
review-clean4-messy-CAND-01455,review-clean4-messy.robin.johnson.1455@example.com,Robin,johnson,+1-messy-0001455
review-clean4-messy-CAND-01456,review-clean4-messy.jackie.meza.1456@example.com,Jackie,Meza,+1-messy-0001456
review-clean4-messy-CAND-01457,review-clean4-messy.anne.hart.1457@example.com,Anne,Hart,+1-messy-0001457
review-clean4-messy-CAND-01458,review-clean4-messy.jacob.travis.1458@example.com,Jacob,Travis,+1-messy-0001458
review-clean4-messy-CAND-01459,review-clean4-messy. nicole.vasquez.1459@example.com ,Nicole,Vasquez,+1-messy-0001459
review-clean4-messy-CAND-01460,review-clean4-messy.kyle.henry.1460@example.com,Kyle, Henry ,+1-messy-0001460
review-clean4-messy-CAND-01461,review-clean4-messy.christopher.hall.1461@example.com,Christopher,Hall,+1-messy-0001461
review-clean4-messy-CAND-01462,review-clean4-messy. jeffery.fox.1462@example.com ,Jeffery,Fox,+1-messy-0001462
review-clean4-messy-CAND-01463,review-clean4-messy.aaron.hardin.1463@example.com,aaron,hardin,+1-messy-0001463
review-clean4-messy-CAND-01464,review-clean4-messy.james.anderson.1464@example.com,James,Anderson,+1-messy-0001464
review-clean4-messy-CAND-01465,review-clean4-messy.jennifer.sellers.1465@example.com,Jennifer,Sellers,+1-messy-0001465
review-clean4-messy-CAND-01466,review-clean4-messy.MEGAN.MORRIS.1466@EXAMPLE.COM,Megan,Morris,+1-messy-0001466
review-clean4-messy-CAND-01467,review-clean4-messy.andrew.willis.1467@example.com,Andrew,Willis,+1-messy-0001467
review-clean4-messy-CAND-01468,review-clean4-messy. samantha.schroeder.1468@example.com , Samantha ,Schroeder,+1-messy-0001468
review-clean4-messy-CAND-01469,review-clean4-messy.candidate-01469@example.com, Meghan ,Valencia,+1-messy-0001469
review-clean4-messy-CAND-01470,review-clean4-messy.susan.brooks.1470@example.com,Susan,Brooks,+1-messy-0001470
review-clean4-messy-CAND-01471,review-clean4-messy.sheri.foster.1471@example.com,Sheri,Foster,+1-messy-0001471
review-clean4-messy-CAND-01472,review-clean4-messy. craig.turner.1472@example.com ,Craig,Turner,+1-messy-0001472
review-clean4-messy-CAND-01473,review-clean4-messy.DEREK.MOORE.1473@EXAMPLE.COM, Derek ,Moore,+1-messy-0001473
review-clean4-messy-CAND-01474,review-clean4-messy.STACY.CONNER.1474@EXAMPLE.COM,Stacy, Conner ,+1-messy-0001474
review-clean4-messy-CAND-01475,review-clean4-messy.SUSAN.BANKS.1475@EXAMPLE.COM, Susan ,Banks,+1-messy-0001475
review-clean4-messy-CAND-01476,review-clean4-messy.grant.novak.1476@example.com,grant,Novak,+1-messy-0001476
review-clean4-messy-CAND-01477,review-clean4-messy.heather.mcfarland.1477@example.com,Heather,mcfarland,+1-messy-0001477
review-clean4-messy-CAND-01478,review-clean4-messy.kristin.walker.1478@example.com, Kristin , Walker ,+1-messy-0001478
review-clean4-messy-CAND-01479,review-clean4-messy.brianna.thompson.1479@example.com,Brianna,Thompson,+1-messy-0001479
review-clean4-messy-CAND-01480,review-clean4-messy.kurt.barker.1480@example.com,Kurt,Barker,+1-messy-0001480
review-clean4-messy-CAND-01481,review-clean4-messy.david.daniel.1481@example.com,David,daniel,+1-messy-0001481
review-clean4-messy-CAND-01482,review-clean4-messy.stacy.fry.1482@example.com, Stacy , Fry ,+1-messy-0001482
review-clean4-messy-CAND-01483,review-clean4-messy.peter.gamble.1483@example.com,Peter, Gamble ,+1-messy-0001483
review-clean4-messy-CAND-01484,review-clean4-messy.tammy.johnson.1484@example.com, Tammy ,Johnson,+1-messy-0001484
review-clean4-messy-CAND-01485,review-clean4-messy. carrie.mccall.1485@example.com ,Carrie,Mccall,+1-messy-0001485
review-clean4-messy-CAND-01486,review-clean4-messy.TAMMY.WALKER.1486@EXAMPLE.COM,Tammy,Walker,+1-messy-0001486
review-clean4-messy-CAND-01487,review-clean4-messy.ariana.zuniga.1487@example.com,Ariana,Zuniga,+1-messy-0001487
review-clean4-messy-CAND-01488,review-clean4-messy.donald.mcgee.1488@example.com,Donald,Mcgee,+1-messy-0001488
review-clean4-messy-CAND-01489,review-clean4-messy.john.haas.1489@example.com,John,Haas,+1-messy-0001489
review-clean4-messy-CAND-01490,review-clean4-messy.gary.mcclure.1490@example.com,Gary,Mcclure,+1-messy-0001490
review-clean4-messy-CAND-01491,review-clean4-messy.candidate-01491@example.com,Christopher,Fletcher,+1-messy-0001491
review-clean4-messy-CAND-01492,review-clean4-messy.danielle.tanner.1492@example.com,Danielle,Tanner,+1-messy-0001492
review-clean4-messy-CAND-01493,review-clean4-messy.sean.baker.1493@example.com,Sean, Baker ,+1-messy-0001493
review-clean4-messy-CAND-01494,review-clean4-messy.john.jones.1494@example.com,John,Jones,+1-messy-0001494
review-clean4-messy-CAND-01495,review-clean4-messy.jonathan.rodriguez.1495@example.com,Jonathan,Rodriguez,+1-messy-0001495
review-clean4-messy-CAND-01496,review-clean4-messy.aaron.cruz.1496@example.com, Aaron ,Cruz,+1-messy-0001496
review-clean4-messy-CAND-01497,review-clean4-messy. jessica.costa.1497@example.com ,Jessica,Costa,+1-messy-0001497
review-clean4-messy-CAND-01498,review-clean4-messy. nicole.snyder.1498@example.com ,nicole,Snyder,+1-messy-0001498
review-clean4-messy-CAND-01499,review-clean4-messy.candidate-01499@example.com,Nicholas,Payne,+1-messy-0001499
review-clean4-messy-CAND-01500,review-clean4-messy.craig.mendoza.1500@example.com,Craig,Mendoza,+1-messy-0001500
review-clean4-messy-CAND-01501,review-clean4-messy.michelle.curtis.1501@example.com,Michelle,curtis,+1-messy-0001501
review-clean4-messy-CAND-01502,review-clean4-messy.gloria.martin.1502@example.com,Gloria,Martin,+1-messy-0001502
review-clean4-messy-CAND-01503,review-clean4-messy.candidate-01503@example.com, Charles ,Singleton,+1-messy-0001503
review-clean4-messy-CAND-01504,review-clean4-messy.kenneth.flores.1504@example.com,Kenneth,Flores,+1-messy-0001504
review-clean4-messy-CAND-01505,review-clean4-messy.stephanie.jones.1505@example.com,Stephanie,Jones,+1-messy-0001505
review-clean4-messy-CAND-01506,review-clean4-messy.candidate-01506@example.com,george,Bennett,+1-messy-0001506
review-clean4-messy-CAND-01507,review-clean4-messy.jessica.payne.1507@example.com,jessica,Payne,+1-messy-0001507
review-clean4-messy-CAND-01508,review-clean4-messy.rachael.davis.1508@example.com,rachael,Davis,+1-messy-0001508
review-clean4-messy-CAND-01509,review-clean4-messy. brooke.austin.1509@example.com ,Brooke,Austin,+1-messy-0001509
review-clean4-messy-CAND-01510,review-clean4-messy.timothy.johnson.1510@example.com,Timothy,Johnson,+1-messy-0001510
review-clean4-messy-CAND-01511,review-clean4-messy.sherri.martin.1511@example.com,Sherri,Martin,+1-messy-0001511
review-clean4-messy-CAND-01512,review-clean4-messy. pamela.moore.1512@example.com ,pamela,Moore,+1-messy-0001512
review-clean4-messy-CAND-01513,review-clean4-messy.craig.harris.1513@example.com,Craig,Harris,+1-messy-0001513
review-clean4-messy-CAND-01514,review-clean4-messy.JAMES.TERRY.1514@EXAMPLE.COM,James,Terry,+1-messy-0001514
review-clean4-messy-CAND-01515,review-clean4-messy.jennifer.blair.1515@example.com,Jennifer, Blair ,+1-messy-0001515
review-clean4-messy-CAND-01516,review-clean4-messy.joseph.campbell.1516@example.com,Joseph,Campbell,+1-messy-0001516
review-clean4-messy-CAND-01517,review-clean4-messy.john.williams.1517@example.com,John,Williams,+1-messy-0001517
review-clean4-messy-CAND-01518,review-clean4-messy.ashley.larsen.1518@example.com,ashley,larsen,+1-messy-0001518
review-clean4-messy-CAND-01519,review-clean4-messy.eric.ward.1519@example.com,Eric,Ward,+1-messy-0001519
review-clean4-messy-CAND-01520,review-clean4-messy. ronald.phillips.1520@example.com ,Ronald, Phillips ,+1-messy-0001520
review-clean4-messy-CAND-01521,review-clean4-messy.ebony.greene.1521@example.com,Ebony, Greene ,+1-messy-0001521
review-clean4-messy-CAND-01522,review-clean4-messy. james.johnson.1522@example.com ,James,Johnson,+1-messy-0001522
review-clean4-messy-CAND-01523,review-clean4-messy.george.carter.1523@example.com, George ,Carter,+1-messy-0001523
review-clean4-messy-CAND-01524,review-clean4-messy.christopher.anthony.1524@example.com,Christopher, Anthony ,+1-messy-0001524
review-clean4-messy-CAND-01525,review-clean4-messy.kyle.sanders.1525@example.com,Kyle,Sanders,+1-messy-0001525
review-clean4-messy-CAND-01526,review-clean4-messy.tracy.guerrero.1526@example.com,tracy, Guerrero ,+1-messy-0001526
review-clean4-messy-CAND-01527,review-clean4-messy.candidate-01527@example.com,christopher,Stephens,+1-messy-0001527
review-clean4-messy-CAND-01528,review-clean4-messy.jackson.mcclure.1528@example.com,jackson, Mcclure ,+1-messy-0001528
review-clean4-messy-CAND-01529,review-clean4-messy.mike.griffin.1529@example.com,Mike, Griffin ,+1-messy-0001529
review-clean4-messy-CAND-01530,review-clean4-messy.candidate-01530@example.com,Jose, Marshall ,+1-messy-0001530
review-clean4-messy-CAND-01531,review-clean4-messy.jeremy.adams.1531@example.com,Jeremy,adams,+1-messy-0001531
review-clean4-messy-CAND-01532,review-clean4-messy.bryan.goodwin.1532@example.com, Bryan ,Goodwin,+1-messy-0001532
review-clean4-messy-CAND-01533,review-clean4-messy. elizabeth.miller.1533@example.com ,Elizabeth, Miller ,+1-messy-0001533
review-clean4-messy-CAND-01534,review-clean4-messy.maurice.weaver.1534@example.com,maurice,Weaver,+1-messy-0001534
review-clean4-messy-CAND-01535,review-clean4-messy.tara.lawrence.1535@example.com,Tara,Lawrence,+1-messy-0001535
review-clean4-messy-CAND-01536,review-clean4-messy.angela.randall.1536@example.com,angela,Randall,+1-messy-0001536
review-clean4-messy-CAND-01537,review-clean4-messy. loretta.barnes.1537@example.com ,Loretta,Barnes,+1-messy-0001537
review-clean4-messy-CAND-01538,review-clean4-messy.amanda.camacho.1538@example.com,Amanda,Camacho,+1-messy-0001538
review-clean4-messy-CAND-01539,review-clean4-messy.thomas.keith.1539@example.com, Thomas ,Keith,+1-messy-0001539
review-clean4-messy-CAND-01540,review-clean4-messy.thomas.miller.1540@example.com,Thomas,Miller,+1-messy-0001540
review-clean4-messy-CAND-01541,review-clean4-messy.raven.klein.1541@example.com, Raven ,Klein,+1-messy-0001541
review-clean4-messy-CAND-01542,review-clean4-messy.wayne.lester.1542@example.com,Wayne, Lester ,+1-messy-0001542
review-clean4-messy-CAND-01543,review-clean4-messy.lauren.byrd.1543@example.com,Lauren,Byrd,+1-messy-0001543
review-clean4-messy-CAND-01544,review-clean4-messy.christine.martinez.1544@example.com,Christine,Martinez,+1-messy-0001544
review-clean4-messy-CAND-01545,review-clean4-messy.katherine.thompson.1545@example.com, Katherine , Thompson ,+1-messy-0001545
review-clean4-messy-CAND-01546,review-clean4-messy.TRACEY.STANTON.1546@EXAMPLE.COM, Tracey ,stanton,+1-messy-0001546
review-clean4-messy-CAND-01547,review-clean4-messy.lindsey.martinez.1547@example.com,Lindsey,Martinez,+1-messy-0001547
review-clean4-messy-CAND-01548,review-clean4-messy.rodney.mcneil.1548@example.com,Rodney,mcneil,+1-messy-0001548
review-clean4-messy-CAND-01549,review-clean4-messy.ryan.osborn.1549@example.com,Ryan,Osborn,+1-messy-0001549
review-clean4-messy-CAND-01550,review-clean4-messy.courtney.flowers.1550@example.com, Courtney , Flowers ,+1-messy-0001550
review-clean4-messy-CAND-01551,review-clean4-messy.jonathan.bartlett.1551@example.com,Jonathan, Bartlett ,+1-messy-0001551
review-clean4-messy-CAND-01552,review-clean4-messy.robin.jones.1552@example.com,Robin, Jones ,+1-messy-0001552
review-clean4-messy-CAND-01553,review-clean4-messy.PAUL.SANDERS.1553@EXAMPLE.COM, Paul ,Sanders,+1-messy-0001553
review-clean4-messy-CAND-01554,review-clean4-messy.mark.hill.1554@example.com, Mark ,Hill,+1-messy-0001554
review-clean4-messy-CAND-01555,review-clean4-messy.stephen.marks.1555@example.com,stephen,Marks,+1-messy-0001555
review-clean4-messy-CAND-01556,review-clean4-messy.kristin.dean.1556@example.com,Kristin, Dean ,+1-messy-0001556
review-clean4-messy-CAND-01557,review-clean4-messy. alexandra.barnes.1557@example.com ,Alexandra,Barnes,+1-messy-0001557
review-clean4-messy-CAND-01558,review-clean4-messy.ROBERT.HERNANDEZ.1558@EXAMPLE.COM,robert,Hernandez,+1-messy-0001558
review-clean4-messy-CAND-01559,review-clean4-messy.candidate-01559@example.com,Brianna, Chang ,+1-messy-0001559
review-clean4-messy-CAND-01560,review-clean4-messy.sheila.buckley.1560@example.com,Sheila, Buckley ,+1-messy-0001560
review-clean4-messy-CAND-01561,review-clean4-messy. anna.garcia.1561@example.com ,Anna,Garcia,+1-messy-0001561
review-clean4-messy-CAND-01562,review-clean4-messy.justin.nichols.1562@example.com, Justin ,Nichols,+1-messy-0001562
review-clean4-messy-CAND-01563,review-clean4-messy.maurice.jenkins.1563@example.com,Maurice,Jenkins,+1-messy-0001563
review-clean4-messy-CAND-01564,review-clean4-messy.patrick.washington.1564@example.com,Patrick,Washington,+1-messy-0001564
review-clean4-messy-CAND-01565,review-clean4-messy. chelsea.johnson.1565@example.com ,Chelsea,Johnson,+1-messy-0001565
review-clean4-messy-CAND-01566,review-clean4-messy.joshua.thomas.1566@example.com,Joshua, Thomas ,+1-messy-0001566
review-clean4-messy-CAND-01567,review-clean4-messy.charlotte.steele.1567@example.com,Charlotte,Steele,+1-messy-0001567
review-clean4-messy-CAND-01568,review-clean4-messy.BENJAMIN.PRESTON.1568@EXAMPLE.COM,Benjamin,Preston,+1-messy-0001568
review-clean4-messy-CAND-01569,review-clean4-messy. martin.young.1569@example.com , Martin ,Young,+1-messy-0001569
review-clean4-messy-CAND-01570,review-clean4-messy.julie.mccall.1570@example.com, Julie ,Mccall,+1-messy-0001570
review-clean4-messy-CAND-01571,review-clean4-messy.penny.smith.1571@example.com,Penny, Smith ,+1-messy-0001571
review-clean4-messy-CAND-01572,review-clean4-messy. lisa.turner.1572@example.com ,Lisa,Turner,+1-messy-0001572
review-clean4-messy-CAND-01573,review-clean4-messy. juan.vasquez.1573@example.com ,Juan, Vasquez ,+1-messy-0001573
review-clean4-messy-CAND-01574,review-clean4-messy.heather.garcia.1574@example.com,Heather,Garcia,+1-messy-0001574
review-clean4-messy-CAND-01575,review-clean4-messy.candidate-01575@example.com,Misty, Taylor ,+1-messy-0001575
review-clean4-messy-CAND-01576,review-clean4-messy.terri.ramos.1576@example.com,Terri, Ramos ,+1-messy-0001576
review-clean4-messy-CAND-01577,review-clean4-messy.margaret.adams.1577@example.com,Margaret,adams,+1-messy-0001577
review-clean4-messy-CAND-01578,review-clean4-messy.robert.brewer.1578@example.com,robert,Brewer,+1-messy-0001578
review-clean4-messy-CAND-01579,review-clean4-messy.jacob.lewis.1579@example.com,Jacob, Lewis ,+1-messy-0001579
review-clean4-messy-CAND-01580,review-clean4-messy.madison.figueroa.1580@example.com, Madison ,Figueroa,+1-messy-0001580
review-clean4-messy-CAND-01581,review-clean4-messy.katherine.camacho.1581@example.com,Katherine,camacho,+1-messy-0001581
review-clean4-messy-CAND-01582,review-clean4-messy.lori.robertson.1582@example.com,Lori,Robertson,+1-messy-0001582
review-clean4-messy-CAND-01583,review-clean4-messy.ERIK.COLLINS.1583@EXAMPLE.COM,Erik,Collins,+1-messy-0001583
review-clean4-messy-CAND-01584,review-clean4-messy.william.taylor.1584@example.com, William ,Taylor,+1-messy-0001584
review-clean4-messy-CAND-01585,review-clean4-messy.melissa.suarez.1585@example.com,Melissa,Suarez,+1-messy-0001585
review-clean4-messy-CAND-01586,review-clean4-messy.anthony.lee.1586@example.com, Anthony ,Lee,+1-messy-0001586
review-clean4-messy-CAND-01587,review-clean4-messy.marissa.hood.1587@example.com,marissa, Hood ,+1-messy-0001587
review-clean4-messy-CAND-01588,review-clean4-messy.john.bryant.1588@example.com,John,Bryant,+1-messy-0001588
review-clean4-messy-CAND-01589,review-clean4-messy.samantha.bush.1589@example.com,Samantha,Bush,+1-messy-0001589
review-clean4-messy-CAND-01590,review-clean4-messy.candidate-01590@example.com,joshua,Colon,+1-messy-0001590
review-clean4-messy-CAND-01591,review-clean4-messy.candidate-01591@example.com,William,Reid,+1-messy-0001591
review-clean4-messy-CAND-01592,review-clean4-messy.david.johnson.1592@example.com, David , Johnson ,+1-messy-0001592
review-clean4-messy-CAND-01593,review-clean4-messy.nathan.wheeler.1593@example.com,nathan,Wheeler,+1-messy-0001593
review-clean4-messy-CAND-01594,review-clean4-messy.gregory.harrell.1594@example.com,Gregory,Harrell,+1-messy-0001594
review-clean4-messy-CAND-01595,review-clean4-messy.brenda.bailey.1595@example.com, Brenda , Bailey ,+1-messy-0001595
review-clean4-messy-CAND-01596,review-clean4-messy.candidate-01596@example.com,Frank, Kline ,+1-messy-0001596
review-clean4-messy-CAND-01597,review-clean4-messy.candidate-01597@example.com,Kaitlyn,Barker,+1-messy-0001597
review-clean4-messy-CAND-01598,review-clean4-messy.justin.hughes.1598@example.com,Justin,Hughes,+1-messy-0001598
review-clean4-messy-CAND-01599,review-clean4-messy.candidate-01599@example.com,Frank,Armstrong,+1-messy-0001599
review-clean4-messy-CAND-01600,review-clean4-messy.tammie.vincent.1600@example.com,Tammie,Vincent,+1-messy-0001600
review-clean4-messy-CAND-01601,review-clean4-messy.deborah.byrd.1601@example.com,Deborah,Byrd,+1-messy-0001601
review-clean4-messy-CAND-01602,review-clean4-messy.joseph.ortiz.1602@example.com,Joseph,ortiz,+1-messy-0001602
review-clean4-messy-CAND-01603,review-clean4-messy.andrew.deleon.1603@example.com,Andrew,Deleon,+1-messy-0001603
review-clean4-messy-CAND-01604,review-clean4-messy.katrina.smith.1604@example.com,Katrina,smith,+1-messy-0001604
review-clean4-messy-CAND-01605,review-clean4-messy.RHONDA.HOLLAND.1605@EXAMPLE.COM,Rhonda,Holland,+1-messy-0001605
review-clean4-messy-CAND-01606,review-clean4-messy.carolyn.smith.1606@example.com,Carolyn, Smith ,+1-messy-0001606
review-clean4-messy-CAND-01607,review-clean4-messy.johnny.trujillo.1607@example.com,Johnny,Trujillo,+1-messy-0001607
review-clean4-messy-CAND-01608,review-clean4-messy.kevin.rasmussen.1608@example.com,Kevin,Rasmussen,+1-messy-0001608
review-clean4-messy-CAND-01609,review-clean4-messy.dawn.coleman.1609@example.com, Dawn ,Coleman,+1-messy-0001609
review-clean4-messy-CAND-01610,review-clean4-messy.nicholas.bailey.1610@example.com,Nicholas,Bailey,+1-messy-0001610
review-clean4-messy-CAND-01611,review-clean4-messy.JOHNATHAN.OWENS.1611@EXAMPLE.COM,Johnathan,Owens,+1-messy-0001611
review-clean4-messy-CAND-01612,review-clean4-messy.erica.holloway.1612@example.com,Erica,Holloway,+1-messy-0001612
review-clean4-messy-CAND-01613,review-clean4-messy.candidate-01613@example.com, Randy ,Garcia,+1-messy-0001613
review-clean4-messy-CAND-01614,review-clean4-messy.william.bates.1614@example.com,William,bates,+1-messy-0001614
review-clean4-messy-CAND-01615,review-clean4-messy.MEGAN.BROOKS.1615@EXAMPLE.COM,Megan,Brooks,+1-messy-0001615
review-clean4-messy-CAND-01616,review-clean4-messy.deborah.lynch.1616@example.com,Deborah,Lynch,+1-messy-0001616
review-clean4-messy-CAND-01617,review-clean4-messy.KENNETH.RODRIGUEZ.1617@EXAMPLE.COM,Kenneth,Rodriguez,+1-messy-0001617
review-clean4-messy-CAND-01618,review-clean4-messy.caleb.mcneil.1618@example.com,Caleb,Mcneil,+1-messy-0001618
review-clean4-messy-CAND-01619,review-clean4-messy.DANIELLE.HENSLEY.1619@EXAMPLE.COM,Danielle,hensley,+1-messy-0001619
review-clean4-messy-CAND-01620,review-clean4-messy.jose.dawson.1620@example.com,Jose,Dawson,+1-messy-0001620
review-clean4-messy-CAND-01621,review-clean4-messy.patricia.evans.1621@example.com,Patricia,Evans,+1-messy-0001621
review-clean4-messy-CAND-01622,review-clean4-messy.EDWARD.CANNON.1622@EXAMPLE.COM,Edward,Cannon,+1-messy-0001622
review-clean4-messy-CAND-01623,review-clean4-messy.rachel.trujillo.1623@example.com,Rachel,Trujillo,+1-messy-0001623
review-clean4-messy-CAND-01624,review-clean4-messy.candidate-01624@example.com,leah,greene,+1-messy-0001624
review-clean4-messy-CAND-01625,review-clean4-messy.donna.becker.1625@example.com,Donna,Becker,+1-messy-0001625
review-clean4-messy-CAND-01626,review-clean4-messy.jennifer.rios.1626@example.com,Jennifer, Rios ,+1-messy-0001626
review-clean4-messy-CAND-01627,review-clean4-messy.whitney.green.1627@example.com,Whitney,Green,+1-messy-0001627
review-clean4-messy-CAND-01628,review-clean4-messy.robert.price.1628@example.com,Robert,Price,+1-messy-0001628
review-clean4-messy-CAND-01629,review-clean4-messy.austin.erickson.1629@example.com,Austin, Erickson ,+1-messy-0001629
review-clean4-messy-CAND-01630,review-clean4-messy.ashley.lee.1630@example.com,Ashley, Lee ,+1-messy-0001630
review-clean4-messy-CAND-01631,review-clean4-messy.jessica.walker.1631@example.com,Jessica, Walker ,+1-messy-0001631
review-clean4-messy-CAND-01632,review-clean4-messy.amanda.glover.1632@example.com,Amanda,Glover,+1-messy-0001632
review-clean4-messy-CAND-01633,review-clean4-messy.rebecca.powers.1633@example.com,Rebecca,Powers,+1-messy-0001633
review-clean4-messy-CAND-01634,review-clean4-messy.william.bruce.1634@example.com,William,Bruce,+1-messy-0001634
review-clean4-messy-CAND-01635,review-clean4-messy.mary.walter.1635@example.com, Mary ,walter,+1-messy-0001635
review-clean4-messy-CAND-01636,review-clean4-messy.howard.davis.1636@example.com, Howard , Davis ,+1-messy-0001636
review-clean4-messy-CAND-01637,review-clean4-messy.david.green.1637@example.com,David,Green,+1-messy-0001637
review-clean4-messy-CAND-01638,review-clean4-messy.lindsey.hines.1638@example.com,Lindsey,Hines,+1-messy-0001638
review-clean4-messy-CAND-01639,review-clean4-messy.isaac.frazier.1639@example.com,Isaac,Frazier,+1-messy-0001639
review-clean4-messy-CAND-01640,review-clean4-messy.matthew.davis.1640@example.com, Matthew ,Davis,+1-messy-0001640
review-clean4-messy-CAND-01641,review-clean4-messy.michael.garner.1641@example.com,Michael,Garner,+1-messy-0001641
review-clean4-messy-CAND-01642,review-clean4-messy.kurt.french.1642@example.com,Kurt, French ,+1-messy-0001642
review-clean4-messy-CAND-01643,review-clean4-messy.mark.green.1643@example.com,Mark,Green,+1-messy-0001643
review-clean4-messy-CAND-01644,review-clean4-messy.candidate-01644@example.com,Kelly,York,+1-messy-0001644
review-clean4-messy-CAND-01645,review-clean4-messy.thomas.delacruz.1645@example.com,Thomas,Delacruz,+1-messy-0001645
review-clean4-messy-CAND-01646,review-clean4-messy.brandy.blackburn.1646@example.com,brandy,blackburn,+1-messy-0001646
review-clean4-messy-CAND-01647,review-clean4-messy. charles.preston.1647@example.com ,Charles,preston,+1-messy-0001647
review-clean4-messy-CAND-01648,review-clean4-messy.vincent.dillon.1648@example.com,Vincent,Dillon,+1-messy-0001648
review-clean4-messy-CAND-01649,review-clean4-messy.patrick.evans.1649@example.com,patrick,Evans,+1-messy-0001649
review-clean4-messy-CAND-01650,review-clean4-messy.brian.dickerson.1650@example.com,Brian,Dickerson,+1-messy-0001650
review-clean4-messy-CAND-01651,review-clean4-messy.DERRICK.GONZALEZ.1651@EXAMPLE.COM,Derrick,Gonzalez,+1-messy-0001651
review-clean4-messy-CAND-01652,review-clean4-messy.robert.hudson.1652@example.com,Robert,Hudson,+1-messy-0001652
review-clean4-messy-CAND-01653,review-clean4-messy.rebecca.ellis.1653@example.com,Rebecca,ellis,+1-messy-0001653
review-clean4-messy-CAND-01654,review-clean4-messy. leslie.baldwin.1654@example.com ,Leslie, Baldwin ,+1-messy-0001654
review-clean4-messy-CAND-01655,review-clean4-messy. kimberly.freeman.1655@example.com ,Kimberly,freeman,+1-messy-0001655
review-clean4-messy-CAND-01656,review-clean4-messy.crystal.thompson.1656@example.com, Crystal ,Thompson,+1-messy-0001656
review-clean4-messy-CAND-01657,review-clean4-messy. cynthia.smith.1657@example.com ,Cynthia,Smith,+1-messy-0001657
review-clean4-messy-CAND-01658,review-clean4-messy.joshua.juarez.1658@example.com,Joshua,Juarez,+1-messy-0001658
review-clean4-messy-CAND-01659,review-clean4-messy.gary.duran.1659@example.com,Gary,duran,+1-messy-0001659
review-clean4-messy-CAND-01660,review-clean4-messy.tracy.gallagher.1660@example.com, Tracy ,Gallagher,+1-messy-0001660
review-clean4-messy-CAND-01661,review-clean4-messy.christopher.mendez.1661@example.com,Christopher,Mendez,+1-messy-0001661
review-clean4-messy-CAND-01662,review-clean4-messy.cynthia.powell.1662@example.com, Cynthia ,Powell,+1-messy-0001662
review-clean4-messy-CAND-01663,review-clean4-messy.tammy.reyes.1663@example.com,Tammy,reyes,+1-messy-0001663
review-clean4-messy-CAND-01664,review-clean4-messy.benjamin.gonzalez.1664@example.com,Benjamin, Gonzalez ,+1-messy-0001664
review-clean4-messy-CAND-01665,review-clean4-messy.nathan.smith.1665@example.com,nathan, Smith ,+1-messy-0001665
review-clean4-messy-CAND-01666,review-clean4-messy.marco.whitaker.1666@example.com,marco,whitaker,+1-messy-0001666
review-clean4-messy-CAND-01667,review-clean4-messy.james.rhodes.1667@example.com,James,Rhodes,+1-messy-0001667
review-clean4-messy-CAND-01668,review-clean4-messy.courtney.wright.1668@example.com,Courtney,Wright,+1-messy-0001668
review-clean4-messy-CAND-01669,review-clean4-messy.heather.cooper.1669@example.com,Heather, Cooper ,+1-messy-0001669
review-clean4-messy-CAND-01670,review-clean4-messy.david.reyes.1670@example.com,David,Reyes,+1-messy-0001670
review-clean4-messy-CAND-01671,review-clean4-messy.brianna.jackson.1671@example.com,Brianna,Jackson,+1-messy-0001671
review-clean4-messy-CAND-01672,review-clean4-messy.madison.evans.1672@example.com,Madison,evans,+1-messy-0001672
review-clean4-messy-CAND-01673,review-clean4-messy.kelly.luna.1673@example.com, Kelly ,Luna,+1-messy-0001673
review-clean4-messy-CAND-01674,review-clean4-messy.caitlyn.morgan.1674@example.com,caitlyn,Morgan,+1-messy-0001674
review-clean4-messy-CAND-01675,review-clean4-messy.pamela.cowan.1675@example.com, Pamela ,Cowan,+1-messy-0001675
review-clean4-messy-CAND-01676,review-clean4-messy.matthew.valenzuela.1676@example.com,matthew,Valenzuela,+1-messy-0001676
review-clean4-messy-CAND-01677,review-clean4-messy. michael.lopez.1677@example.com ,michael,lopez,+1-messy-0001677
review-clean4-messy-CAND-01678,review-clean4-messy.stacy.hull.1678@example.com,Stacy,hull,+1-messy-0001678
review-clean4-messy-CAND-01679,review-clean4-messy.richard.perez.1679@example.com,Richard,Perez,+1-messy-0001679
review-clean4-messy-CAND-01680,review-clean4-messy.jessica.anderson.1680@example.com,Jessica,anderson,+1-messy-0001680
review-clean4-messy-CAND-01681,review-clean4-messy. jessica.lawrence.1681@example.com ,Jessica,lawrence,+1-messy-0001681
review-clean4-messy-CAND-01682,review-clean4-messy.gary.richardson.1682@example.com, Gary ,Richardson,+1-messy-0001682
review-clean4-messy-CAND-01683,review-clean4-messy.debra.johnson.1683@example.com,Debra,Johnson,+1-messy-0001683
review-clean4-messy-CAND-01684,review-clean4-messy.nancy.scott.1684@example.com,Nancy,Scott,+1-messy-0001684
review-clean4-messy-CAND-01685,review-clean4-messy.amanda.williams.1685@example.com,Amanda,Williams,+1-messy-0001685
review-clean4-messy-CAND-01686,review-clean4-messy.virginia.stanley.1686@example.com,Virginia,Stanley,+1-messy-0001686
review-clean4-messy-CAND-01687,review-clean4-messy. desiree.smith.1687@example.com ,Desiree,Smith,+1-messy-0001687
review-clean4-messy-CAND-01688,review-clean4-messy.hannah.butler.1688@example.com,Hannah,Butler,+1-messy-0001688
review-clean4-messy-CAND-01689,review-clean4-messy.omar.kelley.1689@example.com,Omar,Kelley,+1-messy-0001689
review-clean4-messy-CAND-01690,review-clean4-messy.THOMAS.HERNANDEZ.1690@EXAMPLE.COM,thomas,Hernandez,+1-messy-0001690
review-clean4-messy-CAND-01691,review-clean4-messy.heather.mccoy.1691@example.com,Heather, Mccoy ,+1-messy-0001691
review-clean4-messy-CAND-01692,review-clean4-messy.kevin.stanley.1692@example.com,Kevin,Stanley,+1-messy-0001692
review-clean4-messy-CAND-01693,review-clean4-messy. elaine.nelson.1693@example.com , Elaine , Nelson ,+1-messy-0001693
review-clean4-messy-CAND-01694,review-clean4-messy.catherine.taylor.1694@example.com, Catherine ,taylor,+1-messy-0001694
review-clean4-messy-CAND-01695,review-clean4-messy.candidate-01695@example.com,Maria, Garcia ,+1-messy-0001695
review-clean4-messy-CAND-01696,review-clean4-messy.jennifer.wilson.1696@example.com,Jennifer,wilson,+1-messy-0001696
review-clean4-messy-CAND-01697,review-clean4-messy. daniel.rodriguez.1697@example.com ,Daniel,Rodriguez,+1-messy-0001697
review-clean4-messy-CAND-01698,review-clean4-messy.james.gonzalez.1698@example.com,James,gonzalez,+1-messy-0001698
review-clean4-messy-CAND-01699,review-clean4-messy.jose.mills.1699@example.com,Jose,Mills,+1-messy-0001699
review-clean4-messy-CAND-01700,review-clean4-messy.james.warner.1700@example.com, James ,warner,+1-messy-0001700
review-clean4-messy-CAND-01701,review-clean4-messy. kenneth.williams.1701@example.com ,Kenneth,Williams,+1-messy-0001701
review-clean4-messy-CAND-01702,review-clean4-messy.tyler.clark.1702@example.com, Tyler , Clark ,+1-messy-0001702
review-clean4-messy-CAND-01703,review-clean4-messy.candidate-01703@example.com,Sarah,Rivera,+1-messy-0001703
review-clean4-messy-CAND-01704,review-clean4-messy.aaron.powers.1704@example.com,Aaron,powers,+1-messy-0001704
review-clean4-messy-CAND-01705,review-clean4-messy.REBECCA.CONLEY.1705@EXAMPLE.COM, Rebecca ,Conley,+1-messy-0001705
review-clean4-messy-CAND-01706,review-clean4-messy.elizabeth.hernandez.1706@example.com,Elizabeth,Hernandez,+1-messy-0001706
review-clean4-messy-CAND-01707,review-clean4-messy.CHRISTOPHER.HUNT.1707@EXAMPLE.COM,Christopher,hunt,+1-messy-0001707
review-clean4-messy-CAND-01708,review-clean4-messy.jennifer.garcia.1708@example.com,Jennifer,Garcia,+1-messy-0001708
review-clean4-messy-CAND-01709,review-clean4-messy.candidate-01709@example.com,Jonathan,Hall,+1-messy-0001709
review-clean4-messy-CAND-01710,review-clean4-messy.vanessa.phillips.1710@example.com,Vanessa,Phillips,+1-messy-0001710
review-clean4-messy-CAND-01711,review-clean4-messy.steven.garcia.1711@example.com, Steven ,Garcia,+1-messy-0001711
review-clean4-messy-CAND-01712,review-clean4-messy. gregg.williams.1712@example.com ,Gregg, Williams ,+1-messy-0001712
review-clean4-messy-CAND-01713,review-clean4-messy.kelly.solis.1713@example.com,Kelly,Solis,+1-messy-0001713
review-clean4-messy-CAND-01714,review-clean4-messy.larry.rodgers.1714@example.com,Larry,Rodgers,+1-messy-0001714
review-clean4-messy-CAND-01715,review-clean4-messy.cody.chang.1715@example.com,Cody,Chang,+1-messy-0001715
review-clean4-messy-CAND-01716,review-clean4-messy.brandon.christian.1716@example.com, Brandon ,Christian,+1-messy-0001716
review-clean4-messy-CAND-01717,review-clean4-messy.elizabeth.jackson.1717@example.com,Elizabeth,Jackson,+1-messy-0001717
review-clean4-messy-CAND-01718,review-clean4-messy.michael.kim.1718@example.com,Michael,Kim,+1-messy-0001718
review-clean4-messy-CAND-01719,review-clean4-messy. christy.johns.1719@example.com , Christy ,Johns,+1-messy-0001719
review-clean4-messy-CAND-01720,review-clean4-messy.christopher.briggs.1720@example.com,Christopher,Briggs,+1-messy-0001720
review-clean4-messy-CAND-01721,review-clean4-messy.ian.morales.1721@example.com,Ian, Morales ,+1-messy-0001721
review-clean4-messy-CAND-01722,review-clean4-messy. suzanne.nelson.1722@example.com , Suzanne ,Nelson,+1-messy-0001722
review-clean4-messy-CAND-01723,review-clean4-messy.paul.jefferson.1723@example.com,paul, Jefferson ,+1-messy-0001723
review-clean4-messy-CAND-01724,review-clean4-messy.candidate-01724@example.com,Lauren,Banks,+1-messy-0001724
review-clean4-messy-CAND-01725,review-clean4-messy.laura.wilson.1725@example.com,Laura,Wilson,+1-messy-0001725
review-clean4-messy-CAND-01726,review-clean4-messy.candidate-01726@example.com,heather, Brown ,+1-messy-0001726
review-clean4-messy-CAND-01727,review-clean4-messy.sherri.moore.1727@example.com,sherri,Moore,+1-messy-0001727
review-clean4-messy-CAND-01728,review-clean4-messy.robert.garza.1728@example.com,Robert,garza,+1-messy-0001728
review-clean4-messy-CAND-01729,review-clean4-messy.leah.gregory.1729@example.com,Leah,Gregory,+1-messy-0001729
review-clean4-messy-CAND-01730,review-clean4-messy. howard.james.1730@example.com ,Howard,James,+1-messy-0001730
review-clean4-messy-CAND-01731,review-clean4-messy. michael.johnson.1731@example.com ,Michael,Johnson,+1-messy-0001731
review-clean4-messy-CAND-01732,review-clean4-messy.gabrielle.roberson.1732@example.com,Gabrielle,roberson,+1-messy-0001732
review-clean4-messy-CAND-01733,review-clean4-messy.TERESA.ANDERSON.1733@EXAMPLE.COM, Teresa ,Anderson,+1-messy-0001733
review-clean4-messy-CAND-01734,review-clean4-messy.candidate-01734@example.com,Samantha,Rodriguez,+1-messy-0001734
review-clean4-messy-CAND-01735,review-clean4-messy. robert.williams.1735@example.com ,robert,Williams,+1-messy-0001735
review-clean4-messy-CAND-01736,review-clean4-messy.JOSE.EDWARDS.1736@EXAMPLE.COM,Jose,Edwards,+1-messy-0001736
review-clean4-messy-CAND-01737,review-clean4-messy. janet.gregory.1737@example.com , Janet ,gregory,+1-messy-0001737
review-clean4-messy-CAND-01738,review-clean4-messy.katrina.ray.1738@example.com,Katrina,Ray,+1-messy-0001738
review-clean4-messy-CAND-01739,review-clean4-messy.annette.levine.1739@example.com,Annette,Levine,+1-messy-0001739
review-clean4-messy-CAND-01740,review-clean4-messy.elizabeth.morgan.1740@example.com,Elizabeth, Morgan ,+1-messy-0001740
review-clean4-messy-CAND-01741,review-clean4-messy.candidate-01741@example.com,Alexandra,Haynes,+1-messy-0001741
review-clean4-messy-CAND-01742,review-clean4-messy.cody.stanley.1742@example.com, Cody ,Stanley,+1-messy-0001742
review-clean4-messy-CAND-01743,review-clean4-messy.JOHN.REED.1743@EXAMPLE.COM,John,Reed,+1-messy-0001743
review-clean4-messy-CAND-01744,review-clean4-messy.erica.cruz.1744@example.com,Erica, Cruz ,+1-messy-0001744
review-clean4-messy-CAND-01745,review-clean4-messy.mary.grant.1745@example.com, Mary ,Grant,+1-messy-0001745
review-clean4-messy-CAND-01746,review-clean4-messy.vanessa.brown.1746@example.com,Vanessa,Brown,+1-messy-0001746
review-clean4-messy-CAND-01747,review-clean4-messy.dawn.moore.1747@example.com,Dawn,Moore,+1-messy-0001747
review-clean4-messy-CAND-01748,review-clean4-messy.melinda.christian.1748@example.com, Melinda ,Christian,+1-messy-0001748
review-clean4-messy-CAND-01749,review-clean4-messy.molly.jones.1749@example.com,Molly,Jones,+1-messy-0001749
review-clean4-messy-CAND-01750,review-clean4-messy.travis.allen.1750@example.com, Travis ,allen,+1-messy-0001750
review-clean4-messy-CAND-01751,review-clean4-messy.tara.williams.1751@example.com,Tara,Williams,+1-messy-0001751
review-clean4-messy-CAND-01752,review-clean4-messy.jeffrey.schneider.1752@example.com, Jeffrey ,Schneider,+1-messy-0001752
review-clean4-messy-CAND-01753,review-clean4-messy.richard.young.1753@example.com,Richard,Young,+1-messy-0001753
review-clean4-messy-CAND-01754,review-clean4-messy.candidate-01754@example.com, Stephen ,Solis,+1-messy-0001754
review-clean4-messy-CAND-01755,review-clean4-messy.SHANE.GATES.1755@EXAMPLE.COM,Shane,Gates,+1-messy-0001755
review-clean4-messy-CAND-01756,review-clean4-messy.sergio.wilson.1756@example.com,Sergio,wilson,+1-messy-0001756
review-clean4-messy-CAND-01757,review-clean4-messy.TYLER.VALDEZ.1757@EXAMPLE.COM,Tyler,Valdez,+1-messy-0001757
review-clean4-messy-CAND-01758,review-clean4-messy. curtis.gutierrez.1758@example.com ,Curtis, Gutierrez ,+1-messy-0001758
review-clean4-messy-CAND-01759,review-clean4-messy.candidate-01759@example.com,Angela,Smith,+1-messy-0001759
review-clean4-messy-CAND-01760,review-clean4-messy.christopher.munoz.1760@example.com,Christopher,Munoz,+1-messy-0001760
review-clean4-messy-CAND-01761,review-clean4-messy. christine.torres.1761@example.com ,Christine,Torres,+1-messy-0001761
review-clean4-messy-CAND-01762,review-clean4-messy.william.clark.1762@example.com,William,Clark,+1-messy-0001762
review-clean4-messy-CAND-01763,review-clean4-messy.emily.clements.1763@example.com,Emily,clements,+1-messy-0001763
review-clean4-messy-CAND-01764,review-clean4-messy.michael.brown.1764@example.com,Michael,Brown,+1-messy-0001764
review-clean4-messy-CAND-01765,review-clean4-messy.jeffrey.gibson.1765@example.com, Jeffrey , Gibson ,+1-messy-0001765
review-clean4-messy-CAND-01766,review-clean4-messy.ann.harvey.1766@example.com, Ann ,Harvey,+1-messy-0001766
review-clean4-messy-CAND-01767,review-clean4-messy.thomas.sandoval.1767@example.com,Thomas,Sandoval,+1-messy-0001767
review-clean4-messy-CAND-01768,review-clean4-messy.jennifer.wilson.1768@example.com,Jennifer, Wilson ,+1-messy-0001768
review-clean4-messy-CAND-01769,review-clean4-messy.KATHERINE.WALKER.1769@EXAMPLE.COM,Katherine,Walker,+1-messy-0001769
review-clean4-messy-CAND-01770,review-clean4-messy.candidate-01770@example.com,Matthew, Gallegos ,+1-messy-0001770
review-clean4-messy-CAND-01771,review-clean4-messy.candidate-01771@example.com,Tamara,Carter,+1-messy-0001771
review-clean4-messy-CAND-01772,review-clean4-messy.alejandra.park.1772@example.com, Alejandra ,Park,+1-messy-0001772
review-clean4-messy-CAND-01773,review-clean4-messy.brandon.martin.1773@example.com,Brandon, Martin ,+1-messy-0001773
review-clean4-messy-CAND-01774,review-clean4-messy.donald.love.1774@example.com,Donald,love,+1-messy-0001774
review-clean4-messy-CAND-01775,review-clean4-messy.jennifer.rodriguez.1775@example.com,Jennifer,Rodriguez,+1-messy-0001775
review-clean4-messy-CAND-01776,review-clean4-messy.cheryl.lopez.1776@example.com,Cheryl,lopez,+1-messy-0001776
review-clean4-messy-CAND-01777,review-clean4-messy.SARAH.LONG.1777@EXAMPLE.COM,Sarah,Long,+1-messy-0001777
review-clean4-messy-CAND-01778,review-clean4-messy. stephen.harrington.1778@example.com , Stephen ,Harrington,+1-messy-0001778
review-clean4-messy-CAND-01779,review-clean4-messy. jennifer.rodriguez.1779@example.com ,Jennifer,rodriguez,+1-messy-0001779
review-clean4-messy-CAND-01780,review-clean4-messy.candidate-01780@example.com,Robert,House,+1-messy-0001780
review-clean4-messy-CAND-01781,review-clean4-messy.candidate-01781@example.com,mary,chapman,+1-messy-0001781
review-clean4-messy-CAND-01782,review-clean4-messy.kelsey.hayes.1782@example.com,Kelsey, Hayes ,+1-messy-0001782
review-clean4-messy-CAND-01783,review-clean4-messy.dominique.blanchard.1783@example.com,Dominique,Blanchard,+1-messy-0001783
review-clean4-messy-CAND-01784,review-clean4-messy.dennis.porter.1784@example.com,Dennis,Porter,+1-messy-0001784
review-clean4-messy-CAND-01785,review-clean4-messy.alyssa.williams.1785@example.com,Alyssa,Williams,+1-messy-0001785
review-clean4-messy-CAND-01786,review-clean4-messy.savannah.roberson.1786@example.com,Savannah,Roberson,+1-messy-0001786
review-clean4-messy-CAND-01787,review-clean4-messy.timothy.romero.1787@example.com,Timothy,Romero,+1-messy-0001787
review-clean4-messy-CAND-01788,review-clean4-messy.samantha.thompson.1788@example.com,Samantha,Thompson,+1-messy-0001788
review-clean4-messy-CAND-01789,review-clean4-messy.beth.cross.1789@example.com,Beth,Cross,+1-messy-0001789
review-clean4-messy-CAND-01790,review-clean4-messy.david.hughes.1790@example.com,David,Hughes,+1-messy-0001790
review-clean4-messy-CAND-01791,review-clean4-messy.caroline.andrade.1791@example.com,Caroline,Andrade,+1-messy-0001791
review-clean4-messy-CAND-01792,review-clean4-messy.william.cruz.1792@example.com,William,Cruz,+1-messy-0001792
review-clean4-messy-CAND-01793,review-clean4-messy.tiffany.moon.1793@example.com,tiffany,moon,+1-messy-0001793
review-clean4-messy-CAND-01794,review-clean4-messy.kathryn.hill.1794@example.com,Kathryn,Hill,+1-messy-0001794
review-clean4-messy-CAND-01795,review-clean4-messy.tamara.waller.1795@example.com,tamara,waller,+1-messy-0001795
review-clean4-messy-CAND-01796,review-clean4-messy. shawn.anderson.1796@example.com ,Shawn,Anderson,+1-messy-0001796
review-clean4-messy-CAND-01797,review-clean4-messy.robert.graves.1797@example.com,Robert,Graves,+1-messy-0001797
review-clean4-messy-CAND-01798,review-clean4-messy.kaitlyn.evans.1798@example.com,Kaitlyn,Evans,+1-messy-0001798
review-clean4-messy-CAND-01799,review-clean4-messy.jacqueline.valencia.1799@example.com,Jacqueline,Valencia,+1-messy-0001799
review-clean4-messy-CAND-01800,review-clean4-messy. jennifer.walls.1800@example.com ,Jennifer,Walls,+1-messy-0001800
review-clean4-messy-CAND-01801,review-clean4-messy.cynthia.harris.1801@example.com,cynthia,Harris,+1-messy-0001801
review-clean4-messy-CAND-01802,review-clean4-messy. claudia.roberts.1802@example.com ,Claudia,roberts,+1-messy-0001802
review-clean4-messy-CAND-01803,review-clean4-messy.michael.chambers.1803@example.com, Michael ,Chambers,+1-messy-0001803
review-clean4-messy-CAND-01804,review-clean4-messy.tina.santos.1804@example.com,tina, Santos ,+1-messy-0001804
review-clean4-messy-CAND-01805,review-clean4-messy. susan.gordon.1805@example.com ,Susan,gordon,+1-messy-0001805
review-clean4-messy-CAND-01806,review-clean4-messy. heather.morris.1806@example.com ,Heather,Morris,+1-messy-0001806
review-clean4-messy-CAND-01807,review-clean4-messy.darrell.bell.1807@example.com,Darrell,Bell,+1-messy-0001807
review-clean4-messy-CAND-01808,review-clean4-messy.timothy.duncan.1808@example.com,Timothy, Duncan ,+1-messy-0001808
review-clean4-messy-CAND-01809,review-clean4-messy.elizabeth.butler.1809@example.com,Elizabeth,Butler,+1-messy-0001809
review-clean4-messy-CAND-01810,review-clean4-messy.candidate-01810@example.com,julie,Skinner,+1-messy-0001810
review-clean4-messy-CAND-01811,review-clean4-messy.justin.boone.1811@example.com,Justin,Boone,+1-messy-0001811
review-clean4-messy-CAND-01812,review-clean4-messy.lindsey.mills.1812@example.com, Lindsey ,Mills,+1-messy-0001812
review-clean4-messy-CAND-01813,review-clean4-messy.candidate-01813@example.com, Anthony , Thomas ,+1-messy-0001813
review-clean4-messy-CAND-01814,review-clean4-messy.candidate-01814@example.com, Ellen ,gonzalez,+1-messy-0001814
review-clean4-messy-CAND-01815,review-clean4-messy.karen.martin.1815@example.com,Karen,Martin,+1-messy-0001815
review-clean4-messy-CAND-01816,review-clean4-messy.justin.king.1816@example.com,Justin,King,+1-messy-0001816
review-clean4-messy-CAND-01817,review-clean4-messy. mary.vaughn.1817@example.com ,mary, Vaughn ,+1-messy-0001817
review-clean4-messy-CAND-01818,review-clean4-messy.kenneth.molina.1818@example.com, Kenneth ,molina,+1-messy-0001818
review-clean4-messy-CAND-01819,review-clean4-messy.antonio.cervantes.1819@example.com,antonio,Cervantes,+1-messy-0001819
review-clean4-messy-CAND-01820,review-clean4-messy.curtis.parrish.1820@example.com,curtis,Parrish,+1-messy-0001820
review-clean4-messy-CAND-01821,review-clean4-messy.candidate-01821@example.com,Jodi,Hancock,+1-messy-0001821
review-clean4-messy-CAND-01822,review-clean4-messy.julia.hoffman.1822@example.com,Julia,Hoffman,+1-messy-0001822
review-clean4-messy-CAND-01823,review-clean4-messy.john.mueller.1823@example.com,John,Mueller,+1-messy-0001823
review-clean4-messy-CAND-01824,review-clean4-messy.lauren.roberts.1824@example.com,Lauren,Roberts,+1-messy-0001824
review-clean4-messy-CAND-01825,review-clean4-messy. elizabeth.house.1825@example.com ,Elizabeth,house,+1-messy-0001825
review-clean4-messy-CAND-01826,review-clean4-messy. paul.frye.1826@example.com ,paul,Frye,+1-messy-0001826
review-clean4-messy-CAND-01827,review-clean4-messy.theresa.edwards.1827@example.com,Theresa,edwards,+1-messy-0001827
review-clean4-messy-CAND-01828,review-clean4-messy.andrea.smith.1828@example.com,Andrea, Smith ,+1-messy-0001828
review-clean4-messy-CAND-01829,review-clean4-messy.john.oliver.1829@example.com,John,Oliver,+1-messy-0001829
review-clean4-messy-CAND-01830,review-clean4-messy.kimberly.berg.1830@example.com,Kimberly,Berg,+1-messy-0001830
review-clean4-messy-CAND-01831,review-clean4-messy.maria.pruitt.1831@example.com,Maria,pruitt,+1-messy-0001831
review-clean4-messy-CAND-01832,review-clean4-messy.JANET.HOLLAND.1832@EXAMPLE.COM,Janet,holland,+1-messy-0001832
review-clean4-messy-CAND-01833,review-clean4-messy.kari.payne.1833@example.com,kari,Payne,+1-messy-0001833
review-clean4-messy-CAND-01834,review-clean4-messy. carrie.parsons.1834@example.com ,Carrie,parsons,+1-messy-0001834
review-clean4-messy-CAND-01835,review-clean4-messy.tamara.phillips.1835@example.com,Tamara,Phillips,+1-messy-0001835
review-clean4-messy-CAND-01836,review-clean4-messy.gregory.fleming.1836@example.com,Gregory, Fleming ,+1-messy-0001836
review-clean4-messy-CAND-01837,review-clean4-messy.candidate-01837@example.com, Jacob , Thompson ,+1-messy-0001837
review-clean4-messy-CAND-01838,review-clean4-messy.willie.bennett.1838@example.com,willie,Bennett,+1-messy-0001838
review-clean4-messy-CAND-01839,review-clean4-messy.roy.hawkins.1839@example.com,Roy,Hawkins,+1-messy-0001839
review-clean4-messy-CAND-01840,review-clean4-messy.david.silva.1840@example.com,David,Silva,+1-messy-0001840
review-clean4-messy-CAND-01841,review-clean4-messy.jonathan.rivera.1841@example.com,Jonathan,Rivera,+1-messy-0001841
review-clean4-messy-CAND-01842,review-clean4-messy.candidate-01842@example.com, Jenna ,Moore,+1-messy-0001842
review-clean4-messy-CAND-01843,review-clean4-messy.eric.morris.1843@example.com,Eric,Morris,+1-messy-0001843
review-clean4-messy-CAND-01844,review-clean4-messy.brent.randolph.1844@example.com,brent,randolph,+1-messy-0001844
review-clean4-messy-CAND-01845,review-clean4-messy.CHRISTINA.STANLEY.1845@EXAMPLE.COM,Christina,Stanley,+1-messy-0001845
review-clean4-messy-CAND-01846,review-clean4-messy.tracy.armstrong.1846@example.com,Tracy,armstrong,+1-messy-0001846
review-clean4-messy-CAND-01847,review-clean4-messy.michael.bowers.1847@example.com,Michael, Bowers ,+1-messy-0001847
review-clean4-messy-CAND-01848,review-clean4-messy.louis.robinson.1848@example.com,Louis,robinson,+1-messy-0001848
review-clean4-messy-CAND-01849,review-clean4-messy.ivan.jones.1849@example.com,Ivan,Jones,+1-messy-0001849
review-clean4-messy-CAND-01850,review-clean4-messy.william.perry.1850@example.com,William,Perry,+1-messy-0001850
review-clean4-messy-CAND-01851,review-clean4-messy. amanda.davis.1851@example.com ,amanda,davis,+1-messy-0001851
review-clean4-messy-CAND-01852,review-clean4-messy.jeffrey.lewis.1852@example.com,Jeffrey,Lewis,+1-messy-0001852
review-clean4-messy-CAND-01853,review-clean4-messy.martin.ward.1853@example.com,Martin,Ward,+1-messy-0001853
review-clean4-messy-CAND-01854,review-clean4-messy.jeffery.goodwin.1854@example.com,jeffery,Goodwin,+1-messy-0001854
review-clean4-messy-CAND-01855,review-clean4-messy.alyssa.barajas.1855@example.com,Alyssa,Barajas,+1-messy-0001855
review-clean4-messy-CAND-01856,review-clean4-messy.madison.zavala.1856@example.com,Madison,Zavala,+1-messy-0001856
review-clean4-messy-CAND-01857,review-clean4-messy.ALAN.CALDWELL.1857@EXAMPLE.COM,Alan,Caldwell,+1-messy-0001857
review-clean4-messy-CAND-01858,review-clean4-messy.sean.conway.1858@example.com,Sean,Conway,+1-messy-0001858
review-clean4-messy-CAND-01859,review-clean4-messy. christina.oliver.1859@example.com ,Christina,Oliver,+1-messy-0001859
review-clean4-messy-CAND-01860,review-clean4-messy.susan.fleming.1860@example.com,Susan,Fleming,+1-messy-0001860
review-clean4-messy-CAND-01861,review-clean4-messy.manuel.moon.1861@example.com, Manuel ,moon,+1-messy-0001861
review-clean4-messy-CAND-01862,review-clean4-messy.sierra.cruz.1862@example.com, Sierra ,Cruz,+1-messy-0001862
review-clean4-messy-CAND-01863,review-clean4-messy.amber.campbell.1863@example.com,amber,Campbell,+1-messy-0001863
review-clean4-messy-CAND-01864,review-clean4-messy.candidate-01864@example.com,Rhonda,Short,+1-messy-0001864
review-clean4-messy-CAND-01865,review-clean4-messy.nicholas.lang.1865@example.com,Nicholas,Lang,+1-messy-0001865
review-clean4-messy-CAND-01866,review-clean4-messy.candidate-01866@example.com, Sean ,Williams,+1-messy-0001866
review-clean4-messy-CAND-01867,review-clean4-messy.rachel.lee.1867@example.com,Rachel,Lee,+1-messy-0001867
review-clean4-messy-CAND-01868,review-clean4-messy.willie.vaughan.1868@example.com,willie, Vaughan ,+1-messy-0001868
review-clean4-messy-CAND-01869,review-clean4-messy. gary.huber.1869@example.com ,Gary,Huber,+1-messy-0001869
review-clean4-messy-CAND-01870,review-clean4-messy.amanda.smith.1870@example.com, Amanda ,smith,+1-messy-0001870
review-clean4-messy-CAND-01871,review-clean4-messy.cameron.santiago.1871@example.com,Cameron,Santiago,+1-messy-0001871
review-clean4-messy-CAND-01872,review-clean4-messy.kim.hancock.1872@example.com,Kim,Hancock,+1-messy-0001872
review-clean4-messy-CAND-01873,review-clean4-messy.roger.garcia.1873@example.com,Roger,garcia,+1-messy-0001873
review-clean4-messy-CAND-01874,review-clean4-messy. amanda.park.1874@example.com ,Amanda, Park ,+1-messy-0001874
review-clean4-messy-CAND-01875,review-clean4-messy.theresa.rowe.1875@example.com,Theresa,Rowe,+1-messy-0001875
review-clean4-messy-CAND-01876,review-clean4-messy. deborah.case.1876@example.com ,Deborah,Case,+1-messy-0001876
review-clean4-messy-CAND-01877,review-clean4-messy.julie.hernandez.1877@example.com,julie, Hernandez ,+1-messy-0001877
review-clean4-messy-CAND-01878,review-clean4-messy. stephen.rivera.1878@example.com ,Stephen,Rivera,+1-messy-0001878
review-clean4-messy-CAND-01879,review-clean4-messy.candidate-01879@example.com,Christopher,Brown,+1-messy-0001879
review-clean4-messy-CAND-01880,review-clean4-messy.laura.grant.1880@example.com,Laura,Grant,+1-messy-0001880
review-clean4-messy-CAND-01881,review-clean4-messy.bailey.perez.1881@example.com,Bailey,Perez,+1-messy-0001881
review-clean4-messy-CAND-01882,review-clean4-messy.jonathan.hughes.1882@example.com,Jonathan, Hughes ,+1-messy-0001882
review-clean4-messy-CAND-01883,review-clean4-messy.crystal.hamilton.1883@example.com,Crystal,Hamilton,+1-messy-0001883
review-clean4-messy-CAND-01884,review-clean4-messy.andre.nunez.1884@example.com,Andre, Nunez ,+1-messy-0001884
review-clean4-messy-CAND-01885,review-clean4-messy.amanda.may.1885@example.com,Amanda,May,+1-messy-0001885
review-clean4-messy-CAND-01886,review-clean4-messy. christine.avila.1886@example.com ,Christine,Avila,+1-messy-0001886
review-clean4-messy-CAND-01887,review-clean4-messy. brenda.haynes.1887@example.com , Brenda ,Haynes,+1-messy-0001887
review-clean4-messy-CAND-01888,review-clean4-messy.charles.reilly.1888@example.com,Charles,reilly,+1-messy-0001888
review-clean4-messy-CAND-01889,review-clean4-messy.daniel.buchanan.1889@example.com,Daniel, Buchanan ,+1-messy-0001889
review-clean4-messy-CAND-01890,review-clean4-messy.KEVIN.MILLER.1890@EXAMPLE.COM,Kevin,Miller,+1-messy-0001890
review-clean4-messy-CAND-01891,review-clean4-messy.kathy.kim.1891@example.com, Kathy ,Kim,+1-messy-0001891
review-clean4-messy-CAND-01892,review-clean4-messy. randall.guerrero.1892@example.com , Randall ,Guerrero,+1-messy-0001892
review-clean4-messy-CAND-01893,review-clean4-messy.thomas.ferguson.1893@example.com,Thomas,Ferguson,+1-messy-0001893
review-clean4-messy-CAND-01894,review-clean4-messy. derek.myers.1894@example.com ,Derek,Myers,+1-messy-0001894
review-clean4-messy-CAND-01895,review-clean4-messy.lauren.gardner.1895@example.com,Lauren,Gardner,+1-messy-0001895
review-clean4-messy-CAND-01896,review-clean4-messy. susan.thomas.1896@example.com ,Susan, Thomas ,+1-messy-0001896
review-clean4-messy-CAND-01897,review-clean4-messy.erica.sloan.1897@example.com,Erica,sloan,+1-messy-0001897
review-clean4-messy-CAND-01898,review-clean4-messy.laura.daniel.1898@example.com,Laura,Daniel,+1-messy-0001898
review-clean4-messy-CAND-01899,review-clean4-messy.nathan.herring.1899@example.com,Nathan,Herring,+1-messy-0001899
review-clean4-messy-CAND-01900,review-clean4-messy.angela.peters.1900@example.com,Angela, Peters ,+1-messy-0001900
review-clean4-messy-CAND-01901,review-clean4-messy.david.smith.1901@example.com,David,Smith,+1-messy-0001901
review-clean4-messy-CAND-01902,review-clean4-messy.candice.medina.1902@example.com,Candice,Medina,+1-messy-0001902
review-clean4-messy-CAND-01903,review-clean4-messy.stacey.torres.1903@example.com,Stacey,Torres,+1-messy-0001903
review-clean4-messy-CAND-01904,review-clean4-messy.kaitlin.berger.1904@example.com,Kaitlin,Berger,+1-messy-0001904
review-clean4-messy-CAND-01905,review-clean4-messy.maurice.gutierrez.1905@example.com,maurice, Gutierrez ,+1-messy-0001905
review-clean4-messy-CAND-01906,review-clean4-messy.debbie.hunt.1906@example.com,Debbie, Hunt ,+1-messy-0001906
review-clean4-messy-CAND-01907,review-clean4-messy.eugene.walker.1907@example.com,Eugene,Walker,+1-messy-0001907
review-clean4-messy-CAND-01908,review-clean4-messy.candidate-01908@example.com,Mary,Lee,+1-messy-0001908
review-clean4-messy-CAND-01909,review-clean4-messy. howard.marsh.1909@example.com ,Howard,marsh,+1-messy-0001909
review-clean4-messy-CAND-01910,review-clean4-messy.melissa.york.1910@example.com,Melissa,York,+1-messy-0001910
review-clean4-messy-CAND-01911,review-clean4-messy.SARAH.GAMBLE.1911@EXAMPLE.COM, Sarah ,Gamble,+1-messy-0001911
review-clean4-messy-CAND-01912,review-clean4-messy.steven.dunn.1912@example.com,steven,Dunn,+1-messy-0001912
review-clean4-messy-CAND-01913,review-clean4-messy.kelly.jones.1913@example.com,Kelly, Jones ,+1-messy-0001913
review-clean4-messy-CAND-01914,review-clean4-messy.COREY.SWANSON.1914@EXAMPLE.COM,Corey,Swanson,+1-messy-0001914
review-clean4-messy-CAND-01915,review-clean4-messy.tony.rivera.1915@example.com,Tony,rivera,+1-messy-0001915
review-clean4-messy-CAND-01916,review-clean4-messy.candidate-01916@example.com,David, Rios ,+1-messy-0001916
review-clean4-messy-CAND-01917,review-clean4-messy.craig.harvey.1917@example.com,Craig, Harvey ,+1-messy-0001917
review-clean4-messy-CAND-01918,review-clean4-messy.RACHEL.STEWART.1918@EXAMPLE.COM,Rachel,Stewart,+1-messy-0001918
review-clean4-messy-CAND-01919,review-clean4-messy.SHANNON.JENSEN.1919@EXAMPLE.COM,shannon,Jensen,+1-messy-0001919
review-clean4-messy-CAND-01920,review-clean4-messy. kevin.silva.1920@example.com ,Kevin,Silva,+1-messy-0001920
review-clean4-messy-CAND-01921,review-clean4-messy.ariana.diaz.1921@example.com,Ariana,Diaz,+1-messy-0001921
review-clean4-messy-CAND-01922,review-clean4-messy.leslie.patterson.1922@example.com,Leslie, Patterson ,+1-messy-0001922
review-clean4-messy-CAND-01923,review-clean4-messy.adam.sanchez.1923@example.com,Adam, Sanchez ,+1-messy-0001923
review-clean4-messy-CAND-01924,review-clean4-messy.jeffrey.singh.1924@example.com,Jeffrey,Singh,+1-messy-0001924
review-clean4-messy-CAND-01925,review-clean4-messy.ryan.larsen.1925@example.com, Ryan ,Larsen,+1-messy-0001925
review-clean4-messy-CAND-01926,review-clean4-messy.dennis.quinn.1926@example.com,Dennis,Quinn,+1-messy-0001926
review-clean4-messy-CAND-01927,review-clean4-messy.natalie.ford.1927@example.com, Natalie , Ford ,+1-messy-0001927
review-clean4-messy-CAND-01928,review-clean4-messy.MICHAEL.TORRES.1928@EXAMPLE.COM,Michael,torres,+1-messy-0001928
review-clean4-messy-CAND-01929,review-clean4-messy.andrea.thompson.1929@example.com,Andrea, Thompson ,+1-messy-0001929
review-clean4-messy-CAND-01930,review-clean4-messy.catherine.wilkinson.1930@example.com,Catherine,Wilkinson,+1-messy-0001930
review-clean4-messy-CAND-01931,review-clean4-messy.michele.taylor.1931@example.com,michele, Taylor ,+1-messy-0001931
review-clean4-messy-CAND-01932,review-clean4-messy.amanda.baker.1932@example.com,Amanda,Baker,+1-messy-0001932
review-clean4-messy-CAND-01933,review-clean4-messy.olivia.jones.1933@example.com,Olivia,Jones,+1-messy-0001933
review-clean4-messy-CAND-01934,review-clean4-messy.charles.smith.1934@example.com,charles,Smith,+1-messy-0001934
review-clean4-messy-CAND-01935,review-clean4-messy.william.johnson.1935@example.com,William,Johnson,+1-messy-0001935
review-clean4-messy-CAND-01936,review-clean4-messy.BONNIE.SULLIVAN.1936@EXAMPLE.COM, Bonnie ,Sullivan,+1-messy-0001936
review-clean4-messy-CAND-01937,review-clean4-messy.brittany.escobar.1937@example.com,Brittany,Escobar,+1-messy-0001937
review-clean4-messy-CAND-01938,review-clean4-messy.andrea.stephens.1938@example.com,Andrea,Stephens,+1-messy-0001938
review-clean4-messy-CAND-01939,review-clean4-messy.yolanda.kennedy.1939@example.com,yolanda,Kennedy,+1-messy-0001939
review-clean4-messy-CAND-01940,review-clean4-messy.kimberly.diaz.1940@example.com,Kimberly,diaz,+1-messy-0001940
review-clean4-messy-CAND-01941,review-clean4-messy.JEFFREY.BARTON.1941@EXAMPLE.COM,Jeffrey,barton,+1-messy-0001941
review-clean4-messy-CAND-01942,review-clean4-messy.jessica.carter.1942@example.com,jessica,carter,+1-messy-0001942
review-clean4-messy-CAND-01943,review-clean4-messy.steven.dixon.1943@example.com,Steven,Dixon,+1-messy-0001943
review-clean4-messy-CAND-01944,review-clean4-messy.RANDY.SHAW.1944@EXAMPLE.COM, Randy ,Shaw,+1-messy-0001944
review-clean4-messy-CAND-01945,review-clean4-messy.elaine.charles.1945@example.com,elaine,Charles,+1-messy-0001945
review-clean4-messy-CAND-01946,review-clean4-messy.lindsay.mendez.1946@example.com,Lindsay,Mendez,+1-messy-0001946
review-clean4-messy-CAND-01947,review-clean4-messy.gabriel.palmer.1947@example.com,Gabriel,Palmer,+1-messy-0001947
review-clean4-messy-CAND-01948,review-clean4-messy.sean.white.1948@example.com, Sean ,White,+1-messy-0001948
review-clean4-messy-CAND-01949,review-clean4-messy.stacy.hopkins.1949@example.com,Stacy,Hopkins,+1-messy-0001949
review-clean4-messy-CAND-01950,review-clean4-messy.tammy.fitzgerald.1950@example.com,Tammy,fitzgerald,+1-messy-0001950
review-clean4-messy-CAND-01951,review-clean4-messy.timothy.howard.1951@example.com,Timothy,Howard,+1-messy-0001951
review-clean4-messy-CAND-01952,review-clean4-messy.jeffery.freeman.1952@example.com,Jeffery,Freeman,+1-messy-0001952
review-clean4-messy-CAND-01953,review-clean4-messy. bryan.wood.1953@example.com ,Bryan,Wood,+1-messy-0001953
review-clean4-messy-CAND-01954,review-clean4-messy.brad.clark.1954@example.com,brad,Clark,+1-messy-0001954
review-clean4-messy-CAND-01955,review-clean4-messy.rebecca.ward.1955@example.com,rebecca,Ward,+1-messy-0001955
review-clean4-messy-CAND-01956,review-clean4-messy.TERRY.GIBSON.1956@EXAMPLE.COM,Terry,Gibson,+1-messy-0001956
review-clean4-messy-CAND-01957,review-clean4-messy.brandon.hooper.1957@example.com,Brandon,Hooper,+1-messy-0001957
review-clean4-messy-CAND-01958,review-clean4-messy.mario.padilla.1958@example.com,Mario, Padilla ,+1-messy-0001958
review-clean4-messy-CAND-01959,review-clean4-messy.ADRIENNE.GALLEGOS.1959@EXAMPLE.COM,Adrienne,Gallegos,+1-messy-0001959
review-clean4-messy-CAND-01960,review-clean4-messy.mary.baker.1960@example.com,Mary,Baker,+1-messy-0001960
review-clean4-messy-CAND-01961,review-clean4-messy.amy.thompson.1961@example.com,Amy,Thompson,+1-messy-0001961
review-clean4-messy-CAND-01962,review-clean4-messy.desiree.diaz.1962@example.com,Desiree,Diaz,+1-messy-0001962
review-clean4-messy-CAND-01963,review-clean4-messy.denise.houston.1963@example.com,Denise,Houston,+1-messy-0001963
review-clean4-messy-CAND-01964,review-clean4-messy.zachary.bennett.1964@example.com,Zachary, Bennett ,+1-messy-0001964
review-clean4-messy-CAND-01965,review-clean4-messy.rebecca.black.1965@example.com,Rebecca,Black,+1-messy-0001965
review-clean4-messy-CAND-01966,review-clean4-messy.michael.parrish.1966@example.com,michael,Parrish,+1-messy-0001966
review-clean4-messy-CAND-01967,review-clean4-messy. tommy.olson.1967@example.com ,Tommy,olson,+1-messy-0001967
review-clean4-messy-CAND-01968,review-clean4-messy.cassandra.shaw.1968@example.com, Cassandra ,shaw,+1-messy-0001968
review-clean4-messy-CAND-01969,review-clean4-messy.don.martin.1969@example.com,Don,Martin,+1-messy-0001969
review-clean4-messy-CAND-01970,review-clean4-messy.chris.schneider.1970@example.com,Chris,Schneider,+1-messy-0001970
review-clean4-messy-CAND-01971,review-clean4-messy.jason.lopez.1971@example.com,Jason,lopez,+1-messy-0001971
review-clean4-messy-CAND-01972,review-clean4-messy.michael.love.1972@example.com,Michael,Love,+1-messy-0001972
review-clean4-messy-CAND-01973,review-clean4-messy.david.hall.1973@example.com, David ,Hall,+1-messy-0001973
review-clean4-messy-CAND-01974,review-clean4-messy.lisa.cortez.1974@example.com, Lisa , Cortez ,+1-messy-0001974
review-clean4-messy-CAND-01975,review-clean4-messy.timothy.mendoza.1975@example.com,Timothy,Mendoza,+1-messy-0001975
review-clean4-messy-CAND-01976,review-clean4-messy.jason.martin.1976@example.com,Jason,Martin,+1-messy-0001976
review-clean4-messy-CAND-01977,review-clean4-messy.martha.johnson.1977@example.com,Martha,johnson,+1-messy-0001977
review-clean4-messy-CAND-01978,review-clean4-messy. bradley.berry.1978@example.com ,Bradley, Berry ,+1-messy-0001978
review-clean4-messy-CAND-01979,review-clean4-messy.evan.soto.1979@example.com,Evan,Soto,+1-messy-0001979
review-clean4-messy-CAND-01980,review-clean4-messy. benjamin.armstrong.1980@example.com ,benjamin, Armstrong ,+1-messy-0001980
review-clean4-messy-CAND-01981,review-clean4-messy. brian.scott.1981@example.com ,Brian,Scott,+1-messy-0001981
review-clean4-messy-CAND-01982,review-clean4-messy.hector.mullen.1982@example.com,Hector,Mullen,+1-messy-0001982
review-clean4-messy-CAND-01983,review-clean4-messy.carol.elliott.1983@example.com,Carol,Elliott,+1-messy-0001983
review-clean4-messy-CAND-01984,review-clean4-messy.andrew.ball.1984@example.com, Andrew ,Ball,+1-messy-0001984
review-clean4-messy-CAND-01985,review-clean4-messy.DOROTHY.CAMPBELL.1985@EXAMPLE.COM,Dorothy,campbell,+1-messy-0001985
review-clean4-messy-CAND-01986,review-clean4-messy.christopher.cole.1986@example.com,Christopher,Cole,+1-messy-0001986
review-clean4-messy-CAND-01987,review-clean4-messy. victoria.dillon.1987@example.com ,Victoria,dillon,+1-messy-0001987
review-clean4-messy-CAND-01988,review-clean4-messy.candidate-01988@example.com,George,Greer,+1-messy-0001988
review-clean4-messy-CAND-01989,review-clean4-messy.CAROLYN.NORTON.1989@EXAMPLE.COM,Carolyn,Norton,+1-messy-0001989
review-clean4-messy-CAND-01990,review-clean4-messy.candidate-01990@example.com, Lori ,White,+1-messy-0001990
review-clean4-messy-CAND-01991,review-clean4-messy.donna.baker.1991@example.com,Donna,Baker,+1-messy-0001991
review-clean4-messy-CAND-01992,review-clean4-messy.jennifer.cooper.1992@example.com,Jennifer, Cooper ,+1-messy-0001992
review-clean4-messy-CAND-01993,review-clean4-messy.shawn.garza.1993@example.com,Shawn,Garza,+1-messy-0001993
review-clean4-messy-CAND-01994,review-clean4-messy.jerry.cruz.1994@example.com,Jerry, Cruz ,+1-messy-0001994
review-clean4-messy-CAND-01995,review-clean4-messy.DANIEL.HARRIS.1995@EXAMPLE.COM,Daniel,Harris,+1-messy-0001995
review-clean4-messy-CAND-01996,review-clean4-messy.michele.gordon.1996@example.com,Michele,gordon,+1-messy-0001996
review-clean4-messy-CAND-01997,review-clean4-messy.robert.hernandez.1997@example.com,Robert,Hernandez,+1-messy-0001997
review-clean4-messy-CAND-01998,review-clean4-messy.candidate-01998@example.com,Cole,Alvarez,+1-messy-0001998
review-clean4-messy-CAND-01999,review-clean4-messy.christina.williams.1999@example.com,Christina, Williams ,+1-messy-0001999
review-clean4-messy-CAND-02000,review-clean4-messy.kristen.gordon.2000@example.com,Kristen,Gordon,+1-messy-0002000
review-clean4-messy-CAND-02001,review-clean4-messy.david.olson.2001@example.com,David,Olson,+1-messy-0002001
review-clean4-messy-CAND-02002,review-clean4-messy.DAVID.MUNOZ.2002@EXAMPLE.COM,David,Munoz,+1-messy-0002002
review-clean4-messy-CAND-02003,review-clean4-messy.maria.prince.2003@example.com,Maria,Prince,+1-messy-0002003
review-clean4-messy-CAND-02004,review-clean4-messy.candidate-02004@example.com,Kimberly,banks,+1-messy-0002004
review-clean4-messy-CAND-02005,review-clean4-messy.alexa.wood.2005@example.com,Alexa, Wood ,+1-messy-0002005
review-clean4-messy-CAND-02006,review-clean4-messy.bradley.moreno.2006@example.com, Bradley ,Moreno,+1-messy-0002006
review-clean4-messy-CAND-02007,review-clean4-messy. jerome.lang.2007@example.com ,Jerome, Lang ,+1-messy-0002007
review-clean4-messy-CAND-02008,review-clean4-messy.kristine.james.2008@example.com,Kristine,james,+1-messy-0002008
review-clean4-messy-CAND-02009,review-clean4-messy. brianna.figueroa.2009@example.com ,brianna,Figueroa,+1-messy-0002009
review-clean4-messy-CAND-02010,review-clean4-messy.kathleen.horton.2010@example.com,Kathleen,Horton,+1-messy-0002010
review-clean4-messy-CAND-02011,review-clean4-messy.connor.anderson.2011@example.com,Connor,Anderson,+1-messy-0002011
review-clean4-messy-CAND-02012,review-clean4-messy.thomas.hall.2012@example.com,Thomas, Hall ,+1-messy-0002012
review-clean4-messy-CAND-02013,review-clean4-messy.michele.campbell.2013@example.com,michele,Campbell,+1-messy-0002013
review-clean4-messy-CAND-02014,review-clean4-messy.NANCY.ORTIZ.2014@EXAMPLE.COM,Nancy, Ortiz ,+1-messy-0002014
review-clean4-messy-CAND-02015,review-clean4-messy.jacob.fletcher.2015@example.com,Jacob, Fletcher ,+1-messy-0002015
review-clean4-messy-CAND-02016,review-clean4-messy.KRISTINE.LANE.2016@EXAMPLE.COM,Kristine,Lane,+1-messy-0002016
review-clean4-messy-CAND-02017,review-clean4-messy.david.smith.2017@example.com,David,smith,+1-messy-0002017
review-clean4-messy-CAND-02018,review-clean4-messy.DIAMOND.WATTS.2018@EXAMPLE.COM,Diamond,Watts,+1-messy-0002018
review-clean4-messy-CAND-02019,review-clean4-messy.leslie.cox.2019@example.com,Leslie,Cox,+1-messy-0002019
review-clean4-messy-CAND-02020,review-clean4-messy.eric.pearson.2020@example.com,Eric,Pearson,+1-messy-0002020
review-clean4-messy-CAND-02021,review-clean4-messy.jon.wyatt.2021@example.com,Jon,wyatt,+1-messy-0002021
review-clean4-messy-CAND-02022,review-clean4-messy.rodney.diaz.2022@example.com, Rodney ,Diaz,+1-messy-0002022
review-clean4-messy-CAND-02023,review-clean4-messy.joshua.becker.2023@example.com,Joshua,Becker,+1-messy-0002023
review-clean4-messy-CAND-02024,review-clean4-messy.kari.gutierrez.2024@example.com,Kari,gutierrez,+1-messy-0002024
review-clean4-messy-CAND-02025,review-clean4-messy.kristen.olson.2025@example.com,Kristen, Olson ,+1-messy-0002025
review-clean4-messy-CAND-02026,review-clean4-messy.mitchell.peters.2026@example.com,Mitchell,peters,+1-messy-0002026
review-clean4-messy-CAND-02027,review-clean4-messy.jon.parker.2027@example.com,Jon, Parker ,+1-messy-0002027
review-clean4-messy-CAND-02028,review-clean4-messy.maxwell.thornton.2028@example.com,Maxwell,Thornton,+1-messy-0002028
review-clean4-messy-CAND-02029,review-clean4-messy.jill.wyatt.2029@example.com,jill,Wyatt,+1-messy-0002029
review-clean4-messy-CAND-02030,review-clean4-messy. donna.adkins.2030@example.com ,Donna, Adkins ,+1-messy-0002030
review-clean4-messy-CAND-02031,review-clean4-messy. sean.lyons.2031@example.com ,Sean,Lyons,+1-messy-0002031
review-clean4-messy-CAND-02032,review-clean4-messy.evan.lewis.2032@example.com, Evan , Lewis ,+1-messy-0002032
review-clean4-messy-CAND-02033,review-clean4-messy.richard.morgan.2033@example.com,Richard, Morgan ,+1-messy-0002033
review-clean4-messy-CAND-02034,review-clean4-messy.andrea.terry.2034@example.com,Andrea,Terry,+1-messy-0002034
review-clean4-messy-CAND-02035,review-clean4-messy.jasmine.martin.2035@example.com,Jasmine,Martin,+1-messy-0002035
review-clean4-messy-CAND-02036,review-clean4-messy.tamara.smith.2036@example.com,Tamara,Smith,+1-messy-0002036
review-clean4-messy-CAND-02037,review-clean4-messy.christopher.thomas.2037@example.com,Christopher, Thomas ,+1-messy-0002037
review-clean4-messy-CAND-02038,review-clean4-messy.sara.graham.2038@example.com, Sara ,Graham,+1-messy-0002038
review-clean4-messy-CAND-02039,review-clean4-messy.caleb.walker.2039@example.com,Caleb,Walker,+1-messy-0002039
review-clean4-messy-CAND-02040,review-clean4-messy.christopher.johnson.2040@example.com,Christopher,Johnson,+1-messy-0002040
review-clean4-messy-CAND-02041,review-clean4-messy.candidate-02041@example.com,Patrick, Joyce ,+1-messy-0002041
review-clean4-messy-CAND-02042,review-clean4-messy.candidate-02042@example.com,Christina,Meyer,+1-messy-0002042
review-clean4-messy-CAND-02043,review-clean4-messy.jennifer.harper.2043@example.com,Jennifer,harper,+1-messy-0002043
review-clean4-messy-CAND-02044,review-clean4-messy.sonya.wilkins.2044@example.com,Sonya,Wilkins,+1-messy-0002044
review-clean4-messy-CAND-02045,review-clean4-messy.danielle.gonzales.2045@example.com,danielle,Gonzales,+1-messy-0002045
review-clean4-messy-CAND-02046,review-clean4-messy.james.sandoval.2046@example.com,James,Sandoval,+1-messy-0002046
review-clean4-messy-CAND-02047,review-clean4-messy.linda.mitchell.2047@example.com,Linda,Mitchell,+1-messy-0002047
review-clean4-messy-CAND-02048,review-clean4-messy.arthur.greene.2048@example.com, Arthur ,Greene,+1-messy-0002048
review-clean4-messy-CAND-02049,review-clean4-messy.zachary.hall.2049@example.com,Zachary, Hall ,+1-messy-0002049
review-clean4-messy-CAND-02050,review-clean4-messy.GAVIN.JOHNSON.2050@EXAMPLE.COM,Gavin,Johnson,+1-messy-0002050
review-clean4-messy-CAND-02051,review-clean4-messy.john.smith.2051@example.com,John,Smith,+1-messy-0002051
review-clean4-messy-CAND-02052,review-clean4-messy.eric.shea.2052@example.com, Eric ,Shea,+1-messy-0002052
review-clean4-messy-CAND-02053,review-clean4-messy. kimberly.gomez.2053@example.com ,Kimberly,Gomez,+1-messy-0002053
review-clean4-messy-CAND-02054,review-clean4-messy.randall.willis.2054@example.com, Randall , Willis ,+1-messy-0002054
review-clean4-messy-CAND-02055,review-clean4-messy.april.mclaughlin.2055@example.com,april,Mclaughlin,+1-messy-0002055
review-clean4-messy-CAND-02056,review-clean4-messy.casey.davis.2056@example.com,Casey,Davis,+1-messy-0002056
review-clean4-messy-CAND-02057,review-clean4-messy.justin.gallegos.2057@example.com,Justin,Gallegos,+1-messy-0002057
review-clean4-messy-CAND-02058,review-clean4-messy.robyn.bailey.2058@example.com,Robyn, Bailey ,+1-messy-0002058
review-clean4-messy-CAND-02059,review-clean4-messy.sylvia.hill.2059@example.com,Sylvia,Hill,+1-messy-0002059
review-clean4-messy-CAND-02060,review-clean4-messy.catherine.lee.2060@example.com,Catherine,lee,+1-messy-0002060
review-clean4-messy-CAND-02061,review-clean4-messy. sarah.andrews.2061@example.com ,Sarah,Andrews,+1-messy-0002061
review-clean4-messy-CAND-02062,review-clean4-messy.jose.russell.2062@example.com,Jose,Russell,+1-messy-0002062
review-clean4-messy-CAND-02063,review-clean4-messy.daniel.jones.2063@example.com,Daniel,Jones,+1-messy-0002063
review-clean4-messy-CAND-02064,review-clean4-messy.candidate-02064@example.com, Kelly ,Arroyo,+1-messy-0002064
review-clean4-messy-CAND-02065,review-clean4-messy. leah.frye.2065@example.com , Leah ,Frye,+1-messy-0002065
review-clean4-messy-CAND-02066,review-clean4-messy.nancy.li.2066@example.com,Nancy,Li,+1-messy-0002066
review-clean4-messy-CAND-02067,review-clean4-messy.bailey.benson.2067@example.com,Bailey,Benson,+1-messy-0002067
review-clean4-messy-CAND-02068,review-clean4-messy.tammy.hart.2068@example.com,Tammy,Hart,+1-messy-0002068
review-clean4-messy-CAND-02069,review-clean4-messy.KAYLA.TODD.2069@EXAMPLE.COM,Kayla, Todd ,+1-messy-0002069
review-clean4-messy-CAND-02070,review-clean4-messy.susan.ellis.2070@example.com,Susan,ellis,+1-messy-0002070
review-clean4-messy-CAND-02071,review-clean4-messy.steven.matthews.2071@example.com,Steven,Matthews,+1-messy-0002071
review-clean4-messy-CAND-02072,review-clean4-messy.anthony.wilson.2072@example.com, Anthony , Wilson ,+1-messy-0002072
review-clean4-messy-CAND-02073,review-clean4-messy.carlos.schultz.2073@example.com,carlos,Schultz,+1-messy-0002073
review-clean4-messy-CAND-02074,review-clean4-messy.virginia.rhodes.2074@example.com,Virginia,Rhodes,+1-messy-0002074
review-clean4-messy-CAND-02075,review-clean4-messy.jerry.stewart.2075@example.com,Jerry, Stewart ,+1-messy-0002075
review-clean4-messy-CAND-02076,review-clean4-messy.stephanie.black.2076@example.com,stephanie,Black,+1-messy-0002076
review-clean4-messy-CAND-02077,review-clean4-messy.alec.collier.2077@example.com, Alec ,Collier,+1-messy-0002077
review-clean4-messy-CAND-02078,review-clean4-messy.john.davis.2078@example.com,John,Davis,+1-messy-0002078
review-clean4-messy-CAND-02079,review-clean4-messy.EMILY.NICHOLSON.2079@EXAMPLE.COM,Emily,nicholson,+1-messy-0002079
review-clean4-messy-CAND-02080,review-clean4-messy.candidate-02080@example.com,Charles,velazquez,+1-messy-0002080
review-clean4-messy-CAND-02081,review-clean4-messy.thomas.gomez.2081@example.com,Thomas,Gomez,+1-messy-0002081
review-clean4-messy-CAND-02082,review-clean4-messy.patricia.adams.2082@example.com,Patricia, Adams ,+1-messy-0002082
review-clean4-messy-CAND-02083,review-clean4-messy.STACEY.VEGA.2083@EXAMPLE.COM,Stacey,Vega,+1-messy-0002083
review-clean4-messy-CAND-02084,review-clean4-messy.renee.porter.2084@example.com,renee, Porter ,+1-messy-0002084
review-clean4-messy-CAND-02085,review-clean4-messy.james.moss.2085@example.com,James,Moss,+1-messy-0002085
review-clean4-messy-CAND-02086,review-clean4-messy. monique.clark.2086@example.com ,Monique, Clark ,+1-messy-0002086
review-clean4-messy-CAND-02087,review-clean4-messy.james.wright.2087@example.com,James,Wright,+1-messy-0002087
review-clean4-messy-CAND-02088,review-clean4-messy.candidate-02088@example.com, Christine , Moore ,+1-messy-0002088
review-clean4-messy-CAND-02089,review-clean4-messy.candidate-02089@example.com,Daniel,mora,+1-messy-0002089
review-clean4-messy-CAND-02090,review-clean4-messy.emma.alvarado.2090@example.com,emma,Alvarado,+1-messy-0002090
review-clean4-messy-CAND-02091,review-clean4-messy.candidate-02091@example.com,Christina,Duran,+1-messy-0002091
review-clean4-messy-CAND-02092,review-clean4-messy.amber.williams.2092@example.com,Amber, Williams ,+1-messy-0002092
review-clean4-messy-CAND-02093,review-clean4-messy.candidate-02093@example.com,Timothy,Oliver,+1-messy-0002093
review-clean4-messy-CAND-02094,review-clean4-messy.travis.galloway.2094@example.com,Travis, Galloway ,+1-messy-0002094
review-clean4-messy-CAND-02095,review-clean4-messy.penny.melton.2095@example.com,Penny,melton,+1-messy-0002095
review-clean4-messy-CAND-02096,review-clean4-messy. travis.joyce.2096@example.com ,Travis, Joyce ,+1-messy-0002096
review-clean4-messy-CAND-02097,review-clean4-messy. sabrina.ramirez.2097@example.com ,sabrina,Ramirez,+1-messy-0002097
review-clean4-messy-CAND-02098,review-clean4-messy.jeffrey.ray.2098@example.com,Jeffrey, Ray ,+1-messy-0002098
review-clean4-messy-CAND-02099,review-clean4-messy.brian.lloyd.2099@example.com,Brian,Lloyd,+1-messy-0002099
review-clean4-messy-CAND-02100,review-clean4-messy.timothy.fernandez.2100@example.com, Timothy ,Fernandez,+1-messy-0002100
review-clean4-messy-CAND-02101,review-clean4-messy.wayne.long.2101@example.com,wayne,long,+1-messy-0002101
review-clean4-messy-CAND-02102,review-clean4-messy.gina.thompson.2102@example.com,Gina,thompson,+1-messy-0002102
review-clean4-messy-CAND-02103,review-clean4-messy.tiffany.wolfe.2103@example.com,Tiffany,Wolfe,+1-messy-0002103
review-clean4-messy-CAND-02104,review-clean4-messy.steve.norris.2104@example.com,steve,Norris,+1-messy-0002104
review-clean4-messy-CAND-02105,review-clean4-messy.alexander.clark.2105@example.com,Alexander,Clark,+1-messy-0002105
review-clean4-messy-CAND-02106,review-clean4-messy.candidate-02106@example.com,Bianca,Nguyen,+1-messy-0002106
review-clean4-messy-CAND-02107,review-clean4-messy.chloe.green.2107@example.com,Chloe,Green,+1-messy-0002107
review-clean4-messy-CAND-02108,review-clean4-messy.amy.young.2108@example.com,Amy,Young,+1-messy-0002108
review-clean4-messy-CAND-02109,review-clean4-messy.candidate-02109@example.com,Thomas,Austin,+1-messy-0002109
review-clean4-messy-CAND-02110,review-clean4-messy.candidate-02110@example.com,Michael,Jimenez,+1-messy-0002110
review-clean4-messy-CAND-02111,review-clean4-messy.jason.haynes.2111@example.com,jason,haynes,+1-messy-0002111
review-clean4-messy-CAND-02112,review-clean4-messy. nathan.dickerson.2112@example.com , Nathan ,Dickerson,+1-messy-0002112
review-clean4-messy-CAND-02113,review-clean4-messy.JOSHUA.WHITE.2113@EXAMPLE.COM,Joshua,white,+1-messy-0002113
review-clean4-messy-CAND-02114,review-clean4-messy.david.johnston.2114@example.com,David,Johnston,+1-messy-0002114
review-clean4-messy-CAND-02115,review-clean4-messy.JEREMY.GARCIA.2115@EXAMPLE.COM,jeremy,Garcia,+1-messy-0002115
review-clean4-messy-CAND-02116,review-clean4-messy.joseph.young.2116@example.com,Joseph,Young,+1-messy-0002116
review-clean4-messy-CAND-02117,review-clean4-messy.ryan.james.2117@example.com,Ryan,James,+1-messy-0002117
review-clean4-messy-CAND-02118,review-clean4-messy.dustin.haley.2118@example.com,Dustin, Haley ,+1-messy-0002118
review-clean4-messy-CAND-02119,review-clean4-messy.candidate-02119@example.com,Edward,shaffer,+1-messy-0002119
review-clean4-messy-CAND-02120,review-clean4-messy.gregory.porter.2120@example.com,gregory, Porter ,+1-messy-0002120
review-clean4-messy-CAND-02121,review-clean4-messy.wendy.atkinson.2121@example.com, Wendy ,Atkinson,+1-messy-0002121
review-clean4-messy-CAND-02122,review-clean4-messy. zachary.le.2122@example.com ,zachary,Le,+1-messy-0002122
review-clean4-messy-CAND-02123,review-clean4-messy. kristen.evans.2123@example.com ,kristen,Evans,+1-messy-0002123
review-clean4-messy-CAND-02124,review-clean4-messy.anna.bradley.2124@example.com, Anna , Bradley ,+1-messy-0002124
review-clean4-messy-CAND-02125,review-clean4-messy.raymond.vaughn.2125@example.com, Raymond ,Vaughn,+1-messy-0002125
review-clean4-messy-CAND-02126,review-clean4-messy.BRIAN.CERVANTES.2126@EXAMPLE.COM,Brian,Cervantes,+1-messy-0002126
review-clean4-messy-CAND-02127,review-clean4-messy.thomas.soto.2127@example.com,Thomas,Soto,+1-messy-0002127
review-clean4-messy-CAND-02128,review-clean4-messy. shannon.cook.2128@example.com ,Shannon, Cook ,+1-messy-0002128
review-clean4-messy-CAND-02129,review-clean4-messy.michael.castro.2129@example.com, Michael ,Castro,+1-messy-0002129
review-clean4-messy-CAND-02130,review-clean4-messy.sarah.scott.2130@example.com,Sarah,Scott,+1-messy-0002130
review-clean4-messy-CAND-02131,review-clean4-messy.andrew.martinez.2131@example.com,Andrew,Martinez,+1-messy-0002131
review-clean4-messy-CAND-02132,review-clean4-messy.candidate-02132@example.com,Michelle,Mccarty,+1-messy-0002132
review-clean4-messy-CAND-02133,review-clean4-messy.JAMES.JOHNSTON.2133@EXAMPLE.COM,James,Johnston,+1-messy-0002133
review-clean4-messy-CAND-02134,review-clean4-messy.debra.thompson.2134@example.com,Debra,Thompson,+1-messy-0002134
review-clean4-messy-CAND-02135,review-clean4-messy. kimberly.kelly.2135@example.com ,Kimberly,Kelly,+1-messy-0002135
review-clean4-messy-CAND-02136,review-clean4-messy.EMILY.FREEMAN.2136@EXAMPLE.COM,Emily,Freeman,+1-messy-0002136
review-clean4-messy-CAND-02137,review-clean4-messy.jill.preston.2137@example.com,Jill,Preston,+1-messy-0002137
review-clean4-messy-CAND-02138,review-clean4-messy.patrick.mitchell.2138@example.com,Patrick,Mitchell,+1-messy-0002138
review-clean4-messy-CAND-02139,review-clean4-messy. crystal.thomas.2139@example.com ,crystal,Thomas,+1-messy-0002139
review-clean4-messy-CAND-02140,review-clean4-messy.gary.morton.2140@example.com,Gary,Morton,+1-messy-0002140
review-clean4-messy-CAND-02141,review-clean4-messy.matthew.welch.2141@example.com,Matthew,Welch,+1-messy-0002141
review-clean4-messy-CAND-02142,review-clean4-messy.ashley.sweeney.2142@example.com,Ashley,Sweeney,+1-messy-0002142
review-clean4-messy-CAND-02143,review-clean4-messy.charles.martin.2143@example.com,Charles,Martin,+1-messy-0002143
review-clean4-messy-CAND-02144,review-clean4-messy.jeremy.stewart.2144@example.com,Jeremy,Stewart,+1-messy-0002144
review-clean4-messy-CAND-02145,review-clean4-messy.kelly.adams.2145@example.com,Kelly,adams,+1-messy-0002145
review-clean4-messy-CAND-02146,review-clean4-messy.deanna.nelson.2146@example.com,Deanna, Nelson ,+1-messy-0002146
review-clean4-messy-CAND-02147,review-clean4-messy.sean.roy.2147@example.com,sean,Roy,+1-messy-0002147
review-clean4-messy-CAND-02148,review-clean4-messy.michael.matthews.2148@example.com, Michael ,Matthews,+1-messy-0002148
review-clean4-messy-CAND-02149,review-clean4-messy.tammy.gutierrez.2149@example.com,Tammy,gutierrez,+1-messy-0002149
review-clean4-messy-CAND-02150,review-clean4-messy.ivan.johnson.2150@example.com,Ivan,Johnson,+1-messy-0002150
review-clean4-messy-CAND-02151,review-clean4-messy.JESSICA.STANLEY.2151@EXAMPLE.COM,Jessica,Stanley,+1-messy-0002151
review-clean4-messy-CAND-02152,review-clean4-messy.shelby.haynes.2152@example.com,Shelby, Haynes ,+1-messy-0002152
review-clean4-messy-CAND-02153,review-clean4-messy.CHRISTOPHER.JACKSON.2153@EXAMPLE.COM, Christopher ,Jackson,+1-messy-0002153
review-clean4-messy-CAND-02154,review-clean4-messy.dakota.brown.2154@example.com,Dakota,Brown,+1-messy-0002154
review-clean4-messy-CAND-02155,review-clean4-messy.natasha.kelley.2155@example.com, Natasha ,kelley,+1-messy-0002155
review-clean4-messy-CAND-02156,review-clean4-messy.anthony.sanders.2156@example.com,Anthony,Sanders,+1-messy-0002156
review-clean4-messy-CAND-02157,review-clean4-messy.kathy.miller.2157@example.com,Kathy,Miller,+1-messy-0002157
review-clean4-messy-CAND-02158,review-clean4-messy.jose.moore.2158@example.com,Jose,Moore,+1-messy-0002158
review-clean4-messy-CAND-02159,review-clean4-messy.diana.mcclure.2159@example.com,Diana,mcclure,+1-messy-0002159
review-clean4-messy-CAND-02160,review-clean4-messy.kyle.wright.2160@example.com,Kyle,Wright,+1-messy-0002160
review-clean4-messy-CAND-02161,review-clean4-messy.justin.sims.2161@example.com,justin,Sims,+1-messy-0002161
review-clean4-messy-CAND-02162,review-clean4-messy.candidate-02162@example.com,David,Roberson,+1-messy-0002162
review-clean4-messy-CAND-02163,review-clean4-messy.anthony.alvarado.2163@example.com,anthony,alvarado,+1-messy-0002163
review-clean4-messy-CAND-02164,review-clean4-messy.michelle.nguyen.2164@example.com,Michelle,Nguyen,+1-messy-0002164
review-clean4-messy-CAND-02165,review-clean4-messy.thomas.proctor.2165@example.com, Thomas ,Proctor,+1-messy-0002165
review-clean4-messy-CAND-02166,review-clean4-messy. amber.nelson.2166@example.com ,Amber,Nelson,+1-messy-0002166
review-clean4-messy-CAND-02167,review-clean4-messy.sean.montes.2167@example.com,Sean,Montes,+1-messy-0002167
review-clean4-messy-CAND-02168,review-clean4-messy.heidi.thompson.2168@example.com,Heidi,Thompson,+1-messy-0002168
review-clean4-messy-CAND-02169,review-clean4-messy.carla.welch.2169@example.com,carla,Welch,+1-messy-0002169
review-clean4-messy-CAND-02170,review-clean4-messy.cynthia.elliott.2170@example.com,Cynthia,Elliott,+1-messy-0002170
review-clean4-messy-CAND-02171,review-clean4-messy.alexandra.fowler.2171@example.com,Alexandra,Fowler,+1-messy-0002171
review-clean4-messy-CAND-02172,review-clean4-messy.kyle.reed.2172@example.com,Kyle,Reed,+1-messy-0002172
review-clean4-messy-CAND-02173,review-clean4-messy.amber.ballard.2173@example.com,Amber,Ballard,+1-messy-0002173
review-clean4-messy-CAND-02174,review-clean4-messy.scott.diaz.2174@example.com,Scott,Diaz,+1-messy-0002174
review-clean4-messy-CAND-02175,review-clean4-messy.jordan.torres.2175@example.com,Jordan,torres,+1-messy-0002175
review-clean4-messy-CAND-02176,review-clean4-messy.aaron.ochoa.2176@example.com,Aaron,Ochoa,+1-messy-0002176
review-clean4-messy-CAND-02177,review-clean4-messy.melanie.cooper.2177@example.com,Melanie,Cooper,+1-messy-0002177
review-clean4-messy-CAND-02178,review-clean4-messy.taylor.smith.2178@example.com,Taylor,Smith,+1-messy-0002178
review-clean4-messy-CAND-02179,review-clean4-messy.sandra.arroyo.2179@example.com,Sandra,Arroyo,+1-messy-0002179
review-clean4-messy-CAND-02180,review-clean4-messy.thomas.smith.2180@example.com,Thomas,Smith,+1-messy-0002180
review-clean4-messy-CAND-02181,review-clean4-messy.russell.carter.2181@example.com, Russell ,Carter,+1-messy-0002181
review-clean4-messy-CAND-02182,review-clean4-messy.jerry.smith.2182@example.com,Jerry, Smith ,+1-messy-0002182
review-clean4-messy-CAND-02183,review-clean4-messy.candidate-02183@example.com,Nathaniel,Jenkins,+1-messy-0002183
review-clean4-messy-CAND-02184,review-clean4-messy. ann.foster.2184@example.com , Ann ,Foster,+1-messy-0002184
review-clean4-messy-CAND-02185,review-clean4-messy.FRANK.MCLAUGHLIN.2185@EXAMPLE.COM,Frank,Mclaughlin,+1-messy-0002185
review-clean4-messy-CAND-02186,review-clean4-messy.peter.gray.2186@example.com,peter,Gray,+1-messy-0002186
review-clean4-messy-CAND-02187,review-clean4-messy.jose.henderson.2187@example.com,Jose, Henderson ,+1-messy-0002187
review-clean4-messy-CAND-02188,review-clean4-messy. john.duran.2188@example.com ,John, Duran ,+1-messy-0002188
review-clean4-messy-CAND-02189,review-clean4-messy.candidate-02189@example.com,Renee,Aguirre,+1-messy-0002189
review-clean4-messy-CAND-02190,review-clean4-messy.gail.mitchell.2190@example.com,Gail,Mitchell,+1-messy-0002190
review-clean4-messy-CAND-02191,review-clean4-messy.julia.lamb.2191@example.com, Julia ,Lamb,+1-messy-0002191
review-clean4-messy-CAND-02192,review-clean4-messy.robert.castaneda.2192@example.com,Robert,castaneda,+1-messy-0002192
review-clean4-messy-CAND-02193,review-clean4-messy.ian.roberts.2193@example.com,Ian,Roberts,+1-messy-0002193
review-clean4-messy-CAND-02194,review-clean4-messy.dana.williamson.2194@example.com,Dana, Williamson ,+1-messy-0002194
review-clean4-messy-CAND-02195,review-clean4-messy.joseph.dean.2195@example.com,Joseph,Dean,+1-messy-0002195
review-clean4-messy-CAND-02196,review-clean4-messy.jacob.smith.2196@example.com,jacob,Smith,+1-messy-0002196
review-clean4-messy-CAND-02197,review-clean4-messy.brandon.nichols.2197@example.com,brandon,Nichols,+1-messy-0002197
review-clean4-messy-CAND-02198,review-clean4-messy.jacob.garcia.2198@example.com,Jacob,garcia,+1-messy-0002198
review-clean4-messy-CAND-02199,review-clean4-messy. joseph.espinoza.2199@example.com ,joseph,Espinoza,+1-messy-0002199
review-clean4-messy-CAND-02200,review-clean4-messy. jessica.hall.2200@example.com ,Jessica, Hall ,+1-messy-0002200
review-clean4-messy-CAND-02201,review-clean4-messy.candidate-02201@example.com,Edward,Snyder,+1-messy-0002201
review-clean4-messy-CAND-02202,review-clean4-messy.matthew.collins.2202@example.com,Matthew,collins,+1-messy-0002202
review-clean4-messy-CAND-02203,review-clean4-messy.lauren.bolton.2203@example.com, Lauren ,Bolton,+1-messy-0002203
review-clean4-messy-CAND-02204,review-clean4-messy.STEVEN.MOODY.2204@EXAMPLE.COM,Steven, Moody ,+1-messy-0002204
review-clean4-messy-CAND-02205,review-clean4-messy.mark.bridges.2205@example.com,Mark,Bridges,+1-messy-0002205
review-clean4-messy-CAND-02206,review-clean4-messy.stephanie.brown.2206@example.com,Stephanie,brown,+1-messy-0002206
review-clean4-messy-CAND-02207,review-clean4-messy. kimberly.jones.2207@example.com ,Kimberly,Jones,+1-messy-0002207
review-clean4-messy-CAND-02208,review-clean4-messy.theodore.lee.2208@example.com, Theodore , Lee ,+1-messy-0002208
review-clean4-messy-CAND-02209,review-clean4-messy.mckenzie.roth.2209@example.com,mckenzie, Roth ,+1-messy-0002209
review-clean4-messy-CAND-02210,review-clean4-messy.maria.martinez.2210@example.com,Maria,martinez,+1-messy-0002210
review-clean4-messy-CAND-02211,review-clean4-messy.kayla.wright.2211@example.com, Kayla ,Wright,+1-messy-0002211
review-clean4-messy-CAND-02212,review-clean4-messy.kelsey.ramos.2212@example.com, Kelsey ,Ramos,+1-messy-0002212
review-clean4-messy-CAND-02213,review-clean4-messy.joan.johnson.2213@example.com, Joan ,Johnson,+1-messy-0002213
review-clean4-messy-CAND-02214,review-clean4-messy.steven.wise.2214@example.com,steven,Wise,+1-messy-0002214
review-clean4-messy-CAND-02215,review-clean4-messy.adriana.hendrix.2215@example.com,adriana,Hendrix,+1-messy-0002215
review-clean4-messy-CAND-02216,review-clean4-messy.thomas.maldonado.2216@example.com,Thomas, Maldonado ,+1-messy-0002216
review-clean4-messy-CAND-02217,review-clean4-messy.larry.morris.2217@example.com,Larry,morris,+1-messy-0002217
review-clean4-messy-CAND-02218,review-clean4-messy.candidate-02218@example.com,crystal,Williams,+1-messy-0002218
review-clean4-messy-CAND-02219,review-clean4-messy.sharon.meyer.2219@example.com,Sharon,Meyer,+1-messy-0002219
review-clean4-messy-CAND-02220,review-clean4-messy.jon.little.2220@example.com,jon,Little,+1-messy-0002220
review-clean4-messy-CAND-02221,review-clean4-messy.james.clay.2221@example.com,James,Clay,+1-messy-0002221
review-clean4-messy-CAND-02222,review-clean4-messy.michelle.robinson.2222@example.com,michelle,Robinson,+1-messy-0002222
review-clean4-messy-CAND-02223,review-clean4-messy.candidate-02223@example.com,daniel,Chen,+1-messy-0002223
review-clean4-messy-CAND-02224,review-clean4-messy.mark.jackson.2224@example.com,Mark,Jackson,+1-messy-0002224
review-clean4-messy-CAND-02225,review-clean4-messy.joshua.wilson.2225@example.com,Joshua,Wilson,+1-messy-0002225
review-clean4-messy-CAND-02226,review-clean4-messy.kristina.smith.2226@example.com,Kristina,Smith,+1-messy-0002226
review-clean4-messy-CAND-02227,review-clean4-messy.bobby.logan.2227@example.com,Bobby,logan,+1-messy-0002227
review-clean4-messy-CAND-02228,review-clean4-messy.thomas.carlson.2228@example.com,Thomas,Carlson,+1-messy-0002228
review-clean4-messy-CAND-02229,review-clean4-messy.nathan.davis.2229@example.com, Nathan ,Davis,+1-messy-0002229
review-clean4-messy-CAND-02230,review-clean4-messy.eric.davis.2230@example.com,Eric,Davis,+1-messy-0002230
review-clean4-messy-CAND-02231,review-clean4-messy.christine.galvan.2231@example.com,Christine,Galvan,+1-messy-0002231
review-clean4-messy-CAND-02232,review-clean4-messy.WENDY.GARRETT.2232@EXAMPLE.COM,Wendy, Garrett ,+1-messy-0002232
review-clean4-messy-CAND-02233,review-clean4-messy.brian.newman.2233@example.com,Brian,Newman,+1-messy-0002233
review-clean4-messy-CAND-02234,review-clean4-messy.jacqueline.moody.2234@example.com,jacqueline,Moody,+1-messy-0002234
review-clean4-messy-CAND-02235,review-clean4-messy.david.hall.2235@example.com,David, Hall ,+1-messy-0002235
review-clean4-messy-CAND-02236,review-clean4-messy.tina.kramer.2236@example.com,Tina,Kramer,+1-messy-0002236
review-clean4-messy-CAND-02237,review-clean4-messy.katherine.trujillo.2237@example.com,Katherine,Trujillo,+1-messy-0002237
review-clean4-messy-CAND-02238,review-clean4-messy.samuel.lee.2238@example.com, Samuel ,Lee,+1-messy-0002238
review-clean4-messy-CAND-02239,review-clean4-messy.hannah.howard.2239@example.com,Hannah,howard,+1-messy-0002239
review-clean4-messy-CAND-02240,review-clean4-messy.dennis.roach.2240@example.com,Dennis, Roach ,+1-messy-0002240
review-clean4-messy-CAND-02241,review-clean4-messy. todd.kim.2241@example.com ,Todd,Kim,+1-messy-0002241
review-clean4-messy-CAND-02242,review-clean4-messy.kenneth.terry.2242@example.com,Kenneth, Terry ,+1-messy-0002242
review-clean4-messy-CAND-02243,review-clean4-messy.JAMES.LOPEZ.2243@EXAMPLE.COM,James,Lopez,+1-messy-0002243
review-clean4-messy-CAND-02244,review-clean4-messy.candidate-02244@example.com,Michael,Oconnor,+1-messy-0002244
review-clean4-messy-CAND-02245,review-clean4-messy.joshua.guerra.2245@example.com,Joshua,Guerra,+1-messy-0002245
review-clean4-messy-CAND-02246,review-clean4-messy.robin.spencer.2246@example.com,Robin,Spencer,+1-messy-0002246
review-clean4-messy-CAND-02247,review-clean4-messy.casey.moore.2247@example.com,Casey,Moore,+1-messy-0002247
review-clean4-messy-CAND-02248,review-clean4-messy.KENNETH.BAKER.2248@EXAMPLE.COM,kenneth,Baker,+1-messy-0002248
review-clean4-messy-CAND-02249,review-clean4-messy.michael.smith.2249@example.com,Michael,smith,+1-messy-0002249
review-clean4-messy-CAND-02250,review-clean4-messy.dana.gray.2250@example.com,Dana,Gray,+1-messy-0002250
review-clean4-messy-CAND-02251,review-clean4-messy.jacob.smith.2251@example.com, Jacob , Smith ,+1-messy-0002251
review-clean4-messy-CAND-02252,review-clean4-messy.MELISSA.PARSONS.2252@EXAMPLE.COM,melissa,Parsons,+1-messy-0002252
review-clean4-messy-CAND-02253,review-clean4-messy.john.le.2253@example.com,john,le,+1-messy-0002253
review-clean4-messy-CAND-02254,review-clean4-messy.dominique.ryan.2254@example.com,Dominique,Ryan,+1-messy-0002254
review-clean4-messy-CAND-02255,review-clean4-messy.paul.warren.2255@example.com,Paul, Warren ,+1-messy-0002255
review-clean4-messy-CAND-02256,review-clean4-messy.TYLER.ARNOLD.2256@EXAMPLE.COM, Tyler , Arnold ,+1-messy-0002256
review-clean4-messy-CAND-02257,review-clean4-messy.CHLOE.MORRIS.2257@EXAMPLE.COM,Chloe,Morris,+1-messy-0002257
review-clean4-messy-CAND-02258,review-clean4-messy.danielle.rodriguez.2258@example.com,danielle,Rodriguez,+1-messy-0002258
review-clean4-messy-CAND-02259,review-clean4-messy.candidate-02259@example.com,Alexandra,Jones,+1-messy-0002259
review-clean4-messy-CAND-02260,review-clean4-messy.MARY.ANDERSON.2260@EXAMPLE.COM,Mary,Anderson,+1-messy-0002260
review-clean4-messy-CAND-02261,review-clean4-messy.morgan.harris.2261@example.com,Morgan,Harris,+1-messy-0002261
review-clean4-messy-CAND-02262,review-clean4-messy.todd.garcia.2262@example.com,Todd, Garcia ,+1-messy-0002262
review-clean4-messy-CAND-02263,review-clean4-messy.ashley.huff.2263@example.com,ashley,huff,+1-messy-0002263
review-clean4-messy-CAND-02264,review-clean4-messy.diane.fox.2264@example.com, Diane ,Fox,+1-messy-0002264
review-clean4-messy-CAND-02265,review-clean4-messy. jacqueline.scott.2265@example.com ,Jacqueline,Scott,+1-messy-0002265
review-clean4-messy-CAND-02266,review-clean4-messy.MICHAEL.OBRIEN.2266@EXAMPLE.COM,michael,Obrien,+1-messy-0002266
review-clean4-messy-CAND-02267,review-clean4-messy.chad.conrad.2267@example.com,Chad,Conrad,+1-messy-0002267
review-clean4-messy-CAND-02268,review-clean4-messy.jason.henry.2268@example.com,jason,Henry,+1-messy-0002268
review-clean4-messy-CAND-02269,review-clean4-messy.pamela.miller.2269@example.com,Pamela,Miller,+1-messy-0002269
review-clean4-messy-CAND-02270,review-clean4-messy.laurie.brown.2270@example.com,Laurie,Brown,+1-messy-0002270
review-clean4-messy-CAND-02271,review-clean4-messy.ANGELA.HURLEY.2271@EXAMPLE.COM,Angela,Hurley,+1-messy-0002271
review-clean4-messy-CAND-02272,review-clean4-messy.candidate-02272@example.com,Robert,Wood,+1-messy-0002272
review-clean4-messy-CAND-02273,review-clean4-messy. jeanette.colon.2273@example.com , Jeanette ,Colon,+1-messy-0002273
review-clean4-messy-CAND-02274,review-clean4-messy.JOSEPH.WILLIAMS.2274@EXAMPLE.COM,Joseph,Williams,+1-messy-0002274
review-clean4-messy-CAND-02275,review-clean4-messy.chad.torres.2275@example.com,Chad,Torres,+1-messy-0002275
review-clean4-messy-CAND-02276,review-clean4-messy. shirley.yu.2276@example.com ,Shirley,yu,+1-messy-0002276
review-clean4-messy-CAND-02277,review-clean4-messy. colton.hardy.2277@example.com , Colton ,Hardy,+1-messy-0002277
review-clean4-messy-CAND-02278,review-clean4-messy.amanda.lopez.2278@example.com,Amanda,Lopez,+1-messy-0002278
review-clean4-messy-CAND-02279,review-clean4-messy.candidate-02279@example.com,Alicia,Wright,+1-messy-0002279
review-clean4-messy-CAND-02280,review-clean4-messy.colleen.white.2280@example.com,Colleen, White ,+1-messy-0002280
review-clean4-messy-CAND-02281,review-clean4-messy.kara.perry.2281@example.com,Kara, Perry ,+1-messy-0002281
review-clean4-messy-CAND-02282,review-clean4-messy. daniel.fowler.2282@example.com ,Daniel, Fowler ,+1-messy-0002282
review-clean4-messy-CAND-02283,review-clean4-messy.michael.ellis.2283@example.com, Michael ,ellis,+1-messy-0002283
review-clean4-messy-CAND-02284,review-clean4-messy.ELIZABETH.ANDRADE.2284@EXAMPLE.COM,Elizabeth,andrade,+1-messy-0002284
review-clean4-messy-CAND-02285,review-clean4-messy.garrett.white.2285@example.com,Garrett,White,+1-messy-0002285
review-clean4-messy-CAND-02286,review-clean4-messy.richard.morgan.2286@example.com, Richard ,Morgan,+1-messy-0002286
review-clean4-messy-CAND-02287,review-clean4-messy.eric.murillo.2287@example.com,Eric, Murillo ,+1-messy-0002287
review-clean4-messy-CAND-02288,review-clean4-messy.candidate-02288@example.com,Scott, Gomez ,+1-messy-0002288
review-clean4-messy-CAND-02289,review-clean4-messy.leslie.frey.2289@example.com,Leslie,Frey,+1-messy-0002289
review-clean4-messy-CAND-02290,review-clean4-messy.mark.watson.2290@example.com,Mark,Watson,+1-messy-0002290
review-clean4-messy-CAND-02291,review-clean4-messy.kathryn.jordan.2291@example.com, Kathryn , Jordan ,+1-messy-0002291
review-clean4-messy-CAND-02292,review-clean4-messy. jessica.franklin.2292@example.com ,Jessica,Franklin,+1-messy-0002292
review-clean4-messy-CAND-02293,review-clean4-messy.candidate-02293@example.com,Anna,Lewis,+1-messy-0002293
review-clean4-messy-CAND-02294,review-clean4-messy.KATIE.HOWE.2294@EXAMPLE.COM,Katie,Howe,+1-messy-0002294
review-clean4-messy-CAND-02295,review-clean4-messy.jonathan.nixon.2295@example.com,Jonathan,Nixon,+1-messy-0002295
review-clean4-messy-CAND-02296,review-clean4-messy.seth.sanders.2296@example.com,Seth, Sanders ,+1-messy-0002296
review-clean4-messy-CAND-02297,review-clean4-messy.jessica.bird.2297@example.com,Jessica,Bird,+1-messy-0002297
review-clean4-messy-CAND-02298,review-clean4-messy.caitlin.holmes.2298@example.com,Caitlin, Holmes ,+1-messy-0002298
review-clean4-messy-CAND-02299,review-clean4-messy.victoria.turner.2299@example.com,Victoria,Turner,+1-messy-0002299
review-clean4-messy-CAND-02300,review-clean4-messy.kevin.walker.2300@example.com, Kevin ,Walker,+1-messy-0002300
review-clean4-messy-CAND-02301,review-clean4-messy.melissa.smith.2301@example.com, Melissa ,Smith,+1-messy-0002301
review-clean4-messy-CAND-02302,review-clean4-messy.lynn.norris.2302@example.com,Lynn,Norris,+1-messy-0002302
review-clean4-messy-CAND-02303,review-clean4-messy.joshua.spencer.2303@example.com,Joshua,Spencer,+1-messy-0002303
review-clean4-messy-CAND-02304,review-clean4-messy.angela.howe.2304@example.com,angela,Howe,+1-messy-0002304
review-clean4-messy-CAND-02305,review-clean4-messy.eric.johnson.2305@example.com,Eric,Johnson,+1-messy-0002305
review-clean4-messy-CAND-02306,review-clean4-messy.michael.taylor.2306@example.com, Michael ,Taylor,+1-messy-0002306
review-clean4-messy-CAND-02307,review-clean4-messy.michael.perkins.2307@example.com,Michael,perkins,+1-messy-0002307
review-clean4-messy-CAND-02308,review-clean4-messy.jesse.shepherd.2308@example.com, Jesse ,Shepherd,+1-messy-0002308
review-clean4-messy-CAND-02309,review-clean4-messy.CHRISTOPHER.ROSS.2309@EXAMPLE.COM,Christopher,Ross,+1-messy-0002309
review-clean4-messy-CAND-02310,review-clean4-messy.samantha.navarro.2310@example.com, Samantha ,Navarro,+1-messy-0002310
review-clean4-messy-CAND-02311,review-clean4-messy.jennifer.mcguire.2311@example.com,jennifer,Mcguire,+1-messy-0002311
review-clean4-messy-CAND-02312,review-clean4-messy.candidate-02312@example.com, Gerald ,Petersen,+1-messy-0002312
review-clean4-messy-CAND-02313,review-clean4-messy. hannah.johnston.2313@example.com ,hannah,Johnston,+1-messy-0002313
review-clean4-messy-CAND-02314,review-clean4-messy.rebecca.larson.2314@example.com,Rebecca,Larson,+1-messy-0002314
review-clean4-messy-CAND-02315,review-clean4-messy.KEVIN.CROSS.2315@EXAMPLE.COM,Kevin,Cross,+1-messy-0002315
review-clean4-messy-CAND-02316,review-clean4-messy.barbara.miller.2316@example.com,Barbara,Miller,+1-messy-0002316
review-clean4-messy-CAND-02317,review-clean4-messy.brian.wise.2317@example.com,brian,Wise,+1-messy-0002317
review-clean4-messy-CAND-02318,review-clean4-messy.michael.montoya.2318@example.com,Michael,montoya,+1-messy-0002318
review-clean4-messy-CAND-02319,review-clean4-messy.robert.parrish.2319@example.com,Robert,parrish,+1-messy-0002319
review-clean4-messy-CAND-02320,review-clean4-messy.molly.perez.2320@example.com,Molly,perez,+1-messy-0002320
review-clean4-messy-CAND-02321,review-clean4-messy.denise.guzman.2321@example.com,Denise,guzman,+1-messy-0002321
review-clean4-messy-CAND-02322,review-clean4-messy. alexander.waters.2322@example.com ,alexander,Waters,+1-messy-0002322
review-clean4-messy-CAND-02323,review-clean4-messy.patrick.torres.2323@example.com,Patrick,Torres,+1-messy-0002323
review-clean4-messy-CAND-02324,review-clean4-messy.blake.fernandez.2324@example.com,Blake,Fernandez,+1-messy-0002324
review-clean4-messy-CAND-02325,review-clean4-messy.edward.shaw.2325@example.com, Edward ,Shaw,+1-messy-0002325
review-clean4-messy-CAND-02326,review-clean4-messy.jeffrey.williams.2326@example.com,Jeffrey, Williams ,+1-messy-0002326
review-clean4-messy-CAND-02327,review-clean4-messy.jessica.long.2327@example.com,Jessica,Long,+1-messy-0002327
review-clean4-messy-CAND-02328,review-clean4-messy.candidate-02328@example.com, Sean ,Larson,+1-messy-0002328
review-clean4-messy-CAND-02329,review-clean4-messy.WILLIAM.WALKER.2329@EXAMPLE.COM,William,Walker,+1-messy-0002329
review-clean4-messy-CAND-02330,review-clean4-messy.keith.foster.2330@example.com,Keith,Foster,+1-messy-0002330
review-clean4-messy-CAND-02331,review-clean4-messy.DAVID.MILLER.2331@EXAMPLE.COM,David,Miller,+1-messy-0002331
review-clean4-messy-CAND-02332,review-clean4-messy.ashley.williams.2332@example.com,Ashley,Williams,+1-messy-0002332
review-clean4-messy-CAND-02333,review-clean4-messy.raymond.miller.2333@example.com,Raymond,miller,+1-messy-0002333
review-clean4-messy-CAND-02334,review-clean4-messy.warren.ayala.2334@example.com,Warren,Ayala,+1-messy-0002334
review-clean4-messy-CAND-02335,review-clean4-messy.david.taylor.2335@example.com,David,Taylor,+1-messy-0002335
review-clean4-messy-CAND-02336,review-clean4-messy.anita.freeman.2336@example.com,anita,Freeman,+1-messy-0002336
review-clean4-messy-CAND-02337,review-clean4-messy.denise.gonzalez.2337@example.com, Denise ,Gonzalez,+1-messy-0002337
review-clean4-messy-CAND-02338,review-clean4-messy.christina.fitzgerald.2338@example.com,Christina, Fitzgerald ,+1-messy-0002338
review-clean4-messy-CAND-02339,review-clean4-messy.john.jones.2339@example.com, John ,Jones,+1-messy-0002339
review-clean4-messy-CAND-02340,review-clean4-messy.kimberly.morris.2340@example.com,Kimberly, Morris ,+1-messy-0002340
review-clean4-messy-CAND-02341,review-clean4-messy. sandra.davis.2341@example.com ,Sandra,Davis,+1-messy-0002341
review-clean4-messy-CAND-02342,review-clean4-messy.emily.henderson.2342@example.com,Emily,Henderson,+1-messy-0002342
review-clean4-messy-CAND-02343,review-clean4-messy.michael.flores.2343@example.com,Michael,flores,+1-messy-0002343
review-clean4-messy-CAND-02344,review-clean4-messy.brittney.johnson.2344@example.com,Brittney,Johnson,+1-messy-0002344
review-clean4-messy-CAND-02345,review-clean4-messy.kevin.huerta.2345@example.com,Kevin,Huerta,+1-messy-0002345
review-clean4-messy-CAND-02346,review-clean4-messy.christina.branch.2346@example.com,Christina,branch,+1-messy-0002346
review-clean4-messy-CAND-02347,review-clean4-messy.scott.thomas.2347@example.com,scott,Thomas,+1-messy-0002347
review-clean4-messy-CAND-02348,review-clean4-messy.brady.meyers.2348@example.com,Brady,Meyers,+1-messy-0002348
review-clean4-messy-CAND-02349,review-clean4-messy.james.brooks.2349@example.com,James,Brooks,+1-messy-0002349
review-clean4-messy-CAND-02350,review-clean4-messy.katherine.farrell.2350@example.com,Katherine,farrell,+1-messy-0002350
review-clean4-messy-CAND-02351,review-clean4-messy.daniel.brown.2351@example.com, Daniel ,Brown,+1-messy-0002351
review-clean4-messy-CAND-02352,review-clean4-messy.stacy.mcintosh.2352@example.com,Stacy,Mcintosh,+1-messy-0002352
review-clean4-messy-CAND-02353,review-clean4-messy.misty.wilkins.2353@example.com,Misty,wilkins,+1-messy-0002353
review-clean4-messy-CAND-02354,review-clean4-messy.alexander.benson.2354@example.com,Alexander,Benson,+1-messy-0002354
review-clean4-messy-CAND-02355,review-clean4-messy.daniel.cole.2355@example.com,Daniel,Cole,+1-messy-0002355
review-clean4-messy-CAND-02356,review-clean4-messy.andrew.clark.2356@example.com, Andrew ,Clark,+1-messy-0002356
review-clean4-messy-CAND-02357,review-clean4-messy.amanda.harris.2357@example.com,amanda,Harris,+1-messy-0002357
review-clean4-messy-CAND-02358,review-clean4-messy.alexandra.green.2358@example.com,Alexandra,Green,+1-messy-0002358
review-clean4-messy-CAND-02359,review-clean4-messy.TIMOTHY.BLAIR.2359@EXAMPLE.COM, Timothy ,blair,+1-messy-0002359
review-clean4-messy-CAND-02360,review-clean4-messy.donald.hale.2360@example.com,donald,hale,+1-messy-0002360
review-clean4-messy-CAND-02361,review-clean4-messy.andrew.aguilar.2361@example.com,Andrew,Aguilar,+1-messy-0002361
review-clean4-messy-CAND-02362,review-clean4-messy.elizabeth.williams.2362@example.com,Elizabeth,Williams,+1-messy-0002362
review-clean4-messy-CAND-02363,review-clean4-messy.george.campbell.2363@example.com, George ,Campbell,+1-messy-0002363
review-clean4-messy-CAND-02364,review-clean4-messy.kristina.williamson.2364@example.com, Kristina ,Williamson,+1-messy-0002364
review-clean4-messy-CAND-02365,review-clean4-messy.BRIAN.PENA.2365@EXAMPLE.COM,Brian,Pena,+1-messy-0002365
review-clean4-messy-CAND-02366,review-clean4-messy.candidate-02366@example.com,Alan,Price,+1-messy-0002366
review-clean4-messy-CAND-02367,review-clean4-messy.joseph.christian.2367@example.com,Joseph,Christian,+1-messy-0002367
review-clean4-messy-CAND-02368,review-clean4-messy.candidate-02368@example.com,Donna,lin,+1-messy-0002368
review-clean4-messy-CAND-02369,review-clean4-messy.andrew.dillon.2369@example.com,Andrew,Dillon,+1-messy-0002369
review-clean4-messy-CAND-02370,review-clean4-messy.debra.hall.2370@example.com,Debra,Hall,+1-messy-0002370
review-clean4-messy-CAND-02371,review-clean4-messy.oscar.bray.2371@example.com,Oscar,Bray,+1-messy-0002371
review-clean4-messy-CAND-02372,review-clean4-messy.cory.stewart.2372@example.com,Cory, Stewart ,+1-messy-0002372
review-clean4-messy-CAND-02373,review-clean4-messy.michelle.schmidt.2373@example.com,Michelle,Schmidt,+1-messy-0002373
review-clean4-messy-CAND-02374,review-clean4-messy.jacob.mason.2374@example.com,Jacob,mason,+1-messy-0002374
review-clean4-messy-CAND-02375,review-clean4-messy.stephen.house.2375@example.com,Stephen,House,+1-messy-0002375
review-clean4-messy-CAND-02376,review-clean4-messy.candidate-02376@example.com,andrew,Wright,+1-messy-0002376
review-clean4-messy-CAND-02377,review-clean4-messy. alyssa.cook.2377@example.com , Alyssa ,Cook,+1-messy-0002377
review-clean4-messy-CAND-02378,review-clean4-messy.candidate-02378@example.com,Phillip, Moore ,+1-messy-0002378
review-clean4-messy-CAND-02379,review-clean4-messy.michael.bell.2379@example.com,michael,Bell,+1-messy-0002379
review-clean4-messy-CAND-02380,review-clean4-messy.colleen.young.2380@example.com,Colleen,Young,+1-messy-0002380
review-clean4-messy-CAND-02381,review-clean4-messy.TIFFANY.MASON.2381@EXAMPLE.COM,Tiffany, Mason ,+1-messy-0002381
review-clean4-messy-CAND-02382,review-clean4-messy.lisa.garrett.2382@example.com,Lisa,Garrett,+1-messy-0002382
review-clean4-messy-CAND-02383,review-clean4-messy.natasha.zamora.2383@example.com, Natasha ,Zamora,+1-messy-0002383
review-clean4-messy-CAND-02384,review-clean4-messy.lisa.johnson.2384@example.com,Lisa,Johnson,+1-messy-0002384
review-clean4-messy-CAND-02385,review-clean4-messy.angela.ramirez.2385@example.com,angela,Ramirez,+1-messy-0002385
review-clean4-messy-CAND-02386,review-clean4-messy.EDWARD.PRINCE.2386@EXAMPLE.COM,Edward,prince,+1-messy-0002386
review-clean4-messy-CAND-02387,review-clean4-messy.diane.miller.2387@example.com,diane,miller,+1-messy-0002387
review-clean4-messy-CAND-02388,review-clean4-messy.patrick.yu.2388@example.com,Patrick,yu,+1-messy-0002388
review-clean4-messy-CAND-02389,review-clean4-messy.cheyenne.garrett.2389@example.com,Cheyenne,garrett,+1-messy-0002389
review-clean4-messy-CAND-02390,review-clean4-messy.jeremy.allen.2390@example.com,Jeremy,Allen,+1-messy-0002390
review-clean4-messy-CAND-02391,review-clean4-messy.eric.waller.2391@example.com,Eric,Waller,+1-messy-0002391
review-clean4-messy-CAND-02392,review-clean4-messy.renee.murphy.2392@example.com,Renee,murphy,+1-messy-0002392
review-clean4-messy-CAND-02393,review-clean4-messy.amy.clark.2393@example.com,Amy, Clark ,+1-messy-0002393
review-clean4-messy-CAND-02394,review-clean4-messy.dillon.weaver.2394@example.com,Dillon,Weaver,+1-messy-0002394
review-clean4-messy-CAND-02395,review-clean4-messy.lauren.huffman.2395@example.com,Lauren,Huffman,+1-messy-0002395
review-clean4-messy-CAND-02396,review-clean4-messy.candidate-02396@example.com,kyle,Thornton,+1-messy-0002396
review-clean4-messy-CAND-02397,review-clean4-messy.alexandria.taylor.2397@example.com, Alexandria ,Taylor,+1-messy-0002397
review-clean4-messy-CAND-02398,review-clean4-messy.wendy.daugherty.2398@example.com,Wendy,Daugherty,+1-messy-0002398
review-clean4-messy-CAND-02399,review-clean4-messy.dustin.fitzpatrick.2399@example.com,Dustin,Fitzpatrick,+1-messy-0002399
review-clean4-messy-CAND-02400,review-clean4-messy.candidate-02400@example.com,Sally,Stewart,+1-messy-0002400
review-clean4-messy-CAND-02401,review-clean4-messy.angela.fry.2401@example.com,Angela,Fry,+1-messy-0002401
review-clean4-messy-CAND-02402,review-clean4-messy. david.stewart.2402@example.com ,David,Stewart,+1-messy-0002402
review-clean4-messy-CAND-02403,review-clean4-messy.nichole.acosta.2403@example.com,nichole,Acosta,+1-messy-0002403
review-clean4-messy-CAND-02404,review-clean4-messy.KATHY.BEARD.2404@EXAMPLE.COM,Kathy,Beard,+1-messy-0002404
review-clean4-messy-CAND-02405,review-clean4-messy.robert.jenkins.2405@example.com,Robert,Jenkins,+1-messy-0002405
review-clean4-messy-CAND-02406,review-clean4-messy.scott.peck.2406@example.com,Scott,Peck,+1-messy-0002406
review-clean4-messy-CAND-02407,review-clean4-messy.patricia.mahoney.2407@example.com,patricia,Mahoney,+1-messy-0002407
review-clean4-messy-CAND-02408,review-clean4-messy.joshua.maxwell.2408@example.com,Joshua, Maxwell ,+1-messy-0002408
review-clean4-messy-CAND-02409,review-clean4-messy.daniel.lopez.2409@example.com,Daniel,Lopez,+1-messy-0002409
review-clean4-messy-CAND-02410,review-clean4-messy.kathryn.salazar.2410@example.com,Kathryn, Salazar ,+1-messy-0002410
review-clean4-messy-CAND-02411,review-clean4-messy.joseph.bradley.2411@example.com, Joseph ,Bradley,+1-messy-0002411
review-clean4-messy-CAND-02412,review-clean4-messy.candidate-02412@example.com,Jerry,Hall,+1-messy-0002412
review-clean4-messy-CAND-02413,review-clean4-messy.grace.howard.2413@example.com,grace, Howard ,+1-messy-0002413
review-clean4-messy-CAND-02414,review-clean4-messy.hailey.woods.2414@example.com,Hailey,Woods,+1-messy-0002414
review-clean4-messy-CAND-02415,review-clean4-messy.wayne.jacobs.2415@example.com,Wayne,Jacobs,+1-messy-0002415
review-clean4-messy-CAND-02416,review-clean4-messy. jennifer.brooks.2416@example.com ,Jennifer,Brooks,+1-messy-0002416
review-clean4-messy-CAND-02417,review-clean4-messy.MELISSA.HENRY.2417@EXAMPLE.COM,Melissa, Henry ,+1-messy-0002417
review-clean4-messy-CAND-02418,review-clean4-messy.devin.lee.2418@example.com,devin,Lee,+1-messy-0002418
review-clean4-messy-CAND-02419,review-clean4-messy. antonio.duran.2419@example.com ,Antonio,Duran,+1-messy-0002419
review-clean4-messy-CAND-02420,review-clean4-messy.alexis.nelson.2420@example.com,Alexis, Nelson ,+1-messy-0002420
review-clean4-messy-CAND-02421,review-clean4-messy.candidate-02421@example.com,Robert,Newton,+1-messy-0002421
review-clean4-messy-CAND-02422,review-clean4-messy.vanessa.todd.2422@example.com,Vanessa,Todd,+1-messy-0002422
review-clean4-messy-CAND-02423,review-clean4-messy.carl.ho.2423@example.com,Carl, Ho ,+1-messy-0002423
review-clean4-messy-CAND-02424,review-clean4-messy.valerie.camacho.2424@example.com,valerie,Camacho,+1-messy-0002424
review-clean4-messy-CAND-02425,review-clean4-messy.TRACY.NGUYEN.2425@EXAMPLE.COM,Tracy,Nguyen,+1-messy-0002425
review-clean4-messy-CAND-02426,review-clean4-messy.stephen.wright.2426@example.com, Stephen ,Wright,+1-messy-0002426
review-clean4-messy-CAND-02427,review-clean4-messy.RICHARD.WILLIAMS.2427@EXAMPLE.COM,Richard, Williams ,+1-messy-0002427
review-clean4-messy-CAND-02428,review-clean4-messy.jill.james.2428@example.com,Jill,James,+1-messy-0002428
review-clean4-messy-CAND-02429,review-clean4-messy.lawrence.carr.2429@example.com, Lawrence ,Carr,+1-messy-0002429
review-clean4-messy-CAND-02430,review-clean4-messy.julia.wheeler.2430@example.com,Julia,Wheeler,+1-messy-0002430
review-clean4-messy-CAND-02431,review-clean4-messy.alicia.liu.2431@example.com, Alicia ,Liu,+1-messy-0002431
review-clean4-messy-CAND-02432,review-clean4-messy.KRISTIN.MEYER.2432@EXAMPLE.COM,Kristin,Meyer,+1-messy-0002432
review-clean4-messy-CAND-02433,review-clean4-messy. shannon.wilcox.2433@example.com ,Shannon, Wilcox ,+1-messy-0002433
review-clean4-messy-CAND-02434,review-clean4-messy.bobby.forbes.2434@example.com,Bobby,forbes,+1-messy-0002434
review-clean4-messy-CAND-02435,review-clean4-messy.april.foster.2435@example.com,April,Foster,+1-messy-0002435
review-clean4-messy-CAND-02436,review-clean4-messy.candidate-02436@example.com, Jill ,Grant,+1-messy-0002436
review-clean4-messy-CAND-02437,review-clean4-messy.candidate-02437@example.com,zachary,Mccoy,+1-messy-0002437
review-clean4-messy-CAND-02438,review-clean4-messy.candidate-02438@example.com,Brandon,Carter,+1-messy-0002438
review-clean4-messy-CAND-02439,review-clean4-messy.raymond.torres.2439@example.com,Raymond,Torres,+1-messy-0002439
review-clean4-messy-CAND-02440,review-clean4-messy.MARIA.MURRAY.2440@EXAMPLE.COM,Maria,Murray,+1-messy-0002440
review-clean4-messy-CAND-02441,review-clean4-messy.roberto.austin.2441@example.com,Roberto,austin,+1-messy-0002441
review-clean4-messy-CAND-02442,review-clean4-messy.BRIAN.BLACK.2442@EXAMPLE.COM,Brian, Black ,+1-messy-0002442
review-clean4-messy-CAND-02443,review-clean4-messy.douglas.gallegos.2443@example.com,Douglas, Gallegos ,+1-messy-0002443
review-clean4-messy-CAND-02444,review-clean4-messy. shannon.sharp.2444@example.com ,shannon,Sharp,+1-messy-0002444
review-clean4-messy-CAND-02445,review-clean4-messy.daniel.osborne.2445@example.com,daniel,Osborne,+1-messy-0002445
review-clean4-messy-CAND-02446,review-clean4-messy.sharon.horton.2446@example.com,Sharon,Horton,+1-messy-0002446
review-clean4-messy-CAND-02447,review-clean4-messy.derek.gutierrez.2447@example.com,Derek, Gutierrez ,+1-messy-0002447
review-clean4-messy-CAND-02448,review-clean4-messy.SHANNON.WHITE.2448@EXAMPLE.COM,Shannon,White,+1-messy-0002448
review-clean4-messy-CAND-02449,review-clean4-messy. brittany.marquez.2449@example.com ,Brittany,Marquez,+1-messy-0002449
review-clean4-messy-CAND-02450,review-clean4-messy.james.gibson.2450@example.com,James,Gibson,+1-messy-0002450
review-clean4-messy-CAND-02451,review-clean4-messy.john.holt.2451@example.com, John ,holt,+1-messy-0002451
review-clean4-messy-CAND-02452,review-clean4-messy.rebecca.hogan.2452@example.com,rebecca,hogan,+1-messy-0002452
review-clean4-messy-CAND-02453,review-clean4-messy.jennifer.martinez.2453@example.com,Jennifer,Martinez,+1-messy-0002453
review-clean4-messy-CAND-02454,review-clean4-messy.DANNY.COLE.2454@EXAMPLE.COM,Danny,Cole,+1-messy-0002454
review-clean4-messy-CAND-02455,review-clean4-messy.michael.mills.2455@example.com,Michael,Mills,+1-messy-0002455
review-clean4-messy-CAND-02456,review-clean4-messy.patrick.moody.2456@example.com,patrick, Moody ,+1-messy-0002456
review-clean4-messy-CAND-02457,review-clean4-messy.william.herring.2457@example.com, William ,Herring,+1-messy-0002457
review-clean4-messy-CAND-02458,review-clean4-messy.nicholas.james.2458@example.com,Nicholas, James ,+1-messy-0002458
review-clean4-messy-CAND-02459,review-clean4-messy.kayla.barr.2459@example.com,Kayla,Barr,+1-messy-0002459
review-clean4-messy-CAND-02460,review-clean4-messy.ariana.keller.2460@example.com,Ariana, Keller ,+1-messy-0002460
review-clean4-messy-CAND-02461,review-clean4-messy.edward.melton.2461@example.com,Edward,Melton,+1-messy-0002461
review-clean4-messy-CAND-02462,review-clean4-messy.harold.joseph.2462@example.com,Harold, Joseph ,+1-messy-0002462
review-clean4-messy-CAND-02463,review-clean4-messy.ROBERT.COLLINS.2463@EXAMPLE.COM,Robert,Collins,+1-messy-0002463
review-clean4-messy-CAND-02464,review-clean4-messy.kayla.griffin.2464@example.com,Kayla,Griffin,+1-messy-0002464
review-clean4-messy-CAND-02465,review-clean4-messy.COURTNEY.WILSON.2465@EXAMPLE.COM,Courtney,Wilson,+1-messy-0002465
review-clean4-messy-CAND-02466,review-clean4-messy.david.harris.2466@example.com,David,Harris,+1-messy-0002466
review-clean4-messy-CAND-02467,review-clean4-messy.cindy.king.2467@example.com,Cindy, King ,+1-messy-0002467
review-clean4-messy-CAND-02468,review-clean4-messy.stephen.foley.2468@example.com,Stephen, Foley ,+1-messy-0002468
review-clean4-messy-CAND-02469,review-clean4-messy.amy.smith.2469@example.com,Amy, Smith ,+1-messy-0002469
review-clean4-messy-CAND-02470,review-clean4-messy.nicole.young.2470@example.com, Nicole , Young ,+1-messy-0002470
review-clean4-messy-CAND-02471,review-clean4-messy.brianna.alvarez.2471@example.com,Brianna,Alvarez,+1-messy-0002471
review-clean4-messy-CAND-02472,review-clean4-messy.robert.miller.2472@example.com,robert, Miller ,+1-messy-0002472
review-clean4-messy-CAND-02473,review-clean4-messy.carol.sanchez.2473@example.com,Carol,Sanchez,+1-messy-0002473
review-clean4-messy-CAND-02474,review-clean4-messy.amy.harvey.2474@example.com, Amy ,harvey,+1-messy-0002474
review-clean4-messy-CAND-02475,review-clean4-messy.angela.bryan.2475@example.com,Angela,Bryan,+1-messy-0002475
review-clean4-messy-CAND-02476,review-clean4-messy.candidate-02476@example.com,Brandon,Hernandez,+1-messy-0002476
review-clean4-messy-CAND-02477,review-clean4-messy.denise.johnson.2477@example.com,Denise,johnson,+1-messy-0002477
review-clean4-messy-CAND-02478,review-clean4-messy.melissa.estrada.2478@example.com,Melissa,estrada,+1-messy-0002478
review-clean4-messy-CAND-02479,review-clean4-messy.candidate-02479@example.com,Mary, Evans ,+1-messy-0002479
review-clean4-messy-CAND-02480,review-clean4-messy.SAMANTHA.WILLIAMS.2480@EXAMPLE.COM,Samantha,Williams,+1-messy-0002480
review-clean4-messy-CAND-02481,review-clean4-messy.robert.thompson.2481@example.com,Robert,Thompson,+1-messy-0002481
review-clean4-messy-CAND-02482,review-clean4-messy. emily.carr.2482@example.com ,Emily,Carr,+1-messy-0002482
review-clean4-messy-CAND-02483,review-clean4-messy.candidate-02483@example.com,Heather, Larson ,+1-messy-0002483
review-clean4-messy-CAND-02484,review-clean4-messy.kristin.thompson.2484@example.com,Kristin,Thompson,+1-messy-0002484
review-clean4-messy-CAND-02485,review-clean4-messy.candidate-02485@example.com, Stanley , Riley ,+1-messy-0002485
review-clean4-messy-CAND-02486,review-clean4-messy.sarah.davis.2486@example.com,Sarah,Davis,+1-messy-0002486
review-clean4-messy-CAND-02487,review-clean4-messy.kevin.richardson.2487@example.com,Kevin,Richardson,+1-messy-0002487
review-clean4-messy-CAND-02488,review-clean4-messy.nicholas.jones.2488@example.com, Nicholas ,Jones,+1-messy-0002488
review-clean4-messy-CAND-02489,review-clean4-messy.ronald.pierce.2489@example.com,Ronald,Pierce,+1-messy-0002489
review-clean4-messy-CAND-02490,review-clean4-messy.kelly.taylor.2490@example.com,Kelly,Taylor,+1-messy-0002490
review-clean4-messy-CAND-02491,review-clean4-messy.heather.hill.2491@example.com,Heather, Hill ,+1-messy-0002491
review-clean4-messy-CAND-02492,review-clean4-messy.candidate-02492@example.com,Alison,Warren,+1-messy-0002492
review-clean4-messy-CAND-02493,review-clean4-messy.heather.salazar.2493@example.com,Heather,Salazar,+1-messy-0002493
review-clean4-messy-CAND-02494,review-clean4-messy. daniel.blair.2494@example.com ,Daniel, Blair ,+1-messy-0002494
review-clean4-messy-CAND-02495,review-clean4-messy.cristina.benitez.2495@example.com,Cristina,Benitez,+1-messy-0002495
review-clean4-messy-CAND-02496,review-clean4-messy.timothy.barker.2496@example.com,Timothy,Barker,+1-messy-0002496
review-clean4-messy-CAND-02497,review-clean4-messy.sarah.andersen.2497@example.com,Sarah,andersen,+1-messy-0002497
review-clean4-messy-CAND-02498,review-clean4-messy.justin.lynch.2498@example.com,Justin,Lynch,+1-messy-0002498
review-clean4-messy-CAND-02499,review-clean4-messy.leslie.fox.2499@example.com,Leslie,Fox,+1-messy-0002499
review-clean4-messy-CAND-02500,review-clean4-messy.wanda.gomez.2500@example.com,wanda,Gomez,+1-messy-0002500
review-clean4-messy-CAND-02501,review-clean4-messy.DAVID.HART.2501@EXAMPLE.COM,David,Hart,+1-messy-0002501
review-clean4-messy-CAND-02502,review-clean4-messy. april.welch.2502@example.com ,April, Welch ,+1-messy-0002502
review-clean4-messy-CAND-02503,review-clean4-messy.travis.white.2503@example.com,Travis, White ,+1-messy-0002503
review-clean4-messy-CAND-02504,review-clean4-messy.chelsea.erickson.2504@example.com,Chelsea,Erickson,+1-messy-0002504
review-clean4-messy-CAND-02505,review-clean4-messy.candidate-02505@example.com,Tiffany,Smith,+1-messy-0002505
review-clean4-messy-CAND-02506,review-clean4-messy.andrew.garrett.2506@example.com, Andrew , Garrett ,+1-messy-0002506
review-clean4-messy-CAND-02507,review-clean4-messy.david.charles.2507@example.com, David ,Charles,+1-messy-0002507
review-clean4-messy-CAND-02508,review-clean4-messy.lauren.duarte.2508@example.com,Lauren,duarte,+1-messy-0002508
review-clean4-messy-CAND-02509,review-clean4-messy.robert.cook.2509@example.com,Robert,Cook,+1-messy-0002509
review-clean4-messy-CAND-02510,review-clean4-messy.ann.walsh.2510@example.com,ann,Walsh,+1-messy-0002510
review-clean4-messy-CAND-02511,review-clean4-messy.candidate-02511@example.com,Alex,Harris,+1-messy-0002511
review-clean4-messy-CAND-02512,review-clean4-messy.juan.tyler.2512@example.com,Juan,Tyler,+1-messy-0002512
review-clean4-messy-CAND-02513,review-clean4-messy.candidate-02513@example.com,kyle,hunter,+1-messy-0002513
review-clean4-messy-CAND-02514,review-clean4-messy. mario.smith.2514@example.com ,mario,Smith,+1-messy-0002514
review-clean4-messy-CAND-02515,review-clean4-messy.gina.peterson.2515@example.com,Gina,Peterson,+1-messy-0002515
review-clean4-messy-CAND-02516,review-clean4-messy.jennifer.gilbert.2516@example.com,Jennifer,Gilbert,+1-messy-0002516
review-clean4-messy-CAND-02517,review-clean4-messy.anthony.thompson.2517@example.com,anthony, Thompson ,+1-messy-0002517
review-clean4-messy-CAND-02518,review-clean4-messy.mark.morgan.2518@example.com,Mark,Morgan,+1-messy-0002518
review-clean4-messy-CAND-02519,review-clean4-messy.emily.hendricks.2519@example.com,Emily,Hendricks,+1-messy-0002519
review-clean4-messy-CAND-02520,review-clean4-messy.laura.brewer.2520@example.com, Laura ,Brewer,+1-messy-0002520
review-clean4-messy-CAND-02521,review-clean4-messy.timothy.burton.2521@example.com,Timothy,Burton,+1-messy-0002521
review-clean4-messy-CAND-02522,review-clean4-messy. patricia.herrera.2522@example.com ,Patricia,Herrera,+1-messy-0002522
review-clean4-messy-CAND-02523,review-clean4-messy.candidate-02523@example.com,Matthew,Bowers,+1-messy-0002523
review-clean4-messy-CAND-02524,review-clean4-messy.ROBERT.NEWTON.2524@EXAMPLE.COM, Robert ,Newton,+1-messy-0002524
review-clean4-messy-CAND-02525,review-clean4-messy.mary.evans.2525@example.com,Mary,Evans,+1-messy-0002525
review-clean4-messy-CAND-02526,review-clean4-messy.candidate-02526@example.com,Jessica,stewart,+1-messy-0002526
review-clean4-messy-CAND-02527,review-clean4-messy.AMANDA.CLARK.2527@EXAMPLE.COM,Amanda,Clark,+1-messy-0002527
review-clean4-messy-CAND-02528,review-clean4-messy.gina.marsh.2528@example.com,Gina,Marsh,+1-messy-0002528
review-clean4-messy-CAND-02529,review-clean4-messy.PAMELA.GOMEZ.2529@EXAMPLE.COM,Pamela,Gomez,+1-messy-0002529
review-clean4-messy-CAND-02530,review-clean4-messy. tara.ramirez.2530@example.com ,Tara,Ramirez,+1-messy-0002530
review-clean4-messy-CAND-02531,review-clean4-messy.anthony.terrell.2531@example.com,anthony,Terrell,+1-messy-0002531
review-clean4-messy-CAND-02532,review-clean4-messy.courtney.kirby.2532@example.com,Courtney,Kirby,+1-messy-0002532
review-clean4-messy-CAND-02533,review-clean4-messy.ASHLEY.PRICE.2533@EXAMPLE.COM,Ashley,Price,+1-messy-0002533
review-clean4-messy-CAND-02534,review-clean4-messy.brooke.hancock.2534@example.com,Brooke,Hancock,+1-messy-0002534
review-clean4-messy-CAND-02535,review-clean4-messy.karen.thornton.2535@example.com, Karen ,Thornton,+1-messy-0002535
review-clean4-messy-CAND-02536,review-clean4-messy.leonard.johnson.2536@example.com,Leonard,Johnson,+1-messy-0002536
review-clean4-messy-CAND-02537,review-clean4-messy.candidate-02537@example.com,Robert, Crawford ,+1-messy-0002537
review-clean4-messy-CAND-02538,review-clean4-messy.john.hayes.2538@example.com,John,hayes,+1-messy-0002538
review-clean4-messy-CAND-02539,review-clean4-messy.stephanie.robinson.2539@example.com, Stephanie , Robinson ,+1-messy-0002539
review-clean4-messy-CAND-02540,review-clean4-messy.kevin.rodriguez.2540@example.com, Kevin ,Rodriguez,+1-messy-0002540
review-clean4-messy-CAND-02541,review-clean4-messy. kristen.strickland.2541@example.com , Kristen ,Strickland,+1-messy-0002541
review-clean4-messy-CAND-02542,review-clean4-messy.robin.wallace.2542@example.com,Robin,Wallace,+1-messy-0002542
review-clean4-messy-CAND-02543,review-clean4-messy.angel.webb.2543@example.com,angel,Webb,+1-messy-0002543
review-clean4-messy-CAND-02544,review-clean4-messy.vincent.lee.2544@example.com, Vincent , Lee ,+1-messy-0002544
review-clean4-messy-CAND-02545,review-clean4-messy. sandra.oconnor.2545@example.com ,Sandra, Oconnor ,+1-messy-0002545
review-clean4-messy-CAND-02546,review-clean4-messy. alexandra.rowe.2546@example.com ,alexandra,Rowe,+1-messy-0002546
review-clean4-messy-CAND-02547,review-clean4-messy. douglas.wiggins.2547@example.com ,Douglas,Wiggins,+1-messy-0002547
review-clean4-messy-CAND-02548,review-clean4-messy.lynn.hurley.2548@example.com,Lynn,Hurley,+1-messy-0002548
review-clean4-messy-CAND-02549,review-clean4-messy.erica.anderson.2549@example.com,Erica,Anderson,+1-messy-0002549
review-clean4-messy-CAND-02550,review-clean4-messy.jenny.stevens.2550@example.com,Jenny,Stevens,+1-messy-0002550
review-clean4-messy-CAND-02551,review-clean4-messy.jennifer.boyd.2551@example.com,Jennifer,Boyd,+1-messy-0002551
review-clean4-messy-CAND-02552,review-clean4-messy.adam.randolph.2552@example.com,Adam,Randolph,+1-messy-0002552
review-clean4-messy-CAND-02553,review-clean4-messy.candidate-02553@example.com,Gloria,Wheeler,+1-messy-0002553
review-clean4-messy-CAND-02554,review-clean4-messy.christopher.owens.2554@example.com, Christopher ,Owens,+1-messy-0002554
review-clean4-messy-CAND-02555,review-clean4-messy.brandon.meyer.2555@example.com,Brandon,Meyer,+1-messy-0002555
review-clean4-messy-CAND-02556,review-clean4-messy.donna.edwards.2556@example.com,Donna,Edwards,+1-messy-0002556
review-clean4-messy-CAND-02557,review-clean4-messy.becky.collins.2557@example.com, Becky ,Collins,+1-messy-0002557
review-clean4-messy-CAND-02558,review-clean4-messy.patricia.flores.2558@example.com, Patricia ,Flores,+1-messy-0002558
review-clean4-messy-CAND-02559,review-clean4-messy.james.hill.2559@example.com,James, Hill ,+1-messy-0002559
review-clean4-messy-CAND-02560,review-clean4-messy.luis.alexander.2560@example.com, Luis ,Alexander,+1-messy-0002560
review-clean4-messy-CAND-02561,review-clean4-messy.DAVID.HERNANDEZ.2561@EXAMPLE.COM,David,Hernandez,+1-messy-0002561
review-clean4-messy-CAND-02562,review-clean4-messy.joshua.smith.2562@example.com,Joshua,Smith,+1-messy-0002562
review-clean4-messy-CAND-02563,review-clean4-messy.cindy.palmer.2563@example.com,Cindy,Palmer,+1-messy-0002563
review-clean4-messy-CAND-02564,review-clean4-messy. jamie.bell.2564@example.com ,Jamie,Bell,+1-messy-0002564
review-clean4-messy-CAND-02565,review-clean4-messy.lucas.thomas.2565@example.com,Lucas,Thomas,+1-messy-0002565
review-clean4-messy-CAND-02566,review-clean4-messy.janet.campbell.2566@example.com,Janet,Campbell,+1-messy-0002566
review-clean4-messy-CAND-02567,review-clean4-messy.john.jones.2567@example.com, John ,Jones,+1-messy-0002567
review-clean4-messy-CAND-02568,review-clean4-messy.christina.morgan.2568@example.com, Christina ,Morgan,+1-messy-0002568
review-clean4-messy-CAND-02569,review-clean4-messy.scott.anderson.2569@example.com,Scott,Anderson,+1-messy-0002569
review-clean4-messy-CAND-02570,review-clean4-messy. thomas.lowe.2570@example.com ,Thomas,Lowe,+1-messy-0002570
review-clean4-messy-CAND-02571,review-clean4-messy.DANIEL.BROWN.2571@EXAMPLE.COM,Daniel, Brown ,+1-messy-0002571
review-clean4-messy-CAND-02572,review-clean4-messy.ronald.white.2572@example.com,Ronald,White,+1-messy-0002572
review-clean4-messy-CAND-02573,review-clean4-messy.caitlin.watkins.2573@example.com,Caitlin,Watkins,+1-messy-0002573
review-clean4-messy-CAND-02574,review-clean4-messy. mary.lyons.2574@example.com ,Mary,Lyons,+1-messy-0002574
review-clean4-messy-CAND-02575,review-clean4-messy.christina.edwards.2575@example.com,Christina,Edwards,+1-messy-0002575
review-clean4-messy-CAND-02576,review-clean4-messy.lisa.marquez.2576@example.com,lisa, Marquez ,+1-messy-0002576
review-clean4-messy-CAND-02577,review-clean4-messy.emily.ferguson.2577@example.com, Emily ,Ferguson,+1-messy-0002577
review-clean4-messy-CAND-02578,review-clean4-messy.terri.campos.2578@example.com, Terri ,Campos,+1-messy-0002578
review-clean4-messy-CAND-02579,review-clean4-messy.steven.anderson.2579@example.com,steven,Anderson,+1-messy-0002579
review-clean4-messy-CAND-02580,review-clean4-messy.lisa.gillespie.2580@example.com,Lisa,Gillespie,+1-messy-0002580
review-clean4-messy-CAND-02581,review-clean4-messy.candidate-02581@example.com,taylor,Bryant,+1-messy-0002581
review-clean4-messy-CAND-02582,review-clean4-messy.gabrielle.mckinney.2582@example.com,Gabrielle,Mckinney,+1-messy-0002582
review-clean4-messy-CAND-02583,review-clean4-messy.steven.hall.2583@example.com,Steven, Hall ,+1-messy-0002583
review-clean4-messy-CAND-02584,review-clean4-messy. jeffrey.callahan.2584@example.com ,Jeffrey, Callahan ,+1-messy-0002584
review-clean4-messy-CAND-02585,review-clean4-messy.christina.durham.2585@example.com,Christina, Durham ,+1-messy-0002585
review-clean4-messy-CAND-02586,review-clean4-messy. philip.lyons.2586@example.com ,Philip,Lyons,+1-messy-0002586
review-clean4-messy-CAND-02587,review-clean4-messy.elizabeth.mccormick.2587@example.com,Elizabeth,mccormick,+1-messy-0002587
review-clean4-messy-CAND-02588,review-clean4-messy.candidate-02588@example.com,Nicole,Chavez,+1-messy-0002588
review-clean4-messy-CAND-02589,review-clean4-messy.candidate-02589@example.com,anthony,Alvarez,+1-messy-0002589
review-clean4-messy-CAND-02590,review-clean4-messy. michael.murray.2590@example.com ,Michael,Murray,+1-messy-0002590
review-clean4-messy-CAND-02591,review-clean4-messy.george.tate.2591@example.com,George,tate,+1-messy-0002591
review-clean4-messy-CAND-02592,review-clean4-messy.CASSANDRA.ANDERSON.2592@EXAMPLE.COM,Cassandra,Anderson,+1-messy-0002592
review-clean4-messy-CAND-02593,review-clean4-messy.dakota.roth.2593@example.com, Dakota ,Roth,+1-messy-0002593
review-clean4-messy-CAND-02594,review-clean4-messy.laura.nguyen.2594@example.com,Laura,Nguyen,+1-messy-0002594
review-clean4-messy-CAND-02595,review-clean4-messy.debra.sparks.2595@example.com,Debra,Sparks,+1-messy-0002595
review-clean4-messy-CAND-02596,review-clean4-messy.amanda.morales.2596@example.com, Amanda , Morales ,+1-messy-0002596
review-clean4-messy-CAND-02597,review-clean4-messy. robert.oliver.2597@example.com ,robert,oliver,+1-messy-0002597
review-clean4-messy-CAND-02598,review-clean4-messy.amy.dickson.2598@example.com, Amy ,Dickson,+1-messy-0002598
review-clean4-messy-CAND-02599,review-clean4-messy.PATRICK.PETERSON.2599@EXAMPLE.COM,Patrick,peterson,+1-messy-0002599
review-clean4-messy-CAND-02600,review-clean4-messy.LISA.GARZA.2600@EXAMPLE.COM, Lisa ,garza,+1-messy-0002600
review-clean4-messy-CAND-02601,review-clean4-messy.kristen.graham.2601@example.com,Kristen,Graham,+1-messy-0002601
review-clean4-messy-CAND-02602,review-clean4-messy.kristin.stephens.2602@example.com,Kristin,Stephens,+1-messy-0002602
review-clean4-messy-CAND-02603,review-clean4-messy.JOEL.BATES.2603@EXAMPLE.COM,joel,Bates,+1-messy-0002603
review-clean4-messy-CAND-02604,review-clean4-messy.christian.galvan.2604@example.com, Christian ,Galvan,+1-messy-0002604
review-clean4-messy-CAND-02605,review-clean4-messy.audrey.tucker.2605@example.com,Audrey,tucker,+1-messy-0002605
review-clean4-messy-CAND-02606,review-clean4-messy.brittany.ford.2606@example.com,Brittany,Ford,+1-messy-0002606
review-clean4-messy-CAND-02607,review-clean4-messy.angela.short.2607@example.com,angela,Short,+1-messy-0002607
review-clean4-messy-CAND-02608,review-clean4-messy.gregory.blanchard.2608@example.com,Gregory,Blanchard,+1-messy-0002608
review-clean4-messy-CAND-02609,review-clean4-messy.chad.rodriguez.2609@example.com,Chad,rodriguez,+1-messy-0002609
review-clean4-messy-CAND-02610,review-clean4-messy.candidate-02610@example.com,Lisa,Wise,+1-messy-0002610
review-clean4-messy-CAND-02611,review-clean4-messy.nicholas.snyder.2611@example.com,nicholas,snyder,+1-messy-0002611
review-clean4-messy-CAND-02612,review-clean4-messy. donna.davis.2612@example.com ,Donna,Davis,+1-messy-0002612
review-clean4-messy-CAND-02613,review-clean4-messy.lisa.clay.2613@example.com,lisa,Clay,+1-messy-0002613
review-clean4-messy-CAND-02614,review-clean4-messy.rebecca.fields.2614@example.com, Rebecca ,Fields,+1-messy-0002614
review-clean4-messy-CAND-02615,review-clean4-messy. aaron.thomas.2615@example.com ,Aaron,Thomas,+1-messy-0002615
review-clean4-messy-CAND-02616,review-clean4-messy.edward.schmidt.2616@example.com,Edward,schmidt,+1-messy-0002616
review-clean4-messy-CAND-02617,review-clean4-messy.peter.lane.2617@example.com,Peter,Lane,+1-messy-0002617
review-clean4-messy-CAND-02618,review-clean4-messy.candidate-02618@example.com,James,maldonado,+1-messy-0002618
review-clean4-messy-CAND-02619,review-clean4-messy.leslie.hudson.2619@example.com,Leslie, Hudson ,+1-messy-0002619
review-clean4-messy-CAND-02620,review-clean4-messy.robin.torres.2620@example.com,Robin,Torres,+1-messy-0002620
review-clean4-messy-CAND-02621,review-clean4-messy.sherry.graham.2621@example.com,Sherry,Graham,+1-messy-0002621
review-clean4-messy-CAND-02622,review-clean4-messy.toni.cooper.2622@example.com,Toni, Cooper ,+1-messy-0002622
review-clean4-messy-CAND-02623,review-clean4-messy.christopher.smith.2623@example.com,Christopher, Smith ,+1-messy-0002623
review-clean4-messy-CAND-02624,review-clean4-messy.valerie.powell.2624@example.com,valerie,Powell,+1-messy-0002624
review-clean4-messy-CAND-02625,review-clean4-messy.david.phillips.2625@example.com,David, Phillips ,+1-messy-0002625
review-clean4-messy-CAND-02626,review-clean4-messy.mike.dunn.2626@example.com,Mike,Dunn,+1-messy-0002626
review-clean4-messy-CAND-02627,review-clean4-messy.candidate-02627@example.com, Brian ,Warner,+1-messy-0002627
review-clean4-messy-CAND-02628,review-clean4-messy.lori.howard.2628@example.com, Lori ,Howard,+1-messy-0002628
review-clean4-messy-CAND-02629,review-clean4-messy.candidate-02629@example.com,michelle,Glenn,+1-messy-0002629
review-clean4-messy-CAND-02630,review-clean4-messy.joe.park.2630@example.com,Joe,Park,+1-messy-0002630
review-clean4-messy-CAND-02631,review-clean4-messy.phillip.flores.2631@example.com,Phillip,Flores,+1-messy-0002631
review-clean4-messy-CAND-02632,review-clean4-messy.patrick.james.2632@example.com,Patrick,James,+1-messy-0002632
review-clean4-messy-CAND-02633,review-clean4-messy.amy.bates.2633@example.com,amy,Bates,+1-messy-0002633
review-clean4-messy-CAND-02634,review-clean4-messy.thomas.lopez.2634@example.com,Thomas,Lopez,+1-messy-0002634
review-clean4-messy-CAND-02635,review-clean4-messy.patrick.middleton.2635@example.com,Patrick,middleton,+1-messy-0002635
review-clean4-messy-CAND-02636,review-clean4-messy.mary.moore.2636@example.com,Mary,Moore,+1-messy-0002636
review-clean4-messy-CAND-02637,review-clean4-messy.WHITNEY.SANTIAGO.2637@EXAMPLE.COM,Whitney,santiago,+1-messy-0002637
review-clean4-messy-CAND-02638,review-clean4-messy. dennis.jones.2638@example.com ,Dennis,Jones,+1-messy-0002638
review-clean4-messy-CAND-02639,review-clean4-messy.alfred.griffith.2639@example.com,Alfred,Griffith,+1-messy-0002639
review-clean4-messy-CAND-02640,review-clean4-messy. tommy.kim.2640@example.com ,Tommy, Kim ,+1-messy-0002640
review-clean4-messy-CAND-02641,review-clean4-messy.veronica.miller.2641@example.com,Veronica, Miller ,+1-messy-0002641
review-clean4-messy-CAND-02642,review-clean4-messy.dawn.perry.2642@example.com,Dawn,Perry,+1-messy-0002642
review-clean4-messy-CAND-02643,review-clean4-messy.stephen.mccormick.2643@example.com,Stephen,Mccormick,+1-messy-0002643
review-clean4-messy-CAND-02644,review-clean4-messy.cassandra.simmons.2644@example.com,Cassandra,Simmons,+1-messy-0002644
review-clean4-messy-CAND-02645,review-clean4-messy.hector.hicks.2645@example.com,hector,Hicks,+1-messy-0002645
review-clean4-messy-CAND-02646,review-clean4-messy.andrea.cole.2646@example.com,Andrea,Cole,+1-messy-0002646
review-clean4-messy-CAND-02647,review-clean4-messy.candidate-02647@example.com,Michael,Lopez,+1-messy-0002647
review-clean4-messy-CAND-02648,review-clean4-messy.cassandra.lane.2648@example.com,Cassandra,Lane,+1-messy-0002648
review-clean4-messy-CAND-02649,review-clean4-messy. melanie.young.2649@example.com ,Melanie,young,+1-messy-0002649
review-clean4-messy-CAND-02650,review-clean4-messy.walter.jenkins.2650@example.com,Walter,Jenkins,+1-messy-0002650
review-clean4-messy-CAND-02651,review-clean4-messy.AMY.RICHARDSON.2651@EXAMPLE.COM,Amy,Richardson,+1-messy-0002651
review-clean4-messy-CAND-02652,review-clean4-messy.tiffany.carroll.2652@example.com, Tiffany , Carroll ,+1-messy-0002652
review-clean4-messy-CAND-02653,review-clean4-messy.janet.wilson.2653@example.com,Janet,Wilson,+1-messy-0002653
review-clean4-messy-CAND-02654,review-clean4-messy.timothy.vaughn.2654@example.com, Timothy ,Vaughn,+1-messy-0002654
review-clean4-messy-CAND-02655,review-clean4-messy.douglas.simon.2655@example.com,Douglas,Simon,+1-messy-0002655
review-clean4-messy-CAND-02656,review-clean4-messy.tonya.terrell.2656@example.com,Tonya,Terrell,+1-messy-0002656
review-clean4-messy-CAND-02657,review-clean4-messy.kimberly.marshall.2657@example.com, Kimberly ,marshall,+1-messy-0002657
review-clean4-messy-CAND-02658,review-clean4-messy.christian.wu.2658@example.com,Christian, Wu ,+1-messy-0002658
review-clean4-messy-CAND-02659,review-clean4-messy.candidate-02659@example.com,Christopher,kennedy,+1-messy-0002659
review-clean4-messy-CAND-02660,review-clean4-messy.candidate-02660@example.com,Judith,Horne,+1-messy-0002660
review-clean4-messy-CAND-02661,review-clean4-messy.candidate-02661@example.com,Christian, Schultz ,+1-messy-0002661
review-clean4-messy-CAND-02662,review-clean4-messy.lauren.edwards.2662@example.com,lauren,Edwards,+1-messy-0002662
review-clean4-messy-CAND-02663,review-clean4-messy.brian.cooper.2663@example.com, Brian ,Cooper,+1-messy-0002663
review-clean4-messy-CAND-02664,review-clean4-messy.kimberly.harrison.2664@example.com,Kimberly,harrison,+1-messy-0002664
review-clean4-messy-CAND-02665,review-clean4-messy.candidate-02665@example.com,William,Harrison,+1-messy-0002665
review-clean4-messy-CAND-02666,review-clean4-messy.jessica.fisher.2666@example.com,Jessica,Fisher,+1-messy-0002666
review-clean4-messy-CAND-02667,review-clean4-messy.candidate-02667@example.com,Susan,Yates,+1-messy-0002667
review-clean4-messy-CAND-02668,review-clean4-messy. keith.johnson.2668@example.com ,Keith,johnson,+1-messy-0002668
review-clean4-messy-CAND-02669,review-clean4-messy.sandra.curry.2669@example.com,Sandra, Curry ,+1-messy-0002669
review-clean4-messy-CAND-02670,review-clean4-messy.jessica.elliott.2670@example.com, Jessica ,Elliott,+1-messy-0002670
review-clean4-messy-CAND-02671,review-clean4-messy.bryan.kennedy.2671@example.com, Bryan , Kennedy ,+1-messy-0002671
review-clean4-messy-CAND-02672,review-clean4-messy.gary.williams.2672@example.com,Gary,Williams,+1-messy-0002672
review-clean4-messy-CAND-02673,review-clean4-messy.veronica.lamb.2673@example.com,veronica,lamb,+1-messy-0002673
review-clean4-messy-CAND-02674,review-clean4-messy.claudia.mitchell.2674@example.com, Claudia ,Mitchell,+1-messy-0002674
review-clean4-messy-CAND-02675,review-clean4-messy.candidate-02675@example.com,Christopher,wagner,+1-messy-0002675
review-clean4-messy-CAND-02676,review-clean4-messy.melissa.ramirez.2676@example.com,Melissa,Ramirez,+1-messy-0002676
review-clean4-messy-CAND-02677,review-clean4-messy.DAVID.CAMPBELL.2677@EXAMPLE.COM,david,campbell,+1-messy-0002677
review-clean4-messy-CAND-02678,review-clean4-messy.michaela.smith.2678@example.com,Michaela, Smith ,+1-messy-0002678
review-clean4-messy-CAND-02679,review-clean4-messy.daniel.thompson.2679@example.com,Daniel, Thompson ,+1-messy-0002679
review-clean4-messy-CAND-02680,review-clean4-messy.brittany.hernandez.2680@example.com, Brittany , Hernandez ,+1-messy-0002680
review-clean4-messy-CAND-02681,review-clean4-messy.sean.morton.2681@example.com,Sean,Morton,+1-messy-0002681
review-clean4-messy-CAND-02682,review-clean4-messy.jose.haynes.2682@example.com,Jose,Haynes,+1-messy-0002682
review-clean4-messy-CAND-02683,review-clean4-messy.candidate-02683@example.com,Todd,Lloyd,+1-messy-0002683
review-clean4-messy-CAND-02684,review-clean4-messy.michelle.cooper.2684@example.com,Michelle,Cooper,+1-messy-0002684
review-clean4-messy-CAND-02685,review-clean4-messy.christopher.thomas.2685@example.com,Christopher,thomas,+1-messy-0002685
review-clean4-messy-CAND-02686,review-clean4-messy.SARAH.MOORE.2686@EXAMPLE.COM,Sarah,Moore,+1-messy-0002686
review-clean4-messy-CAND-02687,review-clean4-messy.tyler.chaney.2687@example.com,Tyler,Chaney,+1-messy-0002687
review-clean4-messy-CAND-02688,review-clean4-messy.kaylee.young.2688@example.com,Kaylee,Young,+1-messy-0002688
review-clean4-messy-CAND-02689,review-clean4-messy.candidate-02689@example.com,Scott,walsh,+1-messy-0002689
review-clean4-messy-CAND-02690,review-clean4-messy.JASON.NAVARRO.2690@EXAMPLE.COM,Jason,Navarro,+1-messy-0002690
review-clean4-messy-CAND-02691,review-clean4-messy. michael.may.2691@example.com ,michael,may,+1-messy-0002691
review-clean4-messy-CAND-02692,review-clean4-messy.karla.wilson.2692@example.com,karla,Wilson,+1-messy-0002692
review-clean4-messy-CAND-02693,review-clean4-messy.GARY.ROSS.2693@EXAMPLE.COM,gary,Ross,+1-messy-0002693
review-clean4-messy-CAND-02694,review-clean4-messy.kevin.reese.2694@example.com, Kevin ,Reese,+1-messy-0002694
review-clean4-messy-CAND-02695,review-clean4-messy.karen.patel.2695@example.com,karen,Patel,+1-messy-0002695
review-clean4-messy-CAND-02696,review-clean4-messy.noah.thornton.2696@example.com, Noah ,Thornton,+1-messy-0002696
review-clean4-messy-CAND-02697,review-clean4-messy.thomas.thomas.2697@example.com,thomas,Thomas,+1-messy-0002697
review-clean4-messy-CAND-02698,review-clean4-messy.monica.smith.2698@example.com,Monica,Smith,+1-messy-0002698
review-clean4-messy-CAND-02699,review-clean4-messy.sara.cole.2699@example.com,Sara,Cole,+1-messy-0002699
review-clean4-messy-CAND-02700,review-clean4-messy.erika.nixon.2700@example.com, Erika ,Nixon,+1-messy-0002700
review-clean4-messy-CAND-02701,review-clean4-messy.FELICIA.WILLIAMS.2701@EXAMPLE.COM,Felicia,Williams,+1-messy-0002701
review-clean4-messy-CAND-02702,review-clean4-messy.samantha.walsh.2702@example.com,Samantha,Walsh,+1-messy-0002702
review-clean4-messy-CAND-02703,review-clean4-messy.STEPHANIE.REYNOLDS.2703@EXAMPLE.COM, Stephanie ,Reynolds,+1-messy-0002703
review-clean4-messy-CAND-02704,review-clean4-messy.samantha.garrison.2704@example.com,Samantha,Garrison,+1-messy-0002704
review-clean4-messy-CAND-02705,review-clean4-messy.matthew.adams.2705@example.com,matthew,Adams,+1-messy-0002705
review-clean4-messy-CAND-02706,review-clean4-messy.corey.pena.2706@example.com,Corey,Pena,+1-messy-0002706
review-clean4-messy-CAND-02707,review-clean4-messy. peter.mejia.2707@example.com ,Peter,Mejia,+1-messy-0002707
review-clean4-messy-CAND-02708,review-clean4-messy.kaitlyn.navarro.2708@example.com,Kaitlyn,Navarro,+1-messy-0002708
review-clean4-messy-CAND-02709,review-clean4-messy.brianna.lee.2709@example.com,Brianna, Lee ,+1-messy-0002709
review-clean4-messy-CAND-02710,review-clean4-messy.MATTHEW.VAUGHN.2710@EXAMPLE.COM,Matthew,Vaughn,+1-messy-0002710
review-clean4-messy-CAND-02711,review-clean4-messy.hector.kelley.2711@example.com,Hector, Kelley ,+1-messy-0002711
review-clean4-messy-CAND-02712,review-clean4-messy. emily.decker.2712@example.com ,Emily,Decker,+1-messy-0002712
review-clean4-messy-CAND-02713,review-clean4-messy.alexander.davis.2713@example.com, Alexander ,davis,+1-messy-0002713
review-clean4-messy-CAND-02714,review-clean4-messy.dalton.griffin.2714@example.com,Dalton,Griffin,+1-messy-0002714
review-clean4-messy-CAND-02715,review-clean4-messy.JEFFREY.CAMPBELL.2715@EXAMPLE.COM, Jeffrey ,Campbell,+1-messy-0002715
review-clean4-messy-CAND-02716,review-clean4-messy.james.johnson.2716@example.com,James,Johnson,+1-messy-0002716
review-clean4-messy-CAND-02717,review-clean4-messy.christopher.mays.2717@example.com,Christopher,Mays,+1-messy-0002717
review-clean4-messy-CAND-02718,review-clean4-messy.DIANE.HOUSTON.2718@EXAMPLE.COM,Diane,Houston,+1-messy-0002718
review-clean4-messy-CAND-02719,review-clean4-messy.stephanie.little.2719@example.com,Stephanie, Little ,+1-messy-0002719
review-clean4-messy-CAND-02720,review-clean4-messy. jean.wilson.2720@example.com ,Jean,Wilson,+1-messy-0002720
review-clean4-messy-CAND-02721,review-clean4-messy.candidate-02721@example.com,Melissa,Anderson,+1-messy-0002721
review-clean4-messy-CAND-02722,review-clean4-messy.diana.yoder.2722@example.com, Diana , Yoder ,+1-messy-0002722
review-clean4-messy-CAND-02723,review-clean4-messy.ashlee.coffey.2723@example.com,Ashlee,Coffey,+1-messy-0002723
review-clean4-messy-CAND-02724,review-clean4-messy.paula.dominguez.2724@example.com,Paula, Dominguez ,+1-messy-0002724
review-clean4-messy-CAND-02725,review-clean4-messy.candidate-02725@example.com,Jon,Owens,+1-messy-0002725
review-clean4-messy-CAND-02726,review-clean4-messy.sharon.fowler.2726@example.com,Sharon,Fowler,+1-messy-0002726
review-clean4-messy-CAND-02727,review-clean4-messy. sandra.hill.2727@example.com ,Sandra, Hill ,+1-messy-0002727
review-clean4-messy-CAND-02728,review-clean4-messy.ronald.berger.2728@example.com,ronald,Berger,+1-messy-0002728
review-clean4-messy-CAND-02729,review-clean4-messy.kayla.morris.2729@example.com,Kayla,morris,+1-messy-0002729
review-clean4-messy-CAND-02730,review-clean4-messy.fernando.jones.2730@example.com,Fernando,Jones,+1-messy-0002730
review-clean4-messy-CAND-02731,review-clean4-messy.candidate-02731@example.com,kimberly,Reyes,+1-messy-0002731
review-clean4-messy-CAND-02732,review-clean4-messy.marvin.brown.2732@example.com,Marvin,Brown,+1-messy-0002732
review-clean4-messy-CAND-02733,review-clean4-messy.candidate-02733@example.com,Stephanie,Baker,+1-messy-0002733
review-clean4-messy-CAND-02734,review-clean4-messy.scott.vasquez.2734@example.com,Scott,Vasquez,+1-messy-0002734
review-clean4-messy-CAND-02735,review-clean4-messy.sarah.bishop.2735@example.com,Sarah,Bishop,+1-messy-0002735
review-clean4-messy-CAND-02736,review-clean4-messy.gregory.vasquez.2736@example.com,gregory, Vasquez ,+1-messy-0002736
review-clean4-messy-CAND-02737,review-clean4-messy.douglas.mack.2737@example.com,Douglas,Mack,+1-messy-0002737
review-clean4-messy-CAND-02738,review-clean4-messy.jeffery.schneider.2738@example.com,Jeffery,Schneider,+1-messy-0002738
review-clean4-messy-CAND-02739,review-clean4-messy.RITA.BALDWIN.2739@EXAMPLE.COM,Rita,Baldwin,+1-messy-0002739
review-clean4-messy-CAND-02740,review-clean4-messy.candidate-02740@example.com, Dakota ,Jones,+1-messy-0002740
review-clean4-messy-CAND-02741,review-clean4-messy.ashley.king.2741@example.com,ashley, King ,+1-messy-0002741
review-clean4-messy-CAND-02742,review-clean4-messy.sean.mosley.2742@example.com,Sean,Mosley,+1-messy-0002742
review-clean4-messy-CAND-02743,review-clean4-messy.eduardo.bowman.2743@example.com,Eduardo,Bowman,+1-messy-0002743
review-clean4-messy-CAND-02744,review-clean4-messy.sarah.ortega.2744@example.com,Sarah, Ortega ,+1-messy-0002744
review-clean4-messy-CAND-02745,review-clean4-messy.joseph.graves.2745@example.com,Joseph, Graves ,+1-messy-0002745
review-clean4-messy-CAND-02746,review-clean4-messy.rebecca.andrews.2746@example.com,Rebecca,Andrews,+1-messy-0002746
review-clean4-messy-CAND-02747,review-clean4-messy.zachary.case.2747@example.com,Zachary, Case ,+1-messy-0002747
review-clean4-messy-CAND-02748,review-clean4-messy.tracy.graham.2748@example.com,Tracy,Graham,+1-messy-0002748
review-clean4-messy-CAND-02749,review-clean4-messy.megan.norman.2749@example.com,Megan,Norman,+1-messy-0002749
review-clean4-messy-CAND-02750,review-clean4-messy.kristen.fernandez.2750@example.com,Kristen,Fernandez,+1-messy-0002750
review-clean4-messy-CAND-02751,review-clean4-messy.aaron.finley.2751@example.com,Aaron,Finley,+1-messy-0002751
review-clean4-messy-CAND-02752,review-clean4-messy. lisa.olson.2752@example.com ,Lisa,Olson,+1-messy-0002752
review-clean4-messy-CAND-02753,review-clean4-messy.ashley.donovan.2753@example.com,Ashley,Donovan,+1-messy-0002753
review-clean4-messy-CAND-02754,review-clean4-messy.MICHAEL.MALDONADO.2754@EXAMPLE.COM,Michael,Maldonado,+1-messy-0002754
review-clean4-messy-CAND-02755,review-clean4-messy.candidate-02755@example.com,Richard,Chen,+1-messy-0002755
review-clean4-messy-CAND-02756,review-clean4-messy.SUSAN.DAVIS.2756@EXAMPLE.COM,Susan, Davis ,+1-messy-0002756
review-clean4-messy-CAND-02757,review-clean4-messy.amanda.woodward.2757@example.com,Amanda,Woodward,+1-messy-0002757
review-clean4-messy-CAND-02758,review-clean4-messy.christopher.stevens.2758@example.com, Christopher ,Stevens,+1-messy-0002758
review-clean4-messy-CAND-02759,review-clean4-messy.katie.holland.2759@example.com, Katie ,holland,+1-messy-0002759
review-clean4-messy-CAND-02760,review-clean4-messy. gregory.williams.2760@example.com ,Gregory, Williams ,+1-messy-0002760
review-clean4-messy-CAND-02761,review-clean4-messy.patrick.lee.2761@example.com,patrick,lee,+1-messy-0002761
review-clean4-messy-CAND-02762,review-clean4-messy.heather.mosley.2762@example.com,Heather,Mosley,+1-messy-0002762
review-clean4-messy-CAND-02763,review-clean4-messy.crystal.howard.2763@example.com,Crystal,Howard,+1-messy-0002763
review-clean4-messy-CAND-02764,review-clean4-messy.christopher.chen.2764@example.com,Christopher,Chen,+1-messy-0002764
review-clean4-messy-CAND-02765,review-clean4-messy. jill.taylor.2765@example.com , Jill ,Taylor,+1-messy-0002765
review-clean4-messy-CAND-02766,review-clean4-messy.james.cortez.2766@example.com,James,Cortez,+1-messy-0002766
review-clean4-messy-CAND-02767,review-clean4-messy.brittany.burns.2767@example.com,Brittany,Burns,+1-messy-0002767
review-clean4-messy-CAND-02768,review-clean4-messy.bryan.fernandez.2768@example.com,bryan,Fernandez,+1-messy-0002768
review-clean4-messy-CAND-02769,review-clean4-messy.kyle.ferguson.2769@example.com,Kyle,Ferguson,+1-messy-0002769
review-clean4-messy-CAND-02770,review-clean4-messy.mary.cole.2770@example.com,mary,Cole,+1-messy-0002770
review-clean4-messy-CAND-02771,review-clean4-messy.wendy.johnson.2771@example.com, Wendy , Johnson ,+1-messy-0002771
review-clean4-messy-CAND-02772,review-clean4-messy.brian.french.2772@example.com,Brian,french,+1-messy-0002772
review-clean4-messy-CAND-02773,review-clean4-messy.brad.wilson.2773@example.com,brad,Wilson,+1-messy-0002773
review-clean4-messy-CAND-02774,review-clean4-messy.lindsay.contreras.2774@example.com,Lindsay,contreras,+1-messy-0002774
review-clean4-messy-CAND-02775,review-clean4-messy.candidate-02775@example.com,Stephen,Gregory,+1-messy-0002775
review-clean4-messy-CAND-02776,review-clean4-messy.morgan.hernandez.2776@example.com,Morgan,Hernandez,+1-messy-0002776
review-clean4-messy-CAND-02777,review-clean4-messy.beth.buckley.2777@example.com,beth,Buckley,+1-messy-0002777
review-clean4-messy-CAND-02778,review-clean4-messy.benjamin.thomas.2778@example.com,Benjamin, Thomas ,+1-messy-0002778
review-clean4-messy-CAND-02779,review-clean4-messy.candidate-02779@example.com,Desiree,Ruiz,+1-messy-0002779
review-clean4-messy-CAND-02780,review-clean4-messy.samantha.williams.2780@example.com,samantha,Williams,+1-messy-0002780
review-clean4-messy-CAND-02781,review-clean4-messy.jacqueline.anderson.2781@example.com,Jacqueline,Anderson,+1-messy-0002781
review-clean4-messy-CAND-02782,review-clean4-messy.gerald.williams.2782@example.com,Gerald,Williams,+1-messy-0002782
review-clean4-messy-CAND-02783,review-clean4-messy.kyle.leon.2783@example.com,Kyle,Leon,+1-messy-0002783
review-clean4-messy-CAND-02784,review-clean4-messy.stephen.jackson.2784@example.com, Stephen ,Jackson,+1-messy-0002784
review-clean4-messy-CAND-02785,review-clean4-messy.brittany.meyers.2785@example.com, Brittany ,Meyers,+1-messy-0002785
review-clean4-messy-CAND-02786,review-clean4-messy.daniel.crawford.2786@example.com,daniel,Crawford,+1-messy-0002786
review-clean4-messy-CAND-02787,review-clean4-messy.candidate-02787@example.com,Lauren, Walker ,+1-messy-0002787
review-clean4-messy-CAND-02788,review-clean4-messy.linda.simmons.2788@example.com,Linda, Simmons ,+1-messy-0002788
review-clean4-messy-CAND-02789,review-clean4-messy.candidate-02789@example.com,Lisa,Hendrix,+1-messy-0002789
review-clean4-messy-CAND-02790,review-clean4-messy.erika.nguyen.2790@example.com,Erika, Nguyen ,+1-messy-0002790
review-clean4-messy-CAND-02791,review-clean4-messy.theresa.johnston.2791@example.com,Theresa,johnston,+1-messy-0002791
review-clean4-messy-CAND-02792,review-clean4-messy.derrick.copeland.2792@example.com,Derrick,Copeland,+1-messy-0002792
review-clean4-messy-CAND-02793,review-clean4-messy.laura.duran.2793@example.com,Laura,Duran,+1-messy-0002793
review-clean4-messy-CAND-02794,review-clean4-messy.brittany.rogers.2794@example.com,Brittany,Rogers,+1-messy-0002794
review-clean4-messy-CAND-02795,review-clean4-messy.DAVID.THOMAS.2795@EXAMPLE.COM, David ,thomas,+1-messy-0002795
review-clean4-messy-CAND-02796,review-clean4-messy.robert.horton.2796@example.com,Robert,Horton,+1-messy-0002796
review-clean4-messy-CAND-02797,review-clean4-messy.ANGELA.GONZALES.2797@EXAMPLE.COM,Angela, Gonzales ,+1-messy-0002797
review-clean4-messy-CAND-02798,review-clean4-messy.sara.williams.2798@example.com,sara,Williams,+1-messy-0002798
review-clean4-messy-CAND-02799,review-clean4-messy.craig.boone.2799@example.com,Craig,Boone,+1-messy-0002799
review-clean4-messy-CAND-02800,review-clean4-messy. cheyenne.strickland.2800@example.com ,Cheyenne,Strickland,+1-messy-0002800
review-clean4-messy-CAND-02801,review-clean4-messy.alexis.tucker.2801@example.com,Alexis,Tucker,+1-messy-0002801
review-clean4-messy-CAND-02802,review-clean4-messy.adam.white.2802@example.com,Adam,White,+1-messy-0002802
review-clean4-messy-CAND-02803,review-clean4-messy.christopher.pearson.2803@example.com,Christopher,Pearson,+1-messy-0002803
review-clean4-messy-CAND-02804,review-clean4-messy.olivia.butler.2804@example.com,Olivia, Butler ,+1-messy-0002804
review-clean4-messy-CAND-02805,review-clean4-messy.lindsay.barton.2805@example.com, Lindsay , Barton ,+1-messy-0002805
review-clean4-messy-CAND-02806,review-clean4-messy.heather.harris.2806@example.com,Heather,Harris,+1-messy-0002806
review-clean4-messy-CAND-02807,review-clean4-messy.danielle.mills.2807@example.com,Danielle,Mills,+1-messy-0002807
review-clean4-messy-CAND-02808,review-clean4-messy.robert.hurley.2808@example.com,Robert,Hurley,+1-messy-0002808
review-clean4-messy-CAND-02809,review-clean4-messy.cheryl.johnson.2809@example.com,Cheryl, Johnson ,+1-messy-0002809
review-clean4-messy-CAND-02810,review-clean4-messy.hector.porter.2810@example.com,Hector,porter,+1-messy-0002810
review-clean4-messy-CAND-02811,review-clean4-messy.STEPHANIE.BURTON.2811@EXAMPLE.COM,Stephanie,Burton,+1-messy-0002811
review-clean4-messy-CAND-02812,review-clean4-messy.kimberly.bailey.2812@example.com,kimberly, Bailey ,+1-messy-0002812
review-clean4-messy-CAND-02813,review-clean4-messy.adam.young.2813@example.com,adam,Young,+1-messy-0002813
review-clean4-messy-CAND-02814,review-clean4-messy.david.moreno.2814@example.com,David,Moreno,+1-messy-0002814
review-clean4-messy-CAND-02815,review-clean4-messy.cody.cox.2815@example.com,Cody, Cox ,+1-messy-0002815
review-clean4-messy-CAND-02816,review-clean4-messy.kathleen.fernandez.2816@example.com,Kathleen,Fernandez,+1-messy-0002816
review-clean4-messy-CAND-02817,review-clean4-messy.jeffrey.townsend.2817@example.com,Jeffrey,Townsend,+1-messy-0002817
review-clean4-messy-CAND-02818,review-clean4-messy.donna.hill.2818@example.com,Donna,Hill,+1-messy-0002818
review-clean4-messy-CAND-02819,review-clean4-messy.candidate-02819@example.com,James, Hogan ,+1-messy-0002819
review-clean4-messy-CAND-02820,review-clean4-messy.gina.schmitt.2820@example.com,gina,Schmitt,+1-messy-0002820
review-clean4-messy-CAND-02821,review-clean4-messy.thomas.thompson.2821@example.com, Thomas , Thompson ,+1-messy-0002821
review-clean4-messy-CAND-02822,review-clean4-messy.elizabeth.williams.2822@example.com,Elizabeth,Williams,+1-messy-0002822
review-clean4-messy-CAND-02823,review-clean4-messy.deanna.mitchell.2823@example.com,deanna,mitchell,+1-messy-0002823
review-clean4-messy-CAND-02824,review-clean4-messy.RYAN.COOK.2824@EXAMPLE.COM,Ryan,Cook,+1-messy-0002824
review-clean4-messy-CAND-02825,review-clean4-messy.LINDA.CHANG.2825@EXAMPLE.COM,Linda, Chang ,+1-messy-0002825
review-clean4-messy-CAND-02826,review-clean4-messy. bradley.yang.2826@example.com ,Bradley,Yang,+1-messy-0002826
review-clean4-messy-CAND-02827,review-clean4-messy.sara.thompson.2827@example.com,Sara,thompson,+1-messy-0002827
review-clean4-messy-CAND-02828,review-clean4-messy.KRISTEN.WASHINGTON.2828@EXAMPLE.COM,Kristen,washington,+1-messy-0002828
review-clean4-messy-CAND-02829,review-clean4-messy.darren.jacobson.2829@example.com,Darren,Jacobson,+1-messy-0002829
review-clean4-messy-CAND-02830,review-clean4-messy. jennifer.watkins.2830@example.com , Jennifer ,Watkins,+1-messy-0002830
review-clean4-messy-CAND-02831,review-clean4-messy.mark.gonzalez.2831@example.com,Mark,gonzalez,+1-messy-0002831
review-clean4-messy-CAND-02832,review-clean4-messy.erica.nguyen.2832@example.com,Erica,Nguyen,+1-messy-0002832
review-clean4-messy-CAND-02833,review-clean4-messy.kimberly.nguyen.2833@example.com,Kimberly,nguyen,+1-messy-0002833
review-clean4-messy-CAND-02834,review-clean4-messy.corey.rojas.2834@example.com,Corey, Rojas ,+1-messy-0002834
review-clean4-messy-CAND-02835,review-clean4-messy.molly.bennett.2835@example.com,Molly,Bennett,+1-messy-0002835
review-clean4-messy-CAND-02836,review-clean4-messy.jeffrey.ruiz.2836@example.com,Jeffrey,ruiz,+1-messy-0002836
review-clean4-messy-CAND-02837,review-clean4-messy.todd.zamora.2837@example.com,Todd,Zamora,+1-messy-0002837
review-clean4-messy-CAND-02838,review-clean4-messy.dustin.reilly.2838@example.com, Dustin ,Reilly,+1-messy-0002838
review-clean4-messy-CAND-02839,review-clean4-messy.spencer.hughes.2839@example.com,Spencer,Hughes,+1-messy-0002839
review-clean4-messy-CAND-02840,review-clean4-messy.derek.cortez.2840@example.com,Derek,Cortez,+1-messy-0002840
review-clean4-messy-CAND-02841,review-clean4-messy.crystal.cantrell.2841@example.com,Crystal,cantrell,+1-messy-0002841
review-clean4-messy-CAND-02842,review-clean4-messy.james.martinez.2842@example.com, James , Martinez ,+1-messy-0002842
review-clean4-messy-CAND-02843,review-clean4-messy.heather.brown.2843@example.com,heather,Brown,+1-messy-0002843
review-clean4-messy-CAND-02844,review-clean4-messy.candidate-02844@example.com,Derek,York,+1-messy-0002844
review-clean4-messy-CAND-02845,review-clean4-messy.stephen.jackson.2845@example.com,Stephen,jackson,+1-messy-0002845
review-clean4-messy-CAND-02846,review-clean4-messy.matthew.tanner.2846@example.com,Matthew,Tanner,+1-messy-0002846
review-clean4-messy-CAND-02847,review-clean4-messy.cassandra.clarke.2847@example.com,Cassandra,Clarke,+1-messy-0002847
review-clean4-messy-CAND-02848,review-clean4-messy.dana.carr.2848@example.com,Dana, Carr ,+1-messy-0002848
review-clean4-messy-CAND-02849,review-clean4-messy.george.cordova.2849@example.com,george,Cordova,+1-messy-0002849
review-clean4-messy-CAND-02850,review-clean4-messy.MELISSA.MILLER.2850@EXAMPLE.COM, Melissa ,Miller,+1-messy-0002850
review-clean4-messy-CAND-02851,review-clean4-messy.melody.burns.2851@example.com,Melody,Burns,+1-messy-0002851
review-clean4-messy-CAND-02852,review-clean4-messy.wendy.vargas.2852@example.com,wendy,Vargas,+1-messy-0002852
review-clean4-messy-CAND-02853,review-clean4-messy. mary.ramirez.2853@example.com ,Mary,Ramirez,+1-messy-0002853
review-clean4-messy-CAND-02854,review-clean4-messy.jessica.fitzgerald.2854@example.com,Jessica,Fitzgerald,+1-messy-0002854
review-clean4-messy-CAND-02855,review-clean4-messy.john.murphy.2855@example.com,john,murphy,+1-messy-0002855
review-clean4-messy-CAND-02856,review-clean4-messy.bethany.snow.2856@example.com,bethany, Snow ,+1-messy-0002856
review-clean4-messy-CAND-02857,review-clean4-messy.brittany.hernandez.2857@example.com,Brittany,hernandez,+1-messy-0002857
review-clean4-messy-CAND-02858,review-clean4-messy.candidate-02858@example.com, Ashley ,Smith,+1-messy-0002858
review-clean4-messy-CAND-02859,review-clean4-messy.tina.williams.2859@example.com,Tina,williams,+1-messy-0002859
review-clean4-messy-CAND-02860,review-clean4-messy.THOMAS.MACK.2860@EXAMPLE.COM,Thomas,mack,+1-messy-0002860
review-clean4-messy-CAND-02861,review-clean4-messy. arthur.schmidt.2861@example.com ,Arthur,Schmidt,+1-messy-0002861
review-clean4-messy-CAND-02862,review-clean4-messy.timothy.yates.2862@example.com, Timothy ,Yates,+1-messy-0002862
review-clean4-messy-CAND-02863,review-clean4-messy.lori.chavez.2863@example.com, Lori ,Chavez,+1-messy-0002863
review-clean4-messy-CAND-02864,review-clean4-messy.john.hansen.2864@example.com,John,Hansen,+1-messy-0002864
review-clean4-messy-CAND-02865,review-clean4-messy.candidate-02865@example.com, Alexander ,Dennis,+1-messy-0002865
review-clean4-messy-CAND-02866,review-clean4-messy.candidate-02866@example.com,Stephanie,Anderson,+1-messy-0002866
review-clean4-messy-CAND-02867,review-clean4-messy.KENNETH.HOLLAND.2867@EXAMPLE.COM,Kenneth,Holland,+1-messy-0002867
review-clean4-messy-CAND-02868,review-clean4-messy.christopher.castillo.2868@example.com,Christopher,castillo,+1-messy-0002868
review-clean4-messy-CAND-02869,review-clean4-messy.kevin.warner.2869@example.com,Kevin,Warner,+1-messy-0002869
review-clean4-messy-CAND-02870,review-clean4-messy.michaela.burgess.2870@example.com,Michaela,burgess,+1-messy-0002870
review-clean4-messy-CAND-02871,review-clean4-messy.andrew.gibson.2871@example.com,Andrew,Gibson,+1-messy-0002871
review-clean4-messy-CAND-02872,review-clean4-messy.kelsey.sawyer.2872@example.com,Kelsey,Sawyer,+1-messy-0002872
review-clean4-messy-CAND-02873,review-clean4-messy.richard.clarke.2873@example.com,Richard,Clarke,+1-messy-0002873
review-clean4-messy-CAND-02874,review-clean4-messy. mitchell.marshall.2874@example.com ,mitchell,marshall,+1-messy-0002874
review-clean4-messy-CAND-02875,review-clean4-messy.CYNTHIA.DALTON.2875@EXAMPLE.COM,Cynthia,Dalton,+1-messy-0002875
review-clean4-messy-CAND-02876,review-clean4-messy.candidate-02876@example.com,Chad,Barry,+1-messy-0002876
review-clean4-messy-CAND-02877,review-clean4-messy.mason.johnson.2877@example.com,Mason,johnson,+1-messy-0002877
review-clean4-messy-CAND-02878,review-clean4-messy.RONALD.NELSON.2878@EXAMPLE.COM,Ronald,Nelson,+1-messy-0002878
review-clean4-messy-CAND-02879,review-clean4-messy.sophia.daniels.2879@example.com,Sophia,Daniels,+1-messy-0002879
review-clean4-messy-CAND-02880,review-clean4-messy. laura.french.2880@example.com ,Laura, French ,+1-messy-0002880
review-clean4-messy-CAND-02881,review-clean4-messy.christopher.gilmore.2881@example.com,Christopher,Gilmore,+1-messy-0002881
review-clean4-messy-CAND-02882,review-clean4-messy.jill.brown.2882@example.com,Jill,Brown,+1-messy-0002882
review-clean4-messy-CAND-02883,review-clean4-messy.sierra.leonard.2883@example.com, Sierra ,leonard,+1-messy-0002883
review-clean4-messy-CAND-02884,review-clean4-messy.pamela.rodriguez.2884@example.com,Pamela,Rodriguez,+1-messy-0002884
review-clean4-messy-CAND-02885,review-clean4-messy.michael.harvey.2885@example.com,Michael,harvey,+1-messy-0002885
review-clean4-messy-CAND-02886,review-clean4-messy.michael.thompson.2886@example.com, Michael , Thompson ,+1-messy-0002886
review-clean4-messy-CAND-02887,review-clean4-messy. angelica.jones.2887@example.com ,Angelica,Jones,+1-messy-0002887
review-clean4-messy-CAND-02888,review-clean4-messy.candidate-02888@example.com,Jenna,Harris,+1-messy-0002888
review-clean4-messy-CAND-02889,review-clean4-messy.tina.allen.2889@example.com,Tina,Allen,+1-messy-0002889
review-clean4-messy-CAND-02890,review-clean4-messy.candidate-02890@example.com,Daniel,Mendoza,+1-messy-0002890
review-clean4-messy-CAND-02891,review-clean4-messy.sheila.carpenter.2891@example.com,Sheila,Carpenter,+1-messy-0002891
review-clean4-messy-CAND-02892,review-clean4-messy.susan.clark.2892@example.com,Susan,Clark,+1-messy-0002892
review-clean4-messy-CAND-02893,review-clean4-messy.candidate-02893@example.com,Julie,Perez,+1-messy-0002893
review-clean4-messy-CAND-02894,review-clean4-messy.michael.adams.2894@example.com,Michael,Adams,+1-messy-0002894
review-clean4-messy-CAND-02895,review-clean4-messy.candidate-02895@example.com, Erin ,Ramirez,+1-messy-0002895
review-clean4-messy-CAND-02896,review-clean4-messy.bryan.reed.2896@example.com,Bryan,Reed,+1-messy-0002896
review-clean4-messy-CAND-02897,review-clean4-messy.todd.rose.2897@example.com,Todd,rose,+1-messy-0002897
review-clean4-messy-CAND-02898,review-clean4-messy.david.mckinney.2898@example.com,David,Mckinney,+1-messy-0002898
review-clean4-messy-CAND-02899,review-clean4-messy.erika.patel.2899@example.com, Erika ,patel,+1-messy-0002899
review-clean4-messy-CAND-02900,review-clean4-messy. kelly.oliver.2900@example.com , Kelly , Oliver ,+1-messy-0002900
review-clean4-messy-CAND-02901,review-clean4-messy.lauren.dougherty.2901@example.com,lauren,Dougherty,+1-messy-0002901
review-clean4-messy-CAND-02902,review-clean4-messy.candidate-02902@example.com,Lisa,Everett,+1-messy-0002902
review-clean4-messy-CAND-02903,review-clean4-messy.cameron.mcclain.2903@example.com,Cameron,Mcclain,+1-messy-0002903
review-clean4-messy-CAND-02904,review-clean4-messy.candidate-02904@example.com,Stephen, Miller ,+1-messy-0002904
review-clean4-messy-CAND-02905,review-clean4-messy.rachael.roberts.2905@example.com,Rachael,roberts,+1-messy-0002905
review-clean4-messy-CAND-02906,review-clean4-messy.sue.rodriguez.2906@example.com,Sue,Rodriguez,+1-messy-0002906
review-clean4-messy-CAND-02907,review-clean4-messy.joshua.terry.2907@example.com,Joshua, Terry ,+1-messy-0002907
review-clean4-messy-CAND-02908,review-clean4-messy.tyler.golden.2908@example.com,Tyler,Golden,+1-messy-0002908
review-clean4-messy-CAND-02909,review-clean4-messy.abigail.burton.2909@example.com,Abigail,Burton,+1-messy-0002909
review-clean4-messy-CAND-02910,review-clean4-messy.kelly.montes.2910@example.com,Kelly,Montes,+1-messy-0002910
review-clean4-messy-CAND-02911,review-clean4-messy. amber.anderson.2911@example.com ,Amber,Anderson,+1-messy-0002911
review-clean4-messy-CAND-02912,review-clean4-messy.michael.wallace.2912@example.com,Michael, Wallace ,+1-messy-0002912
review-clean4-messy-CAND-02913,review-clean4-messy. deanna.carter.2913@example.com , Deanna , Carter ,+1-messy-0002913
review-clean4-messy-CAND-02914,review-clean4-messy.bryan.wiggins.2914@example.com,Bryan,Wiggins,+1-messy-0002914
review-clean4-messy-CAND-02915,review-clean4-messy.jesse.meza.2915@example.com,Jesse,Meza,+1-messy-0002915
review-clean4-messy-CAND-02916,review-clean4-messy.deanna.jenkins.2916@example.com,Deanna, Jenkins ,+1-messy-0002916
review-clean4-messy-CAND-02917,review-clean4-messy.MATTHEW.LUCAS.2917@EXAMPLE.COM,Matthew,Lucas,+1-messy-0002917
review-clean4-messy-CAND-02918,review-clean4-messy. mark.watkins.2918@example.com ,Mark,Watkins,+1-messy-0002918
review-clean4-messy-CAND-02919,review-clean4-messy.heidi.wilkinson.2919@example.com,Heidi,Wilkinson,+1-messy-0002919
review-clean4-messy-CAND-02920,review-clean4-messy.sean.torres.2920@example.com,Sean,Torres,+1-messy-0002920
review-clean4-messy-CAND-02921,review-clean4-messy.david.clarke.2921@example.com,David,clarke,+1-messy-0002921
review-clean4-messy-CAND-02922,review-clean4-messy.george.green.2922@example.com,George,Green,+1-messy-0002922
review-clean4-messy-CAND-02923,review-clean4-messy.candidate-02923@example.com,Todd,arellano,+1-messy-0002923
review-clean4-messy-CAND-02924,review-clean4-messy.kayla.williams.2924@example.com,Kayla,Williams,+1-messy-0002924
review-clean4-messy-CAND-02925,review-clean4-messy. michael.bryant.2925@example.com ,Michael,Bryant,+1-messy-0002925
review-clean4-messy-CAND-02926,review-clean4-messy.garrett.glass.2926@example.com,Garrett,Glass,+1-messy-0002926
review-clean4-messy-CAND-02927,review-clean4-messy.jennifer.mitchell.2927@example.com,Jennifer,Mitchell,+1-messy-0002927
review-clean4-messy-CAND-02928,review-clean4-messy.teresa.franco.2928@example.com,Teresa,Franco,+1-messy-0002928
review-clean4-messy-CAND-02929,review-clean4-messy. heather.estrada.2929@example.com , Heather ,Estrada,+1-messy-0002929
review-clean4-messy-CAND-02930,review-clean4-messy.candidate-02930@example.com,Eric,Young,+1-messy-0002930
review-clean4-messy-CAND-02931,review-clean4-messy. blake.stewart.2931@example.com , Blake ,Stewart,+1-messy-0002931
review-clean4-messy-CAND-02932,review-clean4-messy.DAVID.GREEN.2932@EXAMPLE.COM,David,Green,+1-messy-0002932
review-clean4-messy-CAND-02933,review-clean4-messy.jack.hart.2933@example.com, Jack ,Hart,+1-messy-0002933
review-clean4-messy-CAND-02934,review-clean4-messy.austin.stewart.2934@example.com,austin,Stewart,+1-messy-0002934
review-clean4-messy-CAND-02935,review-clean4-messy.maurice.watson.2935@example.com,Maurice,Watson,+1-messy-0002935
review-clean4-messy-CAND-02936,review-clean4-messy.amber.martin.2936@example.com,Amber,Martin,+1-messy-0002936
review-clean4-messy-CAND-02937,review-clean4-messy.candidate-02937@example.com,Kevin,Knapp,+1-messy-0002937
review-clean4-messy-CAND-02938,review-clean4-messy.richard.porter.2938@example.com,Richard,Porter,+1-messy-0002938
review-clean4-messy-CAND-02939,review-clean4-messy.dustin.ellis.2939@example.com,Dustin,Ellis,+1-messy-0002939
review-clean4-messy-CAND-02940,review-clean4-messy.LUKE.SMITH.2940@EXAMPLE.COM,Luke,Smith,+1-messy-0002940
review-clean4-messy-CAND-02941,review-clean4-messy.joanna.cantrell.2941@example.com,Joanna,Cantrell,+1-messy-0002941
review-clean4-messy-CAND-02942,review-clean4-messy.mark.thornton.2942@example.com, Mark ,Thornton,+1-messy-0002942
review-clean4-messy-CAND-02943,review-clean4-messy.thomas.roberts.2943@example.com,Thomas,Roberts,+1-messy-0002943
review-clean4-messy-CAND-02944,review-clean4-messy.sherry.hooper.2944@example.com, Sherry ,Hooper,+1-messy-0002944
review-clean4-messy-CAND-02945,review-clean4-messy.audrey.thomas.2945@example.com,Audrey,Thomas,+1-messy-0002945
review-clean4-messy-CAND-02946,review-clean4-messy.ANNETTE.MEADOWS.2946@EXAMPLE.COM,annette,Meadows,+1-messy-0002946
review-clean4-messy-CAND-02947,review-clean4-messy.scott.norris.2947@example.com,Scott,Norris,+1-messy-0002947
review-clean4-messy-CAND-02948,review-clean4-messy.JESSICA.MCCULLOUGH.2948@EXAMPLE.COM,Jessica,Mccullough,+1-messy-0002948
review-clean4-messy-CAND-02949,review-clean4-messy.DONALD.PIERCE.2949@EXAMPLE.COM,Donald,Pierce,+1-messy-0002949
review-clean4-messy-CAND-02950,review-clean4-messy.KYLE.MORALES.2950@EXAMPLE.COM, Kyle ,Morales,+1-messy-0002950
review-clean4-messy-CAND-02951,review-clean4-messy.candidate-02951@example.com,Mary,Griffin,+1-messy-0002951
review-clean4-messy-CAND-02952,review-clean4-messy.christopher.brown.2952@example.com,Christopher,Brown,+1-messy-0002952
review-clean4-messy-CAND-02953,review-clean4-messy.danielle.silva.2953@example.com,Danielle,Silva,+1-messy-0002953
review-clean4-messy-CAND-02954,review-clean4-messy.candidate-02954@example.com,Jeffrey,Walls,+1-messy-0002954
review-clean4-messy-CAND-02955,review-clean4-messy.JOSHUA.JOHNSON.2955@EXAMPLE.COM,Joshua, Johnson ,+1-messy-0002955
review-clean4-messy-CAND-02956,review-clean4-messy.amanda.griffin.2956@example.com, Amanda , Griffin ,+1-messy-0002956
review-clean4-messy-CAND-02957,review-clean4-messy.emily.miller.2957@example.com,Emily,Miller,+1-messy-0002957
review-clean4-messy-CAND-02958,review-clean4-messy. william.lee.2958@example.com ,William,Lee,+1-messy-0002958
review-clean4-messy-CAND-02959,review-clean4-messy. louis.jacobs.2959@example.com ,Louis,Jacobs,+1-messy-0002959
review-clean4-messy-CAND-02960,review-clean4-messy.candidate-02960@example.com,Sherry,kerr,+1-messy-0002960
review-clean4-messy-CAND-02961,review-clean4-messy.michael.hernandez.2961@example.com,michael,Hernandez,+1-messy-0002961
review-clean4-messy-CAND-02962,review-clean4-messy.candidate-02962@example.com,Melissa, Wood ,+1-messy-0002962
review-clean4-messy-CAND-02963,review-clean4-messy.candidate-02963@example.com,nathan, Mitchell ,+1-messy-0002963
review-clean4-messy-CAND-02964,review-clean4-messy.michael.madden.2964@example.com, Michael ,Madden,+1-messy-0002964
review-clean4-messy-CAND-02965,review-clean4-messy.nancy.miller.2965@example.com, Nancy ,Miller,+1-messy-0002965
review-clean4-messy-CAND-02966,review-clean4-messy.jessica.wallace.2966@example.com,Jessica,Wallace,+1-messy-0002966
review-clean4-messy-CAND-02967,review-clean4-messy.victoria.lara.2967@example.com,Victoria,Lara,+1-messy-0002967
review-clean4-messy-CAND-02968,review-clean4-messy.candidate-02968@example.com,Keith,shaffer,+1-messy-0002968
review-clean4-messy-CAND-02969,review-clean4-messy.tara.coleman.2969@example.com,tara, Coleman ,+1-messy-0002969
review-clean4-messy-CAND-02970,review-clean4-messy.candidate-02970@example.com,Peggy,Taylor,+1-messy-0002970
review-clean4-messy-CAND-02971,review-clean4-messy.brenda.miller.2971@example.com, Brenda ,Miller,+1-messy-0002971
review-clean4-messy-CAND-02972,review-clean4-messy.jared.wells.2972@example.com,Jared,Wells,+1-messy-0002972
review-clean4-messy-CAND-02973,review-clean4-messy. mikayla.hatfield.2973@example.com , Mikayla ,Hatfield,+1-messy-0002973
review-clean4-messy-CAND-02974,review-clean4-messy.carl.choi.2974@example.com,carl,Choi,+1-messy-0002974
review-clean4-messy-CAND-02975,review-clean4-messy.katelyn.davis.2975@example.com,Katelyn,Davis,+1-messy-0002975
review-clean4-messy-CAND-02976,review-clean4-messy.robert.rocha.2976@example.com, Robert ,rocha,+1-messy-0002976
review-clean4-messy-CAND-02977,review-clean4-messy. robert.peters.2977@example.com ,Robert, Peters ,+1-messy-0002977
review-clean4-messy-CAND-02978,review-clean4-messy. jennifer.fischer.2978@example.com ,jennifer, Fischer ,+1-messy-0002978
review-clean4-messy-CAND-02979,review-clean4-messy.candidate-02979@example.com,Derrick,lopez,+1-messy-0002979
review-clean4-messy-CAND-02980,review-clean4-messy.patrick.spencer.2980@example.com,patrick,Spencer,+1-messy-0002980
review-clean4-messy-CAND-02981,review-clean4-messy.bobby.mckenzie.2981@example.com,bobby,Mckenzie,+1-messy-0002981
review-clean4-messy-CAND-02982,review-clean4-messy.mary.torres.2982@example.com, Mary ,Torres,+1-messy-0002982
review-clean4-messy-CAND-02983,review-clean4-messy.anita.ford.2983@example.com,Anita, Ford ,+1-messy-0002983
review-clean4-messy-CAND-02984,review-clean4-messy. anthony.smith.2984@example.com ,Anthony,Smith,+1-messy-0002984
review-clean4-messy-CAND-02985,review-clean4-messy.jose.blanchard.2985@example.com,Jose,Blanchard,+1-messy-0002985
review-clean4-messy-CAND-02986,review-clean4-messy.mary.kennedy.2986@example.com, Mary ,Kennedy,+1-messy-0002986
review-clean4-messy-CAND-02987,review-clean4-messy.DESIREE.STAFFORD.2987@EXAMPLE.COM,Desiree,Stafford,+1-messy-0002987
review-clean4-messy-CAND-02988,review-clean4-messy.robert.vasquez.2988@example.com,Robert, Vasquez ,+1-messy-0002988
review-clean4-messy-CAND-02989,review-clean4-messy.gwendolyn.sanchez.2989@example.com, Gwendolyn , Sanchez ,+1-messy-0002989
review-clean4-messy-CAND-02990,review-clean4-messy.david.ramirez.2990@example.com,David,Ramirez,+1-messy-0002990
review-clean4-messy-CAND-02991,review-clean4-messy. virginia.jones.2991@example.com ,Virginia, Jones ,+1-messy-0002991
review-clean4-messy-CAND-02992,review-clean4-messy.julie.perkins.2992@example.com,Julie,Perkins,+1-messy-0002992
review-clean4-messy-CAND-02993,review-clean4-messy.ariana.oneill.2993@example.com,Ariana,Oneill,+1-messy-0002993
review-clean4-messy-CAND-02994,review-clean4-messy.courtney.alvarez.2994@example.com,Courtney,Alvarez,+1-messy-0002994
review-clean4-messy-CAND-02995,review-clean4-messy.heather.wilson.2995@example.com,Heather,wilson,+1-messy-0002995
review-clean4-messy-CAND-02996,review-clean4-messy.candidate-02996@example.com,william,Johnston,+1-messy-0002996
review-clean4-messy-CAND-02997,review-clean4-messy.megan.martin.2997@example.com, Megan , Martin ,+1-messy-0002997
review-clean4-messy-CAND-02998,review-clean4-messy.brian.flores.2998@example.com,Brian,flores,+1-messy-0002998
review-clean4-messy-CAND-02999,review-clean4-messy.natalie.taylor.2999@example.com, Natalie ,Taylor,+1-messy-0002999
review-clean4-messy-CAND-03000,review-clean4-messy.frank.nelson.3000@example.com,Frank, Nelson ,+1-messy-0003000
review-clean4-messy-CAND-03001,review-clean4-messy.robert.barr.3001@example.com,Robert,Barr,+1-messy-0003001
review-clean4-messy-CAND-03002,review-clean4-messy.michael.roberts.3002@example.com,Michael,Roberts,+1-messy-0003002
review-clean4-messy-CAND-03003,review-clean4-messy.alyssa.mayer.3003@example.com,alyssa, Mayer ,+1-messy-0003003
review-clean4-messy-CAND-03004,review-clean4-messy. willie.miranda.3004@example.com ,Willie,Miranda,+1-messy-0003004
review-clean4-messy-CAND-03005,review-clean4-messy. isaac.davis.3005@example.com ,Isaac,Davis,+1-messy-0003005
review-clean4-messy-CAND-03006,review-clean4-messy.karen.stephens.3006@example.com,Karen,Stephens,+1-messy-0003006
review-clean4-messy-CAND-03007,review-clean4-messy.candidate-03007@example.com,monique,Serrano,+1-messy-0003007
review-clean4-messy-CAND-03008,review-clean4-messy.gail.turner.3008@example.com,Gail,Turner,+1-messy-0003008
review-clean4-messy-CAND-03009,review-clean4-messy.gina.barker.3009@example.com, Gina ,Barker,+1-messy-0003009
review-clean4-messy-CAND-03010,review-clean4-messy.cody.carpenter.3010@example.com,Cody,Carpenter,+1-messy-0003010
review-clean4-messy-CAND-03011,review-clean4-messy.madeline.smith.3011@example.com,Madeline,Smith,+1-messy-0003011
review-clean4-messy-CAND-03012,review-clean4-messy.april.watson.3012@example.com,April,Watson,+1-messy-0003012
review-clean4-messy-CAND-03013,review-clean4-messy.candidate-03013@example.com,Todd,Peterson,+1-messy-0003013
review-clean4-messy-CAND-03014,review-clean4-messy.RENEE.GARCIA.3014@EXAMPLE.COM,Renee,Garcia,+1-messy-0003014
review-clean4-messy-CAND-03015,review-clean4-messy. eric.walker.3015@example.com , Eric ,Walker,+1-messy-0003015
review-clean4-messy-CAND-03016,review-clean4-messy.jacob.prince.3016@example.com, Jacob , Prince ,+1-messy-0003016
review-clean4-messy-CAND-03017,review-clean4-messy.candidate-03017@example.com,Christina,Guerra,+1-messy-0003017
review-clean4-messy-CAND-03018,review-clean4-messy.alicia.patel.3018@example.com,Alicia, Patel ,+1-messy-0003018
review-clean4-messy-CAND-03019,review-clean4-messy.andrea.avila.3019@example.com,Andrea,Avila,+1-messy-0003019
review-clean4-messy-CAND-03020,review-clean4-messy.daniel.stevens.3020@example.com,Daniel,Stevens,+1-messy-0003020
review-clean4-messy-CAND-03021,review-clean4-messy.candidate-03021@example.com,Charles,Fuentes,+1-messy-0003021
review-clean4-messy-CAND-03022,review-clean4-messy.sandra.mendoza.3022@example.com,Sandra,mendoza,+1-messy-0003022
review-clean4-messy-CAND-03023,review-clean4-messy.larry.cox.3023@example.com,Larry,cox,+1-messy-0003023
review-clean4-messy-CAND-03024,review-clean4-messy.lisa.preston.3024@example.com,Lisa,Preston,+1-messy-0003024
review-clean4-messy-CAND-03025,review-clean4-messy. carla.gallagher.3025@example.com ,Carla,Gallagher,+1-messy-0003025
review-clean4-messy-CAND-03026,review-clean4-messy.matthew.mckinney.3026@example.com,Matthew,mckinney,+1-messy-0003026
review-clean4-messy-CAND-03027,review-clean4-messy.anthony.olsen.3027@example.com,anthony,Olsen,+1-messy-0003027
review-clean4-messy-CAND-03028,review-clean4-messy. jeffrey.vincent.3028@example.com ,Jeffrey,Vincent,+1-messy-0003028
review-clean4-messy-CAND-03029,review-clean4-messy.DOUGLAS.PEREZ.3029@EXAMPLE.COM,Douglas, Perez ,+1-messy-0003029
review-clean4-messy-CAND-03030,review-clean4-messy.DAVID.ANDERSON.3030@EXAMPLE.COM, David ,Anderson,+1-messy-0003030
review-clean4-messy-CAND-03031,review-clean4-messy.christian.vazquez.3031@example.com, Christian ,Vazquez,+1-messy-0003031
review-clean4-messy-CAND-03032,review-clean4-messy.kristen.jones.3032@example.com,kristen,Jones,+1-messy-0003032
review-clean4-messy-CAND-03033,review-clean4-messy.kim.todd.3033@example.com,Kim,Todd,+1-messy-0003033
review-clean4-messy-CAND-03034,review-clean4-messy. brad.rodriguez.3034@example.com ,Brad,Rodriguez,+1-messy-0003034
review-clean4-messy-CAND-03035,review-clean4-messy.laura.palmer.3035@example.com,Laura,Palmer,+1-messy-0003035
review-clean4-messy-CAND-03036,review-clean4-messy. brian.wilson.3036@example.com ,Brian,Wilson,+1-messy-0003036
review-clean4-messy-CAND-03037,review-clean4-messy.johnny.jones.3037@example.com,Johnny,jones,+1-messy-0003037
review-clean4-messy-CAND-03038,review-clean4-messy.elizabeth.webster.3038@example.com,Elizabeth, Webster ,+1-messy-0003038
review-clean4-messy-CAND-03039,review-clean4-messy.kimberly.mora.3039@example.com,Kimberly,Mora,+1-messy-0003039
review-clean4-messy-CAND-03040,review-clean4-messy.jamie.santana.3040@example.com,Jamie,Santana,+1-messy-0003040
review-clean4-messy-CAND-03041,review-clean4-messy.jack.bell.3041@example.com,Jack,Bell,+1-messy-0003041
review-clean4-messy-CAND-03042,review-clean4-messy.CHRISTOPHER.SINGLETON.3042@EXAMPLE.COM,Christopher,Singleton,+1-messy-0003042
review-clean4-messy-CAND-03043,review-clean4-messy.shelly.rush.3043@example.com,Shelly,Rush,+1-messy-0003043
review-clean4-messy-CAND-03044,review-clean4-messy.candidate-03044@example.com,Michael,Martin,+1-messy-0003044
review-clean4-messy-CAND-03045,review-clean4-messy.vincent.chandler.3045@example.com,Vincent,Chandler,+1-messy-0003045
review-clean4-messy-CAND-03046,review-clean4-messy.john.hudson.3046@example.com, John ,Hudson,+1-messy-0003046
review-clean4-messy-CAND-03047,review-clean4-messy.cory.lane.3047@example.com,cory,Lane,+1-messy-0003047
review-clean4-messy-CAND-03048,review-clean4-messy.alexis.robinson.3048@example.com,Alexis,robinson,+1-messy-0003048
review-clean4-messy-CAND-03049,review-clean4-messy.james.campbell.3049@example.com,James,Campbell,+1-messy-0003049
review-clean4-messy-CAND-03050,review-clean4-messy.rachel.medina.3050@example.com,Rachel,Medina,+1-messy-0003050
review-clean4-messy-CAND-03051,review-clean4-messy.teresa.garcia.3051@example.com,Teresa,Garcia,+1-messy-0003051
review-clean4-messy-CAND-03052,review-clean4-messy.jason.gordon.3052@example.com,Jason, Gordon ,+1-messy-0003052
review-clean4-messy-CAND-03053,review-clean4-messy.JASMINE.RICHARDSON.3053@EXAMPLE.COM,Jasmine,richardson,+1-messy-0003053
review-clean4-messy-CAND-03054,review-clean4-messy.bridget.gonzales.3054@example.com, Bridget , Gonzales ,+1-messy-0003054
review-clean4-messy-CAND-03055,review-clean4-messy. susan.white.3055@example.com ,Susan,white,+1-messy-0003055
review-clean4-messy-CAND-03056,review-clean4-messy.michael.gray.3056@example.com,Michael,Gray,+1-messy-0003056
review-clean4-messy-CAND-03057,review-clean4-messy.JASON.PEREZ.3057@EXAMPLE.COM, Jason , Perez ,+1-messy-0003057
review-clean4-messy-CAND-03058,review-clean4-messy.candidate-03058@example.com,Daniel,Rollins,+1-messy-0003058
review-clean4-messy-CAND-03059,review-clean4-messy.DAVID.RODRIGUEZ.3059@EXAMPLE.COM,David, Rodriguez ,+1-messy-0003059
review-clean4-messy-CAND-03060,review-clean4-messy.DEREK.FARMER.3060@EXAMPLE.COM,Derek,Farmer,+1-messy-0003060
review-clean4-messy-CAND-03061,review-clean4-messy.janet.hawkins.3061@example.com,Janet, Hawkins ,+1-messy-0003061
review-clean4-messy-CAND-03062,review-clean4-messy.billy.murphy.3062@example.com, Billy ,Murphy,+1-messy-0003062
review-clean4-messy-CAND-03063,review-clean4-messy.darrell.campbell.3063@example.com, Darrell ,Campbell,+1-messy-0003063
review-clean4-messy-CAND-03064,review-clean4-messy.caroline.collins.3064@example.com,Caroline,Collins,+1-messy-0003064
review-clean4-messy-CAND-03065,review-clean4-messy.theresa.wallace.3065@example.com, Theresa ,wallace,+1-messy-0003065
review-clean4-messy-CAND-03066,review-clean4-messy.angela.roberts.3066@example.com,angela,Roberts,+1-messy-0003066
review-clean4-messy-CAND-03067,review-clean4-messy.melissa.lopez.3067@example.com,melissa,Lopez,+1-messy-0003067
review-clean4-messy-CAND-03068,review-clean4-messy.chad.randall.3068@example.com, Chad ,Randall,+1-messy-0003068
review-clean4-messy-CAND-03069,review-clean4-messy.thomas.shelton.3069@example.com, Thomas , Shelton ,+1-messy-0003069
review-clean4-messy-CAND-03070,review-clean4-messy.harry.lutz.3070@example.com,Harry,lutz,+1-messy-0003070
review-clean4-messy-CAND-03071,review-clean4-messy.travis.garcia.3071@example.com,Travis,garcia,+1-messy-0003071
review-clean4-messy-CAND-03072,review-clean4-messy.SAMUEL.BARRETT.3072@EXAMPLE.COM,Samuel,barrett,+1-messy-0003072
review-clean4-messy-CAND-03073,review-clean4-messy.christopher.thomas.3073@example.com,Christopher,Thomas,+1-messy-0003073
review-clean4-messy-CAND-03074,review-clean4-messy.candidate-03074@example.com,Richard,garza,+1-messy-0003074
review-clean4-messy-CAND-03075,review-clean4-messy.cristian.schaefer.3075@example.com, Cristian ,Schaefer,+1-messy-0003075
review-clean4-messy-CAND-03076,review-clean4-messy.candidate-03076@example.com,Tiffany,Brown,+1-messy-0003076
review-clean4-messy-CAND-03077,review-clean4-messy.theresa.morgan.3077@example.com,Theresa,Morgan,+1-messy-0003077
review-clean4-messy-CAND-03078,review-clean4-messy.brooke.ewing.3078@example.com,Brooke,Ewing,+1-messy-0003078
review-clean4-messy-CAND-03079,review-clean4-messy. david.massey.3079@example.com ,David, Massey ,+1-messy-0003079
review-clean4-messy-CAND-03080,review-clean4-messy. jessica.ramirez.3080@example.com ,Jessica,Ramirez,+1-messy-0003080
review-clean4-messy-CAND-03081,review-clean4-messy.JENNIFER.PERKINS.3081@EXAMPLE.COM,jennifer,Perkins,+1-messy-0003081
review-clean4-messy-CAND-03082,review-clean4-messy.joshua.clarke.3082@example.com,Joshua,Clarke,+1-messy-0003082
review-clean4-messy-CAND-03083,review-clean4-messy.dawn.ross.3083@example.com,Dawn,ross,+1-messy-0003083
review-clean4-messy-CAND-03084,review-clean4-messy.thomas.morrison.3084@example.com, Thomas ,Morrison,+1-messy-0003084
review-clean4-messy-CAND-03085,review-clean4-messy.richard.washington.3085@example.com,Richard,Washington,+1-messy-0003085
review-clean4-messy-CAND-03086,review-clean4-messy.candidate-03086@example.com,Joshua,tate,+1-messy-0003086
review-clean4-messy-CAND-03087,review-clean4-messy. daniel.king.3087@example.com ,daniel,King,+1-messy-0003087
review-clean4-messy-CAND-03088,review-clean4-messy. tyler.fuller.3088@example.com ,Tyler,Fuller,+1-messy-0003088
review-clean4-messy-CAND-03089,review-clean4-messy.candidate-03089@example.com,Dennis,Garcia,+1-messy-0003089
review-clean4-messy-CAND-03090,review-clean4-messy.candidate-03090@example.com,Brian,Jones,+1-messy-0003090
review-clean4-messy-CAND-03091,review-clean4-messy.erika.stanton.3091@example.com,Erika,Stanton,+1-messy-0003091
review-clean4-messy-CAND-03092,review-clean4-messy.PATRICK.SHELTON.3092@EXAMPLE.COM,Patrick,Shelton,+1-messy-0003092
review-clean4-messy-CAND-03093,review-clean4-messy.eric.howell.3093@example.com,Eric,Howell,+1-messy-0003093
review-clean4-messy-CAND-03094,review-clean4-messy.cole.jones.3094@example.com,Cole,Jones,+1-messy-0003094
review-clean4-messy-CAND-03095,review-clean4-messy.karen.saunders.3095@example.com,Karen,Saunders,+1-messy-0003095
review-clean4-messy-CAND-03096,review-clean4-messy.laura.harris.3096@example.com,Laura, Harris ,+1-messy-0003096
review-clean4-messy-CAND-03097,review-clean4-messy.EBONY.HENRY.3097@EXAMPLE.COM,Ebony,Henry,+1-messy-0003097
review-clean4-messy-CAND-03098,review-clean4-messy.jose.cooper.3098@example.com,Jose,Cooper,+1-messy-0003098
review-clean4-messy-CAND-03099,review-clean4-messy. michele.payne.3099@example.com ,Michele,Payne,+1-messy-0003099
review-clean4-messy-CAND-03100,review-clean4-messy.stephanie.johnson.3100@example.com, Stephanie , Johnson ,+1-messy-0003100
review-clean4-messy-CAND-03101,review-clean4-messy.russell.melendez.3101@example.com,Russell, Melendez ,+1-messy-0003101
review-clean4-messy-CAND-03102,review-clean4-messy.patrick.edwards.3102@example.com,Patrick,Edwards,+1-messy-0003102
review-clean4-messy-CAND-03103,review-clean4-messy.NICHOLAS.STEVENS.3103@EXAMPLE.COM,Nicholas, Stevens ,+1-messy-0003103
review-clean4-messy-CAND-03104,review-clean4-messy.antonio.hawkins.3104@example.com,Antonio,Hawkins,+1-messy-0003104
review-clean4-messy-CAND-03105,review-clean4-messy.michelle.turner.3105@example.com,michelle, Turner ,+1-messy-0003105
review-clean4-messy-CAND-03106,review-clean4-messy.janice.henry.3106@example.com, Janice ,Henry,+1-messy-0003106
review-clean4-messy-CAND-03107,review-clean4-messy.dennis.baldwin.3107@example.com,Dennis,baldwin,+1-messy-0003107
review-clean4-messy-CAND-03108,review-clean4-messy.tony.rodriguez.3108@example.com,Tony,Rodriguez,+1-messy-0003108
review-clean4-messy-CAND-03109,review-clean4-messy.emily.keller.3109@example.com,Emily,Keller,+1-messy-0003109
review-clean4-messy-CAND-03110,review-clean4-messy.gina.armstrong.3110@example.com, Gina ,armstrong,+1-messy-0003110
review-clean4-messy-CAND-03111,review-clean4-messy. thomas.dickerson.3111@example.com ,thomas,Dickerson,+1-messy-0003111
review-clean4-messy-CAND-03112,review-clean4-messy.william.myers.3112@example.com,William,Myers,+1-messy-0003112
review-clean4-messy-CAND-03113,review-clean4-messy.troy.arellano.3113@example.com,Troy,Arellano,+1-messy-0003113
review-clean4-messy-CAND-03114,review-clean4-messy. christina.gomez.3114@example.com ,Christina,Gomez,+1-messy-0003114
review-clean4-messy-CAND-03115,review-clean4-messy. tiffany.flores.3115@example.com , Tiffany ,Flores,+1-messy-0003115
review-clean4-messy-CAND-03116,review-clean4-messy.anthony.williams.3116@example.com,anthony,Williams,+1-messy-0003116
review-clean4-messy-CAND-03117,review-clean4-messy.mary.bailey.3117@example.com,Mary, Bailey ,+1-messy-0003117
review-clean4-messy-CAND-03118,review-clean4-messy.judy.johnson.3118@example.com,Judy,Johnson,+1-messy-0003118
review-clean4-messy-CAND-03119,review-clean4-messy.PATRICIA.PETERSON.3119@EXAMPLE.COM,patricia,Peterson,+1-messy-0003119
review-clean4-messy-CAND-03120,review-clean4-messy.connor.reed.3120@example.com,Connor,Reed,+1-messy-0003120
review-clean4-messy-CAND-03121,review-clean4-messy.michael.bell.3121@example.com,Michael, Bell ,+1-messy-0003121
review-clean4-messy-CAND-03122,review-clean4-messy.donna.wright.3122@example.com, Donna , Wright ,+1-messy-0003122
review-clean4-messy-CAND-03123,review-clean4-messy. deborah.watkins.3123@example.com ,Deborah, Watkins ,+1-messy-0003123
review-clean4-messy-CAND-03124,review-clean4-messy.renee.jones.3124@example.com,Renee,Jones,+1-messy-0003124
review-clean4-messy-CAND-03125,review-clean4-messy.kevin.morgan.3125@example.com,kevin,Morgan,+1-messy-0003125
review-clean4-messy-CAND-03126,review-clean4-messy.andrew.nguyen.3126@example.com,Andrew,Nguyen,+1-messy-0003126
review-clean4-messy-CAND-03127,review-clean4-messy.steven.boyer.3127@example.com,Steven,boyer,+1-messy-0003127
review-clean4-messy-CAND-03128,review-clean4-messy.ASHLEY.VALENZUELA.3128@EXAMPLE.COM,Ashley,Valenzuela,+1-messy-0003128
review-clean4-messy-CAND-03129,review-clean4-messy.candidate-03129@example.com,Joseph,Dominguez,+1-messy-0003129
review-clean4-messy-CAND-03130,review-clean4-messy.brianna.odom.3130@example.com,Brianna,Odom,+1-messy-0003130
review-clean4-messy-CAND-03131,review-clean4-messy. nicholas.myers.3131@example.com ,nicholas,Myers,+1-messy-0003131
review-clean4-messy-CAND-03132,review-clean4-messy.ashley.stokes.3132@example.com,Ashley,Stokes,+1-messy-0003132
review-clean4-messy-CAND-03133,review-clean4-messy.craig.leonard.3133@example.com,Craig,Leonard,+1-messy-0003133
review-clean4-messy-CAND-03134,review-clean4-messy.matthew.shaw.3134@example.com,Matthew,Shaw,+1-messy-0003134
review-clean4-messy-CAND-03135,review-clean4-messy.kathy.morgan.3135@example.com,Kathy,Morgan,+1-messy-0003135
review-clean4-messy-CAND-03136,review-clean4-messy.candidate-03136@example.com, Christina ,Cox,+1-messy-0003136
review-clean4-messy-CAND-03137,review-clean4-messy.ryan.crawford.3137@example.com, Ryan ,Crawford,+1-messy-0003137
review-clean4-messy-CAND-03138,review-clean4-messy.melanie.cobb.3138@example.com,Melanie,Cobb,+1-messy-0003138
review-clean4-messy-CAND-03139,review-clean4-messy.MARY.HERRERA.3139@EXAMPLE.COM,Mary,Herrera,+1-messy-0003139
review-clean4-messy-CAND-03140,review-clean4-messy.karl.williams.3140@example.com,Karl,Williams,+1-messy-0003140
review-clean4-messy-CAND-03141,review-clean4-messy.WENDY.MORALES.3141@EXAMPLE.COM,wendy,Morales,+1-messy-0003141
review-clean4-messy-CAND-03142,review-clean4-messy.JEREMIAH.NEWTON.3142@EXAMPLE.COM,Jeremiah,Newton,+1-messy-0003142
review-clean4-messy-CAND-03143,review-clean4-messy.christopher.richard.3143@example.com,Christopher,Richard,+1-messy-0003143
review-clean4-messy-CAND-03144,review-clean4-messy.cody.rogers.3144@example.com,cody,rogers,+1-messy-0003144
review-clean4-messy-CAND-03145,review-clean4-messy.carlos.solis.3145@example.com,Carlos,Solis,+1-messy-0003145
review-clean4-messy-CAND-03146,review-clean4-messy.candidate-03146@example.com,Thomas,Clark,+1-messy-0003146
review-clean4-messy-CAND-03147,review-clean4-messy.laura.pearson.3147@example.com,Laura,Pearson,+1-messy-0003147
review-clean4-messy-CAND-03148,review-clean4-messy.KEVIN.BROCK.3148@EXAMPLE.COM,Kevin,Brock,+1-messy-0003148
review-clean4-messy-CAND-03149,review-clean4-messy.ryan.fernandez.3149@example.com,Ryan,Fernandez,+1-messy-0003149
review-clean4-messy-CAND-03150,review-clean4-messy.james.morales.3150@example.com,James,Morales,+1-messy-0003150
review-clean4-messy-CAND-03151,review-clean4-messy.colleen.chavez.3151@example.com,colleen,Chavez,+1-messy-0003151
review-clean4-messy-CAND-03152,review-clean4-messy. kathryn.white.3152@example.com ,kathryn,White,+1-messy-0003152
review-clean4-messy-CAND-03153,review-clean4-messy.andrew.warner.3153@example.com, Andrew ,Warner,+1-messy-0003153
review-clean4-messy-CAND-03154,review-clean4-messy.michelle.ray.3154@example.com,Michelle,Ray,+1-messy-0003154
review-clean4-messy-CAND-03155,review-clean4-messy.jason.hayden.3155@example.com, Jason ,Hayden,+1-messy-0003155
review-clean4-messy-CAND-03156,review-clean4-messy.judy.mcdonald.3156@example.com,Judy, Mcdonald ,+1-messy-0003156
review-clean4-messy-CAND-03157,review-clean4-messy.sharon.patel.3157@example.com,sharon,Patel,+1-messy-0003157
review-clean4-messy-CAND-03158,review-clean4-messy.candidate-03158@example.com,Christina, Hammond ,+1-messy-0003158
review-clean4-messy-CAND-03159,review-clean4-messy.ryan.knight.3159@example.com,Ryan,Knight,+1-messy-0003159
review-clean4-messy-CAND-03160,review-clean4-messy.courtney.boyd.3160@example.com,Courtney,boyd,+1-messy-0003160
review-clean4-messy-CAND-03161,review-clean4-messy.candidate-03161@example.com,Michael,Hernandez,+1-messy-0003161
review-clean4-messy-CAND-03162,review-clean4-messy.edward.jennings.3162@example.com,Edward,Jennings,+1-messy-0003162
review-clean4-messy-CAND-03163,review-clean4-messy.kevin.graham.3163@example.com, Kevin ,graham,+1-messy-0003163
review-clean4-messy-CAND-03164,review-clean4-messy.lucas.greer.3164@example.com,Lucas, Greer ,+1-messy-0003164
review-clean4-messy-CAND-03165,review-clean4-messy.caleb.harris.3165@example.com,Caleb, Harris ,+1-messy-0003165
review-clean4-messy-CAND-03166,review-clean4-messy.robert.colon.3166@example.com,robert,Colon,+1-messy-0003166
review-clean4-messy-CAND-03167,review-clean4-messy.debbie.scott.3167@example.com,Debbie,Scott,+1-messy-0003167
review-clean4-messy-CAND-03168,review-clean4-messy.carolyn.sullivan.3168@example.com,carolyn,Sullivan,+1-messy-0003168
review-clean4-messy-CAND-03169,review-clean4-messy.daniel.lee.3169@example.com,Daniel,Lee,+1-messy-0003169
review-clean4-messy-CAND-03170,review-clean4-messy.JOHN.WILCOX.3170@EXAMPLE.COM,John, Wilcox ,+1-messy-0003170
review-clean4-messy-CAND-03171,review-clean4-messy.steven.castro.3171@example.com,steven,castro,+1-messy-0003171
review-clean4-messy-CAND-03172,review-clean4-messy.ryan.lucas.3172@example.com,Ryan,Lucas,+1-messy-0003172
review-clean4-messy-CAND-03173,review-clean4-messy.benjamin.moore.3173@example.com,benjamin,Moore,+1-messy-0003173
review-clean4-messy-CAND-03174,review-clean4-messy.derek.green.3174@example.com,Derek,Green,+1-messy-0003174
review-clean4-messy-CAND-03175,review-clean4-messy.linda.hopkins.3175@example.com,Linda,Hopkins,+1-messy-0003175
review-clean4-messy-CAND-03176,review-clean4-messy.GREGORY.PHELPS.3176@EXAMPLE.COM,Gregory,Phelps,+1-messy-0003176
review-clean4-messy-CAND-03177,review-clean4-messy.TAMARA.TUCKER.3177@EXAMPLE.COM,Tamara,Tucker,+1-messy-0003177
review-clean4-messy-CAND-03178,review-clean4-messy. andrew.heath.3178@example.com ,Andrew,Heath,+1-messy-0003178
review-clean4-messy-CAND-03179,review-clean4-messy.christopher.guzman.3179@example.com,Christopher,guzman,+1-messy-0003179
review-clean4-messy-CAND-03180,review-clean4-messy.michelle.lester.3180@example.com,Michelle,Lester,+1-messy-0003180
review-clean4-messy-CAND-03181,review-clean4-messy.richard.cox.3181@example.com,Richard,Cox,+1-messy-0003181
review-clean4-messy-CAND-03182,review-clean4-messy.diane.davis.3182@example.com,Diane,Davis,+1-messy-0003182
review-clean4-messy-CAND-03183,review-clean4-messy.candidate-03183@example.com,Sherry,Ramsey,+1-messy-0003183
review-clean4-messy-CAND-03184,review-clean4-messy.donald.rodriguez.3184@example.com,Donald,Rodriguez,+1-messy-0003184
review-clean4-messy-CAND-03185,review-clean4-messy. jessica.fitzpatrick.3185@example.com ,Jessica,Fitzpatrick,+1-messy-0003185
review-clean4-messy-CAND-03186,review-clean4-messy.candidate-03186@example.com,Alejandra,Calderon,+1-messy-0003186
review-clean4-messy-CAND-03187,review-clean4-messy.candidate-03187@example.com,stephanie,Huynh,+1-messy-0003187
review-clean4-messy-CAND-03188,review-clean4-messy.johnathan.wilkerson.3188@example.com,Johnathan,Wilkerson,+1-messy-0003188
review-clean4-messy-CAND-03189,review-clean4-messy.JOHN.MARTINEZ.3189@EXAMPLE.COM,John,Martinez,+1-messy-0003189
review-clean4-messy-CAND-03190,review-clean4-messy.lindsay.murphy.3190@example.com,Lindsay,murphy,+1-messy-0003190
review-clean4-messy-CAND-03191,review-clean4-messy.candidate-03191@example.com,Breanna,Price,+1-messy-0003191
review-clean4-messy-CAND-03192,review-clean4-messy.kaitlin.young.3192@example.com,kaitlin,Young,+1-messy-0003192
review-clean4-messy-CAND-03193,review-clean4-messy.rodney.thomas.3193@example.com, Rodney ,Thomas,+1-messy-0003193
review-clean4-messy-CAND-03194,review-clean4-messy. gregory.booker.3194@example.com ,Gregory, Booker ,+1-messy-0003194
review-clean4-messy-CAND-03195,review-clean4-messy.scott.king.3195@example.com, Scott ,king,+1-messy-0003195
review-clean4-messy-CAND-03196,review-clean4-messy.bridget.henry.3196@example.com,bridget,henry,+1-messy-0003196
review-clean4-messy-CAND-03197,review-clean4-messy. nicholas.fry.3197@example.com ,Nicholas,fry,+1-messy-0003197
review-clean4-messy-CAND-03198,review-clean4-messy.leslie.coleman.3198@example.com,leslie,Coleman,+1-messy-0003198
review-clean4-messy-CAND-03199,review-clean4-messy.felicia.richmond.3199@example.com,Felicia,Richmond,+1-messy-0003199
review-clean4-messy-CAND-03200,review-clean4-messy.natasha.giles.3200@example.com,Natasha,Giles,+1-messy-0003200
review-clean4-messy-CAND-03201,review-clean4-messy.michael.baldwin.3201@example.com,michael,Baldwin,+1-messy-0003201
review-clean4-messy-CAND-03202,review-clean4-messy.candidate-03202@example.com,Lori,Smith,+1-messy-0003202
review-clean4-messy-CAND-03203,review-clean4-messy.tammy.obrien.3203@example.com,Tammy,Obrien,+1-messy-0003203
review-clean4-messy-CAND-03204,review-clean4-messy.mckenzie.bates.3204@example.com,Mckenzie,Bates,+1-messy-0003204
review-clean4-messy-CAND-03205,review-clean4-messy.shelley.vazquez.3205@example.com, Shelley ,vazquez,+1-messy-0003205
review-clean4-messy-CAND-03206,review-clean4-messy.candidate-03206@example.com,Kristina,Allen,+1-messy-0003206
review-clean4-messy-CAND-03207,review-clean4-messy.angela.parker.3207@example.com,Angela,Parker,+1-messy-0003207
review-clean4-messy-CAND-03208,review-clean4-messy.susan.cox.3208@example.com,susan,Cox,+1-messy-0003208
review-clean4-messy-CAND-03209,review-clean4-messy.lisa.martinez.3209@example.com,Lisa, Martinez ,+1-messy-0003209
review-clean4-messy-CAND-03210,review-clean4-messy.michelle.mathews.3210@example.com,michelle, Mathews ,+1-messy-0003210
review-clean4-messy-CAND-03211,review-clean4-messy. paul.browning.3211@example.com ,Paul,Browning,+1-messy-0003211
review-clean4-messy-CAND-03212,review-clean4-messy.candidate-03212@example.com,Phillip,Spence,+1-messy-0003212
review-clean4-messy-CAND-03213,review-clean4-messy.JONATHAN.DAVIS.3213@EXAMPLE.COM,Jonathan,Davis,+1-messy-0003213
review-clean4-messy-CAND-03214,review-clean4-messy. mackenzie.young.3214@example.com ,mackenzie,young,+1-messy-0003214
review-clean4-messy-CAND-03215,review-clean4-messy.jason.zamora.3215@example.com, Jason ,Zamora,+1-messy-0003215
review-clean4-messy-CAND-03216,review-clean4-messy. ruth.welch.3216@example.com ,Ruth,Welch,+1-messy-0003216
review-clean4-messy-CAND-03217,review-clean4-messy.natasha.wang.3217@example.com,Natasha,Wang,+1-messy-0003217
review-clean4-messy-CAND-03218,review-clean4-messy.RICHARD.JOHNSON.3218@EXAMPLE.COM, Richard ,Johnson,+1-messy-0003218
review-clean4-messy-CAND-03219,review-clean4-messy.candidate-03219@example.com,Michelle,Morrow,+1-messy-0003219
review-clean4-messy-CAND-03220,review-clean4-messy.shelby.ruiz.3220@example.com,Shelby,Ruiz,+1-messy-0003220
review-clean4-messy-CAND-03221,review-clean4-messy.robert.randall.3221@example.com,Robert,Randall,+1-messy-0003221
review-clean4-messy-CAND-03222,review-clean4-messy.jennifer.mcdowell.3222@example.com,Jennifer,Mcdowell,+1-messy-0003222
review-clean4-messy-CAND-03223,review-clean4-messy.lori.holloway.3223@example.com,Lori,holloway,+1-messy-0003223
review-clean4-messy-CAND-03224,review-clean4-messy.holly.hunter.3224@example.com,Holly,Hunter,+1-messy-0003224
review-clean4-messy-CAND-03225,review-clean4-messy.candidate-03225@example.com,Michael,guzman,+1-messy-0003225
review-clean4-messy-CAND-03226,review-clean4-messy. lisa.rojas.3226@example.com ,Lisa,Rojas,+1-messy-0003226
review-clean4-messy-CAND-03227,review-clean4-messy.shawn.johnson.3227@example.com,shawn,Johnson,+1-messy-0003227
review-clean4-messy-CAND-03228,review-clean4-messy.brett.may.3228@example.com,Brett,May,+1-messy-0003228
review-clean4-messy-CAND-03229,review-clean4-messy.crystal.gibbs.3229@example.com,Crystal,Gibbs,+1-messy-0003229
review-clean4-messy-CAND-03230,review-clean4-messy.derek.morales.3230@example.com,Derek,Morales,+1-messy-0003230
review-clean4-messy-CAND-03231,review-clean4-messy.courtney.edwards.3231@example.com,Courtney,Edwards,+1-messy-0003231
review-clean4-messy-CAND-03232,review-clean4-messy.christopher.moore.3232@example.com,Christopher, Moore ,+1-messy-0003232
review-clean4-messy-CAND-03233,review-clean4-messy.zachary.booker.3233@example.com,Zachary,Booker,+1-messy-0003233
review-clean4-messy-CAND-03234,review-clean4-messy.maria.hines.3234@example.com, Maria ,Hines,+1-messy-0003234
review-clean4-messy-CAND-03235,review-clean4-messy.melanie.jennings.3235@example.com,Melanie,Jennings,+1-messy-0003235
review-clean4-messy-CAND-03236,review-clean4-messy.candidate-03236@example.com,Laura,Flores,+1-messy-0003236
review-clean4-messy-CAND-03237,review-clean4-messy.timothy.moss.3237@example.com,Timothy,moss,+1-messy-0003237
review-clean4-messy-CAND-03238,review-clean4-messy.jorge.mcdaniel.3238@example.com,Jorge,Mcdaniel,+1-messy-0003238
review-clean4-messy-CAND-03239,review-clean4-messy.margaret.marsh.3239@example.com,Margaret,Marsh,+1-messy-0003239
review-clean4-messy-CAND-03240,review-clean4-messy.JAMES.PERRY.3240@EXAMPLE.COM,james,Perry,+1-messy-0003240
review-clean4-messy-CAND-03241,review-clean4-messy.candidate-03241@example.com,Hunter, Walter ,+1-messy-0003241
review-clean4-messy-CAND-03242,review-clean4-messy.candidate-03242@example.com,Shirley, Wilkerson ,+1-messy-0003242
review-clean4-messy-CAND-03243,review-clean4-messy. jeffrey.vaughan.3243@example.com ,Jeffrey,Vaughan,+1-messy-0003243
review-clean4-messy-CAND-03244,review-clean4-messy. sandra.holland.3244@example.com ,Sandra,Holland,+1-messy-0003244
review-clean4-messy-CAND-03245,review-clean4-messy. courtney.meadows.3245@example.com , Courtney , Meadows ,+1-messy-0003245
review-clean4-messy-CAND-03246,review-clean4-messy. terri.gonzalez.3246@example.com ,Terri,Gonzalez,+1-messy-0003246
review-clean4-messy-CAND-03247,review-clean4-messy.candidate-03247@example.com, Jacqueline ,Jackson,+1-messy-0003247
review-clean4-messy-CAND-03248,review-clean4-messy.richard.patterson.3248@example.com,richard,Patterson,+1-messy-0003248
review-clean4-messy-CAND-03249,review-clean4-messy.jorge.davis.3249@example.com,Jorge, Davis ,+1-messy-0003249
review-clean4-messy-CAND-03250,review-clean4-messy.MICHEAL.VALENTINE.3250@EXAMPLE.COM,micheal, Valentine ,+1-messy-0003250
review-clean4-messy-CAND-03251,review-clean4-messy.david.higgins.3251@example.com, David ,Higgins,+1-messy-0003251
review-clean4-messy-CAND-03252,review-clean4-messy.ryan.mora.3252@example.com,Ryan,Mora,+1-messy-0003252
review-clean4-messy-CAND-03253,review-clean4-messy.shawn.nunez.3253@example.com,Shawn,Nunez,+1-messy-0003253
review-clean4-messy-CAND-03254,review-clean4-messy.candidate-03254@example.com,david,Reeves,+1-messy-0003254
review-clean4-messy-CAND-03255,review-clean4-messy. james.atkins.3255@example.com ,james,Atkins,+1-messy-0003255
review-clean4-messy-CAND-03256,review-clean4-messy.kimberly.roberts.3256@example.com,Kimberly,Roberts,+1-messy-0003256
review-clean4-messy-CAND-03257,review-clean4-messy.troy.anderson.3257@example.com,Troy,Anderson,+1-messy-0003257
review-clean4-messy-CAND-03258,review-clean4-messy.melissa.greene.3258@example.com, Melissa , Greene ,+1-messy-0003258
review-clean4-messy-CAND-03259,review-clean4-messy.wanda.campbell.3259@example.com, Wanda ,Campbell,+1-messy-0003259
review-clean4-messy-CAND-03260,review-clean4-messy.erica.barnes.3260@example.com,Erica, Barnes ,+1-messy-0003260
review-clean4-messy-CAND-03261,review-clean4-messy.ricky.thomas.3261@example.com, Ricky , Thomas ,+1-messy-0003261
review-clean4-messy-CAND-03262,review-clean4-messy.kelly.green.3262@example.com,Kelly,Green,+1-messy-0003262
review-clean4-messy-CAND-03263,review-clean4-messy.christine.solomon.3263@example.com,Christine,Solomon,+1-messy-0003263
review-clean4-messy-CAND-03264,review-clean4-messy. mike.sutton.3264@example.com ,mike,sutton,+1-messy-0003264
review-clean4-messy-CAND-03265,review-clean4-messy.stephen.smith.3265@example.com,Stephen, Smith ,+1-messy-0003265
review-clean4-messy-CAND-03266,review-clean4-messy.dean.morris.3266@example.com,Dean,Morris,+1-messy-0003266
review-clean4-messy-CAND-03267,review-clean4-messy.heather.mcdaniel.3267@example.com,Heather,Mcdaniel,+1-messy-0003267
review-clean4-messy-CAND-03268,review-clean4-messy.candidate-03268@example.com,Jennifer,Erickson,+1-messy-0003268
review-clean4-messy-CAND-03269,review-clean4-messy.jill.scott.3269@example.com,jill,Scott,+1-messy-0003269
review-clean4-messy-CAND-03270,review-clean4-messy.cody.brown.3270@example.com,Cody,Brown,+1-messy-0003270
review-clean4-messy-CAND-03271,review-clean4-messy.MARVIN.YOUNG.3271@EXAMPLE.COM,Marvin, Young ,+1-messy-0003271
review-clean4-messy-CAND-03272,review-clean4-messy.rebekah.barajas.3272@example.com,Rebekah,Barajas,+1-messy-0003272
review-clean4-messy-CAND-03273,review-clean4-messy.sheila.coffey.3273@example.com,Sheila,Coffey,+1-messy-0003273
review-clean4-messy-CAND-03274,review-clean4-messy.CARMEN.GOODMAN.3274@EXAMPLE.COM,Carmen,Goodman,+1-messy-0003274
review-clean4-messy-CAND-03275,review-clean4-messy.brandon.king.3275@example.com,Brandon,king,+1-messy-0003275
review-clean4-messy-CAND-03276,review-clean4-messy.christine.turner.3276@example.com, Christine ,Turner,+1-messy-0003276
review-clean4-messy-CAND-03277,review-clean4-messy.ralph.wood.3277@example.com,Ralph,Wood,+1-messy-0003277
review-clean4-messy-CAND-03278,review-clean4-messy.TAMMY.HANSEN.3278@EXAMPLE.COM,Tammy, Hansen ,+1-messy-0003278
review-clean4-messy-CAND-03279,review-clean4-messy.beverly.green.3279@example.com, Beverly ,green,+1-messy-0003279
review-clean4-messy-CAND-03280,review-clean4-messy.william.conrad.3280@example.com,William,Conrad,+1-messy-0003280
review-clean4-messy-CAND-03281,review-clean4-messy. natalie.anderson.3281@example.com , Natalie ,Anderson,+1-messy-0003281
review-clean4-messy-CAND-03282,review-clean4-messy.logan.moreno.3282@example.com,Logan,moreno,+1-messy-0003282
review-clean4-messy-CAND-03283,review-clean4-messy.donald.wilson.3283@example.com,Donald,Wilson,+1-messy-0003283
review-clean4-messy-CAND-03284,review-clean4-messy.candidate-03284@example.com,Bradley,Anderson,+1-messy-0003284
review-clean4-messy-CAND-03285,review-clean4-messy.monica.davenport.3285@example.com,Monica,Davenport,+1-messy-0003285
review-clean4-messy-CAND-03286,review-clean4-messy.julie.howe.3286@example.com,Julie, Howe ,+1-messy-0003286
review-clean4-messy-CAND-03287,review-clean4-messy. justin.mcdowell.3287@example.com ,Justin,Mcdowell,+1-messy-0003287
review-clean4-messy-CAND-03288,review-clean4-messy.chloe.juarez.3288@example.com,Chloe,Juarez,+1-messy-0003288
review-clean4-messy-CAND-03289,review-clean4-messy.JOSEPH.EDWARDS.3289@EXAMPLE.COM,Joseph, Edwards ,+1-messy-0003289
review-clean4-messy-CAND-03290,review-clean4-messy.patricia.stewart.3290@example.com,Patricia,Stewart,+1-messy-0003290
review-clean4-messy-CAND-03291,review-clean4-messy. virginia.gallagher.3291@example.com , Virginia ,Gallagher,+1-messy-0003291
review-clean4-messy-CAND-03292,review-clean4-messy.edward.farrell.3292@example.com, Edward ,Farrell,+1-messy-0003292
review-clean4-messy-CAND-03293,review-clean4-messy.diane.yates.3293@example.com, Diane , Yates ,+1-messy-0003293
review-clean4-messy-CAND-03294,review-clean4-messy.brian.hernandez.3294@example.com,brian,hernandez,+1-messy-0003294
review-clean4-messy-CAND-03295,review-clean4-messy.candidate-03295@example.com,Jerry,Johnson,+1-messy-0003295
review-clean4-messy-CAND-03296,review-clean4-messy.jorge.mccarthy.3296@example.com,Jorge,Mccarthy,+1-messy-0003296
review-clean4-messy-CAND-03297,review-clean4-messy.samuel.carney.3297@example.com,Samuel,Carney,+1-messy-0003297
review-clean4-messy-CAND-03298,review-clean4-messy.sara.williams.3298@example.com,Sara, Williams ,+1-messy-0003298
review-clean4-messy-CAND-03299,review-clean4-messy.michael.fletcher.3299@example.com,michael,fletcher,+1-messy-0003299
review-clean4-messy-CAND-03300,review-clean4-messy. todd.vasquez.3300@example.com ,Todd,Vasquez,+1-messy-0003300
review-clean4-messy-CAND-03301,review-clean4-messy. meghan.camacho.3301@example.com ,Meghan, Camacho ,+1-messy-0003301
review-clean4-messy-CAND-03302,review-clean4-messy.david.davis.3302@example.com,David,Davis,+1-messy-0003302
review-clean4-messy-CAND-03303,review-clean4-messy.MIRANDA.WHITE.3303@EXAMPLE.COM,Miranda,White,+1-messy-0003303
review-clean4-messy-CAND-03304,review-clean4-messy.candidate-03304@example.com,Gary,Hicks,+1-messy-0003304
review-clean4-messy-CAND-03305,review-clean4-messy.joshua.macdonald.3305@example.com,Joshua,macdonald,+1-messy-0003305
review-clean4-messy-CAND-03306,review-clean4-messy.candidate-03306@example.com,Brenda, Silva ,+1-messy-0003306
review-clean4-messy-CAND-03307,review-clean4-messy.teresa.fox.3307@example.com,Teresa,Fox,+1-messy-0003307
review-clean4-messy-CAND-03308,review-clean4-messy.ASHLEY.BUTLER.3308@EXAMPLE.COM,Ashley,Butler,+1-messy-0003308
review-clean4-messy-CAND-03309,review-clean4-messy.CHASE.TATE.3309@EXAMPLE.COM, Chase ,Tate,+1-messy-0003309
review-clean4-messy-CAND-03310,review-clean4-messy.candidate-03310@example.com, Erica ,Clay,+1-messy-0003310
review-clean4-messy-CAND-03311,review-clean4-messy.candidate-03311@example.com,Anthony,Maldonado,+1-messy-0003311
review-clean4-messy-CAND-03312,review-clean4-messy.erin.long.3312@example.com, Erin ,long,+1-messy-0003312
review-clean4-messy-CAND-03313,review-clean4-messy.brittany.bean.3313@example.com,Brittany,Bean,+1-messy-0003313
review-clean4-messy-CAND-03314,review-clean4-messy.MARY.HERNANDEZ.3314@EXAMPLE.COM,Mary,hernandez,+1-messy-0003314
review-clean4-messy-CAND-03315,review-clean4-messy.christopher.rivas.3315@example.com,christopher,Rivas,+1-messy-0003315
review-clean4-messy-CAND-03316,review-clean4-messy.DONNA.GIBSON.3316@EXAMPLE.COM,Donna,Gibson,+1-messy-0003316
review-clean4-messy-CAND-03317,review-clean4-messy. stephanie.wheeler.3317@example.com ,Stephanie,Wheeler,+1-messy-0003317
review-clean4-messy-CAND-03318,review-clean4-messy.adam.booker.3318@example.com,Adam,booker,+1-messy-0003318
review-clean4-messy-CAND-03319,review-clean4-messy.DIANA.TAPIA.3319@EXAMPLE.COM,Diana,tapia,+1-messy-0003319
review-clean4-messy-CAND-03320,review-clean4-messy.mark.dennis.3320@example.com,Mark,dennis,+1-messy-0003320
review-clean4-messy-CAND-03321,review-clean4-messy.jessica.bernard.3321@example.com,Jessica,Bernard,+1-messy-0003321
review-clean4-messy-CAND-03322,review-clean4-messy.ashley.lewis.3322@example.com,Ashley,Lewis,+1-messy-0003322
review-clean4-messy-CAND-03323,review-clean4-messy.candidate-03323@example.com,Brandon,Schneider,+1-messy-0003323
review-clean4-messy-CAND-03324,review-clean4-messy.marcus.brown.3324@example.com,Marcus,Brown,+1-messy-0003324
review-clean4-messy-CAND-03325,review-clean4-messy.chad.crane.3325@example.com,Chad,Crane,+1-messy-0003325
review-clean4-messy-CAND-03326,review-clean4-messy.patrick.ross.3326@example.com,Patrick,Ross,+1-messy-0003326
review-clean4-messy-CAND-03327,review-clean4-messy. gregory.hanna.3327@example.com ,Gregory,Hanna,+1-messy-0003327
review-clean4-messy-CAND-03328,review-clean4-messy.michelle.davis.3328@example.com,Michelle,Davis,+1-messy-0003328
review-clean4-messy-CAND-03329,review-clean4-messy.melissa.martin.3329@example.com,Melissa,Martin,+1-messy-0003329
review-clean4-messy-CAND-03330,review-clean4-messy.KIMBERLY.MITCHELL.3330@EXAMPLE.COM,Kimberly,Mitchell,+1-messy-0003330
review-clean4-messy-CAND-03331,review-clean4-messy.karen.valdez.3331@example.com,karen,Valdez,+1-messy-0003331
review-clean4-messy-CAND-03332,review-clean4-messy.candidate-03332@example.com,David,Henry,+1-messy-0003332
review-clean4-messy-CAND-03333,review-clean4-messy.ryan.drake.3333@example.com,Ryan, Drake ,+1-messy-0003333
review-clean4-messy-CAND-03334,review-clean4-messy.kyle.cohen.3334@example.com,kyle,Cohen,+1-messy-0003334
review-clean4-messy-CAND-03335,review-clean4-messy.david.wade.3335@example.com,David,Wade,+1-messy-0003335
review-clean4-messy-CAND-03336,review-clean4-messy.marilyn.hunt.3336@example.com,Marilyn,Hunt,+1-messy-0003336
review-clean4-messy-CAND-03337,review-clean4-messy.tracy.mcclure.3337@example.com, Tracy ,Mcclure,+1-messy-0003337
review-clean4-messy-CAND-03338,review-clean4-messy.thomas.hart.3338@example.com,thomas,Hart,+1-messy-0003338
review-clean4-messy-CAND-03339,review-clean4-messy.candidate-03339@example.com,Rodney,Avila,+1-messy-0003339
review-clean4-messy-CAND-03340,review-clean4-messy.lisa.austin.3340@example.com,Lisa,Austin,+1-messy-0003340
review-clean4-messy-CAND-03341,review-clean4-messy.ryan.simmons.3341@example.com,Ryan,Simmons,+1-messy-0003341
review-clean4-messy-CAND-03342,review-clean4-messy. billy.peterson.3342@example.com ,Billy,Peterson,+1-messy-0003342
review-clean4-messy-CAND-03343,review-clean4-messy.steven.walker.3343@example.com,Steven, Walker ,+1-messy-0003343
review-clean4-messy-CAND-03344,review-clean4-messy. gina.moore.3344@example.com ,Gina,Moore,+1-messy-0003344
review-clean4-messy-CAND-03345,review-clean4-messy.tyler.soto.3345@example.com,Tyler,Soto,+1-messy-0003345
review-clean4-messy-CAND-03346,review-clean4-messy.alicia.roberts.3346@example.com,Alicia, Roberts ,+1-messy-0003346
review-clean4-messy-CAND-03347,review-clean4-messy.samuel.solomon.3347@example.com,Samuel,solomon,+1-messy-0003347
review-clean4-messy-CAND-03348,review-clean4-messy.tim.hernandez.3348@example.com, Tim ,Hernandez,+1-messy-0003348
review-clean4-messy-CAND-03349,review-clean4-messy.candidate-03349@example.com,david,Leach,+1-messy-0003349
review-clean4-messy-CAND-03350,review-clean4-messy.mckenzie.mills.3350@example.com,Mckenzie,Mills,+1-messy-0003350
review-clean4-messy-CAND-03351,review-clean4-messy.kenneth.williams.3351@example.com,Kenneth, Williams ,+1-messy-0003351
review-clean4-messy-CAND-03352,review-clean4-messy.charles.williams.3352@example.com, Charles ,Williams,+1-messy-0003352
review-clean4-messy-CAND-03353,review-clean4-messy.daniel.coleman.3353@example.com,Daniel,Coleman,+1-messy-0003353
review-clean4-messy-CAND-03354,review-clean4-messy.cody.guerrero.3354@example.com,Cody,Guerrero,+1-messy-0003354
review-clean4-messy-CAND-03355,review-clean4-messy.ASHLEY.KING.3355@EXAMPLE.COM,Ashley,King,+1-messy-0003355
review-clean4-messy-CAND-03356,review-clean4-messy.candidate-03356@example.com,Jonathan,Miller,+1-messy-0003356
review-clean4-messy-CAND-03357,review-clean4-messy.wesley.wilson.3357@example.com,Wesley, Wilson ,+1-messy-0003357
review-clean4-messy-CAND-03358,review-clean4-messy. dorothy.white.3358@example.com ,Dorothy,White,+1-messy-0003358
review-clean4-messy-CAND-03359,review-clean4-messy. ian.long.3359@example.com ,Ian,Long,+1-messy-0003359
review-clean4-messy-CAND-03360,review-clean4-messy.christopher.mcdowell.3360@example.com, Christopher ,mcdowell,+1-messy-0003360
review-clean4-messy-CAND-03361,review-clean4-messy.kenneth.matthews.3361@example.com, Kenneth ,Matthews,+1-messy-0003361
review-clean4-messy-CAND-03362,review-clean4-messy.spencer.santiago.3362@example.com,Spencer,Santiago,+1-messy-0003362
review-clean4-messy-CAND-03363,review-clean4-messy.CINDY.BAKER.3363@EXAMPLE.COM,Cindy, Baker ,+1-messy-0003363
review-clean4-messy-CAND-03364,review-clean4-messy.TAMMY.SAVAGE.3364@EXAMPLE.COM,tammy, Savage ,+1-messy-0003364
review-clean4-messy-CAND-03365,review-clean4-messy.jacob.lopez.3365@example.com, Jacob ,lopez,+1-messy-0003365
review-clean4-messy-CAND-03366,review-clean4-messy.julie.munoz.3366@example.com,Julie,munoz,+1-messy-0003366
review-clean4-messy-CAND-03367,review-clean4-messy. monica.rodriguez.3367@example.com , Monica ,Rodriguez,+1-messy-0003367
review-clean4-messy-CAND-03368,review-clean4-messy.amanda.smith.3368@example.com,Amanda,Smith,+1-messy-0003368
review-clean4-messy-CAND-03369,review-clean4-messy.darryl.jackson.3369@example.com,Darryl,Jackson,+1-messy-0003369
review-clean4-messy-CAND-03370,review-clean4-messy.thomas.holt.3370@example.com, Thomas ,holt,+1-messy-0003370
review-clean4-messy-CAND-03371,review-clean4-messy.misty.church.3371@example.com,Misty,Church,+1-messy-0003371
review-clean4-messy-CAND-03372,review-clean4-messy.carolyn.tucker.3372@example.com,Carolyn, Tucker ,+1-messy-0003372
review-clean4-messy-CAND-03373,review-clean4-messy.candidate-03373@example.com,Christine,Dickson,+1-messy-0003373
review-clean4-messy-CAND-03374,review-clean4-messy.michael.nunez.3374@example.com,Michael,Nunez,+1-messy-0003374
review-clean4-messy-CAND-03375,review-clean4-messy.hannah.foster.3375@example.com,Hannah,Foster,+1-messy-0003375
review-clean4-messy-CAND-03376,review-clean4-messy.kevin.martinez.3376@example.com,kevin,Martinez,+1-messy-0003376
review-clean4-messy-CAND-03377,review-clean4-messy.alexander.rodriguez.3377@example.com, Alexander ,Rodriguez,+1-messy-0003377
review-clean4-messy-CAND-03378,review-clean4-messy.candidate-03378@example.com,Allen,Waller,+1-messy-0003378
review-clean4-messy-CAND-03379,review-clean4-messy.michele.clark.3379@example.com,Michele,Clark,+1-messy-0003379
review-clean4-messy-CAND-03380,review-clean4-messy.DEBORAH.SANTOS.3380@EXAMPLE.COM,Deborah,Santos,+1-messy-0003380
review-clean4-messy-CAND-03381,review-clean4-messy.ryan.garrett.3381@example.com,Ryan,Garrett,+1-messy-0003381
review-clean4-messy-CAND-03382,review-clean4-messy.kristy.lee.3382@example.com,Kristy,Lee,+1-messy-0003382
review-clean4-messy-CAND-03383,review-clean4-messy.candidate-03383@example.com,Kevin,Ford,+1-messy-0003383
review-clean4-messy-CAND-03384,review-clean4-messy.thomas.johnson.3384@example.com,Thomas,johnson,+1-messy-0003384
review-clean4-messy-CAND-03385,review-clean4-messy.gabriel.hernandez.3385@example.com,Gabriel,Hernandez,+1-messy-0003385
review-clean4-messy-CAND-03386,review-clean4-messy.jacqueline.maynard.3386@example.com,jacqueline,Maynard,+1-messy-0003386
review-clean4-messy-CAND-03387,review-clean4-messy. thomas.heath.3387@example.com ,Thomas,heath,+1-messy-0003387
review-clean4-messy-CAND-03388,review-clean4-messy.brenda.harris.3388@example.com,Brenda,Harris,+1-messy-0003388
review-clean4-messy-CAND-03389,review-clean4-messy.candidate-03389@example.com,ashley,Bass,+1-messy-0003389
review-clean4-messy-CAND-03390,review-clean4-messy.brent.smith.3390@example.com,brent,Smith,+1-messy-0003390
review-clean4-messy-CAND-03391,review-clean4-messy.crystal.marquez.3391@example.com, Crystal , Marquez ,+1-messy-0003391
review-clean4-messy-CAND-03392,review-clean4-messy. tiffany.allison.3392@example.com ,Tiffany,Allison,+1-messy-0003392
review-clean4-messy-CAND-03393,review-clean4-messy.jillian.larson.3393@example.com,Jillian, Larson ,+1-messy-0003393
review-clean4-messy-CAND-03394,review-clean4-messy.angela.roberts.3394@example.com, Angela ,roberts,+1-messy-0003394
review-clean4-messy-CAND-03395,review-clean4-messy.tony.tucker.3395@example.com,Tony,Tucker,+1-messy-0003395
review-clean4-messy-CAND-03396,review-clean4-messy.candidate-03396@example.com,Brittany,Carr,+1-messy-0003396
review-clean4-messy-CAND-03397,review-clean4-messy.erika.velasquez.3397@example.com,Erika,Velasquez,+1-messy-0003397
review-clean4-messy-CAND-03398,review-clean4-messy.tony.klein.3398@example.com,Tony,klein,+1-messy-0003398
review-clean4-messy-CAND-03399,review-clean4-messy.allison.henderson.3399@example.com, Allison ,Henderson,+1-messy-0003399
review-clean4-messy-CAND-03400,review-clean4-messy.LESLIE.BROWN.3400@EXAMPLE.COM,Leslie, Brown ,+1-messy-0003400
review-clean4-messy-CAND-03401,review-clean4-messy.patricia.butler.3401@example.com,patricia,Butler,+1-messy-0003401
review-clean4-messy-CAND-03402,review-clean4-messy.candidate-03402@example.com,thomas, Simpson ,+1-messy-0003402
review-clean4-messy-CAND-03403,review-clean4-messy. sheila.reed.3403@example.com , Sheila ,Reed,+1-messy-0003403
review-clean4-messy-CAND-03404,review-clean4-messy.candidate-03404@example.com,Heidi,Smith,+1-messy-0003404
review-clean4-messy-CAND-03405,review-clean4-messy.keith.lee.3405@example.com,Keith, Lee ,+1-messy-0003405
review-clean4-messy-CAND-03406,review-clean4-messy.maurice.hall.3406@example.com,maurice,hall,+1-messy-0003406
review-clean4-messy-CAND-03407,review-clean4-messy.jeffrey.stout.3407@example.com,jeffrey,stout,+1-messy-0003407
review-clean4-messy-CAND-03408,review-clean4-messy.MATTHEW.GUZMAN.3408@EXAMPLE.COM,matthew,Guzman,+1-messy-0003408
review-clean4-messy-CAND-03409,review-clean4-messy. megan.sandoval.3409@example.com , Megan ,Sandoval,+1-messy-0003409
review-clean4-messy-CAND-03410,review-clean4-messy.candidate-03410@example.com,David,Carter,+1-messy-0003410
review-clean4-messy-CAND-03411,review-clean4-messy.jennifer.moyer.3411@example.com,Jennifer,Moyer,+1-messy-0003411
review-clean4-messy-CAND-03412,review-clean4-messy.marissa.nunez.3412@example.com,Marissa,Nunez,+1-messy-0003412
review-clean4-messy-CAND-03413,review-clean4-messy.jessica.flynn.3413@example.com,jessica,Flynn,+1-messy-0003413
review-clean4-messy-CAND-03414,review-clean4-messy.candidate-03414@example.com, Lauren ,Richard,+1-messy-0003414
review-clean4-messy-CAND-03415,review-clean4-messy.christy.campbell.3415@example.com,Christy, Campbell ,+1-messy-0003415
review-clean4-messy-CAND-03416,review-clean4-messy.kara.estrada.3416@example.com,kara,Estrada,+1-messy-0003416
review-clean4-messy-CAND-03417,review-clean4-messy.david.gonzalez.3417@example.com, David , Gonzalez ,+1-messy-0003417
review-clean4-messy-CAND-03418,review-clean4-messy.CATHERINE.GARCIA.3418@EXAMPLE.COM,catherine,Garcia,+1-messy-0003418
review-clean4-messy-CAND-03419,review-clean4-messy. robert.chaney.3419@example.com ,Robert,Chaney,+1-messy-0003419
review-clean4-messy-CAND-03420,review-clean4-messy.kevin.clark.3420@example.com,Kevin,Clark,+1-messy-0003420
review-clean4-messy-CAND-03421,review-clean4-messy.brandon.smith.3421@example.com,Brandon,smith,+1-messy-0003421
review-clean4-messy-CAND-03422,review-clean4-messy.nicole.kelly.3422@example.com,Nicole,Kelly,+1-messy-0003422
review-clean4-messy-CAND-03423,review-clean4-messy.eric.clayton.3423@example.com,Eric,Clayton,+1-messy-0003423
review-clean4-messy-CAND-03424,review-clean4-messy.patricia.johnson.3424@example.com,Patricia,Johnson,+1-messy-0003424
review-clean4-messy-CAND-03425,review-clean4-messy.bryce.jordan.3425@example.com,Bryce,Jordan,+1-messy-0003425
review-clean4-messy-CAND-03426,review-clean4-messy.candidate-03426@example.com,Christina,martinez,+1-messy-0003426
review-clean4-messy-CAND-03427,review-clean4-messy.JEFFREY.SCOTT.3427@EXAMPLE.COM,Jeffrey,Scott,+1-messy-0003427
review-clean4-messy-CAND-03428,review-clean4-messy.MATTHEW.KELLY.3428@EXAMPLE.COM, Matthew , Kelly ,+1-messy-0003428
review-clean4-messy-CAND-03429,review-clean4-messy.brandon.rich.3429@example.com, Brandon ,Rich,+1-messy-0003429
review-clean4-messy-CAND-03430,review-clean4-messy.joseph.hernandez.3430@example.com,Joseph,hernandez,+1-messy-0003430
review-clean4-messy-CAND-03431,review-clean4-messy.HANNAH.ROBERTSON.3431@EXAMPLE.COM,Hannah,Robertson,+1-messy-0003431
review-clean4-messy-CAND-03432,review-clean4-messy. elizabeth.mccarthy.3432@example.com ,Elizabeth,Mccarthy,+1-messy-0003432
review-clean4-messy-CAND-03433,review-clean4-messy.sara.kim.3433@example.com,Sara,Kim,+1-messy-0003433
review-clean4-messy-CAND-03434,review-clean4-messy.STEPHEN.SKINNER.3434@EXAMPLE.COM,Stephen,Skinner,+1-messy-0003434
review-clean4-messy-CAND-03435,review-clean4-messy.daniel.rodriguez.3435@example.com,Daniel,Rodriguez,+1-messy-0003435
review-clean4-messy-CAND-03436,review-clean4-messy.cheryl.casey.3436@example.com,Cheryl, Casey ,+1-messy-0003436
review-clean4-messy-CAND-03437,review-clean4-messy.stacey.colon.3437@example.com,stacey,Colon,+1-messy-0003437
review-clean4-messy-CAND-03438,review-clean4-messy.BOBBY.GARCIA.3438@EXAMPLE.COM,Bobby,Garcia,+1-messy-0003438
review-clean4-messy-CAND-03439,review-clean4-messy.crystal.pitts.3439@example.com,crystal, Pitts ,+1-messy-0003439
review-clean4-messy-CAND-03440,review-clean4-messy.rhonda.moore.3440@example.com, Rhonda , Moore ,+1-messy-0003440
review-clean4-messy-CAND-03441,review-clean4-messy.kelly.alexander.3441@example.com,Kelly,Alexander,+1-messy-0003441
review-clean4-messy-CAND-03442,review-clean4-messy.william.oconnor.3442@example.com,William, Oconnor ,+1-messy-0003442
review-clean4-messy-CAND-03443,review-clean4-messy.cory.holland.3443@example.com,Cory,Holland,+1-messy-0003443
review-clean4-messy-CAND-03444,review-clean4-messy. matthew.taylor.3444@example.com ,Matthew, Taylor ,+1-messy-0003444
review-clean4-messy-CAND-03445,review-clean4-messy.melinda.gonzales.3445@example.com,Melinda,Gonzales,+1-messy-0003445
review-clean4-messy-CAND-03446,review-clean4-messy.robert.mack.3446@example.com,Robert,Mack,+1-messy-0003446
review-clean4-messy-CAND-03447,review-clean4-messy.john.lamb.3447@example.com,John,lamb,+1-messy-0003447
review-clean4-messy-CAND-03448,review-clean4-messy.matthew.wagner.3448@example.com,Matthew,wagner,+1-messy-0003448
review-clean4-messy-CAND-03449,review-clean4-messy.christopher.watson.3449@example.com, Christopher ,watson,+1-messy-0003449
review-clean4-messy-CAND-03450,review-clean4-messy.candidate-03450@example.com,Kari,Ward,+1-messy-0003450
review-clean4-messy-CAND-03451,review-clean4-messy.elizabeth.hernandez.3451@example.com,Elizabeth,Hernandez,+1-messy-0003451
review-clean4-messy-CAND-03452,review-clean4-messy. karen.fisher.3452@example.com ,Karen,Fisher,+1-messy-0003452
review-clean4-messy-CAND-03453,review-clean4-messy. jeremy.pham.3453@example.com ,jeremy,Pham,+1-messy-0003453
review-clean4-messy-CAND-03454,review-clean4-messy.robert.ortiz.3454@example.com,Robert,Ortiz,+1-messy-0003454
review-clean4-messy-CAND-03455,review-clean4-messy.stephen.phelps.3455@example.com, Stephen ,Phelps,+1-messy-0003455
review-clean4-messy-CAND-03456,review-clean4-messy.laura.cox.3456@example.com,Laura,cox,+1-messy-0003456
review-clean4-messy-CAND-03457,review-clean4-messy. anthony.thomas.3457@example.com ,Anthony,Thomas,+1-messy-0003457
review-clean4-messy-CAND-03458,review-clean4-messy.alejandro.drake.3458@example.com,Alejandro, Drake ,+1-messy-0003458
review-clean4-messy-CAND-03459,review-clean4-messy.sherry.miller.3459@example.com,Sherry,Miller,+1-messy-0003459
review-clean4-messy-CAND-03460,review-clean4-messy.leroy.holden.3460@example.com, Leroy ,Holden,+1-messy-0003460
review-clean4-messy-CAND-03461,review-clean4-messy.frank.brown.3461@example.com,Frank,brown,+1-messy-0003461
review-clean4-messy-CAND-03462,review-clean4-messy.katherine.keller.3462@example.com,Katherine, Keller ,+1-messy-0003462
review-clean4-messy-CAND-03463,review-clean4-messy. darlene.orr.3463@example.com ,Darlene,Orr,+1-messy-0003463
review-clean4-messy-CAND-03464,review-clean4-messy. brian.welch.3464@example.com ,Brian, Welch ,+1-messy-0003464
review-clean4-messy-CAND-03465,review-clean4-messy.jennifer.guerrero.3465@example.com,Jennifer,Guerrero,+1-messy-0003465
review-clean4-messy-CAND-03466,review-clean4-messy.APRIL.PHILLIPS.3466@EXAMPLE.COM,April,Phillips,+1-messy-0003466
review-clean4-messy-CAND-03467,review-clean4-messy. richard.becker.3467@example.com ,Richard,Becker,+1-messy-0003467
review-clean4-messy-CAND-03468,review-clean4-messy.ANGELA.TORRES.3468@EXAMPLE.COM,Angela,Torres,+1-messy-0003468
review-clean4-messy-CAND-03469,review-clean4-messy.julia.blankenship.3469@example.com,Julia,Blankenship,+1-messy-0003469
review-clean4-messy-CAND-03470,review-clean4-messy.alan.ramirez.3470@example.com,alan,Ramirez,+1-messy-0003470
review-clean4-messy-CAND-03471,review-clean4-messy.allison.knapp.3471@example.com,Allison,Knapp,+1-messy-0003471
review-clean4-messy-CAND-03472,review-clean4-messy.isabella.griffin.3472@example.com, Isabella ,Griffin,+1-messy-0003472
review-clean4-messy-CAND-03473,review-clean4-messy.jamie.stephens.3473@example.com, Jamie ,Stephens,+1-messy-0003473
review-clean4-messy-CAND-03474,review-clean4-messy.candidate-03474@example.com,Kristina,Pearson,+1-messy-0003474
review-clean4-messy-CAND-03475,review-clean4-messy.heidi.barron.3475@example.com,Heidi,Barron,+1-messy-0003475
review-clean4-messy-CAND-03476,review-clean4-messy.kimberly.sullivan.3476@example.com,Kimberly,sullivan,+1-messy-0003476
review-clean4-messy-CAND-03477,review-clean4-messy.candidate-03477@example.com,James, Turner ,+1-messy-0003477
review-clean4-messy-CAND-03478,review-clean4-messy.benjamin.cook.3478@example.com,Benjamin,Cook,+1-messy-0003478
review-clean4-messy-CAND-03479,review-clean4-messy.jessica.singh.3479@example.com,Jessica,Singh,+1-messy-0003479
review-clean4-messy-CAND-03480,review-clean4-messy.candidate-03480@example.com, David ,Braun,+1-messy-0003480
review-clean4-messy-CAND-03481,review-clean4-messy.justin.davis.3481@example.com,Justin,Davis,+1-messy-0003481
review-clean4-messy-CAND-03482,review-clean4-messy.andrea.boyd.3482@example.com,Andrea,Boyd,+1-messy-0003482
review-clean4-messy-CAND-03483,review-clean4-messy.katherine.moore.3483@example.com,Katherine,moore,+1-messy-0003483
review-clean4-messy-CAND-03484,review-clean4-messy. anthony.hogan.3484@example.com , Anthony , Hogan ,+1-messy-0003484
review-clean4-messy-CAND-03485,review-clean4-messy.brittany.allen.3485@example.com,Brittany,Allen,+1-messy-0003485
review-clean4-messy-CAND-03486,review-clean4-messy.kim.barber.3486@example.com,Kim,barber,+1-messy-0003486
review-clean4-messy-CAND-03487,review-clean4-messy.valerie.rodriguez.3487@example.com,valerie,Rodriguez,+1-messy-0003487
review-clean4-messy-CAND-03488,review-clean4-messy.brian.watson.3488@example.com,Brian, Watson ,+1-messy-0003488
review-clean4-messy-CAND-03489,review-clean4-messy. courtney.gomez.3489@example.com ,Courtney,Gomez,+1-messy-0003489
review-clean4-messy-CAND-03490,review-clean4-messy.brandon.curtis.3490@example.com,Brandon,Curtis,+1-messy-0003490
review-clean4-messy-CAND-03491,review-clean4-messy.DAVID.EVANS.3491@EXAMPLE.COM,David,Evans,+1-messy-0003491
review-clean4-messy-CAND-03492,review-clean4-messy.jillian.chavez.3492@example.com,Jillian,Chavez,+1-messy-0003492
review-clean4-messy-CAND-03493,review-clean4-messy.tonya.trujillo.3493@example.com,Tonya, Trujillo ,+1-messy-0003493
review-clean4-messy-CAND-03494,review-clean4-messy.vanessa.cunningham.3494@example.com,Vanessa,Cunningham,+1-messy-0003494
review-clean4-messy-CAND-03495,review-clean4-messy.PATRICIA.BURTON.3495@EXAMPLE.COM,Patricia,Burton,+1-messy-0003495
review-clean4-messy-CAND-03496,review-clean4-messy.amanda.larson.3496@example.com,amanda, Larson ,+1-messy-0003496
review-clean4-messy-CAND-03497,review-clean4-messy. michael.mitchell.3497@example.com ,Michael,Mitchell,+1-messy-0003497
review-clean4-messy-CAND-03498,review-clean4-messy.kristen.espinoza.3498@example.com,Kristen,Espinoza,+1-messy-0003498
review-clean4-messy-CAND-03499,review-clean4-messy. emily.klein.3499@example.com ,Emily, Klein ,+1-messy-0003499
review-clean4-messy-CAND-03500,review-clean4-messy. april.wright.3500@example.com ,April,Wright,+1-messy-0003500
review-clean4-messy-CAND-03501,review-clean4-messy.mark.aguilar.3501@example.com,Mark,aguilar,+1-messy-0003501
review-clean4-messy-CAND-03502,review-clean4-messy.MACKENZIE.WARD.3502@EXAMPLE.COM,mackenzie, Ward ,+1-messy-0003502
review-clean4-messy-CAND-03503,review-clean4-messy.candidate-03503@example.com,Corey,Dawson,+1-messy-0003503
review-clean4-messy-CAND-03504,review-clean4-messy.maria.miller.3504@example.com, Maria ,Miller,+1-messy-0003504
review-clean4-messy-CAND-03505,review-clean4-messy.bryan.beasley.3505@example.com,bryan, Beasley ,+1-messy-0003505
review-clean4-messy-CAND-03506,review-clean4-messy.thomas.griffin.3506@example.com,thomas,griffin,+1-messy-0003506
review-clean4-messy-CAND-03507,review-clean4-messy.mike.fox.3507@example.com,mike,Fox,+1-messy-0003507
review-clean4-messy-CAND-03508,review-clean4-messy.brianna.stone.3508@example.com,brianna,Stone,+1-messy-0003508
review-clean4-messy-CAND-03509,review-clean4-messy.ralph.baker.3509@example.com,ralph, Baker ,+1-messy-0003509
review-clean4-messy-CAND-03510,review-clean4-messy.victor.henderson.3510@example.com,Victor,Henderson,+1-messy-0003510
review-clean4-messy-CAND-03511,review-clean4-messy.scott.galvan.3511@example.com,Scott,Galvan,+1-messy-0003511
review-clean4-messy-CAND-03512,review-clean4-messy.tracy.mcpherson.3512@example.com,tracy,Mcpherson,+1-messy-0003512
review-clean4-messy-CAND-03513,review-clean4-messy.madison.thomas.3513@example.com,madison,Thomas,+1-messy-0003513
review-clean4-messy-CAND-03514,review-clean4-messy.candidate-03514@example.com,David,Dawson,+1-messy-0003514
review-clean4-messy-CAND-03515,review-clean4-messy.david.bush.3515@example.com,David,Bush,+1-messy-0003515
review-clean4-messy-CAND-03516,review-clean4-messy. michelle.wilson.3516@example.com ,Michelle,Wilson,+1-messy-0003516
review-clean4-messy-CAND-03517,review-clean4-messy.jason.kennedy.3517@example.com,Jason, Kennedy ,+1-messy-0003517
review-clean4-messy-CAND-03518,review-clean4-messy.julie.raymond.3518@example.com, Julie , Raymond ,+1-messy-0003518
review-clean4-messy-CAND-03519,review-clean4-messy.mike.crane.3519@example.com, Mike , Crane ,+1-messy-0003519
review-clean4-messy-CAND-03520,review-clean4-messy.carolyn.ortiz.3520@example.com,Carolyn,Ortiz,+1-messy-0003520
review-clean4-messy-CAND-03521,review-clean4-messy.david.armstrong.3521@example.com,david,Armstrong,+1-messy-0003521
review-clean4-messy-CAND-03522,review-clean4-messy. billy.hernandez.3522@example.com , Billy ,Hernandez,+1-messy-0003522
review-clean4-messy-CAND-03523,review-clean4-messy.nathan.ritter.3523@example.com,nathan,Ritter,+1-messy-0003523
review-clean4-messy-CAND-03524,review-clean4-messy.kevin.tucker.3524@example.com,Kevin,Tucker,+1-messy-0003524
review-clean4-messy-CAND-03525,review-clean4-messy.kylie.thomas.3525@example.com, Kylie , Thomas ,+1-messy-0003525
review-clean4-messy-CAND-03526,review-clean4-messy.brittany.williams.3526@example.com,Brittany,Williams,+1-messy-0003526
review-clean4-messy-CAND-03527,review-clean4-messy.patricia.small.3527@example.com,Patricia,Small,+1-messy-0003527
review-clean4-messy-CAND-03528,review-clean4-messy.jason.fuentes.3528@example.com,Jason,Fuentes,+1-messy-0003528
review-clean4-messy-CAND-03529,review-clean4-messy.tracy.martinez.3529@example.com,Tracy,Martinez,+1-messy-0003529
review-clean4-messy-CAND-03530,review-clean4-messy.michael.harrell.3530@example.com,Michael,Harrell,+1-messy-0003530
review-clean4-messy-CAND-03531,review-clean4-messy.robert.berry.3531@example.com,Robert,Berry,+1-messy-0003531
review-clean4-messy-CAND-03532,review-clean4-messy.ariel.mccullough.3532@example.com,Ariel,Mccullough,+1-messy-0003532
review-clean4-messy-CAND-03533,review-clean4-messy.kimberly.alvarez.3533@example.com,Kimberly,Alvarez,+1-messy-0003533
review-clean4-messy-CAND-03534,review-clean4-messy.candidate-03534@example.com, Jennifer ,obrien,+1-messy-0003534
review-clean4-messy-CAND-03535,review-clean4-messy. kathleen.wagner.3535@example.com , Kathleen ,Wagner,+1-messy-0003535
review-clean4-messy-CAND-03536,review-clean4-messy.steven.cole.3536@example.com, Steven ,cole,+1-messy-0003536
review-clean4-messy-CAND-03537,review-clean4-messy.shane.cline.3537@example.com,Shane,Cline,+1-messy-0003537
review-clean4-messy-CAND-03538,review-clean4-messy.mark.marsh.3538@example.com,Mark,Marsh,+1-messy-0003538
review-clean4-messy-CAND-03539,review-clean4-messy.elizabeth.ortiz.3539@example.com, Elizabeth ,Ortiz,+1-messy-0003539
review-clean4-messy-CAND-03540,review-clean4-messy.jesse.foster.3540@example.com,Jesse,foster,+1-messy-0003540
review-clean4-messy-CAND-03541,review-clean4-messy.amber.rubio.3541@example.com,amber,rubio,+1-messy-0003541
review-clean4-messy-CAND-03542,review-clean4-messy.pamela.fitzgerald.3542@example.com,Pamela, Fitzgerald ,+1-messy-0003542
review-clean4-messy-CAND-03543,review-clean4-messy.debbie.cline.3543@example.com,debbie,Cline,+1-messy-0003543
review-clean4-messy-CAND-03544,review-clean4-messy.candidate-03544@example.com,Jasmine,Armstrong,+1-messy-0003544
review-clean4-messy-CAND-03545,review-clean4-messy. laura.zimmerman.3545@example.com ,Laura,zimmerman,+1-messy-0003545
review-clean4-messy-CAND-03546,review-clean4-messy.candidate-03546@example.com,Ann,Martinez,+1-messy-0003546
review-clean4-messy-CAND-03547,review-clean4-messy.anita.lee.3547@example.com,Anita,Lee,+1-messy-0003547
review-clean4-messy-CAND-03548,review-clean4-messy.christine.ray.3548@example.com,Christine,Ray,+1-messy-0003548
review-clean4-messy-CAND-03549,review-clean4-messy.brian.hudson.3549@example.com,Brian,Hudson,+1-messy-0003549
review-clean4-messy-CAND-03550,review-clean4-messy.jaime.alvarez.3550@example.com, Jaime , Alvarez ,+1-messy-0003550
review-clean4-messy-CAND-03551,review-clean4-messy.penny.martinez.3551@example.com,Penny, Martinez ,+1-messy-0003551
review-clean4-messy-CAND-03552,review-clean4-messy.candidate-03552@example.com,Sharon, White ,+1-messy-0003552
review-clean4-messy-CAND-03553,review-clean4-messy.candidate-03553@example.com,andrew,buchanan,+1-messy-0003553
review-clean4-messy-CAND-03554,review-clean4-messy.JOHN.THORNTON.3554@EXAMPLE.COM,John,Thornton,+1-messy-0003554
review-clean4-messy-CAND-03555,review-clean4-messy.pam.wallace.3555@example.com,pam,Wallace,+1-messy-0003555
review-clean4-messy-CAND-03556,review-clean4-messy.lindsay.lawson.3556@example.com,Lindsay,lawson,+1-messy-0003556
review-clean4-messy-CAND-03557,review-clean4-messy.richard.williams.3557@example.com, Richard ,Williams,+1-messy-0003557
review-clean4-messy-CAND-03558,review-clean4-messy.MICHELLE.JOHNSON.3558@EXAMPLE.COM,Michelle,johnson,+1-messy-0003558
review-clean4-messy-CAND-03559,review-clean4-messy.samuel.perry.3559@example.com,Samuel,Perry,+1-messy-0003559
review-clean4-messy-CAND-03560,review-clean4-messy. michele.stewart.3560@example.com ,Michele,Stewart,+1-messy-0003560
review-clean4-messy-CAND-03561,review-clean4-messy.jonathan.wilson.3561@example.com,Jonathan,Wilson,+1-messy-0003561
review-clean4-messy-CAND-03562,review-clean4-messy.cory.jackson.3562@example.com,Cory, Jackson ,+1-messy-0003562
review-clean4-messy-CAND-03563,review-clean4-messy.douglas.scott.3563@example.com,douglas,Scott,+1-messy-0003563
review-clean4-messy-CAND-03564,review-clean4-messy.christopher.parker.3564@example.com,Christopher,Parker,+1-messy-0003564
review-clean4-messy-CAND-03565,review-clean4-messy.candidate-03565@example.com,Richard, Jackson ,+1-messy-0003565
review-clean4-messy-CAND-03566,review-clean4-messy.CHRISTINA.NGUYEN.3566@EXAMPLE.COM,Christina, Nguyen ,+1-messy-0003566
review-clean4-messy-CAND-03567,review-clean4-messy.anthony.brown.3567@example.com,Anthony,brown,+1-messy-0003567
review-clean4-messy-CAND-03568,review-clean4-messy.peter.flores.3568@example.com,Peter,Flores,+1-messy-0003568
review-clean4-messy-CAND-03569,review-clean4-messy.ROBERT.NGUYEN.3569@EXAMPLE.COM,Robert,Nguyen,+1-messy-0003569
review-clean4-messy-CAND-03570,review-clean4-messy.nicholas.carey.3570@example.com,Nicholas,Carey,+1-messy-0003570
review-clean4-messy-CAND-03571,review-clean4-messy.david.harris.3571@example.com,David, Harris ,+1-messy-0003571
review-clean4-messy-CAND-03572,review-clean4-messy. karen.willis.3572@example.com ,karen, Willis ,+1-messy-0003572
review-clean4-messy-CAND-03573,review-clean4-messy. trevor.goodwin.3573@example.com ,Trevor,Goodwin,+1-messy-0003573
review-clean4-messy-CAND-03574,review-clean4-messy.paul.wilson.3574@example.com,Paul,Wilson,+1-messy-0003574
review-clean4-messy-CAND-03575,review-clean4-messy.bruce.marshall.3575@example.com,bruce,Marshall,+1-messy-0003575
review-clean4-messy-CAND-03576,review-clean4-messy. richard.washington.3576@example.com ,Richard,Washington,+1-messy-0003576
review-clean4-messy-CAND-03577,review-clean4-messy.rick.hall.3577@example.com, Rick ,hall,+1-messy-0003577
review-clean4-messy-CAND-03578,review-clean4-messy.olivia.adams.3578@example.com,Olivia,Adams,+1-messy-0003578
review-clean4-messy-CAND-03579,review-clean4-messy.tabitha.leonard.3579@example.com,tabitha,Leonard,+1-messy-0003579
review-clean4-messy-CAND-03580,review-clean4-messy.john.peters.3580@example.com,John, Peters ,+1-messy-0003580
review-clean4-messy-CAND-03581,review-clean4-messy.kristen.torres.3581@example.com,Kristen,Torres,+1-messy-0003581
review-clean4-messy-CAND-03582,review-clean4-messy.candidate-03582@example.com, Richard ,Miller,+1-messy-0003582
review-clean4-messy-CAND-03583,review-clean4-messy.cynthia.harris.3583@example.com,Cynthia, Harris ,+1-messy-0003583
review-clean4-messy-CAND-03584,review-clean4-messy.tammy.brooks.3584@example.com,Tammy,brooks,+1-messy-0003584
review-clean4-messy-CAND-03585,review-clean4-messy.tricia.casey.3585@example.com,Tricia,Casey,+1-messy-0003585
review-clean4-messy-CAND-03586,review-clean4-messy.amanda.henderson.3586@example.com,Amanda,Henderson,+1-messy-0003586
review-clean4-messy-CAND-03587,review-clean4-messy.rhonda.hayes.3587@example.com,rhonda,Hayes,+1-messy-0003587
review-clean4-messy-CAND-03588,review-clean4-messy.aaron.marshall.3588@example.com,Aaron, Marshall ,+1-messy-0003588
review-clean4-messy-CAND-03589,review-clean4-messy.MARIA.ROBERTS.3589@EXAMPLE.COM, Maria ,roberts,+1-messy-0003589
review-clean4-messy-CAND-03590,review-clean4-messy.teresa.smith.3590@example.com,teresa,Smith,+1-messy-0003590
review-clean4-messy-CAND-03591,review-clean4-messy.sarah.olson.3591@example.com,Sarah,Olson,+1-messy-0003591
review-clean4-messy-CAND-03592,review-clean4-messy.carla.franco.3592@example.com,Carla,Franco,+1-messy-0003592
review-clean4-messy-CAND-03593,review-clean4-messy.OMAR.BELL.3593@EXAMPLE.COM,Omar,Bell,+1-messy-0003593
review-clean4-messy-CAND-03594,review-clean4-messy.crystal.richards.3594@example.com,Crystal,Richards,+1-messy-0003594
review-clean4-messy-CAND-03595,review-clean4-messy. william.williams.3595@example.com ,william,Williams,+1-messy-0003595
review-clean4-messy-CAND-03596,review-clean4-messy.candidate-03596@example.com,Jocelyn, Hart ,+1-messy-0003596
review-clean4-messy-CAND-03597,review-clean4-messy.kevin.foster.3597@example.com,Kevin,Foster,+1-messy-0003597
review-clean4-messy-CAND-03598,review-clean4-messy.david.taylor.3598@example.com,David, Taylor ,+1-messy-0003598
review-clean4-messy-CAND-03599,review-clean4-messy.angela.ramirez.3599@example.com, Angela ,ramirez,+1-messy-0003599
review-clean4-messy-CAND-03600,review-clean4-messy.candidate-03600@example.com,Ryan,Bishop,+1-messy-0003600
review-clean4-messy-CAND-03601,review-clean4-messy.susan.flores.3601@example.com,Susan, Flores ,+1-messy-0003601
review-clean4-messy-CAND-03602,review-clean4-messy.candidate-03602@example.com, Evelyn ,cooper,+1-messy-0003602
review-clean4-messy-CAND-03603,review-clean4-messy.jose.mullins.3603@example.com,Jose,Mullins,+1-messy-0003603
review-clean4-messy-CAND-03604,review-clean4-messy.shawn.sanchez.3604@example.com,shawn,Sanchez,+1-messy-0003604
review-clean4-messy-CAND-03605,review-clean4-messy.tonya.peterson.3605@example.com,tonya, Peterson ,+1-messy-0003605
review-clean4-messy-CAND-03606,review-clean4-messy.steve.greene.3606@example.com,Steve, Greene ,+1-messy-0003606
review-clean4-messy-CAND-03607,review-clean4-messy.allen.holt.3607@example.com,Allen,Holt,+1-messy-0003607
review-clean4-messy-CAND-03608,review-clean4-messy.DEBORAH.SMITH.3608@EXAMPLE.COM,Deborah, Smith ,+1-messy-0003608
review-clean4-messy-CAND-03609,review-clean4-messy.thomas.valenzuela.3609@example.com, Thomas ,Valenzuela,+1-messy-0003609
review-clean4-messy-CAND-03610,review-clean4-messy.emily.gutierrez.3610@example.com,Emily, Gutierrez ,+1-messy-0003610
review-clean4-messy-CAND-03611,review-clean4-messy.paula.warner.3611@example.com,Paula,Warner,+1-messy-0003611
review-clean4-messy-CAND-03612,review-clean4-messy.kathryn.medina.3612@example.com,Kathryn,Medina,+1-messy-0003612
review-clean4-messy-CAND-03613,review-clean4-messy.candidate-03613@example.com,Kristin, Banks ,+1-messy-0003613
review-clean4-messy-CAND-03614,review-clean4-messy.chris.johnson.3614@example.com,Chris, Johnson ,+1-messy-0003614
review-clean4-messy-CAND-03615,review-clean4-messy.marilyn.powers.3615@example.com,Marilyn,Powers,+1-messy-0003615
review-clean4-messy-CAND-03616,review-clean4-messy.emily.gomez.3616@example.com,Emily,Gomez,+1-messy-0003616
review-clean4-messy-CAND-03617,review-clean4-messy.lisa.carey.3617@example.com,Lisa,carey,+1-messy-0003617
review-clean4-messy-CAND-03618,review-clean4-messy.michael.thompson.3618@example.com,Michael,Thompson,+1-messy-0003618
review-clean4-messy-CAND-03619,review-clean4-messy.katrina.terry.3619@example.com,Katrina,Terry,+1-messy-0003619
review-clean4-messy-CAND-03620,review-clean4-messy.alan.ford.3620@example.com, Alan , Ford ,+1-messy-0003620
review-clean4-messy-CAND-03621,review-clean4-messy.sharon.wallace.3621@example.com,Sharon, Wallace ,+1-messy-0003621
review-clean4-messy-CAND-03622,review-clean4-messy.jeffrey.smith.3622@example.com,jeffrey,Smith,+1-messy-0003622
review-clean4-messy-CAND-03623,review-clean4-messy.juan.morse.3623@example.com,Juan,Morse,+1-messy-0003623
review-clean4-messy-CAND-03624,review-clean4-messy.michael.davis.3624@example.com, Michael ,Davis,+1-messy-0003624
review-clean4-messy-CAND-03625,review-clean4-messy.CHRISTINA.TURNER.3625@EXAMPLE.COM,Christina, Turner ,+1-messy-0003625
review-clean4-messy-CAND-03626,review-clean4-messy. jennifer.young.3626@example.com , Jennifer ,Young,+1-messy-0003626
review-clean4-messy-CAND-03627,review-clean4-messy.candidate-03627@example.com,Troy,Cox,+1-messy-0003627
review-clean4-messy-CAND-03628,review-clean4-messy. juan.conway.3628@example.com ,juan,Conway,+1-messy-0003628
review-clean4-messy-CAND-03629,review-clean4-messy.jasmine.clark.3629@example.com,Jasmine, Clark ,+1-messy-0003629
review-clean4-messy-CAND-03630,review-clean4-messy.james.nicholson.3630@example.com,James,Nicholson,+1-messy-0003630
review-clean4-messy-CAND-03631,review-clean4-messy.randy.kane.3631@example.com,Randy,Kane,+1-messy-0003631
review-clean4-messy-CAND-03632,review-clean4-messy.ashley.snyder.3632@example.com,Ashley, Snyder ,+1-messy-0003632
review-clean4-messy-CAND-03633,review-clean4-messy. andrea.keller.3633@example.com , Andrea ,Keller,+1-messy-0003633
review-clean4-messy-CAND-03634,review-clean4-messy.ariel.fleming.3634@example.com, Ariel ,Fleming,+1-messy-0003634
review-clean4-messy-CAND-03635,review-clean4-messy.annette.jones.3635@example.com, Annette ,Jones,+1-messy-0003635
review-clean4-messy-CAND-03636,review-clean4-messy.david.brown.3636@example.com,David,Brown,+1-messy-0003636
review-clean4-messy-CAND-03637,review-clean4-messy.jordan.hudson.3637@example.com,Jordan,Hudson,+1-messy-0003637
review-clean4-messy-CAND-03638,review-clean4-messy.jeremy.mills.3638@example.com,Jeremy,Mills,+1-messy-0003638
review-clean4-messy-CAND-03639,review-clean4-messy.kimberly.lee.3639@example.com,kimberly, Lee ,+1-messy-0003639
review-clean4-messy-CAND-03640,review-clean4-messy.ERICA.BRAUN.3640@EXAMPLE.COM,erica, Braun ,+1-messy-0003640
review-clean4-messy-CAND-03641,review-clean4-messy.candidate-03641@example.com, Heather ,Patel,+1-messy-0003641
review-clean4-messy-CAND-03642,review-clean4-messy.candidate-03642@example.com,Johnny,Castro,+1-messy-0003642
review-clean4-messy-CAND-03643,review-clean4-messy.shawn.pace.3643@example.com, Shawn ,Pace,+1-messy-0003643
review-clean4-messy-CAND-03644,review-clean4-messy.danielle.hahn.3644@example.com,Danielle,Hahn,+1-messy-0003644
review-clean4-messy-CAND-03645,review-clean4-messy.brett.mcmillan.3645@example.com,brett,Mcmillan,+1-messy-0003645
review-clean4-messy-CAND-03646,review-clean4-messy.ryan.carney.3646@example.com,ryan, Carney ,+1-messy-0003646
review-clean4-messy-CAND-03647,review-clean4-messy.joshua.frazier.3647@example.com, Joshua ,Frazier,+1-messy-0003647
review-clean4-messy-CAND-03648,review-clean4-messy. steven.ward.3648@example.com ,Steven, Ward ,+1-messy-0003648
review-clean4-messy-CAND-03649,review-clean4-messy. katherine.stephenson.3649@example.com ,Katherine,Stephenson,+1-messy-0003649
review-clean4-messy-CAND-03650,review-clean4-messy.candidate-03650@example.com,Jeffrey,ramirez,+1-messy-0003650
review-clean4-messy-CAND-03651,review-clean4-messy. robert.cole.3651@example.com ,Robert,cole,+1-messy-0003651
review-clean4-messy-CAND-03652,review-clean4-messy.adam.lee.3652@example.com,adam, Lee ,+1-messy-0003652
review-clean4-messy-CAND-03653,review-clean4-messy.christopher.armstrong.3653@example.com,Christopher, Armstrong ,+1-messy-0003653
review-clean4-messy-CAND-03654,review-clean4-messy.ANTHONY.MCLAUGHLIN.3654@EXAMPLE.COM,Anthony,mclaughlin,+1-messy-0003654
review-clean4-messy-CAND-03655,review-clean4-messy.tiffany.coleman.3655@example.com,Tiffany,coleman,+1-messy-0003655
review-clean4-messy-CAND-03656,review-clean4-messy.CHARLES.WRIGHT.3656@EXAMPLE.COM,Charles,Wright,+1-messy-0003656
review-clean4-messy-CAND-03657,review-clean4-messy.frank.collins.3657@example.com, Frank ,Collins,+1-messy-0003657
review-clean4-messy-CAND-03658,review-clean4-messy.CONNIE.DAVIS.3658@EXAMPLE.COM,connie,Davis,+1-messy-0003658
review-clean4-messy-CAND-03659,review-clean4-messy.timothy.morton.3659@example.com,Timothy,Morton,+1-messy-0003659
review-clean4-messy-CAND-03660,review-clean4-messy.brittany.sims.3660@example.com,Brittany,sims,+1-messy-0003660
review-clean4-messy-CAND-03661,review-clean4-messy.matthew.wright.3661@example.com,Matthew,wright,+1-messy-0003661
review-clean4-messy-CAND-03662,review-clean4-messy.daniel.allen.3662@example.com,Daniel,Allen,+1-messy-0003662
review-clean4-messy-CAND-03663,review-clean4-messy.matthew.brown.3663@example.com,Matthew,brown,+1-messy-0003663
review-clean4-messy-CAND-03664,review-clean4-messy.matthew.bauer.3664@example.com,Matthew,Bauer,+1-messy-0003664
review-clean4-messy-CAND-03665,review-clean4-messy.sherry.parsons.3665@example.com, Sherry , Parsons ,+1-messy-0003665
review-clean4-messy-CAND-03666,review-clean4-messy.christine.duran.3666@example.com, Christine , Duran ,+1-messy-0003666
review-clean4-messy-CAND-03667,review-clean4-messy.candidate-03667@example.com,Colleen,Riley,+1-messy-0003667
review-clean4-messy-CAND-03668,review-clean4-messy.christopher.brown.3668@example.com,christopher, Brown ,+1-messy-0003668
review-clean4-messy-CAND-03669,review-clean4-messy.arthur.edwards.3669@example.com,Arthur,Edwards,+1-messy-0003669
review-clean4-messy-CAND-03670,review-clean4-messy.melanie.brown.3670@example.com, Melanie , Brown ,+1-messy-0003670
review-clean4-messy-CAND-03671,review-clean4-messy.david.ellison.3671@example.com,David,Ellison,+1-messy-0003671
review-clean4-messy-CAND-03672,review-clean4-messy.scott.turner.3672@example.com,scott, Turner ,+1-messy-0003672
review-clean4-messy-CAND-03673,review-clean4-messy.connie.jones.3673@example.com,connie,Jones,+1-messy-0003673
review-clean4-messy-CAND-03674,review-clean4-messy.candidate-03674@example.com, Erica ,hansen,+1-messy-0003674
review-clean4-messy-CAND-03675,review-clean4-messy.kenneth.james.3675@example.com,Kenneth,James,+1-messy-0003675
review-clean4-messy-CAND-03676,review-clean4-messy.cody.walton.3676@example.com,Cody,Walton,+1-messy-0003676
review-clean4-messy-CAND-03677,review-clean4-messy. jesse.greene.3677@example.com ,Jesse, Greene ,+1-messy-0003677
review-clean4-messy-CAND-03678,review-clean4-messy.donna.smith.3678@example.com,Donna,Smith,+1-messy-0003678
review-clean4-messy-CAND-03679,review-clean4-messy.PATRICK.POPE.3679@EXAMPLE.COM,Patrick,Pope,+1-messy-0003679
review-clean4-messy-CAND-03680,review-clean4-messy.nichole.harvey.3680@example.com,Nichole,Harvey,+1-messy-0003680
review-clean4-messy-CAND-03681,review-clean4-messy.matthew.pace.3681@example.com,matthew,Pace,+1-messy-0003681
review-clean4-messy-CAND-03682,review-clean4-messy.candidate-03682@example.com,Krista,gibson,+1-messy-0003682
review-clean4-messy-CAND-03683,review-clean4-messy.MARK.LEE.3683@EXAMPLE.COM,mark,Lee,+1-messy-0003683
review-clean4-messy-CAND-03684,review-clean4-messy.curtis.larson.3684@example.com, Curtis , Larson ,+1-messy-0003684
review-clean4-messy-CAND-03685,review-clean4-messy. carlos.clarke.3685@example.com ,Carlos,Clarke,+1-messy-0003685
review-clean4-messy-CAND-03686,review-clean4-messy.JAMES.BERRY.3686@EXAMPLE.COM,James,berry,+1-messy-0003686
review-clean4-messy-CAND-03687,review-clean4-messy.dana.scott.3687@example.com,Dana,Scott,+1-messy-0003687
review-clean4-messy-CAND-03688,review-clean4-messy.robert.hardy.3688@example.com,robert,Hardy,+1-messy-0003688
review-clean4-messy-CAND-03689,review-clean4-messy.sean.sanchez.3689@example.com,Sean,sanchez,+1-messy-0003689
review-clean4-messy-CAND-03690,review-clean4-messy.laura.brown.3690@example.com,Laura,Brown,+1-messy-0003690
review-clean4-messy-CAND-03691,review-clean4-messy.larry.graham.3691@example.com,Larry,Graham,+1-messy-0003691
review-clean4-messy-CAND-03692,review-clean4-messy.candidate-03692@example.com,Susan,Webster,+1-messy-0003692
review-clean4-messy-CAND-03693,review-clean4-messy.larry.mcclure.3693@example.com,larry,Mcclure,+1-messy-0003693
review-clean4-messy-CAND-03694,review-clean4-messy.kimberly.hernandez.3694@example.com,Kimberly,Hernandez,+1-messy-0003694
review-clean4-messy-CAND-03695,review-clean4-messy.kyle.cooper.3695@example.com,Kyle,Cooper,+1-messy-0003695
review-clean4-messy-CAND-03696,review-clean4-messy.miguel.smith.3696@example.com, Miguel ,Smith,+1-messy-0003696
review-clean4-messy-CAND-03697,review-clean4-messy.brenda.gregory.3697@example.com,Brenda,Gregory,+1-messy-0003697
review-clean4-messy-CAND-03698,review-clean4-messy.BRIAN.HUNTER.3698@EXAMPLE.COM,brian,Hunter,+1-messy-0003698
review-clean4-messy-CAND-03699,review-clean4-messy. mary.trevino.3699@example.com , Mary ,Trevino,+1-messy-0003699
review-clean4-messy-CAND-03700,review-clean4-messy.candidate-03700@example.com,Robert,Gonzalez,+1-messy-0003700
review-clean4-messy-CAND-03701,review-clean4-messy.james.kerr.3701@example.com,James,Kerr,+1-messy-0003701
review-clean4-messy-CAND-03702,review-clean4-messy. kristen.peterson.3702@example.com ,Kristen,Peterson,+1-messy-0003702
review-clean4-messy-CAND-03703,review-clean4-messy.elizabeth.neal.3703@example.com,Elizabeth,Neal,+1-messy-0003703
review-clean4-messy-CAND-03704,review-clean4-messy. tina.greene.3704@example.com ,Tina,Greene,+1-messy-0003704
review-clean4-messy-CAND-03705,review-clean4-messy.MARK.LANE.3705@EXAMPLE.COM,Mark,Lane,+1-messy-0003705
review-clean4-messy-CAND-03706,review-clean4-messy.SYLVIA.JENSEN.3706@EXAMPLE.COM, Sylvia ,Jensen,+1-messy-0003706
review-clean4-messy-CAND-03707,review-clean4-messy.robert.martin.3707@example.com,Robert,Martin,+1-messy-0003707
review-clean4-messy-CAND-03708,review-clean4-messy.shawn.mccormick.3708@example.com,Shawn,Mccormick,+1-messy-0003708
review-clean4-messy-CAND-03709,review-clean4-messy.bobby.robinson.3709@example.com,Bobby,Robinson,+1-messy-0003709
review-clean4-messy-CAND-03710,review-clean4-messy.ADAM.WALKER.3710@EXAMPLE.COM,Adam,Walker,+1-messy-0003710
review-clean4-messy-CAND-03711,review-clean4-messy. jerry.hanson.3711@example.com ,Jerry,Hanson,+1-messy-0003711
review-clean4-messy-CAND-03712,review-clean4-messy.candidate-03712@example.com,John,Navarro,+1-messy-0003712
review-clean4-messy-CAND-03713,review-clean4-messy.candidate-03713@example.com,Stephanie,Rivera,+1-messy-0003713
review-clean4-messy-CAND-03714,review-clean4-messy.jody.harris.3714@example.com,Jody,Harris,+1-messy-0003714
review-clean4-messy-CAND-03715,review-clean4-messy.jack.fritz.3715@example.com,Jack,Fritz,+1-messy-0003715
review-clean4-messy-CAND-03716,review-clean4-messy.MICHAEL.JONES.3716@EXAMPLE.COM,Michael,Jones,+1-messy-0003716
review-clean4-messy-CAND-03717,review-clean4-messy.anthony.wilson.3717@example.com,Anthony,Wilson,+1-messy-0003717
review-clean4-messy-CAND-03718,review-clean4-messy.candidate-03718@example.com,kelly, Lee ,+1-messy-0003718
review-clean4-messy-CAND-03719,review-clean4-messy.brenda.cannon.3719@example.com,Brenda,Cannon,+1-messy-0003719
review-clean4-messy-CAND-03720,review-clean4-messy.bradley.johnson.3720@example.com,bradley,Johnson,+1-messy-0003720
review-clean4-messy-CAND-03721,review-clean4-messy.james.thompson.3721@example.com, James ,Thompson,+1-messy-0003721
review-clean4-messy-CAND-03722,review-clean4-messy.nicole.higgins.3722@example.com,nicole,higgins,+1-messy-0003722
review-clean4-messy-CAND-03723,review-clean4-messy. matthew.spencer.3723@example.com ,Matthew,Spencer,+1-messy-0003723
review-clean4-messy-CAND-03724,review-clean4-messy. gregory.smith.3724@example.com ,Gregory, Smith ,+1-messy-0003724
review-clean4-messy-CAND-03725,review-clean4-messy.megan.lozano.3725@example.com,Megan,Lozano,+1-messy-0003725
review-clean4-messy-CAND-03726,review-clean4-messy.ANDREW.BYRD.3726@EXAMPLE.COM,Andrew,Byrd,+1-messy-0003726
review-clean4-messy-CAND-03727,review-clean4-messy.nicholas.cobb.3727@example.com,Nicholas,Cobb,+1-messy-0003727
review-clean4-messy-CAND-03728,review-clean4-messy.daniel.boyle.3728@example.com,Daniel,Boyle,+1-messy-0003728
review-clean4-messy-CAND-03729,review-clean4-messy.candidate-03729@example.com,Kevin,Allen,+1-messy-0003729
review-clean4-messy-CAND-03730,review-clean4-messy.lisa.guerrero.3730@example.com, Lisa ,Guerrero,+1-messy-0003730
review-clean4-messy-CAND-03731,review-clean4-messy.shelley.rowland.3731@example.com,Shelley,Rowland,+1-messy-0003731
review-clean4-messy-CAND-03732,review-clean4-messy.whitney.keith.3732@example.com,Whitney,Keith,+1-messy-0003732
review-clean4-messy-CAND-03733,review-clean4-messy.natalie.jones.3733@example.com,natalie,Jones,+1-messy-0003733
review-clean4-messy-CAND-03734,review-clean4-messy.candidate-03734@example.com,Drew,Glass,+1-messy-0003734
review-clean4-messy-CAND-03735,review-clean4-messy.laura.lee.3735@example.com,Laura,Lee,+1-messy-0003735
review-clean4-messy-CAND-03736,review-clean4-messy.NICHOLAS.BROOKS.3736@EXAMPLE.COM,Nicholas,brooks,+1-messy-0003736
review-clean4-messy-CAND-03737,review-clean4-messy.carol.rowland.3737@example.com,Carol,Rowland,+1-messy-0003737
review-clean4-messy-CAND-03738,review-clean4-messy. john.williams.3738@example.com ,john, Williams ,+1-messy-0003738
review-clean4-messy-CAND-03739,review-clean4-messy.candidate-03739@example.com,Christina,Lopez,+1-messy-0003739
review-clean4-messy-CAND-03740,review-clean4-messy. amanda.clarke.3740@example.com ,Amanda,Clarke,+1-messy-0003740
review-clean4-messy-CAND-03741,review-clean4-messy.mark.brown.3741@example.com,Mark,Brown,+1-messy-0003741
review-clean4-messy-CAND-03742,review-clean4-messy.LAURA.SALAS.3742@EXAMPLE.COM,Laura,Salas,+1-messy-0003742
review-clean4-messy-CAND-03743,review-clean4-messy.melissa.schmitt.3743@example.com,melissa,Schmitt,+1-messy-0003743
review-clean4-messy-CAND-03744,review-clean4-messy.norma.clark.3744@example.com,Norma,Clark,+1-messy-0003744
review-clean4-messy-CAND-03745,review-clean4-messy.christopher.ruiz.3745@example.com,Christopher,Ruiz,+1-messy-0003745
review-clean4-messy-CAND-03746,review-clean4-messy.elizabeth.brown.3746@example.com,Elizabeth, Brown ,+1-messy-0003746
review-clean4-messy-CAND-03747,review-clean4-messy.william.potter.3747@example.com,William,Potter,+1-messy-0003747
review-clean4-messy-CAND-03748,review-clean4-messy.deanna.hicks.3748@example.com,Deanna,Hicks,+1-messy-0003748
review-clean4-messy-CAND-03749,review-clean4-messy. victor.marshall.3749@example.com ,Victor,Marshall,+1-messy-0003749
review-clean4-messy-CAND-03750,review-clean4-messy.marc.brooks.3750@example.com,Marc,Brooks,+1-messy-0003750
review-clean4-messy-CAND-03751,review-clean4-messy.heather.baldwin.3751@example.com,Heather,Baldwin,+1-messy-0003751
review-clean4-messy-CAND-03752,review-clean4-messy.troy.adams.3752@example.com,Troy,Adams,+1-messy-0003752
review-clean4-messy-CAND-03753,review-clean4-messy.richard.morse.3753@example.com,Richard,morse,+1-messy-0003753
review-clean4-messy-CAND-03754,review-clean4-messy.brandy.johnson.3754@example.com, Brandy , Johnson ,+1-messy-0003754
review-clean4-messy-CAND-03755,review-clean4-messy. jeffrey.harris.3755@example.com ,Jeffrey,harris,+1-messy-0003755
review-clean4-messy-CAND-03756,review-clean4-messy.michelle.foster.3756@example.com,Michelle,Foster,+1-messy-0003756
review-clean4-messy-CAND-03757,review-clean4-messy.kevin.oneal.3757@example.com, Kevin ,Oneal,+1-messy-0003757
review-clean4-messy-CAND-03758,review-clean4-messy.ASHLEY.WALLS.3758@EXAMPLE.COM,Ashley,Walls,+1-messy-0003758
review-clean4-messy-CAND-03759,review-clean4-messy.candidate-03759@example.com,Neil,Pierce,+1-messy-0003759
review-clean4-messy-CAND-03760,review-clean4-messy.dennis.miller.3760@example.com, Dennis ,Miller,+1-messy-0003760
review-clean4-messy-CAND-03761,review-clean4-messy.SEAN.BELL.3761@EXAMPLE.COM,sean,Bell,+1-messy-0003761
review-clean4-messy-CAND-03762,review-clean4-messy.brandy.marshall.3762@example.com,brandy,marshall,+1-messy-0003762
review-clean4-messy-CAND-03763,review-clean4-messy.christine.simmons.3763@example.com,Christine,Simmons,+1-messy-0003763
review-clean4-messy-CAND-03764,review-clean4-messy.candidate-03764@example.com, Taylor ,Ortiz,+1-messy-0003764
review-clean4-messy-CAND-03765,review-clean4-messy. linda.stewart.3765@example.com , Linda ,Stewart,+1-messy-0003765
review-clean4-messy-CAND-03766,review-clean4-messy.candidate-03766@example.com,Patrick,white,+1-messy-0003766
review-clean4-messy-CAND-03767,review-clean4-messy.jesus.brewer.3767@example.com,Jesus,Brewer,+1-messy-0003767
review-clean4-messy-CAND-03768,review-clean4-messy.michael.miller.3768@example.com,Michael,miller,+1-messy-0003768
review-clean4-messy-CAND-03769,review-clean4-messy.megan.hunt.3769@example.com,Megan,Hunt,+1-messy-0003769
review-clean4-messy-CAND-03770,review-clean4-messy.dawn.hartman.3770@example.com,Dawn,Hartman,+1-messy-0003770
review-clean4-messy-CAND-03771,review-clean4-messy.SARA.GARCIA.3771@EXAMPLE.COM,Sara, Garcia ,+1-messy-0003771
review-clean4-messy-CAND-03772,review-clean4-messy.charles.johnson.3772@example.com,Charles,Johnson,+1-messy-0003772
review-clean4-messy-CAND-03773,review-clean4-messy.james.gonzalez.3773@example.com,James, Gonzalez ,+1-messy-0003773
review-clean4-messy-CAND-03774,review-clean4-messy.mark.turner.3774@example.com,Mark,Turner,+1-messy-0003774
review-clean4-messy-CAND-03775,review-clean4-messy.lisa.sutton.3775@example.com,Lisa,Sutton,+1-messy-0003775
review-clean4-messy-CAND-03776,review-clean4-messy.joshua.thornton.3776@example.com,Joshua,thornton,+1-messy-0003776
review-clean4-messy-CAND-03777,review-clean4-messy.WHITNEY.MURILLO.3777@EXAMPLE.COM,Whitney,Murillo,+1-messy-0003777
review-clean4-messy-CAND-03778,review-clean4-messy.karen.singh.3778@example.com,Karen,Singh,+1-messy-0003778
review-clean4-messy-CAND-03779,review-clean4-messy.rita.smith.3779@example.com,Rita,Smith,+1-messy-0003779
review-clean4-messy-CAND-03780,review-clean4-messy.kevin.short.3780@example.com,Kevin,Short,+1-messy-0003780
review-clean4-messy-CAND-03781,review-clean4-messy.candidate-03781@example.com,Krista,powell,+1-messy-0003781
review-clean4-messy-CAND-03782,review-clean4-messy.richard.carpenter.3782@example.com,Richard,Carpenter,+1-messy-0003782
review-clean4-messy-CAND-03783,review-clean4-messy. diana.kennedy.3783@example.com ,Diana,Kennedy,+1-messy-0003783
review-clean4-messy-CAND-03784,review-clean4-messy.william.juarez.3784@example.com,William,Juarez,+1-messy-0003784
review-clean4-messy-CAND-03785,review-clean4-messy.candidate-03785@example.com,Edward,Sanders,+1-messy-0003785
review-clean4-messy-CAND-03786,review-clean4-messy. jeremy.curry.3786@example.com ,jeremy, Curry ,+1-messy-0003786
review-clean4-messy-CAND-03787,review-clean4-messy.thomas.black.3787@example.com, Thomas , Black ,+1-messy-0003787
review-clean4-messy-CAND-03788,review-clean4-messy.kristi.todd.3788@example.com,Kristi,Todd,+1-messy-0003788
review-clean4-messy-CAND-03789,review-clean4-messy.JENNIFER.MURRAY.3789@EXAMPLE.COM,Jennifer,Murray,+1-messy-0003789
review-clean4-messy-CAND-03790,review-clean4-messy.LATOYA.EDWARDS.3790@EXAMPLE.COM,Latoya,edwards,+1-messy-0003790
review-clean4-messy-CAND-03791,review-clean4-messy. jacob.carrillo.3791@example.com ,Jacob,Carrillo,+1-messy-0003791
review-clean4-messy-CAND-03792,review-clean4-messy.heidi.clark.3792@example.com,Heidi, Clark ,+1-messy-0003792
review-clean4-messy-CAND-03793,review-clean4-messy.candidate-03793@example.com,Shannon,Hansen,+1-messy-0003793
review-clean4-messy-CAND-03794,review-clean4-messy.nicholas.ray.3794@example.com, Nicholas ,Ray,+1-messy-0003794
review-clean4-messy-CAND-03795,review-clean4-messy.david.harding.3795@example.com,David,Harding,+1-messy-0003795
review-clean4-messy-CAND-03796,review-clean4-messy.candidate-03796@example.com,Alec,Cochran,+1-messy-0003796
review-clean4-messy-CAND-03797,review-clean4-messy.mary.morgan.3797@example.com,Mary,Morgan,+1-messy-0003797
review-clean4-messy-CAND-03798,review-clean4-messy.robert.jennings.3798@example.com,Robert,Jennings,+1-messy-0003798
review-clean4-messy-CAND-03799,review-clean4-messy.richard.osborne.3799@example.com,richard, Osborne ,+1-messy-0003799
review-clean4-messy-CAND-03800,review-clean4-messy.amanda.nguyen.3800@example.com,Amanda,Nguyen,+1-messy-0003800
review-clean4-messy-CAND-03801,review-clean4-messy.andrew.floyd.3801@example.com,Andrew,Floyd,+1-messy-0003801
review-clean4-messy-CAND-03802,review-clean4-messy.sandra.hernandez.3802@example.com,Sandra,Hernandez,+1-messy-0003802
review-clean4-messy-CAND-03803,review-clean4-messy.candidate-03803@example.com,Stephanie,Rivera,+1-messy-0003803
review-clean4-messy-CAND-03804,review-clean4-messy.crystal.morrison.3804@example.com,crystal,morrison,+1-messy-0003804
review-clean4-messy-CAND-03805,review-clean4-messy.cathy.camacho.3805@example.com,Cathy,Camacho,+1-messy-0003805
review-clean4-messy-CAND-03806,review-clean4-messy.tina.harris.3806@example.com,Tina,Harris,+1-messy-0003806
review-clean4-messy-CAND-03807,review-clean4-messy.peter.ferguson.3807@example.com,Peter,Ferguson,+1-messy-0003807
review-clean4-messy-CAND-03808,review-clean4-messy.jacob.rodriguez.3808@example.com,Jacob,rodriguez,+1-messy-0003808
review-clean4-messy-CAND-03809,review-clean4-messy.ashley.hayes.3809@example.com,ashley,Hayes,+1-messy-0003809
review-clean4-messy-CAND-03810,review-clean4-messy.patricia.davis.3810@example.com,Patricia,Davis,+1-messy-0003810
review-clean4-messy-CAND-03811,review-clean4-messy.damon.tran.3811@example.com,Damon, Tran ,+1-messy-0003811
review-clean4-messy-CAND-03812,review-clean4-messy.ANTONIO.BARKER.3812@EXAMPLE.COM,Antonio, Barker ,+1-messy-0003812
review-clean4-messy-CAND-03813,review-clean4-messy.tracy.lopez.3813@example.com,Tracy,lopez,+1-messy-0003813
review-clean4-messy-CAND-03814,review-clean4-messy.chad.mccarty.3814@example.com,Chad, Mccarty ,+1-messy-0003814
review-clean4-messy-CAND-03815,review-clean4-messy.justin.hall.3815@example.com,Justin,Hall,+1-messy-0003815
review-clean4-messy-CAND-03816,review-clean4-messy.donna.jones.3816@example.com,donna, Jones ,+1-messy-0003816
review-clean4-messy-CAND-03817,review-clean4-messy.brian.stone.3817@example.com,Brian, Stone ,+1-messy-0003817
review-clean4-messy-CAND-03818,review-clean4-messy.george.heath.3818@example.com,George,Heath,+1-messy-0003818
review-clean4-messy-CAND-03819,review-clean4-messy.robert.moore.3819@example.com,Robert,Moore,+1-messy-0003819
review-clean4-messy-CAND-03820,review-clean4-messy.daniel.herrera.3820@example.com,Daniel,Herrera,+1-messy-0003820
review-clean4-messy-CAND-03821,review-clean4-messy. timothy.jones.3821@example.com , Timothy ,Jones,+1-messy-0003821
review-clean4-messy-CAND-03822,review-clean4-messy.stephanie.glenn.3822@example.com,Stephanie,Glenn,+1-messy-0003822
review-clean4-messy-CAND-03823,review-clean4-messy.candidate-03823@example.com,David,Harris,+1-messy-0003823
review-clean4-messy-CAND-03824,review-clean4-messy.ryan.mckinney.3824@example.com, Ryan ,mckinney,+1-messy-0003824
review-clean4-messy-CAND-03825,review-clean4-messy.thomas.munoz.3825@example.com,Thomas,Munoz,+1-messy-0003825
review-clean4-messy-CAND-03826,review-clean4-messy.sheila.matthews.3826@example.com,Sheila,matthews,+1-messy-0003826
review-clean4-messy-CAND-03827,review-clean4-messy.wayne.cohen.3827@example.com,Wayne,cohen,+1-messy-0003827
review-clean4-messy-CAND-03828,review-clean4-messy.joshua.smith.3828@example.com, Joshua ,Smith,+1-messy-0003828
review-clean4-messy-CAND-03829,review-clean4-messy.douglas.brown.3829@example.com,Douglas,Brown,+1-messy-0003829
review-clean4-messy-CAND-03830,review-clean4-messy.reginald.aguirre.3830@example.com,Reginald,Aguirre,+1-messy-0003830
review-clean4-messy-CAND-03831,review-clean4-messy. alicia.kent.3831@example.com ,Alicia,kent,+1-messy-0003831
review-clean4-messy-CAND-03832,review-clean4-messy.natasha.stevens.3832@example.com,natasha,Stevens,+1-messy-0003832
review-clean4-messy-CAND-03833,review-clean4-messy.barbara.mclaughlin.3833@example.com,Barbara,Mclaughlin,+1-messy-0003833
review-clean4-messy-CAND-03834,review-clean4-messy.keith.ibarra.3834@example.com,Keith, Ibarra ,+1-messy-0003834
review-clean4-messy-CAND-03835,review-clean4-messy.stephen.graves.3835@example.com,Stephen,Graves,+1-messy-0003835
review-clean4-messy-CAND-03836,review-clean4-messy.jennifer.evans.3836@example.com,Jennifer,Evans,+1-messy-0003836
review-clean4-messy-CAND-03837,review-clean4-messy.chloe.patrick.3837@example.com,Chloe,Patrick,+1-messy-0003837
review-clean4-messy-CAND-03838,review-clean4-messy. gregory.wright.3838@example.com ,Gregory,Wright,+1-messy-0003838
review-clean4-messy-CAND-03839,review-clean4-messy.rachel.quinn.3839@example.com,Rachel,Quinn,+1-messy-0003839
review-clean4-messy-CAND-03840,review-clean4-messy.stephen.bartlett.3840@example.com, Stephen ,Bartlett,+1-messy-0003840
review-clean4-messy-CAND-03841,review-clean4-messy.isaac.carroll.3841@example.com,Isaac,Carroll,+1-messy-0003841
review-clean4-messy-CAND-03842,review-clean4-messy. phillip.bautista.3842@example.com ,Phillip,Bautista,+1-messy-0003842
review-clean4-messy-CAND-03843,review-clean4-messy.candidate-03843@example.com,John,Harrell,+1-messy-0003843
review-clean4-messy-CAND-03844,review-clean4-messy.joshua.fuller.3844@example.com,Joshua,Fuller,+1-messy-0003844
review-clean4-messy-CAND-03845,review-clean4-messy.candidate-03845@example.com, Kelly ,hendricks,+1-messy-0003845
review-clean4-messy-CAND-03846,review-clean4-messy.helen.bowen.3846@example.com,Helen,Bowen,+1-messy-0003846
review-clean4-messy-CAND-03847,review-clean4-messy.jeff.snyder.3847@example.com,Jeff,Snyder,+1-messy-0003847
review-clean4-messy-CAND-03848,review-clean4-messy.candidate-03848@example.com,Victoria,Tran,+1-messy-0003848
review-clean4-messy-CAND-03849,review-clean4-messy.wanda.jones.3849@example.com,wanda,Jones,+1-messy-0003849
review-clean4-messy-CAND-03850,review-clean4-messy.daniel.miranda.3850@example.com,Daniel,Miranda,+1-messy-0003850
review-clean4-messy-CAND-03851,review-clean4-messy.MARK.HAYES.3851@EXAMPLE.COM,Mark,Hayes,+1-messy-0003851
review-clean4-messy-CAND-03852,review-clean4-messy.candidate-03852@example.com,johnny,Hunter,+1-messy-0003852
review-clean4-messy-CAND-03853,review-clean4-messy.steven.jones.3853@example.com, Steven ,jones,+1-messy-0003853
review-clean4-messy-CAND-03854,review-clean4-messy.heather.brady.3854@example.com,Heather,Brady,+1-messy-0003854
review-clean4-messy-CAND-03855,review-clean4-messy.patrick.reese.3855@example.com,Patrick,Reese,+1-messy-0003855
review-clean4-messy-CAND-03856,review-clean4-messy. melissa.sanders.3856@example.com ,Melissa,sanders,+1-messy-0003856
review-clean4-messy-CAND-03857,review-clean4-messy.candidate-03857@example.com, Alex , Wilson ,+1-messy-0003857
review-clean4-messy-CAND-03858,review-clean4-messy.sally.murphy.3858@example.com, Sally ,Murphy,+1-messy-0003858
review-clean4-messy-CAND-03859,review-clean4-messy.kaitlyn.washington.3859@example.com,Kaitlyn,Washington,+1-messy-0003859
review-clean4-messy-CAND-03860,review-clean4-messy. carlos.kelley.3860@example.com ,Carlos,Kelley,+1-messy-0003860
review-clean4-messy-CAND-03861,review-clean4-messy.john.dodson.3861@example.com,John,dodson,+1-messy-0003861
review-clean4-messy-CAND-03862,review-clean4-messy.donald.hoover.3862@example.com,Donald,Hoover,+1-messy-0003862
review-clean4-messy-CAND-03863,review-clean4-messy.mckenzie.jackson.3863@example.com,Mckenzie, Jackson ,+1-messy-0003863
review-clean4-messy-CAND-03864,review-clean4-messy.candidate-03864@example.com,Andrew,Garcia,+1-messy-0003864
review-clean4-messy-CAND-03865,review-clean4-messy.candidate-03865@example.com,kelly,Nichols,+1-messy-0003865
review-clean4-messy-CAND-03866,review-clean4-messy.peter.jones.3866@example.com,Peter,Jones,+1-messy-0003866
review-clean4-messy-CAND-03867,review-clean4-messy.KATHRYN.BYRD.3867@EXAMPLE.COM,Kathryn,Byrd,+1-messy-0003867
review-clean4-messy-CAND-03868,review-clean4-messy.eric.howard.3868@example.com,Eric,Howard,+1-messy-0003868
review-clean4-messy-CAND-03869,review-clean4-messy.JAY.JOHNSON.3869@EXAMPLE.COM,Jay,Johnson,+1-messy-0003869
review-clean4-messy-CAND-03870,review-clean4-messy.emily.robinson.3870@example.com,Emily,Robinson,+1-messy-0003870
review-clean4-messy-CAND-03871,review-clean4-messy.HEATHER.COPELAND.3871@EXAMPLE.COM, Heather ,Copeland,+1-messy-0003871
review-clean4-messy-CAND-03872,review-clean4-messy.lisa.davidson.3872@example.com, Lisa ,Davidson,+1-messy-0003872
review-clean4-messy-CAND-03873,review-clean4-messy.jennifer.prince.3873@example.com,Jennifer,Prince,+1-messy-0003873
review-clean4-messy-CAND-03874,review-clean4-messy.candidate-03874@example.com,Peter,Parker,+1-messy-0003874
review-clean4-messy-CAND-03875,review-clean4-messy.BRIAN.SMITH.3875@EXAMPLE.COM, Brian ,Smith,+1-messy-0003875
review-clean4-messy-CAND-03876,review-clean4-messy.kelsey.wang.3876@example.com,Kelsey,Wang,+1-messy-0003876
review-clean4-messy-CAND-03877,review-clean4-messy.sarah.brooks.3877@example.com,Sarah,Brooks,+1-messy-0003877
review-clean4-messy-CAND-03878,review-clean4-messy.john.davis.3878@example.com, John ,davis,+1-messy-0003878
review-clean4-messy-CAND-03879,review-clean4-messy.candidate-03879@example.com,Robert,Hays,+1-messy-0003879
review-clean4-messy-CAND-03880,review-clean4-messy.matthew.lee.3880@example.com,Matthew,Lee,+1-messy-0003880
review-clean4-messy-CAND-03881,review-clean4-messy.elizabeth.walker.3881@example.com, Elizabeth ,walker,+1-messy-0003881
review-clean4-messy-CAND-03882,review-clean4-messy.nicole.robles.3882@example.com, Nicole ,Robles,+1-messy-0003882
review-clean4-messy-CAND-03883,review-clean4-messy.maria.jackson.3883@example.com,Maria, Jackson ,+1-messy-0003883
review-clean4-messy-CAND-03884,review-clean4-messy.gary.perry.3884@example.com, Gary ,Perry,+1-messy-0003884
review-clean4-messy-CAND-03885,review-clean4-messy.candidate-03885@example.com,Daniel,Murphy,+1-messy-0003885
review-clean4-messy-CAND-03886,review-clean4-messy.anna.lopez.3886@example.com,Anna,Lopez,+1-messy-0003886
review-clean4-messy-CAND-03887,review-clean4-messy.jamie.weaver.3887@example.com,Jamie,Weaver,+1-messy-0003887
review-clean4-messy-CAND-03888,review-clean4-messy.SHEILA.MARTINEZ.3888@EXAMPLE.COM,sheila,Martinez,+1-messy-0003888
review-clean4-messy-CAND-03889,review-clean4-messy.JASON.KELLY.3889@EXAMPLE.COM,Jason,kelly,+1-messy-0003889
review-clean4-messy-CAND-03890,review-clean4-messy.candidate-03890@example.com,Glenn,Morales,+1-messy-0003890
review-clean4-messy-CAND-03891,review-clean4-messy.LESLIE.PRICE.3891@EXAMPLE.COM,Leslie,Price,+1-messy-0003891
review-clean4-messy-CAND-03892,review-clean4-messy.stephen.jones.3892@example.com,Stephen,jones,+1-messy-0003892
review-clean4-messy-CAND-03893,review-clean4-messy.candidate-03893@example.com,Lisa,Santos,+1-messy-0003893
review-clean4-messy-CAND-03894,review-clean4-messy.MIGUEL.JONES.3894@EXAMPLE.COM,Miguel, Jones ,+1-messy-0003894
review-clean4-messy-CAND-03895,review-clean4-messy. jeffery.turner.3895@example.com ,Jeffery,Turner,+1-messy-0003895
review-clean4-messy-CAND-03896,review-clean4-messy.carol.bird.3896@example.com,Carol,Bird,+1-messy-0003896
review-clean4-messy-CAND-03897,review-clean4-messy. cristian.herrera.3897@example.com , Cristian ,herrera,+1-messy-0003897
review-clean4-messy-CAND-03898,review-clean4-messy.veronica.jefferson.3898@example.com,Veronica,Jefferson,+1-messy-0003898
review-clean4-messy-CAND-03899,review-clean4-messy.george.haley.3899@example.com,George,Haley,+1-messy-0003899
review-clean4-messy-CAND-03900,review-clean4-messy.carol.jarvis.3900@example.com,Carol,jarvis,+1-messy-0003900
review-clean4-messy-CAND-03901,review-clean4-messy.candidate-03901@example.com, Heather ,Gregory,+1-messy-0003901
review-clean4-messy-CAND-03902,review-clean4-messy.teresa.benson.3902@example.com,Teresa,benson,+1-messy-0003902
review-clean4-messy-CAND-03903,review-clean4-messy.martin.reid.3903@example.com,Martin,Reid,+1-messy-0003903
review-clean4-messy-CAND-03904,review-clean4-messy.candidate-03904@example.com,Nicole, Stewart ,+1-messy-0003904
review-clean4-messy-CAND-03905,review-clean4-messy. melissa.olson.3905@example.com ,Melissa,Olson,+1-messy-0003905
review-clean4-messy-CAND-03906,review-clean4-messy.matthew.franklin.3906@example.com,Matthew,Franklin,+1-messy-0003906
review-clean4-messy-CAND-03907,review-clean4-messy.brenda.reyes.3907@example.com,Brenda, Reyes ,+1-messy-0003907
review-clean4-messy-CAND-03908,review-clean4-messy.DANIELLE.HALL.3908@EXAMPLE.COM,Danielle,Hall,+1-messy-0003908
review-clean4-messy-CAND-03909,review-clean4-messy.briana.mcneil.3909@example.com,briana,Mcneil,+1-messy-0003909
review-clean4-messy-CAND-03910,review-clean4-messy.jesse.jensen.3910@example.com,Jesse,Jensen,+1-messy-0003910
review-clean4-messy-CAND-03911,review-clean4-messy.PENNY.PARKER.3911@EXAMPLE.COM,Penny,Parker,+1-messy-0003911
review-clean4-messy-CAND-03912,review-clean4-messy.joann.todd.3912@example.com,Joann,Todd,+1-messy-0003912
review-clean4-messy-CAND-03913,review-clean4-messy. christine.brown.3913@example.com ,Christine,Brown,+1-messy-0003913
review-clean4-messy-CAND-03914,review-clean4-messy.nicholas.phillips.3914@example.com,Nicholas,Phillips,+1-messy-0003914
review-clean4-messy-CAND-03915,review-clean4-messy.edward.harris.3915@example.com,Edward,Harris,+1-messy-0003915
review-clean4-messy-CAND-03916,review-clean4-messy.benjamin.mclean.3916@example.com, Benjamin ,mclean,+1-messy-0003916
review-clean4-messy-CAND-03917,review-clean4-messy.carly.bautista.3917@example.com,Carly,Bautista,+1-messy-0003917
review-clean4-messy-CAND-03918,review-clean4-messy.jocelyn.murphy.3918@example.com, Jocelyn ,Murphy,+1-messy-0003918
review-clean4-messy-CAND-03919,review-clean4-messy.joshua.schneider.3919@example.com,Joshua, Schneider ,+1-messy-0003919
review-clean4-messy-CAND-03920,review-clean4-messy.kathleen.meyer.3920@example.com,kathleen, Meyer ,+1-messy-0003920
review-clean4-messy-CAND-03921,review-clean4-messy. tiffany.wong.3921@example.com ,Tiffany,Wong,+1-messy-0003921
review-clean4-messy-CAND-03922,review-clean4-messy.keith.johnson.3922@example.com,Keith,Johnson,+1-messy-0003922
review-clean4-messy-CAND-03923,review-clean4-messy.melanie.rivera.3923@example.com,melanie,Rivera,+1-messy-0003923
review-clean4-messy-CAND-03924,review-clean4-messy.john.ryan.3924@example.com,John,Ryan,+1-messy-0003924
review-clean4-messy-CAND-03925,review-clean4-messy.rebecca.ortega.3925@example.com,Rebecca,Ortega,+1-messy-0003925
review-clean4-messy-CAND-03926,review-clean4-messy.JOHN.MCDANIEL.3926@EXAMPLE.COM,john,Mcdaniel,+1-messy-0003926
review-clean4-messy-CAND-03927,review-clean4-messy.jennifer.franklin.3927@example.com, Jennifer ,Franklin,+1-messy-0003927
review-clean4-messy-CAND-03928,review-clean4-messy.patrick.morris.3928@example.com,Patrick,Morris,+1-messy-0003928
review-clean4-messy-CAND-03929,review-clean4-messy. scott.smith.3929@example.com ,Scott,Smith,+1-messy-0003929
review-clean4-messy-CAND-03930,review-clean4-messy.molly.jones.3930@example.com,Molly,Jones,+1-messy-0003930
review-clean4-messy-CAND-03931,review-clean4-messy.james.walters.3931@example.com,James,Walters,+1-messy-0003931
review-clean4-messy-CAND-03932,review-clean4-messy.donald.harris.3932@example.com,Donald,Harris,+1-messy-0003932
review-clean4-messy-CAND-03933,review-clean4-messy.christopher.watkins.3933@example.com,Christopher,watkins,+1-messy-0003933
review-clean4-messy-CAND-03934,review-clean4-messy.MARIE.FREDERICK.3934@EXAMPLE.COM,Marie,frederick,+1-messy-0003934
review-clean4-messy-CAND-03935,review-clean4-messy. joel.miller.3935@example.com ,Joel,Miller,+1-messy-0003935
review-clean4-messy-CAND-03936,review-clean4-messy.jessica.collins.3936@example.com,Jessica,Collins,+1-messy-0003936
review-clean4-messy-CAND-03937,review-clean4-messy.jennifer.sanchez.3937@example.com,Jennifer,Sanchez,+1-messy-0003937
review-clean4-messy-CAND-03938,review-clean4-messy.gregory.wright.3938@example.com,gregory, Wright ,+1-messy-0003938
review-clean4-messy-CAND-03939,review-clean4-messy.candidate-03939@example.com,Justin,West,+1-messy-0003939
review-clean4-messy-CAND-03940,review-clean4-messy.cynthia.nelson.3940@example.com, Cynthia ,Nelson,+1-messy-0003940
review-clean4-messy-CAND-03941,review-clean4-messy.kimberly.miller.3941@example.com,Kimberly,Miller,+1-messy-0003941
review-clean4-messy-CAND-03942,review-clean4-messy.candidate-03942@example.com,Teresa,Sanders,+1-messy-0003942
review-clean4-messy-CAND-03943,review-clean4-messy.gary.alexander.3943@example.com, Gary ,Alexander,+1-messy-0003943
review-clean4-messy-CAND-03944,review-clean4-messy.william.moss.3944@example.com,William, Moss ,+1-messy-0003944
review-clean4-messy-CAND-03945,review-clean4-messy.kathleen.weiss.3945@example.com,Kathleen,Weiss,+1-messy-0003945
review-clean4-messy-CAND-03946,review-clean4-messy.laura.smith.3946@example.com,Laura,Smith,+1-messy-0003946
review-clean4-messy-CAND-03947,review-clean4-messy.patrick.dickerson.3947@example.com,patrick,dickerson,+1-messy-0003947
review-clean4-messy-CAND-03948,review-clean4-messy. katherine.dorsey.3948@example.com ,Katherine,Dorsey,+1-messy-0003948
review-clean4-messy-CAND-03949,review-clean4-messy. brooke.hernandez.3949@example.com ,Brooke,hernandez,+1-messy-0003949
review-clean4-messy-CAND-03950,review-clean4-messy.jessica.scott.3950@example.com, Jessica ,Scott,+1-messy-0003950
review-clean4-messy-CAND-03951,review-clean4-messy.STEVEN.CHAVEZ.3951@EXAMPLE.COM, Steven ,Chavez,+1-messy-0003951
review-clean4-messy-CAND-03952,review-clean4-messy.nicholas.obrien.3952@example.com,Nicholas,Obrien,+1-messy-0003952
review-clean4-messy-CAND-03953,review-clean4-messy.charles.taylor.3953@example.com,Charles,Taylor,+1-messy-0003953
review-clean4-messy-CAND-03954,review-clean4-messy.taylor.moore.3954@example.com,Taylor,Moore,+1-messy-0003954
review-clean4-messy-CAND-03955,review-clean4-messy.jake.smith.3955@example.com,jake, Smith ,+1-messy-0003955
review-clean4-messy-CAND-03956,review-clean4-messy.vincent.swanson.3956@example.com,Vincent,Swanson,+1-messy-0003956
review-clean4-messy-CAND-03957,review-clean4-messy.travis.frost.3957@example.com,Travis,frost,+1-messy-0003957
review-clean4-messy-CAND-03958,review-clean4-messy.shelby.waller.3958@example.com,Shelby,Waller,+1-messy-0003958
review-clean4-messy-CAND-03959,review-clean4-messy.nathan.burns.3959@example.com,Nathan,Burns,+1-messy-0003959
review-clean4-messy-CAND-03960,review-clean4-messy.danielle.chapman.3960@example.com,Danielle,Chapman,+1-messy-0003960
review-clean4-messy-CAND-03961,review-clean4-messy.riley.williams.3961@example.com,Riley,Williams,+1-messy-0003961
review-clean4-messy-CAND-03962,review-clean4-messy.sandra.cruz.3962@example.com,Sandra,Cruz,+1-messy-0003962
review-clean4-messy-CAND-03963,review-clean4-messy.candidate-03963@example.com,Ariel,Lee,+1-messy-0003963
review-clean4-messy-CAND-03964,review-clean4-messy.samuel.scott.3964@example.com,Samuel, Scott ,+1-messy-0003964
review-clean4-messy-CAND-03965,review-clean4-messy.robin.bowen.3965@example.com, Robin ,Bowen,+1-messy-0003965
review-clean4-messy-CAND-03966,review-clean4-messy.william.burns.3966@example.com,William,Burns,+1-messy-0003966
review-clean4-messy-CAND-03967,review-clean4-messy.haley.horton.3967@example.com,Haley,Horton,+1-messy-0003967
review-clean4-messy-CAND-03968,review-clean4-messy.debra.house.3968@example.com,Debra,House,+1-messy-0003968
review-clean4-messy-CAND-03969,review-clean4-messy.jill.allen.3969@example.com,Jill,Allen,+1-messy-0003969
review-clean4-messy-CAND-03970,review-clean4-messy.austin.li.3970@example.com,Austin,Li,+1-messy-0003970
review-clean4-messy-CAND-03971,review-clean4-messy.crystal.rhodes.3971@example.com,Crystal,Rhodes,+1-messy-0003971
review-clean4-messy-CAND-03972,review-clean4-messy.heidi.brewer.3972@example.com,Heidi,brewer,+1-messy-0003972
review-clean4-messy-CAND-03973,review-clean4-messy.jose.gibson.3973@example.com,Jose,Gibson,+1-messy-0003973
review-clean4-messy-CAND-03974,review-clean4-messy. erin.king.3974@example.com ,Erin,King,+1-messy-0003974
review-clean4-messy-CAND-03975,review-clean4-messy.carrie.lynn.3975@example.com,Carrie,lynn,+1-messy-0003975
review-clean4-messy-CAND-03976,review-clean4-messy.candidate-03976@example.com,mckenzie,smith,+1-messy-0003976
review-clean4-messy-CAND-03977,review-clean4-messy.kelli.newman.3977@example.com,Kelli,newman,+1-messy-0003977
review-clean4-messy-CAND-03978,review-clean4-messy.sabrina.sanders.3978@example.com,Sabrina,Sanders,+1-messy-0003978
review-clean4-messy-CAND-03979,review-clean4-messy.candidate-03979@example.com, Brenda , Santana ,+1-messy-0003979
review-clean4-messy-CAND-03980,review-clean4-messy.april.lopez.3980@example.com, April ,lopez,+1-messy-0003980
review-clean4-messy-CAND-03981,review-clean4-messy.RODNEY.GALLEGOS.3981@EXAMPLE.COM, Rodney ,Gallegos,+1-messy-0003981
review-clean4-messy-CAND-03982,review-clean4-messy.johnny.turner.3982@example.com,johnny, Turner ,+1-messy-0003982
review-clean4-messy-CAND-03983,review-clean4-messy.tammy.barrett.3983@example.com, Tammy ,barrett,+1-messy-0003983
review-clean4-messy-CAND-03984,review-clean4-messy.patrick.parker.3984@example.com,Patrick,Parker,+1-messy-0003984
review-clean4-messy-CAND-03985,review-clean4-messy.ROBERT.WALTER.3985@EXAMPLE.COM,Robert,Walter,+1-messy-0003985
review-clean4-messy-CAND-03986,review-clean4-messy.candidate-03986@example.com,Jessica,Davis,+1-messy-0003986
review-clean4-messy-CAND-03987,review-clean4-messy.daisy.frank.3987@example.com,Daisy,frank,+1-messy-0003987
review-clean4-messy-CAND-03988,review-clean4-messy. maxwell.thomas.3988@example.com ,Maxwell, Thomas ,+1-messy-0003988
review-clean4-messy-CAND-03989,review-clean4-messy.kaitlyn.conrad.3989@example.com,kaitlyn,Conrad,+1-messy-0003989
review-clean4-messy-CAND-03990,review-clean4-messy.raymond.parker.3990@example.com,Raymond,Parker,+1-messy-0003990
review-clean4-messy-CAND-03991,review-clean4-messy.VALERIE.VELASQUEZ.3991@EXAMPLE.COM,Valerie,Velasquez,+1-messy-0003991
review-clean4-messy-CAND-03992,review-clean4-messy. aaron.jones.3992@example.com , Aaron ,jones,+1-messy-0003992
review-clean4-messy-CAND-03993,review-clean4-messy.heather.warren.3993@example.com, Heather ,Warren,+1-messy-0003993
review-clean4-messy-CAND-03994,review-clean4-messy.diamond.quinn.3994@example.com, Diamond ,Quinn,+1-messy-0003994
review-clean4-messy-CAND-03995,review-clean4-messy.george.brooks.3995@example.com,George,brooks,+1-messy-0003995
review-clean4-messy-CAND-03996,review-clean4-messy.jane.gonzalez.3996@example.com,Jane,Gonzalez,+1-messy-0003996
review-clean4-messy-CAND-03997,review-clean4-messy.hunter.fry.3997@example.com,Hunter,Fry,+1-messy-0003997
review-clean4-messy-CAND-03998,review-clean4-messy.shannon.olsen.3998@example.com,Shannon, Olsen ,+1-messy-0003998
review-clean4-messy-CAND-03999,review-clean4-messy. jacob.brown.3999@example.com ,Jacob,Brown,+1-messy-0003999
review-clean4-messy-CAND-04000,review-clean4-messy.IAN.MALONE.4000@EXAMPLE.COM,Ian,Malone,+1-messy-0004000
review-clean4-messy-CAND-04001,review-clean4-messy.candidate-04001@example.com, Jordan ,Barrera,+1-messy-0004001
review-clean4-messy-CAND-04002,review-clean4-messy.RILEY.SIMS.4002@EXAMPLE.COM,Riley,Sims,+1-messy-0004002
review-clean4-messy-CAND-04003,review-clean4-messy.claudia.oneill.4003@example.com,Claudia,Oneill,+1-messy-0004003
review-clean4-messy-CAND-04004,review-clean4-messy.gabriel.carter.4004@example.com,Gabriel,carter,+1-messy-0004004
review-clean4-messy-CAND-04005,review-clean4-messy.NICHOLAS.HILL.4005@EXAMPLE.COM,Nicholas,Hill,+1-messy-0004005
review-clean4-messy-CAND-04006,review-clean4-messy.matthew.richards.4006@example.com,Matthew,Richards,+1-messy-0004006
review-clean4-messy-CAND-04007,review-clean4-messy.candidate-04007@example.com,Timothy,Chambers,+1-messy-0004007
review-clean4-messy-CAND-04008,review-clean4-messy.CRAIG.BROWN.4008@EXAMPLE.COM, Craig ,Brown,+1-messy-0004008
review-clean4-messy-CAND-04009,review-clean4-messy.karen.smith.4009@example.com,Karen,Smith,+1-messy-0004009
review-clean4-messy-CAND-04010,review-clean4-messy. brandi.huerta.4010@example.com , Brandi ,Huerta,+1-messy-0004010
review-clean4-messy-CAND-04011,review-clean4-messy.collin.boyd.4011@example.com,Collin, Boyd ,+1-messy-0004011
review-clean4-messy-CAND-04012,review-clean4-messy.adrian.morrison.4012@example.com,Adrian,Morrison,+1-messy-0004012
review-clean4-messy-CAND-04013,review-clean4-messy.valerie.juarez.4013@example.com,valerie,juarez,+1-messy-0004013
review-clean4-messy-CAND-04014,review-clean4-messy.sarah.kennedy.4014@example.com,Sarah,Kennedy,+1-messy-0004014
review-clean4-messy-CAND-04015,review-clean4-messy.matthew.jordan.4015@example.com, Matthew ,Jordan,+1-messy-0004015
review-clean4-messy-CAND-04016,review-clean4-messy.nathan.wu.4016@example.com,Nathan, Wu ,+1-messy-0004016
review-clean4-messy-CAND-04017,review-clean4-messy.yvonne.montoya.4017@example.com,Yvonne,montoya,+1-messy-0004017
review-clean4-messy-CAND-04018,review-clean4-messy.shelley.ortega.4018@example.com,Shelley,Ortega,+1-messy-0004018
review-clean4-messy-CAND-04019,review-clean4-messy.nicholas.brown.4019@example.com,Nicholas,Brown,+1-messy-0004019
review-clean4-messy-CAND-04020,review-clean4-messy.michael.rivera.4020@example.com,Michael,Rivera,+1-messy-0004020
review-clean4-messy-CAND-04021,review-clean4-messy.craig.bryant.4021@example.com,Craig,bryant,+1-messy-0004021
review-clean4-messy-CAND-04022,review-clean4-messy.holly.hardy.4022@example.com, Holly ,Hardy,+1-messy-0004022
review-clean4-messy-CAND-04023,review-clean4-messy.pamela.taylor.4023@example.com,Pamela,Taylor,+1-messy-0004023
review-clean4-messy-CAND-04024,review-clean4-messy.carolyn.melton.4024@example.com,carolyn, Melton ,+1-messy-0004024
review-clean4-messy-CAND-04025,review-clean4-messy.joshua.lyons.4025@example.com,Joshua,Lyons,+1-messy-0004025
review-clean4-messy-CAND-04026,review-clean4-messy.lisa.richardson.4026@example.com, Lisa , Richardson ,+1-messy-0004026
review-clean4-messy-CAND-04027,review-clean4-messy.christine.hopkins.4027@example.com,Christine, Hopkins ,+1-messy-0004027
review-clean4-messy-CAND-04028,review-clean4-messy.thomas.gutierrez.4028@example.com,Thomas,Gutierrez,+1-messy-0004028
review-clean4-messy-CAND-04029,review-clean4-messy.jacob.andersen.4029@example.com,Jacob,Andersen,+1-messy-0004029
review-clean4-messy-CAND-04030,review-clean4-messy.susan.hess.4030@example.com,Susan,Hess,+1-messy-0004030
review-clean4-messy-CAND-04031,review-clean4-messy.ALLEN.WARD.4031@EXAMPLE.COM,Allen, Ward ,+1-messy-0004031
review-clean4-messy-CAND-04032,review-clean4-messy.brandon.aguirre.4032@example.com,brandon,aguirre,+1-messy-0004032
review-clean4-messy-CAND-04033,review-clean4-messy.mark.wallace.4033@example.com,Mark,Wallace,+1-messy-0004033
review-clean4-messy-CAND-04034,review-clean4-messy.catherine.ross.4034@example.com,catherine,Ross,+1-messy-0004034
review-clean4-messy-CAND-04035,review-clean4-messy.cheyenne.miller.4035@example.com, Cheyenne ,miller,+1-messy-0004035
review-clean4-messy-CAND-04036,review-clean4-messy.RONNIE.HUYNH.4036@EXAMPLE.COM,Ronnie,Huynh,+1-messy-0004036
review-clean4-messy-CAND-04037,review-clean4-messy.sarah.hatfield.4037@example.com,Sarah,Hatfield,+1-messy-0004037
review-clean4-messy-CAND-04038,review-clean4-messy.mercedes.stein.4038@example.com,mercedes,Stein,+1-messy-0004038
review-clean4-messy-CAND-04039,review-clean4-messy.jessica.carter.4039@example.com,jessica,Carter,+1-messy-0004039
review-clean4-messy-CAND-04040,review-clean4-messy. james.thomas.4040@example.com ,James,Thomas,+1-messy-0004040
review-clean4-messy-CAND-04041,review-clean4-messy.ABIGAIL.ARMSTRONG.4041@EXAMPLE.COM,abigail,armstrong,+1-messy-0004041
review-clean4-messy-CAND-04042,review-clean4-messy. melissa.wagner.4042@example.com ,Melissa,Wagner,+1-messy-0004042
review-clean4-messy-CAND-04043,review-clean4-messy. david.robles.4043@example.com ,David,Robles,+1-messy-0004043
review-clean4-messy-CAND-04044,review-clean4-messy.kevin.nunez.4044@example.com,Kevin,Nunez,+1-messy-0004044
review-clean4-messy-CAND-04045,review-clean4-messy.candidate-04045@example.com,Ana,Baxter,+1-messy-0004045
review-clean4-messy-CAND-04046,review-clean4-messy.GARY.GRIFFIN.4046@EXAMPLE.COM,Gary,griffin,+1-messy-0004046
review-clean4-messy-CAND-04047,review-clean4-messy.darrell.bates.4047@example.com,Darrell,bates,+1-messy-0004047
review-clean4-messy-CAND-04048,review-clean4-messy.john.lewis.4048@example.com,John,Lewis,+1-messy-0004048
review-clean4-messy-CAND-04049,review-clean4-messy.KAREN.KELLER.4049@EXAMPLE.COM,Karen,keller,+1-messy-0004049
review-clean4-messy-CAND-04050,review-clean4-messy.candidate-04050@example.com,christopher, Graham ,+1-messy-0004050
review-clean4-messy-CAND-04051,review-clean4-messy.jennifer.martin.4051@example.com,jennifer,Martin,+1-messy-0004051
review-clean4-messy-CAND-04052,review-clean4-messy.sarah.orr.4052@example.com,Sarah,Orr,+1-messy-0004052
review-clean4-messy-CAND-04053,review-clean4-messy.katie.robinson.4053@example.com,Katie,Robinson,+1-messy-0004053
review-clean4-messy-CAND-04054,review-clean4-messy. jonathan.alvarez.4054@example.com ,Jonathan,Alvarez,+1-messy-0004054
review-clean4-messy-CAND-04055,review-clean4-messy.priscilla.martinez.4055@example.com,Priscilla,Martinez,+1-messy-0004055
review-clean4-messy-CAND-04056,review-clean4-messy.derek.nichols.4056@example.com,Derek,Nichols,+1-messy-0004056
review-clean4-messy-CAND-04057,review-clean4-messy. jessica.davis.4057@example.com ,Jessica, Davis ,+1-messy-0004057
review-clean4-messy-CAND-04058,review-clean4-messy.heather.wiggins.4058@example.com,Heather,Wiggins,+1-messy-0004058
review-clean4-messy-CAND-04059,review-clean4-messy.SARAH.MIRANDA.4059@EXAMPLE.COM,Sarah,Miranda,+1-messy-0004059
review-clean4-messy-CAND-04060,review-clean4-messy.caroline.schneider.4060@example.com,Caroline,schneider,+1-messy-0004060
review-clean4-messy-CAND-04061,review-clean4-messy.nicholas.love.4061@example.com,Nicholas,Love,+1-messy-0004061
review-clean4-messy-CAND-04062,review-clean4-messy.jill.james.4062@example.com,Jill,James,+1-messy-0004062
review-clean4-messy-CAND-04063,review-clean4-messy.dawn.hoffman.4063@example.com,dawn,Hoffman,+1-messy-0004063
review-clean4-messy-CAND-04064,review-clean4-messy. melissa.stokes.4064@example.com ,Melissa,Stokes,+1-messy-0004064
review-clean4-messy-CAND-04065,review-clean4-messy.candidate-04065@example.com, Jeffrey ,Wilson,+1-messy-0004065
review-clean4-messy-CAND-04066,review-clean4-messy.christopher.davis.4066@example.com,Christopher,Davis,+1-messy-0004066
review-clean4-messy-CAND-04067,review-clean4-messy.joy.pineda.4067@example.com,joy,Pineda,+1-messy-0004067
review-clean4-messy-CAND-04068,review-clean4-messy. julie.wilson.4068@example.com ,Julie,Wilson,+1-messy-0004068
review-clean4-messy-CAND-04069,review-clean4-messy.michael.castaneda.4069@example.com,Michael, Castaneda ,+1-messy-0004069
review-clean4-messy-CAND-04070,review-clean4-messy.STEPHANIE.RAY.4070@EXAMPLE.COM,stephanie,ray,+1-messy-0004070
review-clean4-messy-CAND-04071,review-clean4-messy.aaron.brown.4071@example.com, Aaron ,brown,+1-messy-0004071
review-clean4-messy-CAND-04072,review-clean4-messy.amanda.boone.4072@example.com,Amanda,Boone,+1-messy-0004072
review-clean4-messy-CAND-04073,review-clean4-messy.tina.flores.4073@example.com, Tina ,flores,+1-messy-0004073
review-clean4-messy-CAND-04074,review-clean4-messy.michael.shelton.4074@example.com, Michael ,shelton,+1-messy-0004074
review-clean4-messy-CAND-04075,review-clean4-messy.laura.meyer.4075@example.com,Laura,meyer,+1-messy-0004075
review-clean4-messy-CAND-04076,review-clean4-messy.carolyn.walker.4076@example.com,carolyn,Walker,+1-messy-0004076
review-clean4-messy-CAND-04077,review-clean4-messy.randall.medina.4077@example.com,Randall,Medina,+1-messy-0004077
review-clean4-messy-CAND-04078,review-clean4-messy.candidate-04078@example.com,Steven,Thomas,+1-messy-0004078
review-clean4-messy-CAND-04079,review-clean4-messy.sherri.hood.4079@example.com,Sherri,Hood,+1-messy-0004079
review-clean4-messy-CAND-04080,review-clean4-messy.vincent.bryant.4080@example.com,Vincent,Bryant,+1-messy-0004080
review-clean4-messy-CAND-04081,review-clean4-messy.carolyn.thomas.4081@example.com,Carolyn,Thomas,+1-messy-0004081
review-clean4-messy-CAND-04082,review-clean4-messy. elizabeth.solis.4082@example.com ,Elizabeth, Solis ,+1-messy-0004082
review-clean4-messy-CAND-04083,review-clean4-messy.jacqueline.george.4083@example.com,Jacqueline,George,+1-messy-0004083
review-clean4-messy-CAND-04084,review-clean4-messy.kyle.mooney.4084@example.com, Kyle ,mooney,+1-messy-0004084
review-clean4-messy-CAND-04085,review-clean4-messy.candidate-04085@example.com,David,Shea,+1-messy-0004085
review-clean4-messy-CAND-04086,review-clean4-messy.candidate-04086@example.com,Jasmine,Mendoza,+1-messy-0004086
review-clean4-messy-CAND-04087,review-clean4-messy.maria.simpson.4087@example.com,Maria, Simpson ,+1-messy-0004087
review-clean4-messy-CAND-04088,review-clean4-messy.candidate-04088@example.com,Janet,Bennett,+1-messy-0004088
review-clean4-messy-CAND-04089,review-clean4-messy.tina.cook.4089@example.com, Tina ,cook,+1-messy-0004089
review-clean4-messy-CAND-04090,review-clean4-messy.maria.clark.4090@example.com,Maria,Clark,+1-messy-0004090
review-clean4-messy-CAND-04091,review-clean4-messy.jessica.cochran.4091@example.com,Jessica,cochran,+1-messy-0004091
review-clean4-messy-CAND-04092,review-clean4-messy.candidate-04092@example.com,isabella,Williams,+1-messy-0004092
review-clean4-messy-CAND-04093,review-clean4-messy.michelle.white.4093@example.com,Michelle,white,+1-messy-0004093
review-clean4-messy-CAND-04094,review-clean4-messy.candidate-04094@example.com,tony,Myers,+1-messy-0004094
review-clean4-messy-CAND-04095,review-clean4-messy.tracey.hopkins.4095@example.com,tracey,Hopkins,+1-messy-0004095
review-clean4-messy-CAND-04096,review-clean4-messy.melinda.ritter.4096@example.com,melinda,Ritter,+1-messy-0004096
review-clean4-messy-CAND-04097,review-clean4-messy.candidate-04097@example.com,Amy,Rogers,+1-messy-0004097
review-clean4-messy-CAND-04098,review-clean4-messy. erica.mooney.4098@example.com ,Erica,Mooney,+1-messy-0004098
review-clean4-messy-CAND-04099,review-clean4-messy.katherine.myers.4099@example.com,Katherine,Myers,+1-messy-0004099
review-clean4-messy-CAND-04100,review-clean4-messy.allison.campbell.4100@example.com,Allison, Campbell ,+1-messy-0004100
review-clean4-messy-CAND-04101,review-clean4-messy.HEATHER.LEE.4101@EXAMPLE.COM, Heather , Lee ,+1-messy-0004101
review-clean4-messy-CAND-04102,review-clean4-messy.MELISSA.LONG.4102@EXAMPLE.COM,melissa,Long,+1-messy-0004102
review-clean4-messy-CAND-04103,review-clean4-messy.david.goodwin.4103@example.com, David ,Goodwin,+1-messy-0004103
review-clean4-messy-CAND-04104,review-clean4-messy.betty.trujillo.4104@example.com,Betty,Trujillo,+1-messy-0004104
review-clean4-messy-CAND-04105,review-clean4-messy.melissa.mckinney.4105@example.com,Melissa, Mckinney ,+1-messy-0004105
review-clean4-messy-CAND-04106,review-clean4-messy.candidate-04106@example.com,Stephen,Martin,+1-messy-0004106
review-clean4-messy-CAND-04107,review-clean4-messy.candidate-04107@example.com,Devin,Dominguez,+1-messy-0004107
review-clean4-messy-CAND-04108,review-clean4-messy. kelly.thomas.4108@example.com ,Kelly,Thomas,+1-messy-0004108
review-clean4-messy-CAND-04109,review-clean4-messy.jeffery.goodman.4109@example.com,Jeffery, Goodman ,+1-messy-0004109
review-clean4-messy-CAND-04110,review-clean4-messy.jill.smith.4110@example.com,Jill,smith,+1-messy-0004110
review-clean4-messy-CAND-04111,review-clean4-messy.jessica.johnston.4111@example.com,jessica,Johnston,+1-messy-0004111
review-clean4-messy-CAND-04112,review-clean4-messy.candidate-04112@example.com,Erika,Hinton,+1-messy-0004112
review-clean4-messy-CAND-04113,review-clean4-messy.dylan.clements.4113@example.com, Dylan ,Clements,+1-messy-0004113
review-clean4-messy-CAND-04114,review-clean4-messy. ronald.skinner.4114@example.com ,ronald,Skinner,+1-messy-0004114
review-clean4-messy-CAND-04115,review-clean4-messy.sara.davis.4115@example.com,Sara,Davis,+1-messy-0004115
review-clean4-messy-CAND-04116,review-clean4-messy.terri.white.4116@example.com,Terri,White,+1-messy-0004116
review-clean4-messy-CAND-04117,review-clean4-messy. brian.baird.4117@example.com ,Brian,Baird,+1-messy-0004117
review-clean4-messy-CAND-04118,review-clean4-messy.DEBRA.WATKINS.4118@EXAMPLE.COM,Debra,Watkins,+1-messy-0004118
review-clean4-messy-CAND-04119,review-clean4-messy.tara.sims.4119@example.com, Tara ,Sims,+1-messy-0004119
review-clean4-messy-CAND-04120,review-clean4-messy.richard.johnson.4120@example.com,Richard,johnson,+1-messy-0004120
review-clean4-messy-CAND-04121,review-clean4-messy.john.burns.4121@example.com,john,burns,+1-messy-0004121
review-clean4-messy-CAND-04122,review-clean4-messy.candidate-04122@example.com,Hailey,Blevins,+1-messy-0004122
review-clean4-messy-CAND-04123,review-clean4-messy. denise.bennett.4123@example.com ,Denise,Bennett,+1-messy-0004123
review-clean4-messy-CAND-04124,review-clean4-messy.heather.pope.4124@example.com,Heather,Pope,+1-messy-0004124
review-clean4-messy-CAND-04125,review-clean4-messy. donna.strickland.4125@example.com ,donna,Strickland,+1-messy-0004125
review-clean4-messy-CAND-04126,review-clean4-messy. michelle.santos.4126@example.com ,Michelle,Santos,+1-messy-0004126
review-clean4-messy-CAND-04127,review-clean4-messy.joshua.delgado.4127@example.com,Joshua,Delgado,+1-messy-0004127
review-clean4-messy-CAND-04128,review-clean4-messy.michael.wilson.4128@example.com,Michael,Wilson,+1-messy-0004128
review-clean4-messy-CAND-04129,review-clean4-messy. christopher.burns.4129@example.com ,Christopher,Burns,+1-messy-0004129
review-clean4-messy-CAND-04130,review-clean4-messy. elizabeth.hicks.4130@example.com ,Elizabeth,Hicks,+1-messy-0004130
review-clean4-messy-CAND-04131,review-clean4-messy.andrew.berry.4131@example.com,Andrew,Berry,+1-messy-0004131
review-clean4-messy-CAND-04132,review-clean4-messy.ashley.hill.4132@example.com,ashley,Hill,+1-messy-0004132
review-clean4-messy-CAND-04133,review-clean4-messy.julie.bauer.4133@example.com,Julie,Bauer,+1-messy-0004133
review-clean4-messy-CAND-04134,review-clean4-messy.herbert.washington.4134@example.com,Herbert,Washington,+1-messy-0004134
review-clean4-messy-CAND-04135,review-clean4-messy.deanna.hamilton.4135@example.com,deanna,Hamilton,+1-messy-0004135
review-clean4-messy-CAND-04136,review-clean4-messy.ashley.garcia.4136@example.com,Ashley,Garcia,+1-messy-0004136
review-clean4-messy-CAND-04137,review-clean4-messy.BRYAN.STOUT.4137@EXAMPLE.COM,Bryan,Stout,+1-messy-0004137
review-clean4-messy-CAND-04138,review-clean4-messy.laura.lopez.4138@example.com,Laura, Lopez ,+1-messy-0004138
review-clean4-messy-CAND-04139,review-clean4-messy.LISA.SMITH.4139@EXAMPLE.COM, Lisa ,Smith,+1-messy-0004139
review-clean4-messy-CAND-04140,review-clean4-messy.angela.herrera.4140@example.com,Angela,Herrera,+1-messy-0004140
review-clean4-messy-CAND-04141,review-clean4-messy.lisa.freeman.4141@example.com,Lisa,Freeman,+1-messy-0004141
review-clean4-messy-CAND-04142,review-clean4-messy.candidate-04142@example.com,April,Richards,+1-messy-0004142
review-clean4-messy-CAND-04143,review-clean4-messy.jennifer.tyler.4143@example.com,Jennifer,tyler,+1-messy-0004143
review-clean4-messy-CAND-04144,review-clean4-messy.candidate-04144@example.com, David ,Mullins,+1-messy-0004144
review-clean4-messy-CAND-04145,review-clean4-messy.tammy.merritt.4145@example.com,Tammy,Merritt,+1-messy-0004145
review-clean4-messy-CAND-04146,review-clean4-messy.henry.george.4146@example.com, Henry ,George,+1-messy-0004146
review-clean4-messy-CAND-04147,review-clean4-messy.hector.peters.4147@example.com, Hector ,Peters,+1-messy-0004147
review-clean4-messy-CAND-04148,review-clean4-messy.lauren.martinez.4148@example.com,Lauren,Martinez,+1-messy-0004148
review-clean4-messy-CAND-04149,review-clean4-messy.david.harris.4149@example.com,David,harris,+1-messy-0004149
review-clean4-messy-CAND-04150,review-clean4-messy.evan.hart.4150@example.com,evan,Hart,+1-messy-0004150
review-clean4-messy-CAND-04151,review-clean4-messy.melissa.johnson.4151@example.com,Melissa,Johnson,+1-messy-0004151
review-clean4-messy-CAND-04152,review-clean4-messy.tina.hunter.4152@example.com,tina,Hunter,+1-messy-0004152
review-clean4-messy-CAND-04153,review-clean4-messy.michael.stephens.4153@example.com,Michael,Stephens,+1-messy-0004153
review-clean4-messy-CAND-04154,review-clean4-messy.rodney.landry.4154@example.com,rodney,Landry,+1-messy-0004154
review-clean4-messy-CAND-04155,review-clean4-messy.aaron.turner.4155@example.com,aaron,turner,+1-messy-0004155
review-clean4-messy-CAND-04156,review-clean4-messy.candidate-04156@example.com,sophia,Stone,+1-messy-0004156
review-clean4-messy-CAND-04157,review-clean4-messy.candidate-04157@example.com,Kirsten,hopkins,+1-messy-0004157
review-clean4-messy-CAND-04158,review-clean4-messy.sean.ray.4158@example.com,sean,Ray,+1-messy-0004158
review-clean4-messy-CAND-04159,review-clean4-messy.heather.mills.4159@example.com,Heather,Mills,+1-messy-0004159
review-clean4-messy-CAND-04160,review-clean4-messy.valerie.bell.4160@example.com,valerie,Bell,+1-messy-0004160
review-clean4-messy-CAND-04161,review-clean4-messy. amanda.clark.4161@example.com ,Amanda,Clark,+1-messy-0004161
review-clean4-messy-CAND-04162,review-clean4-messy.corey.weiss.4162@example.com,Corey,Weiss,+1-messy-0004162
review-clean4-messy-CAND-04163,review-clean4-messy.JOEL.LOPEZ.4163@EXAMPLE.COM,Joel,Lopez,+1-messy-0004163
review-clean4-messy-CAND-04164,review-clean4-messy.kevin.wall.4164@example.com,kevin,Wall,+1-messy-0004164
review-clean4-messy-CAND-04165,review-clean4-messy.susan.guzman.4165@example.com,Susan,Guzman,+1-messy-0004165
review-clean4-messy-CAND-04166,review-clean4-messy.jason.howard.4166@example.com,Jason,Howard,+1-messy-0004166
review-clean4-messy-CAND-04167,review-clean4-messy.david.dean.4167@example.com,David,dean,+1-messy-0004167
review-clean4-messy-CAND-04168,review-clean4-messy.charles.scott.4168@example.com,charles,Scott,+1-messy-0004168
review-clean4-messy-CAND-04169,review-clean4-messy. patrick.mckee.4169@example.com ,Patrick,Mckee,+1-messy-0004169
review-clean4-messy-CAND-04170,review-clean4-messy.ricardo.miller.4170@example.com, Ricardo ,Miller,+1-messy-0004170
review-clean4-messy-CAND-04171,review-clean4-messy.candidate-04171@example.com, Jonathan ,coleman,+1-messy-0004171
review-clean4-messy-CAND-04172,review-clean4-messy.heather.herrera.4172@example.com,Heather,Herrera,+1-messy-0004172
review-clean4-messy-CAND-04173,review-clean4-messy.chad.oconnor.4173@example.com, Chad ,oconnor,+1-messy-0004173
review-clean4-messy-CAND-04174,review-clean4-messy.candidate-04174@example.com,Wanda, Terry ,+1-messy-0004174
review-clean4-messy-CAND-04175,review-clean4-messy.james.watson.4175@example.com,James,Watson,+1-messy-0004175
review-clean4-messy-CAND-04176,review-clean4-messy.diane.hoover.4176@example.com, Diane ,Hoover,+1-messy-0004176
review-clean4-messy-CAND-04177,review-clean4-messy.cassidy.barnes.4177@example.com,cassidy,Barnes,+1-messy-0004177
review-clean4-messy-CAND-04178,review-clean4-messy.eric.riddle.4178@example.com,Eric,Riddle,+1-messy-0004178
review-clean4-messy-CAND-04179,review-clean4-messy.ryan.johnson.4179@example.com,Ryan,Johnson,+1-messy-0004179
review-clean4-messy-CAND-04180,review-clean4-messy.CASSANDRA.JONES.4180@EXAMPLE.COM,Cassandra,jones,+1-messy-0004180
review-clean4-messy-CAND-04181,review-clean4-messy.david.rodriguez.4181@example.com,David,Rodriguez,+1-messy-0004181
review-clean4-messy-CAND-04182,review-clean4-messy.amy.jones.4182@example.com,Amy,Jones,+1-messy-0004182
review-clean4-messy-CAND-04183,review-clean4-messy.danielle.cox.4183@example.com,Danielle,Cox,+1-messy-0004183
review-clean4-messy-CAND-04184,review-clean4-messy.matthew.nelson.4184@example.com,Matthew,Nelson,+1-messy-0004184
review-clean4-messy-CAND-04185,review-clean4-messy.misty.perez.4185@example.com,Misty,Perez,+1-messy-0004185
review-clean4-messy-CAND-04186,review-clean4-messy.ALEJANDRO.BENNETT.4186@EXAMPLE.COM, Alejandro ,Bennett,+1-messy-0004186
review-clean4-messy-CAND-04187,review-clean4-messy.tanya.gray.4187@example.com,Tanya, Gray ,+1-messy-0004187
review-clean4-messy-CAND-04188,review-clean4-messy.daniel.frost.4188@example.com,daniel,Frost,+1-messy-0004188
review-clean4-messy-CAND-04189,review-clean4-messy.gregory.chandler.4189@example.com,Gregory,Chandler,+1-messy-0004189
review-clean4-messy-CAND-04190,review-clean4-messy.kristopher.nicholson.4190@example.com, Kristopher ,Nicholson,+1-messy-0004190
review-clean4-messy-CAND-04191,review-clean4-messy. tracy.rice.4191@example.com ,Tracy,Rice,+1-messy-0004191
review-clean4-messy-CAND-04192,review-clean4-messy.jackie.grimes.4192@example.com,Jackie,Grimes,+1-messy-0004192
review-clean4-messy-CAND-04193,review-clean4-messy.andrea.lawson.4193@example.com,Andrea,Lawson,+1-messy-0004193
review-clean4-messy-CAND-04194,review-clean4-messy.PEGGY.JACKSON.4194@EXAMPLE.COM,Peggy,Jackson,+1-messy-0004194
review-clean4-messy-CAND-04195,review-clean4-messy.candidate-04195@example.com,Stacey,Price,+1-messy-0004195
review-clean4-messy-CAND-04196,review-clean4-messy.michael.figueroa.4196@example.com,michael,Figueroa,+1-messy-0004196
review-clean4-messy-CAND-04197,review-clean4-messy.tammy.schmidt.4197@example.com,tammy,Schmidt,+1-messy-0004197
review-clean4-messy-CAND-04198,review-clean4-messy. brooke.atkinson.4198@example.com ,Brooke,Atkinson,+1-messy-0004198
review-clean4-messy-CAND-04199,review-clean4-messy.thomas.anderson.4199@example.com,thomas,Anderson,+1-messy-0004199
review-clean4-messy-CAND-04200,review-clean4-messy.ALBERT.PALMER.4200@EXAMPLE.COM,albert,Palmer,+1-messy-0004200
review-clean4-messy-CAND-04201,review-clean4-messy.eric.martinez.4201@example.com,Eric,Martinez,+1-messy-0004201
review-clean4-messy-CAND-04202,review-clean4-messy.NICHOLAS.MOSS.4202@EXAMPLE.COM,Nicholas,Moss,+1-messy-0004202
review-clean4-messy-CAND-04203,review-clean4-messy. brian.swanson.4203@example.com ,brian,Swanson,+1-messy-0004203
review-clean4-messy-CAND-04204,review-clean4-messy.terri.zimmerman.4204@example.com, Terri ,zimmerman,+1-messy-0004204
review-clean4-messy-CAND-04205,review-clean4-messy.JOHN.FRANKLIN.4205@EXAMPLE.COM,John,Franklin,+1-messy-0004205
review-clean4-messy-CAND-04206,review-clean4-messy.jasmine.white.4206@example.com,Jasmine,White,+1-messy-0004206
review-clean4-messy-CAND-04207,review-clean4-messy.valerie.lindsey.4207@example.com,Valerie, Lindsey ,+1-messy-0004207
review-clean4-messy-CAND-04208,review-clean4-messy.wayne.hill.4208@example.com,Wayne,Hill,+1-messy-0004208
review-clean4-messy-CAND-04209,review-clean4-messy. ronald.david.4209@example.com ,Ronald,david,+1-messy-0004209
review-clean4-messy-CAND-04210,review-clean4-messy.nicole.cervantes.4210@example.com,Nicole,Cervantes,+1-messy-0004210
review-clean4-messy-CAND-04211,review-clean4-messy.kevin.hodge.4211@example.com, Kevin ,Hodge,+1-messy-0004211
review-clean4-messy-CAND-04212,review-clean4-messy.stacey.russell.4212@example.com, Stacey ,Russell,+1-messy-0004212
review-clean4-messy-CAND-04213,review-clean4-messy.lawrence.davis.4213@example.com,Lawrence,davis,+1-messy-0004213
review-clean4-messy-CAND-04214,review-clean4-messy. christopher.blair.4214@example.com ,Christopher, Blair ,+1-messy-0004214
review-clean4-messy-CAND-04215,review-clean4-messy.shirley.martin.4215@example.com,Shirley,Martin,+1-messy-0004215
review-clean4-messy-CAND-04216,review-clean4-messy.BRIAN.PAUL.4216@EXAMPLE.COM,Brian,Paul,+1-messy-0004216
review-clean4-messy-CAND-04217,review-clean4-messy.angela.vasquez.4217@example.com, Angela ,Vasquez,+1-messy-0004217
review-clean4-messy-CAND-04218,review-clean4-messy.NANCY.HAYDEN.4218@EXAMPLE.COM,Nancy,Hayden,+1-messy-0004218
review-clean4-messy-CAND-04219,review-clean4-messy.roger.romero.4219@example.com, Roger ,Romero,+1-messy-0004219
review-clean4-messy-CAND-04220,review-clean4-messy. jessica.castillo.4220@example.com ,jessica,castillo,+1-messy-0004220
review-clean4-messy-CAND-04221,review-clean4-messy.candidate-04221@example.com,Zachary,Cuevas,+1-messy-0004221
review-clean4-messy-CAND-04222,review-clean4-messy.candidate-04222@example.com,Pamela,Wolfe,+1-messy-0004222
review-clean4-messy-CAND-04223,review-clean4-messy.richard.jensen.4223@example.com,Richard,Jensen,+1-messy-0004223
review-clean4-messy-CAND-04224,review-clean4-messy.rhonda.reese.4224@example.com,Rhonda,Reese,+1-messy-0004224
review-clean4-messy-CAND-04225,review-clean4-messy.jennifer.park.4225@example.com,Jennifer, Park ,+1-messy-0004225
review-clean4-messy-CAND-04226,review-clean4-messy.kara.sanchez.4226@example.com,Kara,Sanchez,+1-messy-0004226
review-clean4-messy-CAND-04227,review-clean4-messy.joanne.tapia.4227@example.com,joanne,Tapia,+1-messy-0004227
review-clean4-messy-CAND-04228,review-clean4-messy.madeline.beard.4228@example.com,Madeline,Beard,+1-messy-0004228
review-clean4-messy-CAND-04229,review-clean4-messy. allison.lynch.4229@example.com ,Allison,Lynch,+1-messy-0004229
review-clean4-messy-CAND-04230,review-clean4-messy.catherine.oconnell.4230@example.com,Catherine,Oconnell,+1-messy-0004230
review-clean4-messy-CAND-04231,review-clean4-messy.emily.macias.4231@example.com,Emily,Macias,+1-messy-0004231
review-clean4-messy-CAND-04232,review-clean4-messy.alexandra.walker.4232@example.com,Alexandra,walker,+1-messy-0004232
review-clean4-messy-CAND-04233,review-clean4-messy.charles.franco.4233@example.com, Charles ,Franco,+1-messy-0004233
review-clean4-messy-CAND-04234,review-clean4-messy.willie.farley.4234@example.com,Willie,Farley,+1-messy-0004234
review-clean4-messy-CAND-04235,review-clean4-messy.roberto.gray.4235@example.com,Roberto,Gray,+1-messy-0004235
review-clean4-messy-CAND-04236,review-clean4-messy.nathaniel.wilson.4236@example.com,Nathaniel,Wilson,+1-messy-0004236
review-clean4-messy-CAND-04237,review-clean4-messy.robin.wright.4237@example.com,Robin,Wright,+1-messy-0004237
review-clean4-messy-CAND-04238,review-clean4-messy.amber.miranda.4238@example.com,Amber,Miranda,+1-messy-0004238
review-clean4-messy-CAND-04239,review-clean4-messy.DAVID.EVANS.4239@EXAMPLE.COM,David,Evans,+1-messy-0004239
review-clean4-messy-CAND-04240,review-clean4-messy.kelly.lewis.4240@example.com,Kelly,Lewis,+1-messy-0004240
review-clean4-messy-CAND-04241,review-clean4-messy.joann.carroll.4241@example.com,Joann,Carroll,+1-messy-0004241
review-clean4-messy-CAND-04242,review-clean4-messy.jeff.torres.4242@example.com, Jeff ,Torres,+1-messy-0004242
review-clean4-messy-CAND-04243,review-clean4-messy.sarah.day.4243@example.com,Sarah, Day ,+1-messy-0004243
review-clean4-messy-CAND-04244,review-clean4-messy.candidate-04244@example.com,Margaret, Johnson ,+1-messy-0004244
review-clean4-messy-CAND-04245,review-clean4-messy.steven.williamson.4245@example.com,Steven,Williamson,+1-messy-0004245
review-clean4-messy-CAND-04246,review-clean4-messy.TRACY.KELLY.4246@EXAMPLE.COM,Tracy,Kelly,+1-messy-0004246
review-clean4-messy-CAND-04247,review-clean4-messy.CHRISTINA.MURPHY.4247@EXAMPLE.COM,Christina, Murphy ,+1-messy-0004247
review-clean4-messy-CAND-04248,review-clean4-messy. michael.smith.4248@example.com ,michael,smith,+1-messy-0004248
review-clean4-messy-CAND-04249,review-clean4-messy.PAMELA.LOPEZ.4249@EXAMPLE.COM,Pamela,Lopez,+1-messy-0004249
review-clean4-messy-CAND-04250,review-clean4-messy. michael.garcia.4250@example.com ,Michael,garcia,+1-messy-0004250
review-clean4-messy-CAND-04251,review-clean4-messy.travis.miller.4251@example.com,Travis,Miller,+1-messy-0004251
review-clean4-messy-CAND-04252,review-clean4-messy.willie.hernandez.4252@example.com,Willie,Hernandez,+1-messy-0004252
review-clean4-messy-CAND-04253,review-clean4-messy.david.freeman.4253@example.com,David,Freeman,+1-messy-0004253
review-clean4-messy-CAND-04254,review-clean4-messy.eric.douglas.4254@example.com, Eric ,Douglas,+1-messy-0004254
review-clean4-messy-CAND-04255,review-clean4-messy.jeremy.foster.4255@example.com,Jeremy,foster,+1-messy-0004255
review-clean4-messy-CAND-04256,review-clean4-messy. kevin.patterson.4256@example.com ,kevin,Patterson,+1-messy-0004256
review-clean4-messy-CAND-04257,review-clean4-messy. ian.cain.4257@example.com ,ian,Cain,+1-messy-0004257
review-clean4-messy-CAND-04258,review-clean4-messy.candidate-04258@example.com, Daniel ,Gonzales,+1-messy-0004258
review-clean4-messy-CAND-04259,review-clean4-messy.mary.martin.4259@example.com,Mary,Martin,+1-messy-0004259
review-clean4-messy-CAND-04260,review-clean4-messy.michael.hamilton.4260@example.com,Michael,Hamilton,+1-messy-0004260
review-clean4-messy-CAND-04261,review-clean4-messy. michael.harrell.4261@example.com ,Michael,Harrell,+1-messy-0004261
review-clean4-messy-CAND-04262,review-clean4-messy.james.lopez.4262@example.com,James, Lopez ,+1-messy-0004262
review-clean4-messy-CAND-04263,review-clean4-messy. billy.foster.4263@example.com ,Billy,Foster,+1-messy-0004263
review-clean4-messy-CAND-04264,review-clean4-messy.julie.santana.4264@example.com,julie, Santana ,+1-messy-0004264
review-clean4-messy-CAND-04265,review-clean4-messy.ethan.gonzalez.4265@example.com, Ethan ,Gonzalez,+1-messy-0004265
review-clean4-messy-CAND-04266,review-clean4-messy.timothy.ortega.4266@example.com,Timothy, Ortega ,+1-messy-0004266
review-clean4-messy-CAND-04267,review-clean4-messy.candidate-04267@example.com,Joseph,Fisher,+1-messy-0004267
review-clean4-messy-CAND-04268,review-clean4-messy.andrea.marsh.4268@example.com,Andrea,Marsh,+1-messy-0004268
review-clean4-messy-CAND-04269,review-clean4-messy.jennifer.nguyen.4269@example.com,Jennifer,Nguyen,+1-messy-0004269
review-clean4-messy-CAND-04270,review-clean4-messy.kathy.macias.4270@example.com,kathy,Macias,+1-messy-0004270
review-clean4-messy-CAND-04271,review-clean4-messy.warren.mclean.4271@example.com, Warren ,Mclean,+1-messy-0004271
review-clean4-messy-CAND-04272,review-clean4-messy.megan.price.4272@example.com,Megan,Price,+1-messy-0004272
review-clean4-messy-CAND-04273,review-clean4-messy.daniel.rodriguez.4273@example.com, Daniel ,Rodriguez,+1-messy-0004273
review-clean4-messy-CAND-04274,review-clean4-messy.andrew.moore.4274@example.com, Andrew ,Moore,+1-messy-0004274
review-clean4-messy-CAND-04275,review-clean4-messy.vincent.saunders.4275@example.com, Vincent ,saunders,+1-messy-0004275
review-clean4-messy-CAND-04276,review-clean4-messy.JOEL.GREGORY.4276@EXAMPLE.COM, Joel ,gregory,+1-messy-0004276
review-clean4-messy-CAND-04277,review-clean4-messy.matthew.bray.4277@example.com,Matthew,Bray,+1-messy-0004277
review-clean4-messy-CAND-04278,review-clean4-messy.joan.hamilton.4278@example.com, Joan ,Hamilton,+1-messy-0004278
review-clean4-messy-CAND-04279,review-clean4-messy. keith.tucker.4279@example.com ,Keith,Tucker,+1-messy-0004279
review-clean4-messy-CAND-04280,review-clean4-messy.kathleen.wright.4280@example.com,Kathleen,Wright,+1-messy-0004280
review-clean4-messy-CAND-04281,review-clean4-messy.elijah.dixon.4281@example.com,Elijah, Dixon ,+1-messy-0004281
review-clean4-messy-CAND-04282,review-clean4-messy.JOHN.WANG.4282@EXAMPLE.COM,John, Wang ,+1-messy-0004282
review-clean4-messy-CAND-04283,review-clean4-messy.MICHELLE.GAMBLE.4283@EXAMPLE.COM,Michelle, Gamble ,+1-messy-0004283
review-clean4-messy-CAND-04284,review-clean4-messy. john.hoover.4284@example.com ,John,Hoover,+1-messy-0004284
review-clean4-messy-CAND-04285,review-clean4-messy.james.mccarthy.4285@example.com,James,Mccarthy,+1-messy-0004285
review-clean4-messy-CAND-04286,review-clean4-messy.lisa.haynes.4286@example.com,Lisa,Haynes,+1-messy-0004286
review-clean4-messy-CAND-04287,review-clean4-messy.wayne.white.4287@example.com,Wayne,White,+1-messy-0004287
review-clean4-messy-CAND-04288,review-clean4-messy.victoria.garza.4288@example.com,Victoria, Garza ,+1-messy-0004288
review-clean4-messy-CAND-04289,review-clean4-messy.cynthia.perez.4289@example.com,cynthia,Perez,+1-messy-0004289
review-clean4-messy-CAND-04290,review-clean4-messy.david.johnson.4290@example.com,David, Johnson ,+1-messy-0004290
review-clean4-messy-CAND-04291,review-clean4-messy.VERONICA.HICKMAN.4291@EXAMPLE.COM,Veronica,hickman,+1-messy-0004291
review-clean4-messy-CAND-04292,review-clean4-messy.ronald.jensen.4292@example.com, Ronald , Jensen ,+1-messy-0004292
review-clean4-messy-CAND-04293,review-clean4-messy.christopher.williams.4293@example.com,Christopher,Williams,+1-messy-0004293
review-clean4-messy-CAND-04294,review-clean4-messy.richard.torres.4294@example.com,Richard,Torres,+1-messy-0004294
review-clean4-messy-CAND-04295,review-clean4-messy.CYNTHIA.HALL.4295@EXAMPLE.COM,Cynthia,Hall,+1-messy-0004295
review-clean4-messy-CAND-04296,review-clean4-messy.MATTHEW.MENDOZA.4296@EXAMPLE.COM, Matthew ,Mendoza,+1-messy-0004296
review-clean4-messy-CAND-04297,review-clean4-messy.william.schneider.4297@example.com,William,schneider,+1-messy-0004297
review-clean4-messy-CAND-04298,review-clean4-messy.kevin.adams.4298@example.com, Kevin ,Adams,+1-messy-0004298
review-clean4-messy-CAND-04299,review-clean4-messy.juan.bell.4299@example.com,Juan,Bell,+1-messy-0004299
review-clean4-messy-CAND-04300,review-clean4-messy.robert.flores.4300@example.com,Robert, Flores ,+1-messy-0004300
review-clean4-messy-CAND-04301,review-clean4-messy.brandon.williams.4301@example.com,Brandon,williams,+1-messy-0004301
review-clean4-messy-CAND-04302,review-clean4-messy. brett.garner.4302@example.com ,brett,Garner,+1-messy-0004302
review-clean4-messy-CAND-04303,review-clean4-messy.jason.kennedy.4303@example.com, Jason ,Kennedy,+1-messy-0004303
review-clean4-messy-CAND-04304,review-clean4-messy.REBEKAH.GARCIA.4304@EXAMPLE.COM,Rebekah,Garcia,+1-messy-0004304
review-clean4-messy-CAND-04305,review-clean4-messy.jack.vaughan.4305@example.com,jack,Vaughan,+1-messy-0004305
review-clean4-messy-CAND-04306,review-clean4-messy.michael.torres.4306@example.com,michael,Torres,+1-messy-0004306
review-clean4-messy-CAND-04307,review-clean4-messy.candidate-04307@example.com,Collin,Smith,+1-messy-0004307
review-clean4-messy-CAND-04308,review-clean4-messy.andrea.atkins.4308@example.com,Andrea, Atkins ,+1-messy-0004308
review-clean4-messy-CAND-04309,review-clean4-messy.mark.figueroa.4309@example.com,Mark,Figueroa,+1-messy-0004309
review-clean4-messy-CAND-04310,review-clean4-messy.MICHAEL.MAXWELL.4310@EXAMPLE.COM,Michael, Maxwell ,+1-messy-0004310
review-clean4-messy-CAND-04311,review-clean4-messy. allison.watson.4311@example.com ,allison,Watson,+1-messy-0004311
review-clean4-messy-CAND-04312,review-clean4-messy. debra.clark.4312@example.com ,Debra,Clark,+1-messy-0004312
review-clean4-messy-CAND-04313,review-clean4-messy.patrick.eaton.4313@example.com,Patrick,Eaton,+1-messy-0004313
review-clean4-messy-CAND-04314,review-clean4-messy.david.newton.4314@example.com, David ,Newton,+1-messy-0004314
review-clean4-messy-CAND-04315,review-clean4-messy.david.willis.4315@example.com,David, Willis ,+1-messy-0004315
review-clean4-messy-CAND-04316,review-clean4-messy.candidate-04316@example.com,Rhonda, Pena ,+1-messy-0004316
review-clean4-messy-CAND-04317,review-clean4-messy.james.bush.4317@example.com,James,Bush,+1-messy-0004317
review-clean4-messy-CAND-04318,review-clean4-messy.sara.jones.4318@example.com, Sara , Jones ,+1-messy-0004318
review-clean4-messy-CAND-04319,review-clean4-messy.candidate-04319@example.com,Amy,Cooper,+1-messy-0004319
review-clean4-messy-CAND-04320,review-clean4-messy.jessica.mayo.4320@example.com, Jessica ,Mayo,+1-messy-0004320
review-clean4-messy-CAND-04321,review-clean4-messy.candidate-04321@example.com,james, Le ,+1-messy-0004321
review-clean4-messy-CAND-04322,review-clean4-messy.bradley.lee.4322@example.com,Bradley,Lee,+1-messy-0004322
review-clean4-messy-CAND-04323,review-clean4-messy.ANDREA.KING.4323@EXAMPLE.COM, Andrea ,King,+1-messy-0004323
review-clean4-messy-CAND-04324,review-clean4-messy.candidate-04324@example.com,natalie,castaneda,+1-messy-0004324
review-clean4-messy-CAND-04325,review-clean4-messy.REBECCA.HESTER.4325@EXAMPLE.COM, Rebecca ,hester,+1-messy-0004325
review-clean4-messy-CAND-04326,review-clean4-messy. patricia.west.4326@example.com ,Patricia,West,+1-messy-0004326
review-clean4-messy-CAND-04327,review-clean4-messy.jennifer.bartlett.4327@example.com,Jennifer,bartlett,+1-messy-0004327
review-clean4-messy-CAND-04328,review-clean4-messy.carlos.barnes.4328@example.com,Carlos,Barnes,+1-messy-0004328
review-clean4-messy-CAND-04329,review-clean4-messy. sarah.gordon.4329@example.com , Sarah ,gordon,+1-messy-0004329
review-clean4-messy-CAND-04330,review-clean4-messy.andrew.greene.4330@example.com,Andrew,Greene,+1-messy-0004330
review-clean4-messy-CAND-04331,review-clean4-messy.heather.anderson.4331@example.com,heather,Anderson,+1-messy-0004331
review-clean4-messy-CAND-04332,review-clean4-messy.brandon.knight.4332@example.com,brandon, Knight ,+1-messy-0004332
review-clean4-messy-CAND-04333,review-clean4-messy.LAURA.BENSON.4333@EXAMPLE.COM,Laura,Benson,+1-messy-0004333
review-clean4-messy-CAND-04334,review-clean4-messy.joy.sanders.4334@example.com, Joy ,Sanders,+1-messy-0004334
review-clean4-messy-CAND-04335,review-clean4-messy.gail.berg.4335@example.com,Gail,Berg,+1-messy-0004335
review-clean4-messy-CAND-04336,review-clean4-messy.teresa.martin.4336@example.com,Teresa,Martin,+1-messy-0004336
review-clean4-messy-CAND-04337,review-clean4-messy.KAREN.CRUZ.4337@EXAMPLE.COM,Karen,cruz,+1-messy-0004337
review-clean4-messy-CAND-04338,review-clean4-messy.kimberly.morales.4338@example.com,Kimberly,Morales,+1-messy-0004338
review-clean4-messy-CAND-04339,review-clean4-messy.JOSEPH.WHITE.4339@EXAMPLE.COM, Joseph ,White,+1-messy-0004339
review-clean4-messy-CAND-04340,review-clean4-messy.ernest.robinson.4340@example.com,Ernest,Robinson,+1-messy-0004340
review-clean4-messy-CAND-04341,review-clean4-messy.heather.suarez.4341@example.com,heather,Suarez,+1-messy-0004341
review-clean4-messy-CAND-04342,review-clean4-messy. krystal.gibson.4342@example.com ,Krystal,gibson,+1-messy-0004342
review-clean4-messy-CAND-04343,review-clean4-messy.jasmine.warren.4343@example.com,Jasmine,Warren,+1-messy-0004343
review-clean4-messy-CAND-04344,review-clean4-messy.kevin.robinson.4344@example.com,Kevin,Robinson,+1-messy-0004344
review-clean4-messy-CAND-04345,review-clean4-messy.jeanette.arnold.4345@example.com,Jeanette,Arnold,+1-messy-0004345
review-clean4-messy-CAND-04346,review-clean4-messy. george.williams.4346@example.com ,George,Williams,+1-messy-0004346
review-clean4-messy-CAND-04347,review-clean4-messy.john.williams.4347@example.com,John,Williams,+1-messy-0004347
review-clean4-messy-CAND-04348,review-clean4-messy.eddie.stephenson.4348@example.com,eddie,Stephenson,+1-messy-0004348
review-clean4-messy-CAND-04349,review-clean4-messy.SARA.NELSON.4349@EXAMPLE.COM,Sara,Nelson,+1-messy-0004349
review-clean4-messy-CAND-04350,review-clean4-messy.krystal.day.4350@example.com,Krystal,Day,+1-messy-0004350
review-clean4-messy-CAND-04351,review-clean4-messy.john.colon.4351@example.com, John ,Colon,+1-messy-0004351
review-clean4-messy-CAND-04352,review-clean4-messy.amanda.smith.4352@example.com, Amanda ,Smith,+1-messy-0004352
review-clean4-messy-CAND-04353,review-clean4-messy.michael.jacobs.4353@example.com,Michael,Jacobs,+1-messy-0004353
review-clean4-messy-CAND-04354,review-clean4-messy.miguel.miller.4354@example.com,Miguel,Miller,+1-messy-0004354
review-clean4-messy-CAND-04355,review-clean4-messy.janice.dunn.4355@example.com,Janice, Dunn ,+1-messy-0004355
review-clean4-messy-CAND-04356,review-clean4-messy.jennifer.ortiz.4356@example.com,jennifer,Ortiz,+1-messy-0004356
review-clean4-messy-CAND-04357,review-clean4-messy.cheryl.nguyen.4357@example.com,Cheryl,Nguyen,+1-messy-0004357
review-clean4-messy-CAND-04358,review-clean4-messy.brian.cabrera.4358@example.com,Brian,Cabrera,+1-messy-0004358
review-clean4-messy-CAND-04359,review-clean4-messy.madison.robinson.4359@example.com,Madison,Robinson,+1-messy-0004359
review-clean4-messy-CAND-04360,review-clean4-messy.tammy.thompson.4360@example.com,Tammy,Thompson,+1-messy-0004360
review-clean4-messy-CAND-04361,review-clean4-messy. teresa.medina.4361@example.com ,teresa,Medina,+1-messy-0004361
review-clean4-messy-CAND-04362,review-clean4-messy.TIFFANY.OSBORNE.4362@EXAMPLE.COM,Tiffany,Osborne,+1-messy-0004362
review-clean4-messy-CAND-04363,review-clean4-messy.kimberly.rodriguez.4363@example.com,kimberly,Rodriguez,+1-messy-0004363
review-clean4-messy-CAND-04364,review-clean4-messy.julie.reyes.4364@example.com,Julie,Reyes,+1-messy-0004364
review-clean4-messy-CAND-04365,review-clean4-messy.desiree.berg.4365@example.com, Desiree ,Berg,+1-messy-0004365
review-clean4-messy-CAND-04366,review-clean4-messy.cynthia.pierce.4366@example.com, Cynthia ,Pierce,+1-messy-0004366
review-clean4-messy-CAND-04367,review-clean4-messy. lisa.walker.4367@example.com ,Lisa,Walker,+1-messy-0004367
review-clean4-messy-CAND-04368,review-clean4-messy.joseph.perkins.4368@example.com, Joseph ,Perkins,+1-messy-0004368
review-clean4-messy-CAND-04369,review-clean4-messy.candidate-04369@example.com,lindsey, Mullins ,+1-messy-0004369
review-clean4-messy-CAND-04370,review-clean4-messy.eric.hall.4370@example.com,Eric,hall,+1-messy-0004370
review-clean4-messy-CAND-04371,review-clean4-messy.jessica.richardson.4371@example.com,Jessica, Richardson ,+1-messy-0004371
review-clean4-messy-CAND-04372,review-clean4-messy.rachel.davis.4372@example.com,Rachel,Davis,+1-messy-0004372
review-clean4-messy-CAND-04373,review-clean4-messy.hunter.lopez.4373@example.com,Hunter,Lopez,+1-messy-0004373
review-clean4-messy-CAND-04374,review-clean4-messy.michelle.lopez.4374@example.com,Michelle,Lopez,+1-messy-0004374
review-clean4-messy-CAND-04375,review-clean4-messy.tracy.blair.4375@example.com, Tracy ,Blair,+1-messy-0004375
review-clean4-messy-CAND-04376,review-clean4-messy.deborah.smith.4376@example.com, Deborah ,Smith,+1-messy-0004376
review-clean4-messy-CAND-04377,review-clean4-messy.FRANK.THOMPSON.4377@EXAMPLE.COM,frank,Thompson,+1-messy-0004377
review-clean4-messy-CAND-04378,review-clean4-messy.phillip.franklin.4378@example.com,Phillip,Franklin,+1-messy-0004378
review-clean4-messy-CAND-04379,review-clean4-messy.candidate-04379@example.com,Chad,Jones,+1-messy-0004379
review-clean4-messy-CAND-04380,review-clean4-messy.john.stout.4380@example.com,John,Stout,+1-messy-0004380
review-clean4-messy-CAND-04381,review-clean4-messy.tara.garcia.4381@example.com,Tara,Garcia,+1-messy-0004381
review-clean4-messy-CAND-04382,review-clean4-messy.candidate-04382@example.com,Alison, Acosta ,+1-messy-0004382
review-clean4-messy-CAND-04383,review-clean4-messy.lindsey.morrison.4383@example.com,Lindsey,Morrison,+1-messy-0004383
review-clean4-messy-CAND-04384,review-clean4-messy. nicholas.smith.4384@example.com ,Nicholas,Smith,+1-messy-0004384
review-clean4-messy-CAND-04385,review-clean4-messy. margaret.hines.4385@example.com ,Margaret,Hines,+1-messy-0004385
review-clean4-messy-CAND-04386,review-clean4-messy. deanna.williams.4386@example.com ,deanna, Williams ,+1-messy-0004386
review-clean4-messy-CAND-04387,review-clean4-messy.candidate-04387@example.com,john,Miller,+1-messy-0004387
review-clean4-messy-CAND-04388,review-clean4-messy.DOUGLAS.BURTON.4388@EXAMPLE.COM,douglas,Burton,+1-messy-0004388
review-clean4-messy-CAND-04389,review-clean4-messy.alexander.burch.4389@example.com,Alexander,burch,+1-messy-0004389
review-clean4-messy-CAND-04390,review-clean4-messy.susan.rodriguez.4390@example.com,Susan,Rodriguez,+1-messy-0004390
review-clean4-messy-CAND-04391,review-clean4-messy.jill.morgan.4391@example.com, Jill ,Morgan,+1-messy-0004391
review-clean4-messy-CAND-04392,review-clean4-messy.jasmine.harris.4392@example.com,Jasmine,Harris,+1-messy-0004392
review-clean4-messy-CAND-04393,review-clean4-messy.timothy.hart.4393@example.com,Timothy, Hart ,+1-messy-0004393
review-clean4-messy-CAND-04394,review-clean4-messy.sean.martin.4394@example.com, Sean ,Martin,+1-messy-0004394
review-clean4-messy-CAND-04395,review-clean4-messy.MARTIN.MOORE.4395@EXAMPLE.COM,Martin,Moore,+1-messy-0004395
review-clean4-messy-CAND-04396,review-clean4-messy.brian.holt.4396@example.com,Brian,Holt,+1-messy-0004396
review-clean4-messy-CAND-04397,review-clean4-messy.courtney.martinez.4397@example.com,Courtney,Martinez,+1-messy-0004397
review-clean4-messy-CAND-04398,review-clean4-messy.mallory.garcia.4398@example.com,mallory,Garcia,+1-messy-0004398
review-clean4-messy-CAND-04399,review-clean4-messy.kenneth.hunt.4399@example.com,Kenneth,Hunt,+1-messy-0004399
review-clean4-messy-CAND-04400,review-clean4-messy.mary.thomas.4400@example.com,Mary,Thomas,+1-messy-0004400
review-clean4-messy-CAND-04401,review-clean4-messy.rhonda.johnson.4401@example.com,Rhonda,johnson,+1-messy-0004401
review-clean4-messy-CAND-04402,review-clean4-messy.RONALD.HERNANDEZ.4402@EXAMPLE.COM,ronald,Hernandez,+1-messy-0004402
review-clean4-messy-CAND-04403,review-clean4-messy.diana.perez.4403@example.com,Diana,Perez,+1-messy-0004403
review-clean4-messy-CAND-04404,review-clean4-messy.NATASHA.CRUZ.4404@EXAMPLE.COM,Natasha,cruz,+1-messy-0004404
review-clean4-messy-CAND-04405,review-clean4-messy.nicole.carson.4405@example.com,Nicole,Carson,+1-messy-0004405
review-clean4-messy-CAND-04406,review-clean4-messy.daniel.jackson.4406@example.com,Daniel,Jackson,+1-messy-0004406
review-clean4-messy-CAND-04407,review-clean4-messy.daniel.garcia.4407@example.com,daniel,garcia,+1-messy-0004407
review-clean4-messy-CAND-04408,review-clean4-messy.stephanie.howard.4408@example.com,Stephanie, Howard ,+1-messy-0004408
review-clean4-messy-CAND-04409,review-clean4-messy.christina.wilson.4409@example.com,Christina,Wilson,+1-messy-0004409
review-clean4-messy-CAND-04410,review-clean4-messy.sandra.gillespie.4410@example.com,Sandra,Gillespie,+1-messy-0004410
review-clean4-messy-CAND-04411,review-clean4-messy.paula.munoz.4411@example.com,paula,munoz,+1-messy-0004411
review-clean4-messy-CAND-04412,review-clean4-messy.gregory.moreno.4412@example.com,Gregory,Moreno,+1-messy-0004412
review-clean4-messy-CAND-04413,review-clean4-messy.CAROL.SHELTON.4413@EXAMPLE.COM,Carol,Shelton,+1-messy-0004413
review-clean4-messy-CAND-04414,review-clean4-messy.edward.contreras.4414@example.com,edward,contreras,+1-messy-0004414
review-clean4-messy-CAND-04415,review-clean4-messy. kevin.roth.4415@example.com ,Kevin,Roth,+1-messy-0004415
review-clean4-messy-CAND-04416,review-clean4-messy.michael.garcia.4416@example.com, Michael , Garcia ,+1-messy-0004416
review-clean4-messy-CAND-04417,review-clean4-messy.SABRINA.STANLEY.4417@EXAMPLE.COM,Sabrina,stanley,+1-messy-0004417
review-clean4-messy-CAND-04418,review-clean4-messy.sarah.cochran.4418@example.com,sarah,Cochran,+1-messy-0004418
review-clean4-messy-CAND-04419,review-clean4-messy.jennifer.jones.4419@example.com, Jennifer ,jones,+1-messy-0004419
review-clean4-messy-CAND-04420,review-clean4-messy.aaron.fitzpatrick.4420@example.com,Aaron,Fitzpatrick,+1-messy-0004420
review-clean4-messy-CAND-04421,review-clean4-messy.candidate-04421@example.com,Edgar,Rios,+1-messy-0004421
review-clean4-messy-CAND-04422,review-clean4-messy.luke.myers.4422@example.com,luke,Myers,+1-messy-0004422
review-clean4-messy-CAND-04423,review-clean4-messy.jennifer.floyd.4423@example.com,Jennifer,Floyd,+1-messy-0004423
review-clean4-messy-CAND-04424,review-clean4-messy.timothy.jones.4424@example.com,Timothy,Jones,+1-messy-0004424
review-clean4-messy-CAND-04425,review-clean4-messy.becky.moyer.4425@example.com,Becky,Moyer,+1-messy-0004425
review-clean4-messy-CAND-04426,review-clean4-messy.joshua.davis.4426@example.com,Joshua,davis,+1-messy-0004426
review-clean4-messy-CAND-04427,review-clean4-messy.wanda.white.4427@example.com, Wanda ,White,+1-messy-0004427
review-clean4-messy-CAND-04428,review-clean4-messy.candidate-04428@example.com,Paul,Flores,+1-messy-0004428
review-clean4-messy-CAND-04429,review-clean4-messy.rodney.steele.4429@example.com,Rodney,steele,+1-messy-0004429
review-clean4-messy-CAND-04430,review-clean4-messy.robert.leon.4430@example.com,Robert,Leon,+1-messy-0004430
review-clean4-messy-CAND-04431,review-clean4-messy.mathew.pham.4431@example.com,Mathew, Pham ,+1-messy-0004431
review-clean4-messy-CAND-04432,review-clean4-messy. desiree.sanchez.4432@example.com ,Desiree,Sanchez,+1-messy-0004432
review-clean4-messy-CAND-04433,review-clean4-messy.robert.crawford.4433@example.com,Robert, Crawford ,+1-messy-0004433
review-clean4-messy-CAND-04434,review-clean4-messy.amanda.patel.4434@example.com,Amanda,Patel,+1-messy-0004434
review-clean4-messy-CAND-04435,review-clean4-messy.lori.cruz.4435@example.com,Lori,Cruz,+1-messy-0004435
review-clean4-messy-CAND-04436,review-clean4-messy.candidate-04436@example.com,Bianca,Fisher,+1-messy-0004436
review-clean4-messy-CAND-04437,review-clean4-messy.becky.steele.4437@example.com,Becky,Steele,+1-messy-0004437
review-clean4-messy-CAND-04438,review-clean4-messy.kaitlin.warner.4438@example.com,Kaitlin,Warner,+1-messy-0004438
review-clean4-messy-CAND-04439,review-clean4-messy.joe.smith.4439@example.com,Joe,smith,+1-messy-0004439
review-clean4-messy-CAND-04440,review-clean4-messy. victoria.smith.4440@example.com ,victoria,Smith,+1-messy-0004440
review-clean4-messy-CAND-04441,review-clean4-messy.angela.rosario.4441@example.com, Angela , Rosario ,+1-messy-0004441
review-clean4-messy-CAND-04442,review-clean4-messy.samantha.brown.4442@example.com,Samantha,Brown,+1-messy-0004442
review-clean4-messy-CAND-04443,review-clean4-messy.michael.allison.4443@example.com,Michael,Allison,+1-messy-0004443
review-clean4-messy-CAND-04444,review-clean4-messy.michelle.fuentes.4444@example.com,Michelle,Fuentes,+1-messy-0004444
review-clean4-messy-CAND-04445,review-clean4-messy.KENNETH.THOMAS.4445@EXAMPLE.COM,Kenneth,Thomas,+1-messy-0004445
review-clean4-messy-CAND-04446,review-clean4-messy.MELISSA.BONILLA.4446@EXAMPLE.COM,Melissa,Bonilla,+1-messy-0004446
review-clean4-messy-CAND-04447,review-clean4-messy.robin.sanchez.4447@example.com,Robin,Sanchez,+1-messy-0004447
review-clean4-messy-CAND-04448,review-clean4-messy.candidate-04448@example.com, Maria ,Brown,+1-messy-0004448
review-clean4-messy-CAND-04449,review-clean4-messy. devin.hayden.4449@example.com , Devin ,Hayden,+1-messy-0004449
review-clean4-messy-CAND-04450,review-clean4-messy.jane.bennett.4450@example.com,Jane,Bennett,+1-messy-0004450
review-clean4-messy-CAND-04451,review-clean4-messy.anthony.hanna.4451@example.com, Anthony , Hanna ,+1-messy-0004451
review-clean4-messy-CAND-04452,review-clean4-messy.nathan.miles.4452@example.com,nathan,Miles,+1-messy-0004452
review-clean4-messy-CAND-04453,review-clean4-messy.elizabeth.jones.4453@example.com,elizabeth,Jones,+1-messy-0004453
review-clean4-messy-CAND-04454,review-clean4-messy.MARY.HARRELL.4454@EXAMPLE.COM,mary,Harrell,+1-messy-0004454
review-clean4-messy-CAND-04455,review-clean4-messy.anthony.diaz.4455@example.com,Anthony, Diaz ,+1-messy-0004455
review-clean4-messy-CAND-04456,review-clean4-messy.christian.jones.4456@example.com,Christian,Jones,+1-messy-0004456
review-clean4-messy-CAND-04457,review-clean4-messy.ashley.cervantes.4457@example.com,ashley,Cervantes,+1-messy-0004457
review-clean4-messy-CAND-04458,review-clean4-messy.edward.white.4458@example.com,edward,white,+1-messy-0004458
review-clean4-messy-CAND-04459,review-clean4-messy.julia.adkins.4459@example.com,julia,Adkins,+1-messy-0004459
review-clean4-messy-CAND-04460,review-clean4-messy. holly.evans.4460@example.com ,Holly, Evans ,+1-messy-0004460
review-clean4-messy-CAND-04461,review-clean4-messy.robert.rogers.4461@example.com,Robert,Rogers,+1-messy-0004461
review-clean4-messy-CAND-04462,review-clean4-messy.kimberly.dominguez.4462@example.com,Kimberly,Dominguez,+1-messy-0004462
review-clean4-messy-CAND-04463,review-clean4-messy.justin.moore.4463@example.com,Justin,Moore,+1-messy-0004463
review-clean4-messy-CAND-04464,review-clean4-messy.nicole.johnson.4464@example.com,Nicole,johnson,+1-messy-0004464
review-clean4-messy-CAND-04465,review-clean4-messy.karen.gordon.4465@example.com,Karen,Gordon,+1-messy-0004465
review-clean4-messy-CAND-04466,review-clean4-messy.alex.wall.4466@example.com,Alex, Wall ,+1-messy-0004466
review-clean4-messy-CAND-04467,review-clean4-messy.erin.liu.4467@example.com,erin,Liu,+1-messy-0004467
review-clean4-messy-CAND-04468,review-clean4-messy.angela.gallegos.4468@example.com,angela,Gallegos,+1-messy-0004468
review-clean4-messy-CAND-04469,review-clean4-messy.samantha.shaw.4469@example.com, Samantha ,shaw,+1-messy-0004469
review-clean4-messy-CAND-04470,review-clean4-messy. jenna.henderson.4470@example.com ,Jenna, Henderson ,+1-messy-0004470
review-clean4-messy-CAND-04471,review-clean4-messy.eric.dudley.4471@example.com,Eric,Dudley,+1-messy-0004471
review-clean4-messy-CAND-04472,review-clean4-messy.candidate-04472@example.com,adrienne,spence,+1-messy-0004472
review-clean4-messy-CAND-04473,review-clean4-messy.david.lewis.4473@example.com, David ,lewis,+1-messy-0004473
review-clean4-messy-CAND-04474,review-clean4-messy. christine.robinson.4474@example.com ,Christine,Robinson,+1-messy-0004474
review-clean4-messy-CAND-04475,review-clean4-messy.isaiah.reese.4475@example.com,Isaiah,Reese,+1-messy-0004475
review-clean4-messy-CAND-04476,review-clean4-messy.ANITA.SKINNER.4476@EXAMPLE.COM,anita, Skinner ,+1-messy-0004476
review-clean4-messy-CAND-04477,review-clean4-messy.candidate-04477@example.com,lisa,mcdonald,+1-messy-0004477
review-clean4-messy-CAND-04478,review-clean4-messy. lawrence.may.4478@example.com ,Lawrence,May,+1-messy-0004478
review-clean4-messy-CAND-04479,review-clean4-messy. margaret.martin.4479@example.com ,Margaret,Martin,+1-messy-0004479
review-clean4-messy-CAND-04480,review-clean4-messy.LINDA.LUCAS.4480@EXAMPLE.COM,Linda,Lucas,+1-messy-0004480
review-clean4-messy-CAND-04481,review-clean4-messy.james.rodriguez.4481@example.com,James,Rodriguez,+1-messy-0004481
review-clean4-messy-CAND-04482,review-clean4-messy.christian.morrison.4482@example.com, Christian ,Morrison,+1-messy-0004482
review-clean4-messy-CAND-04483,review-clean4-messy.melanie.johnson.4483@example.com,Melanie,Johnson,+1-messy-0004483
review-clean4-messy-CAND-04484,review-clean4-messy. julian.weaver.4484@example.com ,julian,Weaver,+1-messy-0004484
review-clean4-messy-CAND-04485,review-clean4-messy.cameron.harper.4485@example.com,Cameron,Harper,+1-messy-0004485
review-clean4-messy-CAND-04486,review-clean4-messy.candidate-04486@example.com,Katherine,parker,+1-messy-0004486
review-clean4-messy-CAND-04487,review-clean4-messy.andrea.little.4487@example.com,andrea,Little,+1-messy-0004487
review-clean4-messy-CAND-04488,review-clean4-messy.candidate-04488@example.com,Antonio,adams,+1-messy-0004488
review-clean4-messy-CAND-04489,review-clean4-messy. tiffany.cunningham.4489@example.com ,tiffany,Cunningham,+1-messy-0004489
review-clean4-messy-CAND-04490,review-clean4-messy. anne.tyler.4490@example.com ,Anne,Tyler,+1-messy-0004490
review-clean4-messy-CAND-04491,review-clean4-messy. brandon.edwards.4491@example.com ,Brandon,Edwards,+1-messy-0004491
review-clean4-messy-CAND-04492,review-clean4-messy.sherry.smith.4492@example.com,Sherry,smith,+1-messy-0004492
review-clean4-messy-CAND-04493,review-clean4-messy.candidate-04493@example.com, Michael ,Campbell,+1-messy-0004493
review-clean4-messy-CAND-04494,review-clean4-messy.raymond.lee.4494@example.com,Raymond,lee,+1-messy-0004494
review-clean4-messy-CAND-04495,review-clean4-messy.karen.swanson.4495@example.com,Karen, Swanson ,+1-messy-0004495
review-clean4-messy-CAND-04496,review-clean4-messy.terri.park.4496@example.com, Terri , Park ,+1-messy-0004496
review-clean4-messy-CAND-04497,review-clean4-messy.connor.russell.4497@example.com,Connor, Russell ,+1-messy-0004497
review-clean4-messy-CAND-04498,review-clean4-messy.judith.garcia.4498@example.com,judith,garcia,+1-messy-0004498
review-clean4-messy-CAND-04499,review-clean4-messy.LINDSEY.HERNANDEZ.4499@EXAMPLE.COM,Lindsey,Hernandez,+1-messy-0004499
review-clean4-messy-CAND-04500,review-clean4-messy.brenda.reyes.4500@example.com,Brenda,Reyes,+1-messy-0004500
review-clean4-messy-CAND-04501,review-clean4-messy.brenda.christian.4501@example.com,Brenda,Christian,+1-messy-0004501
review-clean4-messy-CAND-04502,review-clean4-messy.kelly.hernandez.4502@example.com, Kelly , Hernandez ,+1-messy-0004502
review-clean4-messy-CAND-04503,review-clean4-messy.STEVEN.MCCLURE.4503@EXAMPLE.COM,Steven,Mcclure,+1-messy-0004503
review-clean4-messy-CAND-04504,review-clean4-messy.christopher.higgins.4504@example.com,Christopher,Higgins,+1-messy-0004504
review-clean4-messy-CAND-04505,review-clean4-messy.nicole.aguirre.4505@example.com,Nicole,aguirre,+1-messy-0004505
review-clean4-messy-CAND-04506,review-clean4-messy. destiny.mack.4506@example.com ,destiny,Mack,+1-messy-0004506
review-clean4-messy-CAND-04507,review-clean4-messy.candidate-04507@example.com, Eugene ,stuart,+1-messy-0004507
review-clean4-messy-CAND-04508,review-clean4-messy. zachary.chandler.4508@example.com ,Zachary,Chandler,+1-messy-0004508
review-clean4-messy-CAND-04509,review-clean4-messy.denise.conrad.4509@example.com,Denise, Conrad ,+1-messy-0004509
review-clean4-messy-CAND-04510,review-clean4-messy.candidate-04510@example.com,Matthew,Floyd,+1-messy-0004510
review-clean4-messy-CAND-04511,review-clean4-messy.matthew.ward.4511@example.com,matthew,ward,+1-messy-0004511
review-clean4-messy-CAND-04512,review-clean4-messy. melissa.jordan.4512@example.com ,Melissa, Jordan ,+1-messy-0004512
review-clean4-messy-CAND-04513,review-clean4-messy.pamela.schroeder.4513@example.com,Pamela,Schroeder,+1-messy-0004513
review-clean4-messy-CAND-04514,review-clean4-messy.paul.clark.4514@example.com,Paul, Clark ,+1-messy-0004514
review-clean4-messy-CAND-04515,review-clean4-messy.cheryl.jones.4515@example.com,Cheryl, Jones ,+1-messy-0004515
review-clean4-messy-CAND-04516,review-clean4-messy.elijah.burton.4516@example.com,Elijah, Burton ,+1-messy-0004516
review-clean4-messy-CAND-04517,review-clean4-messy.tyler.ballard.4517@example.com,Tyler,Ballard,+1-messy-0004517
review-clean4-messy-CAND-04518,review-clean4-messy.douglas.harrell.4518@example.com,Douglas,Harrell,+1-messy-0004518
review-clean4-messy-CAND-04519,review-clean4-messy.amy.novak.4519@example.com,Amy,Novak,+1-messy-0004519
review-clean4-messy-CAND-04520,review-clean4-messy.kimberly.miller.4520@example.com, Kimberly ,Miller,+1-messy-0004520
review-clean4-messy-CAND-04521,review-clean4-messy.clinton.edwards.4521@example.com, Clinton ,edwards,+1-messy-0004521
review-clean4-messy-CAND-04522,review-clean4-messy.sarah.martin.4522@example.com,Sarah,Martin,+1-messy-0004522
review-clean4-messy-CAND-04523,review-clean4-messy.joshua.cox.4523@example.com,Joshua, Cox ,+1-messy-0004523
review-clean4-messy-CAND-04524,review-clean4-messy.christopher.white.4524@example.com,Christopher,White,+1-messy-0004524
review-clean4-messy-CAND-04525,review-clean4-messy.kelsey.scott.4525@example.com, Kelsey ,Scott,+1-messy-0004525
review-clean4-messy-CAND-04526,review-clean4-messy.thomas.scott.4526@example.com,Thomas, Scott ,+1-messy-0004526
review-clean4-messy-CAND-04527,review-clean4-messy.nancy.santos.4527@example.com,Nancy,santos,+1-messy-0004527
review-clean4-messy-CAND-04528,review-clean4-messy. donald.martinez.4528@example.com ,Donald,Martinez,+1-messy-0004528
review-clean4-messy-CAND-04529,review-clean4-messy.ashley.williams.4529@example.com,Ashley,Williams,+1-messy-0004529
review-clean4-messy-CAND-04530,review-clean4-messy.michele.morales.4530@example.com, Michele ,morales,+1-messy-0004530
review-clean4-messy-CAND-04531,review-clean4-messy.MELODY.STARK.4531@EXAMPLE.COM,Melody,Stark,+1-messy-0004531
review-clean4-messy-CAND-04532,review-clean4-messy.david.richardson.4532@example.com,David,Richardson,+1-messy-0004532
review-clean4-messy-CAND-04533,review-clean4-messy.megan.crane.4533@example.com,Megan,Crane,+1-messy-0004533
review-clean4-messy-CAND-04534,review-clean4-messy.nathaniel.fleming.4534@example.com,Nathaniel,Fleming,+1-messy-0004534
review-clean4-messy-CAND-04535,review-clean4-messy.william.baker.4535@example.com,William,Baker,+1-messy-0004535
review-clean4-messy-CAND-04536,review-clean4-messy.nancy.fleming.4536@example.com, Nancy ,Fleming,+1-messy-0004536
review-clean4-messy-CAND-04537,review-clean4-messy.christine.schneider.4537@example.com,Christine,Schneider,+1-messy-0004537
review-clean4-messy-CAND-04538,review-clean4-messy.joyce.sanchez.4538@example.com, Joyce ,Sanchez,+1-messy-0004538
review-clean4-messy-CAND-04539,review-clean4-messy.LORI.SMITH.4539@EXAMPLE.COM,Lori,Smith,+1-messy-0004539
review-clean4-messy-CAND-04540,review-clean4-messy.candidate-04540@example.com,melissa, Roberts ,+1-messy-0004540
review-clean4-messy-CAND-04541,review-clean4-messy.candidate-04541@example.com,eric,ross,+1-messy-0004541
review-clean4-messy-CAND-04542,review-clean4-messy.charles.price.4542@example.com,Charles,price,+1-messy-0004542
review-clean4-messy-CAND-04543,review-clean4-messy.steven.davis.4543@example.com,Steven, Davis ,+1-messy-0004543
review-clean4-messy-CAND-04544,review-clean4-messy.steven.day.4544@example.com,Steven,Day,+1-messy-0004544
review-clean4-messy-CAND-04545,review-clean4-messy.rachel.marshall.4545@example.com,Rachel,Marshall,+1-messy-0004545
review-clean4-messy-CAND-04546,review-clean4-messy.christopher.dennis.4546@example.com, Christopher ,Dennis,+1-messy-0004546
review-clean4-messy-CAND-04547,review-clean4-messy.samantha.nielsen.4547@example.com,Samantha, Nielsen ,+1-messy-0004547
review-clean4-messy-CAND-04548,review-clean4-messy. kayla.gonzalez.4548@example.com ,kayla,Gonzalez,+1-messy-0004548
review-clean4-messy-CAND-04549,review-clean4-messy.mark.stewart.4549@example.com, Mark ,Stewart,+1-messy-0004549
review-clean4-messy-CAND-04550,review-clean4-messy.wendy.tucker.4550@example.com,Wendy,Tucker,+1-messy-0004550
review-clean4-messy-CAND-04551,review-clean4-messy.JACQUELINE.ALVAREZ.4551@EXAMPLE.COM,Jacqueline, Alvarez ,+1-messy-0004551
review-clean4-messy-CAND-04552,review-clean4-messy.JOSHUA.JOHNSON.4552@EXAMPLE.COM,Joshua,johnson,+1-messy-0004552
review-clean4-messy-CAND-04553,review-clean4-messy.eric.harrison.4553@example.com,Eric,Harrison,+1-messy-0004553
review-clean4-messy-CAND-04554,review-clean4-messy.danielle.flores.4554@example.com,Danielle,Flores,+1-messy-0004554
review-clean4-messy-CAND-04555,review-clean4-messy.anthony.burke.4555@example.com,anthony,Burke,+1-messy-0004555
review-clean4-messy-CAND-04556,review-clean4-messy.omar.mayer.4556@example.com,Omar,Mayer,+1-messy-0004556
review-clean4-messy-CAND-04557,review-clean4-messy.michael.jordan.4557@example.com,michael, Jordan ,+1-messy-0004557
review-clean4-messy-CAND-04558,review-clean4-messy.thomas.brown.4558@example.com,Thomas,Brown,+1-messy-0004558
review-clean4-messy-CAND-04559,review-clean4-messy.miranda.cisneros.4559@example.com,Miranda,Cisneros,+1-messy-0004559
review-clean4-messy-CAND-04560,review-clean4-messy.gabriela.nelson.4560@example.com,Gabriela,Nelson,+1-messy-0004560
review-clean4-messy-CAND-04561,review-clean4-messy.cynthia.miller.4561@example.com,Cynthia,Miller,+1-messy-0004561
review-clean4-messy-CAND-04562,review-clean4-messy. chad.sullivan.4562@example.com ,Chad,Sullivan,+1-messy-0004562
review-clean4-messy-CAND-04563,review-clean4-messy.kenneth.joseph.4563@example.com,Kenneth,Joseph,+1-messy-0004563
review-clean4-messy-CAND-04564,review-clean4-messy.monica.warren.4564@example.com,Monica,Warren,+1-messy-0004564
review-clean4-messy-CAND-04565,review-clean4-messy.elizabeth.green.4565@example.com,elizabeth,Green,+1-messy-0004565
review-clean4-messy-CAND-04566,review-clean4-messy.maria.davis.4566@example.com, Maria , Davis ,+1-messy-0004566
review-clean4-messy-CAND-04567,review-clean4-messy.rachel.peterson.4567@example.com,Rachel, Peterson ,+1-messy-0004567
review-clean4-messy-CAND-04568,review-clean4-messy.karen.martin.4568@example.com,Karen,Martin,+1-messy-0004568
review-clean4-messy-CAND-04569,review-clean4-messy. michael.barnes.4569@example.com ,michael,barnes,+1-messy-0004569
review-clean4-messy-CAND-04570,review-clean4-messy.candidate-04570@example.com, Thomas ,Barker,+1-messy-0004570
review-clean4-messy-CAND-04571,review-clean4-messy.ethan.horton.4571@example.com,Ethan,Horton,+1-messy-0004571
review-clean4-messy-CAND-04572,review-clean4-messy.michael.schwartz.4572@example.com,michael, Schwartz ,+1-messy-0004572
review-clean4-messy-CAND-04573,review-clean4-messy. paul.smith.4573@example.com ,Paul,Smith,+1-messy-0004573
review-clean4-messy-CAND-04574,review-clean4-messy.krista.harper.4574@example.com, Krista ,harper,+1-messy-0004574
review-clean4-messy-CAND-04575,review-clean4-messy.christian.contreras.4575@example.com,christian,Contreras,+1-messy-0004575
review-clean4-messy-CAND-04576,review-clean4-messy.christina.morris.4576@example.com, Christina , Morris ,+1-messy-0004576
review-clean4-messy-CAND-04577,review-clean4-messy.valerie.mcmillan.4577@example.com,Valerie, Mcmillan ,+1-messy-0004577
review-clean4-messy-CAND-04578,review-clean4-messy.julia.doyle.4578@example.com,Julia,doyle,+1-messy-0004578
review-clean4-messy-CAND-04579,review-clean4-messy.leslie.hernandez.4579@example.com,Leslie,Hernandez,+1-messy-0004579
review-clean4-messy-CAND-04580,review-clean4-messy.stephen.hernandez.4580@example.com,Stephen,Hernandez,+1-messy-0004580
review-clean4-messy-CAND-04581,review-clean4-messy.candidate-04581@example.com,Michelle,Wilson,+1-messy-0004581
review-clean4-messy-CAND-04582,review-clean4-messy.TARA.RUSSELL.4582@EXAMPLE.COM,Tara,Russell,+1-messy-0004582
review-clean4-messy-CAND-04583,review-clean4-messy.abigail.smith.4583@example.com,Abigail,Smith,+1-messy-0004583
review-clean4-messy-CAND-04584,review-clean4-messy.shannon.wall.4584@example.com,Shannon,Wall,+1-messy-0004584
review-clean4-messy-CAND-04585,review-clean4-messy.candidate-04585@example.com,david,Cole,+1-messy-0004585
review-clean4-messy-CAND-04586,review-clean4-messy.tara.davis.4586@example.com,Tara,Davis,+1-messy-0004586
review-clean4-messy-CAND-04587,review-clean4-messy. jeffery.werner.4587@example.com ,Jeffery,Werner,+1-messy-0004587
review-clean4-messy-CAND-04588,review-clean4-messy.robert.payne.4588@example.com,Robert,payne,+1-messy-0004588
review-clean4-messy-CAND-04589,review-clean4-messy.candidate-04589@example.com,Gabriel,Gray,+1-messy-0004589
review-clean4-messy-CAND-04590,review-clean4-messy.michael.farley.4590@example.com,Michael,Farley,+1-messy-0004590
review-clean4-messy-CAND-04591,review-clean4-messy.teresa.ray.4591@example.com, Teresa , Ray ,+1-messy-0004591
review-clean4-messy-CAND-04592,review-clean4-messy.alexis.cervantes.4592@example.com,alexis,Cervantes,+1-messy-0004592
review-clean4-messy-CAND-04593,review-clean4-messy.allen.mosley.4593@example.com,Allen, Mosley ,+1-messy-0004593
review-clean4-messy-CAND-04594,review-clean4-messy.candidate-04594@example.com,Wayne,Parrish,+1-messy-0004594
review-clean4-messy-CAND-04595,review-clean4-messy.holly.banks.4595@example.com,Holly,Banks,+1-messy-0004595
review-clean4-messy-CAND-04596,review-clean4-messy.stephen.jenkins.4596@example.com,Stephen,Jenkins,+1-messy-0004596
review-clean4-messy-CAND-04597,review-clean4-messy.michael.daniels.4597@example.com,Michael,Daniels,+1-messy-0004597
review-clean4-messy-CAND-04598,review-clean4-messy.alexandra.hubbard.4598@example.com,Alexandra,Hubbard,+1-messy-0004598
review-clean4-messy-CAND-04599,review-clean4-messy.candidate-04599@example.com,Daniel, Thompson ,+1-messy-0004599
review-clean4-messy-CAND-04600,review-clean4-messy.ROSS.THOMPSON.4600@EXAMPLE.COM,Ross,Thompson,+1-messy-0004600
review-clean4-messy-CAND-04601,review-clean4-messy.candidate-04601@example.com,brooke,Daniels,+1-messy-0004601
review-clean4-messy-CAND-04602,review-clean4-messy.patrick.bruce.4602@example.com,Patrick,Bruce,+1-messy-0004602
review-clean4-messy-CAND-04603,review-clean4-messy.HALEY.KIM.4603@EXAMPLE.COM,Haley, Kim ,+1-messy-0004603
review-clean4-messy-CAND-04604,review-clean4-messy.justin.oliver.4604@example.com, Justin , Oliver ,+1-messy-0004604
review-clean4-messy-CAND-04605,review-clean4-messy.sara.vincent.4605@example.com,Sara, Vincent ,+1-messy-0004605
review-clean4-messy-CAND-04606,review-clean4-messy.wanda.shaffer.4606@example.com,Wanda,Shaffer,+1-messy-0004606
review-clean4-messy-CAND-04607,review-clean4-messy. dale.banks.4607@example.com ,Dale,Banks,+1-messy-0004607
review-clean4-messy-CAND-04608,review-clean4-messy.candidate-04608@example.com,Christina,Jenkins,+1-messy-0004608
review-clean4-messy-CAND-04609,review-clean4-messy.tyler.walton.4609@example.com,Tyler,Walton,+1-messy-0004609
review-clean4-messy-CAND-04610,review-clean4-messy. sara.garcia.4610@example.com ,Sara,Garcia,+1-messy-0004610
review-clean4-messy-CAND-04611,review-clean4-messy.candidate-04611@example.com,sean,Perkins,+1-messy-0004611
review-clean4-messy-CAND-04612,review-clean4-messy. antonio.roberts.4612@example.com , Antonio ,Roberts,+1-messy-0004612
review-clean4-messy-CAND-04613,review-clean4-messy.candidate-04613@example.com,Robert,Walker,+1-messy-0004613
review-clean4-messy-CAND-04614,review-clean4-messy.shawn.james.4614@example.com, Shawn ,James,+1-messy-0004614
review-clean4-messy-CAND-04615,review-clean4-messy.candidate-04615@example.com,James,Harrison,+1-messy-0004615
review-clean4-messy-CAND-04616,review-clean4-messy.david.ponce.4616@example.com, David ,Ponce,+1-messy-0004616
review-clean4-messy-CAND-04617,review-clean4-messy.robin.gutierrez.4617@example.com,Robin,Gutierrez,+1-messy-0004617
review-clean4-messy-CAND-04618,review-clean4-messy.lori.padilla.4618@example.com,Lori, Padilla ,+1-messy-0004618
review-clean4-messy-CAND-04619,review-clean4-messy. joyce.smith.4619@example.com ,Joyce,Smith,+1-messy-0004619
review-clean4-messy-CAND-04620,review-clean4-messy.nicholas.walker.4620@example.com,Nicholas,Walker,+1-messy-0004620
review-clean4-messy-CAND-04621,review-clean4-messy.justin.hobbs.4621@example.com,Justin,Hobbs,+1-messy-0004621
review-clean4-messy-CAND-04622,review-clean4-messy. joseph.roberson.4622@example.com , Joseph ,Roberson,+1-messy-0004622
review-clean4-messy-CAND-04623,review-clean4-messy.laura.perry.4623@example.com,laura,Perry,+1-messy-0004623
review-clean4-messy-CAND-04624,review-clean4-messy. john.mccullough.4624@example.com , John ,Mccullough,+1-messy-0004624
review-clean4-messy-CAND-04625,review-clean4-messy.robert.smith.4625@example.com,Robert,Smith,+1-messy-0004625
review-clean4-messy-CAND-04626,review-clean4-messy.eric.brooks.4626@example.com,Eric,Brooks,+1-messy-0004626
review-clean4-messy-CAND-04627,review-clean4-messy.lisa.wilkins.4627@example.com,Lisa,wilkins,+1-messy-0004627
review-clean4-messy-CAND-04628,review-clean4-messy.carol.rogers.4628@example.com,Carol,Rogers,+1-messy-0004628
review-clean4-messy-CAND-04629,review-clean4-messy.susan.haney.4629@example.com,Susan,haney,+1-messy-0004629
review-clean4-messy-CAND-04630,review-clean4-messy. john.beltran.4630@example.com , John ,Beltran,+1-messy-0004630
review-clean4-messy-CAND-04631,review-clean4-messy.JAMES.NEWMAN.4631@EXAMPLE.COM,James,Newman,+1-messy-0004631
review-clean4-messy-CAND-04632,review-clean4-messy.maria.solis.4632@example.com,Maria,Solis,+1-messy-0004632
review-clean4-messy-CAND-04633,review-clean4-messy.becky.anderson.4633@example.com,Becky,Anderson,+1-messy-0004633
review-clean4-messy-CAND-04634,review-clean4-messy.daisy.madden.4634@example.com,Daisy,Madden,+1-messy-0004634
review-clean4-messy-CAND-04635,review-clean4-messy.glenn.strong.4635@example.com,Glenn,Strong,+1-messy-0004635
review-clean4-messy-CAND-04636,review-clean4-messy.zachary.kim.4636@example.com,Zachary,Kim,+1-messy-0004636
review-clean4-messy-CAND-04637,review-clean4-messy.cory.owen.4637@example.com,Cory,Owen,+1-messy-0004637
review-clean4-messy-CAND-04638,review-clean4-messy.WILLIAM.WELCH.4638@EXAMPLE.COM, William ,Welch,+1-messy-0004638
review-clean4-messy-CAND-04639,review-clean4-messy. kristen.cameron.4639@example.com ,Kristen,Cameron,+1-messy-0004639
review-clean4-messy-CAND-04640,review-clean4-messy.courtney.green.4640@example.com,courtney,Green,+1-messy-0004640
review-clean4-messy-CAND-04641,review-clean4-messy.angela.fry.4641@example.com,Angela,Fry,+1-messy-0004641
review-clean4-messy-CAND-04642,review-clean4-messy.james.davis.4642@example.com,james, Davis ,+1-messy-0004642
review-clean4-messy-CAND-04643,review-clean4-messy.samuel.fuller.4643@example.com,Samuel,fuller,+1-messy-0004643
review-clean4-messy-CAND-04644,review-clean4-messy.brittney.johnson.4644@example.com,Brittney,Johnson,+1-messy-0004644
review-clean4-messy-CAND-04645,review-clean4-messy.jasmine.knapp.4645@example.com,Jasmine,knapp,+1-messy-0004645
review-clean4-messy-CAND-04646,review-clean4-messy.christian.reyes.4646@example.com,Christian,Reyes,+1-messy-0004646
review-clean4-messy-CAND-04647,review-clean4-messy.julia.anderson.4647@example.com,Julia,Anderson,+1-messy-0004647
review-clean4-messy-CAND-04648,review-clean4-messy.shawn.welch.4648@example.com,Shawn,Welch,+1-messy-0004648
review-clean4-messy-CAND-04649,review-clean4-messy.MICHAEL.ALLEN.4649@EXAMPLE.COM,Michael,Allen,+1-messy-0004649
review-clean4-messy-CAND-04650,review-clean4-messy.rachael.phillips.4650@example.com,Rachael,Phillips,+1-messy-0004650
review-clean4-messy-CAND-04651,review-clean4-messy. amanda.sanchez.4651@example.com ,Amanda,Sanchez,+1-messy-0004651
review-clean4-messy-CAND-04652,review-clean4-messy.kimberly.hartman.4652@example.com,Kimberly,Hartman,+1-messy-0004652
review-clean4-messy-CAND-04653,review-clean4-messy.kaylee.hopkins.4653@example.com,Kaylee,Hopkins,+1-messy-0004653
review-clean4-messy-CAND-04654,review-clean4-messy.candidate-04654@example.com, Joshua ,Donovan,+1-messy-0004654
review-clean4-messy-CAND-04655,review-clean4-messy.courtney.little.4655@example.com,Courtney,little,+1-messy-0004655
review-clean4-messy-CAND-04656,review-clean4-messy.beth.garcia.4656@example.com,beth,Garcia,+1-messy-0004656
review-clean4-messy-CAND-04657,review-clean4-messy.stephen.carlson.4657@example.com,stephen,Carlson,+1-messy-0004657
review-clean4-messy-CAND-04658,review-clean4-messy.daniel.campbell.4658@example.com,Daniel,Campbell,+1-messy-0004658
review-clean4-messy-CAND-04659,review-clean4-messy.patricia.davis.4659@example.com,Patricia,Davis,+1-messy-0004659
review-clean4-messy-CAND-04660,review-clean4-messy.troy.ward.4660@example.com,Troy,Ward,+1-messy-0004660
review-clean4-messy-CAND-04661,review-clean4-messy.mary.myers.4661@example.com, Mary ,Myers,+1-messy-0004661
review-clean4-messy-CAND-04662,review-clean4-messy.travis.johnson.4662@example.com,Travis, Johnson ,+1-messy-0004662
review-clean4-messy-CAND-04663,review-clean4-messy. charles.chung.4663@example.com ,charles,Chung,+1-messy-0004663
review-clean4-messy-CAND-04664,review-clean4-messy.charles.mcdaniel.4664@example.com,Charles,Mcdaniel,+1-messy-0004664
review-clean4-messy-CAND-04665,review-clean4-messy.nicholas.edwards.4665@example.com,Nicholas,Edwards,+1-messy-0004665
review-clean4-messy-CAND-04666,review-clean4-messy.rebekah.stokes.4666@example.com,Rebekah,Stokes,+1-messy-0004666
review-clean4-messy-CAND-04667,review-clean4-messy.hector.smith.4667@example.com,hector, Smith ,+1-messy-0004667
review-clean4-messy-CAND-04668,review-clean4-messy.guy.bradley.4668@example.com,Guy, Bradley ,+1-messy-0004668
review-clean4-messy-CAND-04669,review-clean4-messy.candidate-04669@example.com,Catherine,Johnson,+1-messy-0004669
review-clean4-messy-CAND-04670,review-clean4-messy.theresa.chaney.4670@example.com, Theresa ,Chaney,+1-messy-0004670
review-clean4-messy-CAND-04671,review-clean4-messy.timothy.mendez.4671@example.com,Timothy, Mendez ,+1-messy-0004671
review-clean4-messy-CAND-04672,review-clean4-messy.amy.moore.4672@example.com, Amy ,Moore,+1-messy-0004672
review-clean4-messy-CAND-04673,review-clean4-messy.judy.house.4673@example.com,judy,House,+1-messy-0004673
review-clean4-messy-CAND-04674,review-clean4-messy.james.johnson.4674@example.com,James,johnson,+1-messy-0004674
review-clean4-messy-CAND-04675,review-clean4-messy.andrew.hunt.4675@example.com, Andrew ,Hunt,+1-messy-0004675
review-clean4-messy-CAND-04676,review-clean4-messy.edwin.camacho.4676@example.com,Edwin,Camacho,+1-messy-0004676
review-clean4-messy-CAND-04677,review-clean4-messy.DANNY.ROBINSON.4677@EXAMPLE.COM,Danny,Robinson,+1-messy-0004677
review-clean4-messy-CAND-04678,review-clean4-messy.mark.robinson.4678@example.com,Mark,Robinson,+1-messy-0004678
review-clean4-messy-CAND-04679,review-clean4-messy.JESSICA.CASE.4679@EXAMPLE.COM,Jessica, Case ,+1-messy-0004679
review-clean4-messy-CAND-04680,review-clean4-messy.joseph.olson.4680@example.com,joseph,Olson,+1-messy-0004680
review-clean4-messy-CAND-04681,review-clean4-messy.stephanie.bailey.4681@example.com, Stephanie ,bailey,+1-messy-0004681
review-clean4-messy-CAND-04682,review-clean4-messy.andrea.phillips.4682@example.com,Andrea,Phillips,+1-messy-0004682
review-clean4-messy-CAND-04683,review-clean4-messy.candidate-04683@example.com,Julie,Simpson,+1-messy-0004683
review-clean4-messy-CAND-04684,review-clean4-messy.william.ross.4684@example.com,William,Ross,+1-messy-0004684
review-clean4-messy-CAND-04685,review-clean4-messy.james.thompson.4685@example.com,James,thompson,+1-messy-0004685
review-clean4-messy-CAND-04686,review-clean4-messy.gloria.clay.4686@example.com,Gloria,clay,+1-messy-0004686
review-clean4-messy-CAND-04687,review-clean4-messy.juan.long.4687@example.com,juan,Long,+1-messy-0004687
review-clean4-messy-CAND-04688,review-clean4-messy.brandy.miranda.4688@example.com,Brandy,miranda,+1-messy-0004688
review-clean4-messy-CAND-04689,review-clean4-messy.larry.bauer.4689@example.com,Larry,Bauer,+1-messy-0004689
review-clean4-messy-CAND-04690,review-clean4-messy.stephanie.freeman.4690@example.com, Stephanie ,freeman,+1-messy-0004690
review-clean4-messy-CAND-04691,review-clean4-messy.nicole.henderson.4691@example.com,Nicole,Henderson,+1-messy-0004691
review-clean4-messy-CAND-04692,review-clean4-messy.julie.cabrera.4692@example.com, Julie ,Cabrera,+1-messy-0004692
review-clean4-messy-CAND-04693,review-clean4-messy.cindy.lawson.4693@example.com,Cindy,Lawson,+1-messy-0004693
review-clean4-messy-CAND-04694,review-clean4-messy.ruben.bradley.4694@example.com,Ruben,Bradley,+1-messy-0004694
review-clean4-messy-CAND-04695,review-clean4-messy.nathaniel.chen.4695@example.com, Nathaniel ,Chen,+1-messy-0004695
review-clean4-messy-CAND-04696,review-clean4-messy. caleb.jackson.4696@example.com ,Caleb, Jackson ,+1-messy-0004696
review-clean4-messy-CAND-04697,review-clean4-messy.arthur.dixon.4697@example.com,Arthur,Dixon,+1-messy-0004697
review-clean4-messy-CAND-04698,review-clean4-messy. brenda.carter.4698@example.com ,Brenda,Carter,+1-messy-0004698
review-clean4-messy-CAND-04699,review-clean4-messy.margaret.newman.4699@example.com, Margaret , Newman ,+1-messy-0004699
review-clean4-messy-CAND-04700,review-clean4-messy.tammy.bell.4700@example.com,Tammy,Bell,+1-messy-0004700
review-clean4-messy-CAND-04701,review-clean4-messy.anthony.white.4701@example.com,Anthony,White,+1-messy-0004701
review-clean4-messy-CAND-04702,review-clean4-messy.marcus.gibbs.4702@example.com,Marcus,gibbs,+1-messy-0004702
review-clean4-messy-CAND-04703,review-clean4-messy.MICHAEL.JONES.4703@EXAMPLE.COM,michael,Jones,+1-messy-0004703
review-clean4-messy-CAND-04704,review-clean4-messy.diane.watson.4704@example.com,Diane,Watson,+1-messy-0004704
review-clean4-messy-CAND-04705,review-clean4-messy.KIMBERLY.MARTINEZ.4705@EXAMPLE.COM,kimberly,Martinez,+1-messy-0004705
review-clean4-messy-CAND-04706,review-clean4-messy.lucas.smith.4706@example.com,Lucas,Smith,+1-messy-0004706
review-clean4-messy-CAND-04707,review-clean4-messy.mark.marshall.4707@example.com,mark,Marshall,+1-messy-0004707
review-clean4-messy-CAND-04708,review-clean4-messy.laura.roach.4708@example.com,Laura,Roach,+1-messy-0004708
review-clean4-messy-CAND-04709,review-clean4-messy.anna.cruz.4709@example.com,Anna,Cruz,+1-messy-0004709
review-clean4-messy-CAND-04710,review-clean4-messy.carolyn.rose.4710@example.com,Carolyn,Rose,+1-messy-0004710
review-clean4-messy-CAND-04711,review-clean4-messy.dakota.ramirez.4711@example.com, Dakota ,Ramirez,+1-messy-0004711
review-clean4-messy-CAND-04712,review-clean4-messy. cathy.ware.4712@example.com ,Cathy,ware,+1-messy-0004712
review-clean4-messy-CAND-04713,review-clean4-messy.michelle.jones.4713@example.com,Michelle,Jones,+1-messy-0004713
review-clean4-messy-CAND-04714,review-clean4-messy.patricia.fisher.4714@example.com,Patricia,Fisher,+1-messy-0004714
review-clean4-messy-CAND-04715,review-clean4-messy.katelyn.stewart.4715@example.com,katelyn,Stewart,+1-messy-0004715
review-clean4-messy-CAND-04716,review-clean4-messy.luke.gonzalez.4716@example.com, Luke ,Gonzalez,+1-messy-0004716
review-clean4-messy-CAND-04717,review-clean4-messy.leah.jimenez.4717@example.com,Leah,Jimenez,+1-messy-0004717
review-clean4-messy-CAND-04718,review-clean4-messy. veronica.fisher.4718@example.com ,Veronica, Fisher ,+1-messy-0004718
review-clean4-messy-CAND-04719,review-clean4-messy.DAVID.JACKSON.4719@EXAMPLE.COM,david,Jackson,+1-messy-0004719
review-clean4-messy-CAND-04720,review-clean4-messy.mark.reyes.4720@example.com,Mark,Reyes,+1-messy-0004720
review-clean4-messy-CAND-04721,review-clean4-messy.barbara.mitchell.4721@example.com,Barbara,Mitchell,+1-messy-0004721
review-clean4-messy-CAND-04722,review-clean4-messy.dawn.chase.4722@example.com,Dawn,Chase,+1-messy-0004722
review-clean4-messy-CAND-04723,review-clean4-messy.vanessa.buck.4723@example.com,Vanessa, Buck ,+1-messy-0004723
review-clean4-messy-CAND-04724,review-clean4-messy.justin.skinner.4724@example.com,Justin, Skinner ,+1-messy-0004724
review-clean4-messy-CAND-04725,review-clean4-messy.RICHARD.HUANG.4725@EXAMPLE.COM,Richard,Huang,+1-messy-0004725
review-clean4-messy-CAND-04726,review-clean4-messy.samantha.williams.4726@example.com, Samantha ,Williams,+1-messy-0004726
review-clean4-messy-CAND-04727,review-clean4-messy.deanna.jones.4727@example.com,Deanna,jones,+1-messy-0004727
review-clean4-messy-CAND-04728,review-clean4-messy.cody.lang.4728@example.com,Cody,Lang,+1-messy-0004728
review-clean4-messy-CAND-04729,review-clean4-messy.jennifer.hill.4729@example.com,jennifer,Hill,+1-messy-0004729
review-clean4-messy-CAND-04730,review-clean4-messy.karen.ross.4730@example.com,karen,Ross,+1-messy-0004730
review-clean4-messy-CAND-04731,review-clean4-messy.angela.edwards.4731@example.com,Angela, Edwards ,+1-messy-0004731
review-clean4-messy-CAND-04732,review-clean4-messy.cheryl.long.4732@example.com,Cheryl,Long,+1-messy-0004732
review-clean4-messy-CAND-04733,review-clean4-messy.heather.gibson.4733@example.com,Heather,Gibson,+1-messy-0004733
review-clean4-messy-CAND-04734,review-clean4-messy.candidate-04734@example.com,Melinda,coffey,+1-messy-0004734
review-clean4-messy-CAND-04735,review-clean4-messy.david.brooks.4735@example.com,David,brooks,+1-messy-0004735
review-clean4-messy-CAND-04736,review-clean4-messy.christine.johnson.4736@example.com,Christine,Johnson,+1-messy-0004736
review-clean4-messy-CAND-04737,review-clean4-messy.brandon.smith.4737@example.com,Brandon,Smith,+1-messy-0004737
review-clean4-messy-CAND-04738,review-clean4-messy.daniel.morris.4738@example.com,Daniel,Morris,+1-messy-0004738
review-clean4-messy-CAND-04739,review-clean4-messy.candidate-04739@example.com,grace,Graham,+1-messy-0004739
review-clean4-messy-CAND-04740,review-clean4-messy.candidate-04740@example.com, George ,Lee,+1-messy-0004740
review-clean4-messy-CAND-04741,review-clean4-messy.rachel.wood.4741@example.com,Rachel,Wood,+1-messy-0004741
review-clean4-messy-CAND-04742,review-clean4-messy.rebecca.mayo.4742@example.com,Rebecca,Mayo,+1-messy-0004742
review-clean4-messy-CAND-04743,review-clean4-messy.sarah.parrish.4743@example.com,Sarah,Parrish,+1-messy-0004743
review-clean4-messy-CAND-04744,review-clean4-messy.candidate-04744@example.com,Jordan,Glover,+1-messy-0004744
review-clean4-messy-CAND-04745,review-clean4-messy. daniel.valentine.4745@example.com , Daniel ,Valentine,+1-messy-0004745
review-clean4-messy-CAND-04746,review-clean4-messy.charles.murphy.4746@example.com,Charles,Murphy,+1-messy-0004746
review-clean4-messy-CAND-04747,review-clean4-messy.cheyenne.burnett.4747@example.com,Cheyenne,burnett,+1-messy-0004747
review-clean4-messy-CAND-04748,review-clean4-messy.joseph.jackson.4748@example.com,Joseph,jackson,+1-messy-0004748
review-clean4-messy-CAND-04749,review-clean4-messy.candidate-04749@example.com,devin,Murray,+1-messy-0004749
review-clean4-messy-CAND-04750,review-clean4-messy.DAVID.ATKINS.4750@EXAMPLE.COM, David ,Atkins,+1-messy-0004750
review-clean4-messy-CAND-04751,review-clean4-messy.karen.barron.4751@example.com,Karen,barron,+1-messy-0004751
review-clean4-messy-CAND-04752,review-clean4-messy.tammy.gutierrez.4752@example.com, Tammy ,Gutierrez,+1-messy-0004752
review-clean4-messy-CAND-04753,review-clean4-messy.sean.martinez.4753@example.com,Sean,Martinez,+1-messy-0004753
review-clean4-messy-CAND-04754,review-clean4-messy.allison.lane.4754@example.com,Allison,Lane,+1-messy-0004754
review-clean4-messy-CAND-04755,review-clean4-messy.donna.bray.4755@example.com,Donna, Bray ,+1-messy-0004755
review-clean4-messy-CAND-04756,review-clean4-messy.marc.simon.4756@example.com, Marc ,Simon,+1-messy-0004756
review-clean4-messy-CAND-04757,review-clean4-messy.jeremiah.baker.4757@example.com,Jeremiah,Baker,+1-messy-0004757
review-clean4-messy-CAND-04758,review-clean4-messy.kenneth.miller.4758@example.com,kenneth,Miller,+1-messy-0004758
review-clean4-messy-CAND-04759,review-clean4-messy.angelica.salas.4759@example.com,Angelica,Salas,+1-messy-0004759
review-clean4-messy-CAND-04760,review-clean4-messy. donna.moss.4760@example.com ,Donna,moss,+1-messy-0004760
review-clean4-messy-CAND-04761,review-clean4-messy. jamie.miller.4761@example.com ,Jamie,Miller,+1-messy-0004761
review-clean4-messy-CAND-04762,review-clean4-messy.teresa.brown.4762@example.com,Teresa,Brown,+1-messy-0004762
review-clean4-messy-CAND-04763,review-clean4-messy.alexander.robinson.4763@example.com,alexander, Robinson ,+1-messy-0004763
review-clean4-messy-CAND-04764,review-clean4-messy.LORI.LOPEZ.4764@EXAMPLE.COM,Lori, Lopez ,+1-messy-0004764
review-clean4-messy-CAND-04765,review-clean4-messy.dan.clark.4765@example.com,Dan,Clark,+1-messy-0004765
review-clean4-messy-CAND-04766,review-clean4-messy.BRITTANY.ROSE.4766@EXAMPLE.COM,brittany,Rose,+1-messy-0004766
review-clean4-messy-CAND-04767,review-clean4-messy.michele.hodges.4767@example.com,Michele,Hodges,+1-messy-0004767
review-clean4-messy-CAND-04768,review-clean4-messy.candidate-04768@example.com, Larry ,gibson,+1-messy-0004768
review-clean4-messy-CAND-04769,review-clean4-messy.eric.wagner.4769@example.com,Eric,Wagner,+1-messy-0004769
review-clean4-messy-CAND-04770,review-clean4-messy.robin.robinson.4770@example.com,robin,Robinson,+1-messy-0004770
review-clean4-messy-CAND-04771,review-clean4-messy.michael.hester.4771@example.com,Michael,Hester,+1-messy-0004771
review-clean4-messy-CAND-04772,review-clean4-messy.miranda.palmer.4772@example.com,Miranda,Palmer,+1-messy-0004772
review-clean4-messy-CAND-04773,review-clean4-messy.candidate-04773@example.com,Kimberly,Lopez,+1-messy-0004773
review-clean4-messy-CAND-04774,review-clean4-messy.joshua.martin.4774@example.com, Joshua , Martin ,+1-messy-0004774
review-clean4-messy-CAND-04775,review-clean4-messy.kurt.kane.4775@example.com,Kurt,Kane,+1-messy-0004775
review-clean4-messy-CAND-04776,review-clean4-messy.candidate-04776@example.com, Deborah ,Thomas,+1-messy-0004776
review-clean4-messy-CAND-04777,review-clean4-messy.candidate-04777@example.com,Nancy,Mcgee,+1-messy-0004777
review-clean4-messy-CAND-04778,review-clean4-messy.john.shannon.4778@example.com, John ,Shannon,+1-messy-0004778
review-clean4-messy-CAND-04779,review-clean4-messy.jacob.johnson.4779@example.com,Jacob,Johnson,+1-messy-0004779
review-clean4-messy-CAND-04780,review-clean4-messy.dorothy.chavez.4780@example.com,Dorothy,Chavez,+1-messy-0004780
review-clean4-messy-CAND-04781,review-clean4-messy.candidate-04781@example.com, Joseph ,mcintosh,+1-messy-0004781
review-clean4-messy-CAND-04782,review-clean4-messy.christopher.reynolds.4782@example.com,Christopher,Reynolds,+1-messy-0004782
review-clean4-messy-CAND-04783,review-clean4-messy.edward.shaw.4783@example.com,Edward,Shaw,+1-messy-0004783
review-clean4-messy-CAND-04784,review-clean4-messy.william.brown.4784@example.com,William, Brown ,+1-messy-0004784
review-clean4-messy-CAND-04785,review-clean4-messy.joseph.davis.4785@example.com,Joseph,davis,+1-messy-0004785
review-clean4-messy-CAND-04786,review-clean4-messy.deborah.dennis.4786@example.com,Deborah,dennis,+1-messy-0004786
review-clean4-messy-CAND-04787,review-clean4-messy.roberto.carter.4787@example.com,Roberto,Carter,+1-messy-0004787
review-clean4-messy-CAND-04788,review-clean4-messy.richard.wheeler.4788@example.com,Richard,Wheeler,+1-messy-0004788
review-clean4-messy-CAND-04789,review-clean4-messy.alyssa.snyder.4789@example.com, Alyssa ,snyder,+1-messy-0004789
review-clean4-messy-CAND-04790,review-clean4-messy.ryan.maldonado.4790@example.com,Ryan,Maldonado,+1-messy-0004790
review-clean4-messy-CAND-04791,review-clean4-messy.debbie.haley.4791@example.com, Debbie ,Haley,+1-messy-0004791
review-clean4-messy-CAND-04792,review-clean4-messy.jeffrey.brown.4792@example.com,Jeffrey,Brown,+1-messy-0004792
review-clean4-messy-CAND-04793,review-clean4-messy.austin.adams.4793@example.com,Austin,adams,+1-messy-0004793
review-clean4-messy-CAND-04794,review-clean4-messy.CAMERON.GARCIA.4794@EXAMPLE.COM, Cameron , Garcia ,+1-messy-0004794
review-clean4-messy-CAND-04795,review-clean4-messy.jeremy.oliver.4795@example.com, Jeremy ,Oliver,+1-messy-0004795
review-clean4-messy-CAND-04796,review-clean4-messy.jennifer.myers.4796@example.com,jennifer,Myers,+1-messy-0004796
review-clean4-messy-CAND-04797,review-clean4-messy.craig.gross.4797@example.com,craig,Gross,+1-messy-0004797
review-clean4-messy-CAND-04798,review-clean4-messy.natasha.adams.4798@example.com,natasha,Adams,+1-messy-0004798
review-clean4-messy-CAND-04799,review-clean4-messy.candidate-04799@example.com,jamie,Floyd,+1-messy-0004799
review-clean4-messy-CAND-04800,review-clean4-messy.candidate-04800@example.com,Michael,Roberts,+1-messy-0004800
review-clean4-messy-CAND-04801,review-clean4-messy.caitlyn.gross.4801@example.com,Caitlyn,Gross,+1-messy-0004801
review-clean4-messy-CAND-04802,review-clean4-messy.clinton.gordon.4802@example.com,Clinton,Gordon,+1-messy-0004802
review-clean4-messy-CAND-04803,review-clean4-messy.jackie.woods.4803@example.com,Jackie,woods,+1-messy-0004803
review-clean4-messy-CAND-04804,review-clean4-messy.kevin.knox.4804@example.com,Kevin,Knox,+1-messy-0004804
review-clean4-messy-CAND-04805,review-clean4-messy.john.edwards.4805@example.com,John,Edwards,+1-messy-0004805
review-clean4-messy-CAND-04806,review-clean4-messy.candidate-04806@example.com,Chad,lopez,+1-messy-0004806
review-clean4-messy-CAND-04807,review-clean4-messy.rachel.thomas.4807@example.com,Rachel,thomas,+1-messy-0004807
review-clean4-messy-CAND-04808,review-clean4-messy.alexander.wells.4808@example.com, Alexander ,Wells,+1-messy-0004808
review-clean4-messy-CAND-04809,review-clean4-messy.matthew.thompson.4809@example.com,matthew,Thompson,+1-messy-0004809
review-clean4-messy-CAND-04810,review-clean4-messy.joseph.jones.4810@example.com,Joseph,jones,+1-messy-0004810
review-clean4-messy-CAND-04811,review-clean4-messy.erin.castaneda.4811@example.com,Erin,Castaneda,+1-messy-0004811
review-clean4-messy-CAND-04812,review-clean4-messy.brooke.montes.4812@example.com,brooke,Montes,+1-messy-0004812
review-clean4-messy-CAND-04813,review-clean4-messy.BRANDY.FREEMAN.4813@EXAMPLE.COM,Brandy,Freeman,+1-messy-0004813
review-clean4-messy-CAND-04814,review-clean4-messy.candidate-04814@example.com,John,Rodriguez,+1-messy-0004814
review-clean4-messy-CAND-04815,review-clean4-messy.lori.bradley.4815@example.com,Lori,Bradley,+1-messy-0004815
review-clean4-messy-CAND-04816,review-clean4-messy.veronica.conley.4816@example.com,Veronica,Conley,+1-messy-0004816
review-clean4-messy-CAND-04817,review-clean4-messy.alicia.jackson.4817@example.com,Alicia, Jackson ,+1-messy-0004817
review-clean4-messy-CAND-04818,review-clean4-messy.dwayne.davis.4818@example.com,Dwayne,davis,+1-messy-0004818
review-clean4-messy-CAND-04819,review-clean4-messy.kevin.fitzgerald.4819@example.com,kevin,Fitzgerald,+1-messy-0004819
review-clean4-messy-CAND-04820,review-clean4-messy.shaun.navarro.4820@example.com,shaun,navarro,+1-messy-0004820
review-clean4-messy-CAND-04821,review-clean4-messy.veronica.scott.4821@example.com,Veronica, Scott ,+1-messy-0004821
review-clean4-messy-CAND-04822,review-clean4-messy.tom.diaz.4822@example.com,Tom,Diaz,+1-messy-0004822
review-clean4-messy-CAND-04823,review-clean4-messy.alexander.gomez.4823@example.com,Alexander,Gomez,+1-messy-0004823
review-clean4-messy-CAND-04824,review-clean4-messy.jennifer.vance.4824@example.com, Jennifer ,vance,+1-messy-0004824
review-clean4-messy-CAND-04825,review-clean4-messy.KIM.VINCENT.4825@EXAMPLE.COM,Kim,vincent,+1-messy-0004825
review-clean4-messy-CAND-04826,review-clean4-messy.rachel.larson.4826@example.com,Rachel,Larson,+1-messy-0004826
review-clean4-messy-CAND-04827,review-clean4-messy.daniel.jennings.4827@example.com,Daniel, Jennings ,+1-messy-0004827
review-clean4-messy-CAND-04828,review-clean4-messy.jessica.smith.4828@example.com,Jessica,smith,+1-messy-0004828
review-clean4-messy-CAND-04829,review-clean4-messy.TIFFANY.CHASE.4829@EXAMPLE.COM,tiffany,chase,+1-messy-0004829
review-clean4-messy-CAND-04830,review-clean4-messy.donna.thomas.4830@example.com,donna,Thomas,+1-messy-0004830
review-clean4-messy-CAND-04831,review-clean4-messy.tyler.sanchez.4831@example.com,Tyler, Sanchez ,+1-messy-0004831
review-clean4-messy-CAND-04832,review-clean4-messy.joyce.mcpherson.4832@example.com,Joyce, Mcpherson ,+1-messy-0004832
review-clean4-messy-CAND-04833,review-clean4-messy.candidate-04833@example.com,Michael,Garner,+1-messy-0004833
review-clean4-messy-CAND-04834,review-clean4-messy.james.blevins.4834@example.com,James,Blevins,+1-messy-0004834
review-clean4-messy-CAND-04835,review-clean4-messy.danielle.sheppard.4835@example.com,Danielle,Sheppard,+1-messy-0004835
review-clean4-messy-CAND-04836,review-clean4-messy.natalie.shelton.4836@example.com,Natalie,Shelton,+1-messy-0004836
review-clean4-messy-CAND-04837,review-clean4-messy.rachel.cole.4837@example.com,Rachel,Cole,+1-messy-0004837
review-clean4-messy-CAND-04838,review-clean4-messy. susan.rose.4838@example.com , Susan ,Rose,+1-messy-0004838
review-clean4-messy-CAND-04839,review-clean4-messy.joseph.shelton.4839@example.com,Joseph,Shelton,+1-messy-0004839
review-clean4-messy-CAND-04840,review-clean4-messy.PAMELA.MYERS.4840@EXAMPLE.COM,Pamela,Myers,+1-messy-0004840
review-clean4-messy-CAND-04841,review-clean4-messy.robert.mcknight.4841@example.com,Robert,Mcknight,+1-messy-0004841
review-clean4-messy-CAND-04842,review-clean4-messy.KYLE.WILLIAMS.4842@EXAMPLE.COM,Kyle,Williams,+1-messy-0004842
review-clean4-messy-CAND-04843,review-clean4-messy.ABIGAIL.COOPER.4843@EXAMPLE.COM,Abigail, Cooper ,+1-messy-0004843
review-clean4-messy-CAND-04844,review-clean4-messy.cheryl.hamilton.4844@example.com,Cheryl,Hamilton,+1-messy-0004844
review-clean4-messy-CAND-04845,review-clean4-messy. spencer.donaldson.4845@example.com ,Spencer,donaldson,+1-messy-0004845
review-clean4-messy-CAND-04846,review-clean4-messy.laura.roberts.4846@example.com,Laura,Roberts,+1-messy-0004846
review-clean4-messy-CAND-04847,review-clean4-messy.tara.porter.4847@example.com,Tara,Porter,+1-messy-0004847
review-clean4-messy-CAND-04848,review-clean4-messy.gina.owens.4848@example.com, Gina ,Owens,+1-messy-0004848
review-clean4-messy-CAND-04849,review-clean4-messy.EDWARD.LEVY.4849@EXAMPLE.COM,Edward,Levy,+1-messy-0004849
review-clean4-messy-CAND-04850,review-clean4-messy.cindy.beck.4850@example.com,Cindy,Beck,+1-messy-0004850
review-clean4-messy-CAND-04851,review-clean4-messy.kevin.roberts.4851@example.com,Kevin, Roberts ,+1-messy-0004851
review-clean4-messy-CAND-04852,review-clean4-messy. lauren.smith.4852@example.com ,Lauren,smith,+1-messy-0004852
review-clean4-messy-CAND-04853,review-clean4-messy.blake.campbell.4853@example.com,Blake,Campbell,+1-messy-0004853
review-clean4-messy-CAND-04854,review-clean4-messy. brittany.brown.4854@example.com , Brittany ,Brown,+1-messy-0004854
review-clean4-messy-CAND-04855,review-clean4-messy.kevin.jordan.4855@example.com,Kevin, Jordan ,+1-messy-0004855
review-clean4-messy-CAND-04856,review-clean4-messy.donna.smith.4856@example.com,donna,Smith,+1-messy-0004856
review-clean4-messy-CAND-04857,review-clean4-messy.JOHN.BELL.4857@EXAMPLE.COM,John,Bell,+1-messy-0004857
review-clean4-messy-CAND-04858,review-clean4-messy. justin.trevino.4858@example.com , Justin ,Trevino,+1-messy-0004858
review-clean4-messy-CAND-04859,review-clean4-messy.elizabeth.mack.4859@example.com,Elizabeth,Mack,+1-messy-0004859
review-clean4-messy-CAND-04860,review-clean4-messy.eric.miller.4860@example.com,Eric,Miller,+1-messy-0004860
review-clean4-messy-CAND-04861,review-clean4-messy. joseph.ferrell.4861@example.com ,Joseph,Ferrell,+1-messy-0004861
review-clean4-messy-CAND-04862,review-clean4-messy.candidate-04862@example.com,James,Richards,+1-messy-0004862
review-clean4-messy-CAND-04863,review-clean4-messy.christopher.robinson.4863@example.com,Christopher,Robinson,+1-messy-0004863
review-clean4-messy-CAND-04864,review-clean4-messy.thomas.gomez.4864@example.com,Thomas,Gomez,+1-messy-0004864
review-clean4-messy-CAND-04865,review-clean4-messy.lisa.walsh.4865@example.com,Lisa,Walsh,+1-messy-0004865
review-clean4-messy-CAND-04866,review-clean4-messy.ROBERTO.RASMUSSEN.4866@EXAMPLE.COM,roberto,rasmussen,+1-messy-0004866
review-clean4-messy-CAND-04867,review-clean4-messy.COREY.GREEN.4867@EXAMPLE.COM,Corey,green,+1-messy-0004867
review-clean4-messy-CAND-04868,review-clean4-messy.candidate-04868@example.com,Kevin,Collins,+1-messy-0004868
review-clean4-messy-CAND-04869,review-clean4-messy. anne.shelton.4869@example.com , Anne ,Shelton,+1-messy-0004869
review-clean4-messy-CAND-04870,review-clean4-messy.MARCUS.LANE.4870@EXAMPLE.COM,Marcus,Lane,+1-messy-0004870
review-clean4-messy-CAND-04871,review-clean4-messy.felicia.gonzalez.4871@example.com,Felicia,Gonzalez,+1-messy-0004871
review-clean4-messy-CAND-04872,review-clean4-messy.derek.spencer.4872@example.com,Derek,Spencer,+1-messy-0004872
review-clean4-messy-CAND-04873,review-clean4-messy.kevin.miller.4873@example.com,Kevin,miller,+1-messy-0004873
review-clean4-messy-CAND-04874,review-clean4-messy.ASHLEY.FULLER.4874@EXAMPLE.COM,Ashley,Fuller,+1-messy-0004874
review-clean4-messy-CAND-04875,review-clean4-messy.amy.bennett.4875@example.com, Amy ,Bennett,+1-messy-0004875
review-clean4-messy-CAND-04876,review-clean4-messy. nancy.kim.4876@example.com ,Nancy, Kim ,+1-messy-0004876
review-clean4-messy-CAND-04877,review-clean4-messy.dillon.ramos.4877@example.com,Dillon,Ramos,+1-messy-0004877
review-clean4-messy-CAND-04878,review-clean4-messy.lawrence.donovan.4878@example.com,Lawrence,Donovan,+1-messy-0004878
review-clean4-messy-CAND-04879,review-clean4-messy.jennifer.mcdonald.4879@example.com,Jennifer, Mcdonald ,+1-messy-0004879
review-clean4-messy-CAND-04880,review-clean4-messy.ronald.fisher.4880@example.com,Ronald,Fisher,+1-messy-0004880
review-clean4-messy-CAND-04881,review-clean4-messy.robert.johnson.4881@example.com,Robert, Johnson ,+1-messy-0004881
review-clean4-messy-CAND-04882,review-clean4-messy.angelica.bernard.4882@example.com,Angelica,Bernard,+1-messy-0004882
review-clean4-messy-CAND-04883,review-clean4-messy.robert.campos.4883@example.com,Robert,Campos,+1-messy-0004883
review-clean4-messy-CAND-04884,review-clean4-messy.christina.turner.4884@example.com,Christina,Turner,+1-messy-0004884
review-clean4-messy-CAND-04885,review-clean4-messy.candidate-04885@example.com,John,Hunt,+1-messy-0004885
review-clean4-messy-CAND-04886,review-clean4-messy.david.daniels.4886@example.com,David,Daniels,+1-messy-0004886
review-clean4-messy-CAND-04887,review-clean4-messy.ariana.carter.4887@example.com,ariana,Carter,+1-messy-0004887
review-clean4-messy-CAND-04888,review-clean4-messy.karina.long.4888@example.com,Karina,Long,+1-messy-0004888
review-clean4-messy-CAND-04889,review-clean4-messy.richard.smith.4889@example.com,richard, Smith ,+1-messy-0004889
review-clean4-messy-CAND-04890,review-clean4-messy.LINDSEY.GOLDEN.4890@EXAMPLE.COM,Lindsey,Golden,+1-messy-0004890
review-clean4-messy-CAND-04891,review-clean4-messy.candidate-04891@example.com,Steve,Brown,+1-messy-0004891
review-clean4-messy-CAND-04892,review-clean4-messy.brian.gallegos.4892@example.com,brian, Gallegos ,+1-messy-0004892
review-clean4-messy-CAND-04893,review-clean4-messy.debra.cook.4893@example.com,Debra,Cook,+1-messy-0004893
review-clean4-messy-CAND-04894,review-clean4-messy.candidate-04894@example.com,Connor,Roberts,+1-messy-0004894
review-clean4-messy-CAND-04895,review-clean4-messy.timothy.rivera.4895@example.com, Timothy ,rivera,+1-messy-0004895
review-clean4-messy-CAND-04896,review-clean4-messy.bruce.yang.4896@example.com, Bruce ,Yang,+1-messy-0004896
review-clean4-messy-CAND-04897,review-clean4-messy.emily.stevenson.4897@example.com,emily,Stevenson,+1-messy-0004897
review-clean4-messy-CAND-04898,review-clean4-messy.brian.harris.4898@example.com,Brian,Harris,+1-messy-0004898
review-clean4-messy-CAND-04899,review-clean4-messy.douglas.yang.4899@example.com,Douglas,Yang,+1-messy-0004899
review-clean4-messy-CAND-04900,review-clean4-messy.tyler.walker.4900@example.com,Tyler,Walker,+1-messy-0004900
review-clean4-messy-CAND-04901,review-clean4-messy.emma.phelps.4901@example.com,Emma,Phelps,+1-messy-0004901
review-clean4-messy-CAND-04902,review-clean4-messy.candidate-04902@example.com,Kevin,Collins,+1-messy-0004902
review-clean4-messy-CAND-04903,review-clean4-messy.veronica.smith.4903@example.com,Veronica,Smith,+1-messy-0004903
review-clean4-messy-CAND-04904,review-clean4-messy.todd.watts.4904@example.com,Todd,Watts,+1-messy-0004904
review-clean4-messy-CAND-04905,review-clean4-messy.danny.smith.4905@example.com,Danny,Smith,+1-messy-0004905
review-clean4-messy-CAND-04906,review-clean4-messy.CASSANDRA.MARTINEZ.4906@EXAMPLE.COM,Cassandra,Martinez,+1-messy-0004906
review-clean4-messy-CAND-04907,review-clean4-messy.collin.harris.4907@example.com,Collin,Harris,+1-messy-0004907
review-clean4-messy-CAND-04908,review-clean4-messy.thomas.wall.4908@example.com,Thomas,Wall,+1-messy-0004908
review-clean4-messy-CAND-04909,review-clean4-messy.scott.brown.4909@example.com,Scott,brown,+1-messy-0004909
review-clean4-messy-CAND-04910,review-clean4-messy.david.sullivan.4910@example.com,david, Sullivan ,+1-messy-0004910
review-clean4-messy-CAND-04911,review-clean4-messy.toni.wilkins.4911@example.com,Toni,Wilkins,+1-messy-0004911
review-clean4-messy-CAND-04912,review-clean4-messy.meagan.payne.4912@example.com,Meagan, Payne ,+1-messy-0004912
review-clean4-messy-CAND-04913,review-clean4-messy.lorraine.maldonado.4913@example.com,Lorraine,Maldonado,+1-messy-0004913
review-clean4-messy-CAND-04914,review-clean4-messy.michele.williamson.4914@example.com,michele,Williamson,+1-messy-0004914
review-clean4-messy-CAND-04915,review-clean4-messy.ryan.fields.4915@example.com,Ryan,fields,+1-messy-0004915
review-clean4-messy-CAND-04916,review-clean4-messy.jack.cardenas.4916@example.com,Jack,Cardenas,+1-messy-0004916
review-clean4-messy-CAND-04917,review-clean4-messy.diane.jackson.4917@example.com,Diane, Jackson ,+1-messy-0004917
review-clean4-messy-CAND-04918,review-clean4-messy.judith.payne.4918@example.com,Judith,Payne,+1-messy-0004918
review-clean4-messy-CAND-04919,review-clean4-messy.thomas.roberts.4919@example.com,Thomas, Roberts ,+1-messy-0004919
review-clean4-messy-CAND-04920,review-clean4-messy.elizabeth.haley.4920@example.com,Elizabeth,Haley,+1-messy-0004920
review-clean4-messy-CAND-04921,review-clean4-messy.trevor.contreras.4921@example.com,trevor,Contreras,+1-messy-0004921
review-clean4-messy-CAND-04922,review-clean4-messy.candidate-04922@example.com,peter, Wolfe ,+1-messy-0004922
review-clean4-messy-CAND-04923,review-clean4-messy.daniel.butler.4923@example.com,Daniel, Butler ,+1-messy-0004923
review-clean4-messy-CAND-04924,review-clean4-messy.roger.johnson.4924@example.com,Roger,Johnson,+1-messy-0004924
review-clean4-messy-CAND-04925,review-clean4-messy.stephen.elliott.4925@example.com,Stephen,Elliott,+1-messy-0004925
review-clean4-messy-CAND-04926,review-clean4-messy.alex.turner.4926@example.com, Alex ,Turner,+1-messy-0004926
review-clean4-messy-CAND-04927,review-clean4-messy.deanna.barry.4927@example.com,Deanna,barry,+1-messy-0004927
review-clean4-messy-CAND-04928,review-clean4-messy.christine.williams.4928@example.com,Christine,Williams,+1-messy-0004928
review-clean4-messy-CAND-04929,review-clean4-messy.rebecca.estes.4929@example.com,Rebecca,Estes,+1-messy-0004929
review-clean4-messy-CAND-04930,review-clean4-messy.taylor.sharp.4930@example.com,Taylor,sharp,+1-messy-0004930
review-clean4-messy-CAND-04931,review-clean4-messy.candidate-04931@example.com,Joshua,holden,+1-messy-0004931
review-clean4-messy-CAND-04932,review-clean4-messy.michael.foley.4932@example.com,Michael,foley,+1-messy-0004932
review-clean4-messy-CAND-04933,review-clean4-messy.wesley.bailey.4933@example.com,Wesley,Bailey,+1-messy-0004933
review-clean4-messy-CAND-04934,review-clean4-messy.jasmin.myers.4934@example.com,Jasmin, Myers ,+1-messy-0004934
review-clean4-messy-CAND-04935,review-clean4-messy.candidate-04935@example.com,Bryan,rios,+1-messy-0004935
review-clean4-messy-CAND-04936,review-clean4-messy.MICHAEL.BALL.4936@EXAMPLE.COM,Michael,Ball,+1-messy-0004936
review-clean4-messy-CAND-04937,review-clean4-messy.matthew.espinoza.4937@example.com,Matthew, Espinoza ,+1-messy-0004937
review-clean4-messy-CAND-04938,review-clean4-messy.kristin.ramirez.4938@example.com,Kristin, Ramirez ,+1-messy-0004938
review-clean4-messy-CAND-04939,review-clean4-messy.kathryn.turner.4939@example.com,Kathryn,turner,+1-messy-0004939
review-clean4-messy-CAND-04940,review-clean4-messy. phillip.hendricks.4940@example.com ,Phillip,Hendricks,+1-messy-0004940
review-clean4-messy-CAND-04941,review-clean4-messy.deanna.bennett.4941@example.com,Deanna,Bennett,+1-messy-0004941
review-clean4-messy-CAND-04942,review-clean4-messy.thomas.hopkins.4942@example.com, Thomas ,Hopkins,+1-messy-0004942
review-clean4-messy-CAND-04943,review-clean4-messy.barbara.pennington.4943@example.com,Barbara,Pennington,+1-messy-0004943
review-clean4-messy-CAND-04944,review-clean4-messy.KIMBERLY.FOX.4944@EXAMPLE.COM,Kimberly,Fox,+1-messy-0004944
review-clean4-messy-CAND-04945,review-clean4-messy.david.nguyen.4945@example.com,David,nguyen,+1-messy-0004945
review-clean4-messy-CAND-04946,review-clean4-messy.stephanie.bailey.4946@example.com,Stephanie,Bailey,+1-messy-0004946
review-clean4-messy-CAND-04947,review-clean4-messy.christina.powell.4947@example.com,Christina, Powell ,+1-messy-0004947
review-clean4-messy-CAND-04948,review-clean4-messy.candidate-04948@example.com,Brady, Christian ,+1-messy-0004948
review-clean4-messy-CAND-04949,review-clean4-messy.erik.davis.4949@example.com,Erik,Davis,+1-messy-0004949
review-clean4-messy-CAND-04950,review-clean4-messy.daniel.villa.4950@example.com, Daniel , Villa ,+1-messy-0004950
review-clean4-messy-CAND-04951,review-clean4-messy.thomas.wolf.4951@example.com,Thomas,Wolf,+1-messy-0004951
review-clean4-messy-CAND-04952,review-clean4-messy.tina.stokes.4952@example.com,Tina, Stokes ,+1-messy-0004952
review-clean4-messy-CAND-04953,review-clean4-messy. jessica.young.4953@example.com ,Jessica,Young,+1-messy-0004953
review-clean4-messy-CAND-04954,review-clean4-messy.rachel.thompson.4954@example.com,Rachel,Thompson,+1-messy-0004954
review-clean4-messy-CAND-04955,review-clean4-messy.patricia.campos.4955@example.com, Patricia ,Campos,+1-messy-0004955
review-clean4-messy-CAND-04956,review-clean4-messy.robert.brown.4956@example.com,robert,brown,+1-messy-0004956
review-clean4-messy-CAND-04957,review-clean4-messy. cheryl.wilson.4957@example.com ,cheryl,Wilson,+1-messy-0004957
review-clean4-messy-CAND-04958,review-clean4-messy. melanie.jones.4958@example.com ,Melanie,jones,+1-messy-0004958
review-clean4-messy-CAND-04959,review-clean4-messy. kathryn.obrien.4959@example.com ,Kathryn,Obrien,+1-messy-0004959
review-clean4-messy-CAND-04960,review-clean4-messy.mary.mclean.4960@example.com,Mary,Mclean,+1-messy-0004960
review-clean4-messy-CAND-04961,review-clean4-messy.manuel.hale.4961@example.com,Manuel,Hale,+1-messy-0004961
review-clean4-messy-CAND-04962,review-clean4-messy.nicholas.zhang.4962@example.com, Nicholas ,Zhang,+1-messy-0004962
review-clean4-messy-CAND-04963,review-clean4-messy.AUDREY.GONZALEZ.4963@EXAMPLE.COM, Audrey ,Gonzalez,+1-messy-0004963
review-clean4-messy-CAND-04964,review-clean4-messy.johnny.kim.4964@example.com,Johnny, Kim ,+1-messy-0004964
review-clean4-messy-CAND-04965,review-clean4-messy.justin.harris.4965@example.com,justin,Harris,+1-messy-0004965
review-clean4-messy-CAND-04966,review-clean4-messy.fernando.cervantes.4966@example.com,Fernando,cervantes,+1-messy-0004966
review-clean4-messy-CAND-04967,review-clean4-messy.candidate-04967@example.com, Lindsey ,Lee,+1-messy-0004967
review-clean4-messy-CAND-04968,review-clean4-messy.brandi.soto.4968@example.com,Brandi,Soto,+1-messy-0004968
review-clean4-messy-CAND-04969,review-clean4-messy.elizabeth.harris.4969@example.com,Elizabeth, Harris ,+1-messy-0004969
review-clean4-messy-CAND-04970,review-clean4-messy.LISA.BARRY.4970@EXAMPLE.COM,Lisa,Barry,+1-messy-0004970
review-clean4-messy-CAND-04971,review-clean4-messy.candidate-04971@example.com,Michael, Russell ,+1-messy-0004971
review-clean4-messy-CAND-04972,review-clean4-messy. amy.jones.4972@example.com ,Amy,jones,+1-messy-0004972
review-clean4-messy-CAND-04973,review-clean4-messy.jacob.blair.4973@example.com,Jacob,Blair,+1-messy-0004973
review-clean4-messy-CAND-04974,review-clean4-messy.candidate-04974@example.com,rhonda, May ,+1-messy-0004974
review-clean4-messy-CAND-04975,review-clean4-messy. tyler.collier.4975@example.com ,Tyler,Collier,+1-messy-0004975
review-clean4-messy-CAND-04976,review-clean4-messy.ashley.wells.4976@example.com,Ashley,wells,+1-messy-0004976
review-clean4-messy-CAND-04977,review-clean4-messy.michael.montgomery.4977@example.com,Michael, Montgomery ,+1-messy-0004977
review-clean4-messy-CAND-04978,review-clean4-messy.ANGELICA.TAYLOR.4978@EXAMPLE.COM,Angelica, Taylor ,+1-messy-0004978
review-clean4-messy-CAND-04979,review-clean4-messy.carlos.patterson.4979@example.com, Carlos ,Patterson,+1-messy-0004979
review-clean4-messy-CAND-04980,review-clean4-messy.nicholas.jones.4980@example.com, Nicholas , Jones ,+1-messy-0004980
review-clean4-messy-CAND-04981,review-clean4-messy.christian.patton.4981@example.com,Christian, Patton ,+1-messy-0004981
review-clean4-messy-CAND-04982,review-clean4-messy.candidate-04982@example.com,kenneth, Wilson ,+1-messy-0004982
review-clean4-messy-CAND-04983,review-clean4-messy.jerry.guzman.4983@example.com,Jerry,guzman,+1-messy-0004983
review-clean4-messy-CAND-04984,review-clean4-messy.mark.walker.4984@example.com,mark,Walker,+1-messy-0004984
review-clean4-messy-CAND-04985,review-clean4-messy.shelia.nielsen.4985@example.com,Shelia,Nielsen,+1-messy-0004985
review-clean4-messy-CAND-04986,review-clean4-messy.john.warner.4986@example.com,John,warner,+1-messy-0004986
review-clean4-messy-CAND-04987,review-clean4-messy.candidate-04987@example.com,Carlos,Savage,+1-messy-0004987
review-clean4-messy-CAND-04988,review-clean4-messy.tammy.jones.4988@example.com,Tammy,Jones,+1-messy-0004988
review-clean4-messy-CAND-04989,review-clean4-messy. barbara.castaneda.4989@example.com ,Barbara, Castaneda ,+1-messy-0004989
review-clean4-messy-CAND-04990,review-clean4-messy. sarah.porter.4990@example.com ,Sarah,Porter,+1-messy-0004990
review-clean4-messy-CAND-04991,review-clean4-messy.reginald.brown.4991@example.com,Reginald,Brown,+1-messy-0004991
review-clean4-messy-CAND-04992,review-clean4-messy.heidi.rodriguez.4992@example.com,Heidi,Rodriguez,+1-messy-0004992
review-clean4-messy-CAND-04993,review-clean4-messy.thomas.lowery.4993@example.com,Thomas, Lowery ,+1-messy-0004993
review-clean4-messy-CAND-04994,review-clean4-messy. jose.johnson.4994@example.com ,Jose,johnson,+1-messy-0004994
review-clean4-messy-CAND-04995,review-clean4-messy.matthew.green.4995@example.com,Matthew,Green,+1-messy-0004995
review-clean4-messy-CAND-04996,review-clean4-messy.matthew.hubbard.4996@example.com,matthew,Hubbard,+1-messy-0004996
review-clean4-messy-CAND-04997,review-clean4-messy.donald.payne.4997@example.com, Donald ,Payne,+1-messy-0004997
review-clean4-messy-CAND-04998,review-clean4-messy.jessica.glass.4998@example.com,Jessica,Glass,+1-messy-0004998
review-clean4-messy-CAND-04999,review-clean4-messy. elizabeth.johns.4999@example.com ,Elizabeth,Johns,+1-messy-0004999
review-clean4-messy-CAND-05000,review-clean4-messy.joe.jones.5000@example.com, Joe , Jones ,+1-messy-0005000
review-clean4-messy-CAND-05001,review-clean4-messy.DANIELLE.JOHNSON.0001@EXAMPLE.COM, Danielle ,Johnson,+1-messy-0005001
