candidate_id,email,first_name,last_name,phone
CAND-0001,danielle.johnson.0001@example.com,Danielle,Johnson,+1-555-0000001
CAND-0002,joshua.walker.0002@example.com,Joshua,Walker,+1-555-0000002
CAND-0003,jill.rhodes.0003@example.com,Jill,Rhodes,+1-555-0000003
CAND-0004,patricia.miller.0004@example.com,Patricia,Miller,+1-555-0000004
CAND-0005,robert.johnson.0005@example.com,Robert,Johnson,+1-555-0000005
CAND-0006,jeffery.wagner.0006@example.com,Jeffery,Wagner,+1-555-0000006
CAND-0007,anthony.gonzalez.0007@example.com,Anthony,Gonzalez,+1-555-0000007
CAND-0008,debra.gardner.0008@example.com,Debra,Gardner,+1-555-0000008
CAND-0009,jeffrey.lawrence.0009@example.com,Jeffrey,Lawrence,+1-555-0000009
CAND-0010,lisa.smith.0010@example.com,Lisa,Smith,+1-555-0000010
CAND-0011,linda.wolfe.0011@example.com,Linda,Wolfe,+1-555-0000011
CAND-0012,matthew.moore.0012@example.com,Matthew,Moore,+1-555-0000012
CAND-0013,susan.rogers.0013@example.com,Susan,Rogers,+1-555-0000013
CAND-0014,christopher.davis.0014@example.com,Christopher,Davis,+1-555-0000014
CAND-0015,melanie.munoz.0015@example.com,Melanie,Munoz,+1-555-0000015
CAND-0016,lindsay.blair.0016@example.com,Lindsay,Blair,+1-555-0000016
CAND-0017,amanda.dudley.0017@example.com,Amanda,Dudley,+1-555-0000017
CAND-0018,nicholas.arnold.0018@example.com,Nicholas,Arnold,+1-555-0000018
CAND-0019,maria.montgomery.0019@example.com,Maria,Montgomery,+1-555-0000019
CAND-0020,michelle.ray.0020@example.com,Michelle,Ray,+1-555-0000020
CAND-0021,janet.williams.0021@example.com,Janet,Williams,+1-555-0000021
CAND-0022,jeremy.roberts.0022@example.com,Jeremy,Roberts,+1-555-0000022
CAND-0023,christopher.hall.0023@example.com,Christopher,Hall,+1-555-0000023
CAND-0024,craig.ramirez.0024@example.com,Craig,Ramirez,+1-555-0000024
CAND-0025,cynthia.diaz.0025@example.com,Cynthia,Diaz,+1-555-0000025
CAND-0026,mitchell.clark.0026@example.com,Mitchell,Clark,+1-555-0000026
CAND-0027,joseph.zuniga.0027@example.com,Joseph,Zuniga,+1-555-0000027
CAND-0028,deborah.lynch.0028@example.com,Deborah,Lynch,+1-555-0000028
CAND-0029,george.daniel.0029@example.com,George,Daniel,+1-555-0000029
CAND-0030,frank.gray.0030@example.com,Frank,Gray,+1-555-0000030
CAND-0031,veronica.bowman.0031@example.com,Veronica,Bowman,+1-555-0000031
CAND-0032,angela.cohen.0032@example.com,Angela,Cohen,+1-555-0000032
CAND-0033,megan.parsons.0033@example.com,Megan,Parsons,+1-555-0000033
CAND-0034,jeremy.johnson.0034@example.com,Jeremy,Johnson,+1-555-0000034
CAND-0035,leslie.adams.0035@example.com,Leslie,Adams,+1-555-0000035
CAND-0036,jason.hahn.0036@example.com,Jason,Hahn,+1-555-0000036
CAND-0037,nancy.edwards.0037@example.com,Nancy,Edwards,+1-555-0000037
CAND-0038,diana.foster.0038@example.com,Diana,Foster,+1-555-0000038
CAND-0039,robin.ellis.0039@example.com,Robin,Ellis,+1-555-0000039
CAND-0040,joseph.wright.0040@example.com,Joseph,Wright,+1-555-0000040
CAND-0041,anna.baker.0041@example.com,Anna,Baker,+1-555-0000041
CAND-0042,brenda.hurst.0042@example.com,Brenda,Hurst,+1-555-0000042
CAND-0043,reginald.robinson.0043@example.com,Reginald,Robinson,+1-555-0000043
CAND-0044,whitney.hicks.0044@example.com,Whitney,Hicks,+1-555-0000044
CAND-0045,christopher.williams.0045@example.com,Christopher,Williams,+1-555-0000045
CAND-0046,daniel.burton.0046@example.com,Daniel,Burton,+1-555-0000046
CAND-0047,laura.henderson.0047@example.com,Laura,Henderson,+1-555-0000047
CAND-0048,bryan.james.0048@example.com,Bryan,James,+1-555-0000048
CAND-0049,wendy.rice.0049@example.com,Wendy,Rice,+1-555-0000049
CAND-0050,tasha.valencia.0050@example.com,Tasha,Valencia,+1-555-0000050
CAND-0051,alexander.le.0051@example.com,Alexander,Le,+1-555-0000051
CAND-0052,erin.herrera.0052@example.com,Erin,Herrera,+1-555-0000052
CAND-0053,joseph.davidson.0053@example.com,Joseph,Davidson,+1-555-0000053
CAND-0054,daniel.graham.0054@example.com,Daniel,Graham,+1-555-0000054
CAND-0055,shawn.mckay.0055@example.com,Shawn,Mckay,+1-555-0000055
CAND-0056,nancy.baker.0056@example.com,Nancy,Baker,+1-555-0000056
CAND-0057,vincent.white.0057@example.com,Vincent,White,+1-555-0000057
CAND-0058,rita.harrell.0058@example.com,Rita,Harrell,+1-555-0000058
CAND-0059,kenneth.fowler.0059@example.com,Kenneth,Fowler,+1-555-0000059
CAND-0060,chelsea.hernandez.0060@example.com,Chelsea,Hernandez,+1-555-0000060
CAND-0061,kathryn.ryan.0061@example.com,Kathryn,Ryan,+1-555-0000061
CAND-0062,kimberly.moreno.0062@example.com,Kimberly,Moreno,+1-555-0000062
CAND-0063,aaron.nguyen.0063@example.com,Aaron,Nguyen,+1-555-0000063
CAND-0064,andrew.hickman.0064@example.com,Andrew,Hickman,+1-555-0000064
CAND-0065,natasha.decker.0065@example.com,Natasha,Decker,+1-555-0000065
CAND-0066,kyle.brown.0066@example.com,Kyle,Brown,+1-555-0000066
CAND-0067,natalie.arroyo.0067@example.com,Natalie,Arroyo,+1-555-0000067
CAND-0068,christopher.tucker.0068@example.com,Christopher,Tucker,+1-555-0000068
CAND-0069,chad.hodges.0069@example.com,Chad,Hodges,+1-555-0000069
CAND-0070,katie.anderson.0070@example.com,Katie,Anderson,+1-555-0000070
CAND-0071,thomas.pierce.0071@example.com,Thomas,Pierce,+1-555-0000071
CAND-0072,joseph.brennan.0072@example.com,Joseph,Brennan,+1-555-0000072
CAND-0073,rodney.lewis.0073@example.com,Rodney,Lewis,+1-555-0000073
CAND-0074,amber.blair.0074@example.com,Amber,Blair,+1-555-0000074
CAND-0075,james.collins.0075@example.com,James,Collins,+1-555-0000075
CAND-0076,wanda.santos.0076@example.com,Wanda,Santos,+1-555-0000076
CAND-0077,samuel.holmes.0077@example.com,Samuel,Holmes,+1-555-0000077
CAND-0078,david.walker.0078@example.com,David,Walker,+1-555-0000078
CAND-0079,matthew.chapman.0079@example.com,Matthew,Chapman,+1-555-0000079
CAND-0080,jerry.robinson.0080@example.com,Jerry,Robinson,+1-555-0000080
CAND-0081,chad.welch.0081@example.com,Chad,Welch,+1-555-0000081
CAND-0082,jeremy.whitehead.0082@example.com,Jeremy,Whitehead,+1-555-0000082
CAND-0083,michele.jones.0083@example.com,Michele,Jones,+1-555-0000083
CAND-0084,john.caldwell.0084@example.com,John,Caldwell,+1-555-0000084
CAND-0085,jason.anderson.0085@example.com,Jason,Anderson,+1-555-0000085
CAND-0086,selena.duncan.0086@example.com,Selena,Duncan,+1-555-0000086
CAND-0087,thomas.mueller.0087@example.com,Thomas,Mueller,+1-555-0000087
CAND-0088,lindsey.lee.0088@example.com,Lindsey,Lee,+1-555-0000088
CAND-0089,collin.jordan.0089@example.com,Collin,Jordan,+1-555-0000089
CAND-0090,rodney.owens.0090@example.com,Rodney,Owens,+1-555-0000090
CAND-0091,jessica.nunez.0091@example.com,Jessica,Nunez,+1-555-0000091
CAND-0092,tracey.garcia.0092@example.com,Tracey,Garcia,+1-555-0000092
CAND-0093,richard.morgan.0093@example.com,Richard,Morgan,+1-555-0000093
CAND-0094,michelle.wright.0094@example.com,Michelle,Wright,+1-555-0000094
CAND-0095,james.west.0095@example.com,James,West,+1-555-0000095
CAND-0096,robert.ramirez.0096@example.com,Robert,Ramirez,+1-555-0000096
CAND-0097,john.leblanc.0097@example.com,John,Leblanc,+1-555-0000097
CAND-0098,scott.callahan.0098@example.com,Scott,Callahan,+1-555-0000098
CAND-0099,andrea.williams.0099@example.com,Andrea,Williams,+1-555-0000099
CAND-0100,yvette.huff.0100@example.com,Yvette,Huff,+1-555-0000100
CAND-0101,tanya.house.0101@example.com,Tanya,House,+1-555-0000101
CAND-0102,melinda.martin.0102@example.com,Melinda,Martin,+1-555-0000102
CAND-0103,todd.lewis.0103@example.com,Todd,Lewis,+1-555-0000103
CAND-0104,richard.brown.0104@example.com,Richard,Brown,+1-555-0000104
CAND-0105,nicholas.galloway.0105@example.com,Nicholas,Galloway,+1-555-0000105
CAND-0106,joseph.bowers.0106@example.com,Joseph,Bowers,+1-555-0000106
CAND-0107,spencer.henderson.0107@example.com,Spencer,Henderson,+1-555-0000107
CAND-0108,susan.cowan.0108@example.com,Susan,Cowan,+1-555-0000108
CAND-0109,angela.higgins.0109@example.com,Angela,Higgins,+1-555-0000109
CAND-0110,eric.phillips.0110@example.com,Eric,Phillips,+1-555-0000110
CAND-0111,tanya.riley.0111@example.com,Tanya,Riley,+1-555-0000111
CAND-0112,amy.adkins.0112@example.com,Amy,Adkins,+1-555-0000112
CAND-0113,brian.silva.0113@example.com,Brian,Silva,+1-555-0000113
CAND-0114,wesley.farrell.0114@example.com,Wesley,Farrell,+1-555-0000114
CAND-0115,eric.yu.0115@example.com,Eric,Yu,+1-555-0000115
CAND-0116,christopher.lopez.0116@example.com,Christopher,Lopez,+1-555-0000116
CAND-0117,brooke.leonard.0117@example.com,Brooke,Leonard,+1-555-0000117
CAND-0118,joe.wilson.0118@example.com,Joe,Wilson,+1-555-0000118
CAND-0119,pamela.sanchez.0119@example.com,Pamela,Sanchez,+1-555-0000119
CAND-0120,brooke.harvey.0120@example.com,Brooke,Harvey,+1-555-0000120
CAND-0121,robert.silva.0121@example.com,Robert,Silva,+1-555-0000121
CAND-0122,alexandra.donovan.0122@example.com,Alexandra,Donovan,+1-555-0000122
CAND-0123,james.moran.0123@example.com,James,Moran,+1-555-0000123
CAND-0124,john.foster.0124@example.com,John,Foster,+1-555-0000124
CAND-0125,emily.evans.0125@example.com,Emily,Evans,+1-555-0000125
CAND-0126,leslie.walton.0126@example.com,Leslie,Walton,+1-555-0000126
CAND-0127,charles.ellis.0127@example.com,Charles,Ellis,+1-555-0000127
CAND-0128,yolanda.ferrell.0128@example.com,Yolanda,Ferrell,+1-555-0000128
CAND-0129,charles.lewis.0129@example.com,Charles,Lewis,+1-555-0000129
CAND-0130,joseph.mahoney.0130@example.com,Joseph,Mahoney,+1-555-0000130
CAND-0131,nicole.suarez.0131@example.com,Nicole,Suarez,+1-555-0000131
CAND-0132,mike.moore.0132@example.com,Mike,Moore,+1-555-0000132
CAND-0133,martha.warner.0133@example.com,Martha,Warner,+1-555-0000133
CAND-0134,cheryl.archer.0134@example.com,Cheryl,Archer,+1-555-0000134
CAND-0135,destiny.smith.0135@example.com,Destiny,Smith,+1-555-0000135
CAND-0136,lisa.evans.0136@example.com,Lisa,Evans,+1-555-0000136
CAND-0137,elizabeth.mcmillan.0137@example.com,Elizabeth,Mcmillan,+1-555-0000137
CAND-0138,dennis.wilson.0138@example.com,Dennis,Wilson,+1-555-0000138
CAND-0139,daniel.tran.0139@example.com,Daniel,Tran,+1-555-0000139
CAND-0140,joseph.jacobs.0140@example.com,Joseph,Jacobs,+1-555-0000140
CAND-0141,jennifer.harris.0141@example.com,Jennifer,Harris,+1-555-0000141
CAND-0142,cynthia.baker.0142@example.com,Cynthia,Baker,+1-555-0000142
CAND-0143,tracy.whitehead.0143@example.com,Tracy,Whitehead,+1-555-0000143
CAND-0144,meghan.davis.0144@example.com,Meghan,Davis,+1-555-0000144
CAND-0145,rodney.hill.0145@example.com,Rodney,Hill,+1-555-0000145
CAND-0146,adam.wise.0146@example.com,Adam,Wise,+1-555-0000146
CAND-0147,dana.green.0147@example.com,Dana,Green,+1-555-0000147
CAND-0148,joyce.arnold.0148@example.com,Joyce,Arnold,+1-555-0000148
CAND-0149,ronald.smith.0149@example.com,Ronald,Smith,+1-555-0000149
CAND-0150,charles.ware.0150@example.com,Charles,Ware,+1-555-0000150
CAND-0151,rebecca.gardner.0151@example.com,Rebecca,Gardner,+1-555-0000151
CAND-0152,mary.aguilar.0152@example.com,Mary,Aguilar,+1-555-0000152
CAND-0153,earl.anderson.0153@example.com,Earl,Anderson,+1-555-0000153
CAND-0154,kyle.nolan.0154@example.com,Kyle,Nolan,+1-555-0000154
CAND-0155,laura.valencia.0155@example.com,Laura,Valencia,+1-555-0000155
CAND-0156,rachel.clark.0156@example.com,Rachel,Clark,+1-555-0000156
CAND-0157,john.garcia.0157@example.com,John,Garcia,+1-555-0000157
CAND-0158,kimberly.henson.0158@example.com,Kimberly,Henson,+1-555-0000158
CAND-0159,richard.oliver.0159@example.com,Richard,Oliver,+1-555-0000159
CAND-0160,eric.spears.0160@example.com,Eric,Spears,+1-555-0000160
CAND-0161,michelle.cherry.0161@example.com,Michelle,Cherry,+1-555-0000161
CAND-0162,lisa.keith.0162@example.com,Lisa,Keith,+1-555-0000162
CAND-0163,angel.doyle.0163@example.com,Angel,Doyle,+1-555-0000163
CAND-0164,martin.galvan.0164@example.com,Martin,Galvan,+1-555-0000164
CAND-0165,leah.shields.0165@example.com,Leah,Shields,+1-555-0000165
CAND-0166,lisa.adams.0166@example.com,Lisa,Adams,+1-555-0000166
CAND-0167,kristin.rodriguez.0167@example.com,Kristin,Rodriguez,+1-555-0000167
CAND-0168,monica.garrison.0168@example.com,Monica,Garrison,+1-555-0000168
CAND-0169,jeffrey.velasquez.0169@example.com,Jeffrey,Velasquez,+1-555-0000169
CAND-0170,steven.torres.0170@example.com,Steven,Torres,+1-555-0000170
CAND-0171,laura.perez.0171@example.com,Laura,Perez,+1-555-0000171
CAND-0172,andrew.lee.0172@example.com,Andrew,Lee,+1-555-0000172
CAND-0173,mark.lin.0173@example.com,Mark,Lin,+1-555-0000173
CAND-0174,tammy.ramirez.0174@example.com,Tammy,Ramirez,+1-555-0000174
CAND-0175,darlene.ross.0175@example.com,Darlene,Ross,+1-555-0000175
CAND-0176,tina.herrera.0176@example.com,Tina,Herrera,+1-555-0000176
CAND-0177,sheila.wilson.0177@example.com,Sheila,Wilson,+1-555-0000177
CAND-0178,tara.white.0178@example.com,Tara,White,+1-555-0000178
CAND-0179,sydney.baker.0179@example.com,Sydney,Baker,+1-555-0000179
CAND-0180,daniel.hamilton.0180@example.com,Daniel,Hamilton,+1-555-0000180
CAND-0181,jessica.edwards.0181@example.com,Jessica,Edwards,+1-555-0000181
CAND-0182,catherine.dixon.0182@example.com,Catherine,Dixon,+1-555-0000182
CAND-0183,paul.ray.0183@example.com,Paul,Ray,+1-555-0000183
CAND-0184,jonathan.fletcher.0184@example.com,Jonathan,Fletcher,+1-555-0000184
CAND-0185,aaron.frost.0185@example.com,Aaron,Frost,+1-555-0000185
CAND-0186,amanda.ball.0186@example.com,Amanda,Ball,+1-555-0000186
CAND-0187,judy.lambert.0187@example.com,Judy,Lambert,+1-555-0000187
CAND-0188,michael.jones.0188@example.com,Michael,Jones,+1-555-0000188
CAND-0189,elizabeth.rivera.0189@example.com,Elizabeth,Rivera,+1-555-0000189
CAND-0190,lee.charles.0190@example.com,Lee,Charles,+1-555-0000190
CAND-0191,jennifer.evans.0191@example.com,Jennifer,Evans,+1-555-0000191
CAND-0192,kyle.ortiz.0192@example.com,Kyle,Ortiz,+1-555-0000192
CAND-0193,richard.phillips.0193@example.com,Richard,Phillips,+1-555-0000193
CAND-0194,david.fisher.0194@example.com,David,Fisher,+1-555-0000194
CAND-0195,shelby.byrd.0195@example.com,Shelby,Byrd,+1-555-0000195
CAND-0196,raven.gilbert.0196@example.com,Raven,Gilbert,+1-555-0000196
CAND-0197,kevin.kelley.0197@example.com,Kevin,Kelley,+1-555-0000197
CAND-0198,aaron.mitchell.0198@example.com,Aaron,Mitchell,+1-555-0000198
CAND-0199,russell.carpenter.0199@example.com,Russell,Carpenter,+1-555-0000199
CAND-0200,diana.marshall.0200@example.com,Diana,Marshall,+1-555-0000200
CAND-0201,scott.lewis.0201@example.com,Scott,Lewis,+1-555-0000201
CAND-0202,thomas.santana.0202@example.com,Thomas,Santana,+1-555-0000202
CAND-0203,laura.jackson.0203@example.com,Laura,Jackson,+1-555-0000203
CAND-0204,christopher.robertson.0204@example.com,Christopher,Robertson,+1-555-0000204
CAND-0205,cynthia.rogers.0205@example.com,Cynthia,Rogers,+1-555-0000205
CAND-0206,loretta.potter.0206@example.com,Loretta,Potter,+1-555-0000206
CAND-0207,emily.walker.0207@example.com,Emily,Walker,+1-555-0000207
CAND-0208,james.johnson.0208@example.com,James,Johnson,+1-555-0000208
CAND-0209,john.alvarez.0209@example.com,John,Alvarez,+1-555-0000209
CAND-0210,melissa.jones.0210@example.com,Melissa,Jones,+1-555-0000210
CAND-0211,robert.soto.0211@example.com,Robert,Soto,+1-555-0000211
CAND-0212,james.horton.0212@example.com,James,Horton,+1-555-0000212
CAND-0213,troy.sanchez.0213@example.com,Troy,Sanchez,+1-555-0000213
CAND-0214,diana.smith.0214@example.com,Diana,Smith,+1-555-0000214
CAND-0215,karen.carrillo.0215@example.com,Karen,Carrillo,+1-555-0000215
CAND-0216,daniel.coleman.0216@example.com,Daniel,Coleman,+1-555-0000216
CAND-0217,gregory.rubio.0217@example.com,Gregory,Rubio,+1-555-0000217
CAND-0218,april.williams.0218@example.com,April,Williams,+1-555-0000218
CAND-0219,john.charles.0219@example.com,John,Charles,+1-555-0000219
CAND-0220,stephen.solis.0220@example.com,Stephen,Solis,+1-555-0000220
CAND-0221,elizabeth.travis.0221@example.com,Elizabeth,Travis,+1-555-0000221
CAND-0222,caitlin.dodson.0222@example.com,Caitlin,Dodson,+1-555-0000222
CAND-0223,patricia.salazar.0223@example.com,Patricia,Salazar,+1-555-0000223
CAND-0224,jennifer.wagner.0224@example.com,Jennifer,Wagner,+1-555-0000224
CAND-0225,maria.kelley.0225@example.com,Maria,Kelley,+1-555-0000225
CAND-0226,phyllis.manning.0226@example.com,Phyllis,Manning,+1-555-0000226
CAND-0227,thomas.green.0227@example.com,Thomas,Green,+1-555-0000227
CAND-0228,john.walsh.0228@example.com,John,Walsh,+1-555-0000228
CAND-0229,katie.boyd.0229@example.com,Katie,Boyd,+1-555-0000229
CAND-0230,courtney.hill.0230@example.com,Courtney,Hill,+1-555-0000230
CAND-0231,chris.mitchell.0231@example.com,Chris,Mitchell,+1-555-0000231
CAND-0232,joseph.flores.0232@example.com,Joseph,Flores,+1-555-0000232
CAND-0233,amber.taylor.0233@example.com,Amber,Taylor,+1-555-0000233
CAND-0234,jesse.benson.0234@example.com,Jesse,Benson,+1-555-0000234
CAND-0235,jasmine.brown.0235@example.com,Jasmine,Brown,+1-555-0000235
CAND-0236,rick.daniels.0236@example.com,Rick,Daniels,+1-555-0000236
CAND-0237,robert.clark.0237@example.com,Robert,Clark,+1-555-0000237
CAND-0238,robert.stein.0238@example.com,Robert,Stein,+1-555-0000238
CAND-0239,brandy.dominguez.0239@example.com,Brandy,Dominguez,+1-555-0000239
CAND-0240,melissa.cannon.0240@example.com,Melissa,Cannon,+1-555-0000240
CAND-0241,omar.smith.0241@example.com,Omar,Smith,+1-555-0000241
CAND-0242,michael.molina.0242@example.com,Michael,Molina,+1-555-0000242
CAND-0243,melissa.ashley.0243@example.com,Melissa,Ashley,+1-555-0000243
CAND-0244,robert.adkins.0244@example.com,Robert,Adkins,+1-555-0000244
CAND-0245,amy.morrison.0245@example.com,Amy,Morrison,+1-555-0000245
CAND-0246,jeffrey.robinson.0246@example.com,Jeffrey,Robinson,+1-555-0000246
CAND-0247,ryan.johnson.0247@example.com,Ryan,Johnson,+1-555-0000247
CAND-0248,matthew.shelton.0248@example.com,Matthew,Shelton,+1-555-0000248
CAND-0249,richard.martin.0249@example.com,Richard,Martin,+1-555-0000249
CAND-0250,tanner.anderson.0250@example.com,Tanner,Anderson,+1-555-0000250
CAND-0251,cindy.johnson.0251@example.com,Cindy,Johnson,+1-555-0000251
CAND-0252,phillip.elliott.0252@example.com,Phillip,Elliott,+1-555-0000252
CAND-0253,anthony.day.0253@example.com,Anthony,Day,+1-555-0000253
CAND-0254,derek.murray.0254@example.com,Derek,Murray,+1-555-0000254
CAND-0255,brent.gray.0255@example.com,Brent,Gray,+1-555-0000255
CAND-0256,jason.murphy.0256@example.com,Jason,Murphy,+1-555-0000256
CAND-0257,kathleen.gray.0257@example.com,Kathleen,Gray,+1-555-0000257
CAND-0258,karen.decker.0258@example.com,Karen,Decker,+1-555-0000258
CAND-0259,johnny.miller.0259@example.com,Johnny,Miller,+1-555-0000259
CAND-0260,andrew.ryan.0260@example.com,Andrew,Ryan,+1-555-0000260
CAND-0261,zoe.bell.0261@example.com,Zoe,Bell,+1-555-0000261
CAND-0262,debra.harrington.0262@example.com,Debra,Harrington,+1-555-0000262
CAND-0263,denise.webster.0263@example.com,Denise,Webster,+1-555-0000263
CAND-0264,stefanie.gonzalez.0264@example.com,Stefanie,Gonzalez,+1-555-0000264
CAND-0265,andrew.hernandez.0265@example.com,Andrew,Hernandez,+1-555-0000265
CAND-0266,david.caldwell.0266@example.com,David,Caldwell,+1-555-0000266
CAND-0267,anne.robinson.0267@example.com,Anne,Robinson,+1-555-0000267
CAND-0268,holly.wang.0268@example.com,Holly,Wang,+1-555-0000268
CAND-0269,gary.lawson.0269@example.com,Gary,Lawson,+1-555-0000269
CAND-0270,julie.wilson.0270@example.com,Julie,Wilson,+1-555-0000270
CAND-0271,lori.oconnell.0271@example.com,Lori,Oconnell,+1-555-0000271
CAND-0272,daniel.johnson.0272@example.com,Daniel,Johnson,+1-555-0000272
CAND-0273,larry.byrd.0273@example.com,Larry,Byrd,+1-555-0000273
CAND-0274,susan.sanders.0274@example.com,Susan,Sanders,+1-555-0000274
CAND-0275,jennifer.jones.0275@example.com,Jennifer,Jones,+1-555-0000275
CAND-0276,hannah.burton.0276@example.com,Hannah,Burton,+1-555-0000276
CAND-0277,curtis.barton.0277@example.com,Curtis,Barton,+1-555-0000277
CAND-0278,melissa.burke.0278@example.com,Melissa,Burke,+1-555-0000278
CAND-0279,david.riggs.0279@example.com,David,Riggs,+1-555-0000279
CAND-0280,kimberly.reed.0280@example.com,Kimberly,Reed,+1-555-0000280
CAND-0281,ross.wood.0281@example.com,Ross,Wood,+1-555-0000281
CAND-0282,william.peterson.0282@example.com,William,Peterson,+1-555-0000282
CAND-0283,melissa.short.0283@example.com,Melissa,Short,+1-555-0000283
CAND-0284,daniel.yu.0284@example.com,Daniel,Yu,+1-555-0000284
CAND-0285,cynthia.poole.0285@example.com,Cynthia,Poole,+1-555-0000285
CAND-0286,jasmine.graham.0286@example.com,Jasmine,Graham,+1-555-0000286
CAND-0287,jessica.sheppard.0287@example.com,Jessica,Sheppard,+1-555-0000287
CAND-0288,joseph.morton.0288@example.com,Joseph,Morton,+1-555-0000288
CAND-0289,amanda.webb.0289@example.com,Amanda,Webb,+1-555-0000289
CAND-0290,ryan.simon.0290@example.com,Ryan,Simon,+1-555-0000290
CAND-0291,joseph.christian.0291@example.com,Joseph,Christian,+1-555-0000291
CAND-0292,mariah.miller.0292@example.com,Mariah,Miller,+1-555-0000292
CAND-0293,nicole.sanchez.0293@example.com,Nicole,Sanchez,+1-555-0000293
CAND-0294,steven.bishop.0294@example.com,Steven,Bishop,+1-555-0000294
CAND-0295,nicholas.johnson.0295@example.com,Nicholas,Johnson,+1-555-0000295
CAND-0296,melissa.white.0296@example.com,Melissa,White,+1-555-0000296
CAND-0297,jason.salinas.0297@example.com,Jason,Salinas,+1-555-0000297
CAND-0298,matthew.beard.0298@example.com,Matthew,Beard,+1-555-0000298
CAND-0299,jacqueline.hill.0299@example.com,Jacqueline,Hill,+1-555-0000299
CAND-0300,alejandro.vaughan.0300@example.com,Alejandro,Vaughan,+1-555-0000300
CAND-0301,christopher.cortez.0301@example.com,Christopher,Cortez,+1-555-0000301
CAND-0302,tracy.chang.0302@example.com,Tracy,Chang,+1-555-0000302
CAND-0303,hannah.brewer.0303@example.com,Hannah,Brewer,+1-555-0000303
CAND-0304,travis.mcguire.0304@example.com,Travis,Mcguire,+1-555-0000304
CAND-0305,christopher.walker.0305@example.com,Christopher,Walker,+1-555-0000305
CAND-0306,heather.torres.0306@example.com,Heather,Torres,+1-555-0000306
CAND-0307,bonnie.kennedy.0307@example.com,Bonnie,Kennedy,+1-555-0000307
CAND-0308,alyssa.coleman.0308@example.com,Alyssa,Coleman,+1-555-0000308
CAND-0309,julie.rivera.0309@example.com,Julie,Rivera,+1-555-0000309
CAND-0310,jacqueline.nelson.0310@example.com,Jacqueline,Nelson,+1-555-0000310
CAND-0311,john.martinez.0311@example.com,John,Martinez,+1-555-0000311
CAND-0312,james.wilson.0312@example.com,James,Wilson,+1-555-0000312
CAND-0313,amanda.gill.0313@example.com,Amanda,Gill,+1-555-0000313
CAND-0314,jacob.robinson.0314@example.com,Jacob,Robinson,+1-555-0000314
CAND-0315,todd.hardy.0315@example.com,Todd,Hardy,+1-555-0000315
CAND-0316,tiffany.warren.0316@example.com,Tiffany,Warren,+1-555-0000316
CAND-0317,justin.garcia.0317@example.com,Justin,Garcia,+1-555-0000317
CAND-0318,james.perez.0318@example.com,James,Perez,+1-555-0000318
CAND-0319,harry.smith.0319@example.com,Harry,Smith,+1-555-0000319
CAND-0320,amanda.hill.0320@example.com,Amanda,Hill,+1-555-0000320
CAND-0321,terri.tran.0321@example.com,Terri,Tran,+1-555-0000321
CAND-0322,heidi.martinez.0322@example.com,Heidi,Martinez,+1-555-0000322
CAND-0323,miranda.henry.0323@example.com,Miranda,Henry,+1-555-0000323
CAND-0324,monique.andrews.0324@example.com,Monique,Andrews,+1-555-0000324
CAND-0325,taylor.alexander.0325@example.com,Taylor,Alexander,+1-555-0000325
CAND-0326,jack.williams.0326@example.com,Jack,Williams,+1-555-0000326
CAND-0327,shelley.woods.0327@example.com,Shelley,Woods,+1-555-0000327
CAND-0328,lynn.morales.0328@example.com,Lynn,Morales,+1-555-0000328
CAND-0329,charles.soto.0329@example.com,Charles,Soto,+1-555-0000329
CAND-0330,brian.hernandez.0330@example.com,Brian,Hernandez,+1-555-0000330
CAND-0331,anna.torres.0331@example.com,Anna,Torres,+1-555-0000331
CAND-0332,victoria.wilson.0332@example.com,Victoria,Wilson,+1-555-0000332
CAND-0333,kathy.obrien.0333@example.com,Kathy,Obrien,+1-555-0000333
CAND-0334,krystal.perez.0334@example.com,Krystal,Perez,+1-555-0000334
CAND-0335,alexandra.hayes.0335@example.com,Alexandra,Hayes,+1-555-0000335
CAND-0336,scott.dalton.0336@example.com,Scott,Dalton,+1-555-0000336
CAND-0337,veronica.torres.0337@example.com,Veronica,Torres,+1-555-0000337
CAND-0338,christine.lynch.0338@example.com,Christine,Lynch,+1-555-0000338
CAND-0339,jody.meza.0339@example.com,Jody,Meza,+1-555-0000339
CAND-0340,jared.clark.0340@example.com,Jared,Clark,+1-555-0000340
CAND-0341,donna.moore.0341@example.com,Donna,Moore,+1-555-0000341
CAND-0342,glenn.jones.0342@example.com,Glenn,Jones,+1-555-0000342
CAND-0343,aaron.hayes.0343@example.com,Aaron,Hayes,+1-555-0000343
CAND-0344,brittney.carter.0344@example.com,Brittney,Carter,+1-555-0000344
CAND-0345,jesse.mann.0345@example.com,Jesse,Mann,+1-555-0000345
CAND-0346,jacqueline.gibson.0346@example.com,Jacqueline,Gibson,+1-555-0000346
CAND-0347,grace.bradshaw.0347@example.com,Grace,Bradshaw,+1-555-0000347
CAND-0348,kristin.weber.0348@example.com,Kristin,Weber,+1-555-0000348
CAND-0349,donna.peck.0349@example.com,Donna,Peck,+1-555-0000349
CAND-0350,ronald.stephens.0350@example.com,Ronald,Stephens,+1-555-0000350
CAND-0351,deborah.kerr.0351@example.com,Deborah,Kerr,+1-555-0000351
CAND-0352,margaret.jones.0352@example.com,Margaret,Jones,+1-555-0000352
CAND-0353,gabriel.parker.0353@example.com,Gabriel,Parker,+1-555-0000353
CAND-0354,kaitlyn.carroll.0354@example.com,Kaitlyn,Carroll,+1-555-0000354
CAND-0355,keith.martinez.0355@example.com,Keith,Martinez,+1-555-0000355
CAND-0356,haley.lyons.0356@example.com,Haley,Lyons,+1-555-0000356
CAND-0357,sherri.mason.0357@example.com,Sherri,Mason,+1-555-0000357
CAND-0358,troy.miller.0358@example.com,Troy,Miller,+1-555-0000358
CAND-0359,bill.reynolds.0359@example.com,Bill,Reynolds,+1-555-0000359
CAND-0360,marcus.wright.0360@example.com,Marcus,Wright,+1-555-0000360
CAND-0361,christopher.hayden.0361@example.com,Christopher,Hayden,+1-555-0000361
CAND-0362,mary.johnston.0362@example.com,Mary,Johnston,+1-555-0000362
CAND-0363,stephanie.key.0363@example.com,Stephanie,Key,+1-555-0000363
CAND-0364,emily.adams.0364@example.com,Emily,Adams,+1-555-0000364
CAND-0365,billy.avila.0365@example.com,Billy,Avila,+1-555-0000365
CAND-0366,thomas.pearson.0366@example.com,Thomas,Pearson,+1-555-0000366
CAND-0367,sabrina.white.0367@example.com,Sabrina,White,+1-555-0000367
CAND-0368,brenda.walters.0368@example.com,Brenda,Walters,+1-555-0000368
CAND-0369,travis.davis.0369@example.com,Travis,Davis,+1-555-0000369
CAND-0370,michael.cook.0370@example.com,Michael,Cook,+1-555-0000370
CAND-0371,elizabeth.hodge.0371@example.com,Elizabeth,Hodge,+1-555-0000371
CAND-0372,mark.steele.0372@example.com,Mark,Steele,+1-555-0000372
CAND-0373,keith.landry.0373@example.com,Keith,Landry,+1-555-0000373
CAND-0374,lisa.pierce.0374@example.com,Lisa,Pierce,+1-555-0000374
CAND-0375,shawn.edwards.0375@example.com,Shawn,Edwards,+1-555-0000375
CAND-0376,marcus.cordova.0376@example.com,Marcus,Cordova,+1-555-0000376
CAND-0377,richard.robertson.0377@example.com,Richard,Robertson,+1-555-0000377
CAND-0378,vanessa.sandoval.0378@example.com,Vanessa,Sandoval,+1-555-0000378
CAND-0379,amy.gutierrez.0379@example.com,Amy,Gutierrez,+1-555-0000379
CAND-0380,jacob.cox.0380@example.com,Jacob,Cox,+1-555-0000380
CAND-0381,katherine.garrett.0381@example.com,Katherine,Garrett,+1-555-0000381
CAND-0382,kathleen.harris.0382@example.com,Kathleen,Harris,+1-555-0000382
CAND-0383,andrea.pennington.0383@example.com,Andrea,Pennington,+1-555-0000383
CAND-0384,samuel.wolfe.0384@example.com,Samuel,Wolfe,+1-555-0000384
CAND-0385,david.dudley.0385@example.com,David,Dudley,+1-555-0000385
CAND-0386,chelsea.allen.0386@example.com,Chelsea,Allen,+1-555-0000386
CAND-0387,eric.pierce.0387@example.com,Eric,Pierce,+1-555-0000387
CAND-0388,andrea.davis.0388@example.com,Andrea,Davis,+1-555-0000388
CAND-0389,victoria.durham.0389@example.com,Victoria,Durham,+1-555-0000389
CAND-0390,steven.wilson.0390@example.com,Steven,Wilson,+1-555-0000390
CAND-0391,marilyn.jimenez.0391@example.com,Marilyn,Jimenez,+1-555-0000391
CAND-0392,jennifer.hicks.0392@example.com,Jennifer,Hicks,+1-555-0000392
CAND-0393,joshua.davenport.0393@example.com,Joshua,Davenport,+1-555-0000393
CAND-0394,tina.sanchez.0394@example.com,Tina,Sanchez,+1-555-0000394
CAND-0395,andrea.reyes.0395@example.com,Andrea,Reyes,+1-555-0000395
CAND-0396,sandra.romero.0396@example.com,Sandra,Romero,+1-555-0000396
CAND-0397,natasha.shields.0397@example.com,Natasha,Shields,+1-555-0000397
CAND-0398,joshua.tyler.0398@example.com,Joshua,Tyler,+1-555-0000398
CAND-0399,robert.villa.0399@example.com,Robert,Villa,+1-555-0000399
CAND-0400,william.hoover.0400@example.com,William,Hoover,+1-555-0000400
CAND-0401,justin.evans.0401@example.com,Justin,Evans,+1-555-0000401
CAND-0402,brenda.duarte.0402@example.com,Brenda,Duarte,+1-555-0000402
CAND-0403,tracy.hernandez.0403@example.com,Tracy,Hernandez,+1-555-0000403
CAND-0404,amanda.reed.0404@example.com,Amanda,Reed,+1-555-0000404
CAND-0405,andrea.daniels.0405@example.com,Andrea,Daniels,+1-555-0000405
CAND-0406,stanley.morris.0406@example.com,Stanley,Morris,+1-555-0000406
CAND-0407,jacob.terry.0407@example.com,Jacob,Terry,+1-555-0000407
CAND-0408,ashley.hall.0408@example.com,Ashley,Hall,+1-555-0000408
CAND-0409,kimberly.williams.0409@example.com,Kimberly,Williams,+1-555-0000409
CAND-0410,julie.thornton.0410@example.com,Julie,Thornton,+1-555-0000410
CAND-0411,lisa.hughes.0411@example.com,Lisa,Hughes,+1-555-0000411
CAND-0412,elizabeth.hoover.0412@example.com,Elizabeth,Hoover,+1-555-0000412
CAND-0413,tina.simpson.0413@example.com,Tina,Simpson,+1-555-0000413
CAND-0414,benjamin.shaw.0414@example.com,Benjamin,Shaw,+1-555-0000414
CAND-0415,brittany.kane.0415@example.com,Brittany,Kane,+1-555-0000415
CAND-0416,morgan.alexander.0416@example.com,Morgan,Alexander,+1-555-0000416
CAND-0417,alicia.bryant.0417@example.com,Alicia,Bryant,+1-555-0000417
CAND-0418,jennifer.ortiz.0418@example.com,Jennifer,Ortiz,+1-555-0000418
CAND-0419,diana.moore.0419@example.com,Diana,Moore,+1-555-0000419
CAND-0420,terrance.costa.0420@example.com,Terrance,Costa,+1-555-0000420
CAND-0421,matthew.schwartz.0421@example.com,Matthew,Schwartz,+1-555-0000421
CAND-0422,debra.christian.0422@example.com,Debra,Christian,+1-555-0000422
CAND-0423,melissa.villarreal.0423@example.com,Melissa,Villarreal,+1-555-0000423
CAND-0424,norman.stewart.0424@example.com,Norman,Stewart,+1-555-0000424
CAND-0425,jennifer.malone.0425@example.com,Jennifer,Malone,+1-555-0000425
CAND-0426,monique.johnson.0426@example.com,Monique,Johnson,+1-555-0000426
CAND-0427,casey.welch.0427@example.com,Casey,Welch,+1-555-0000427
CAND-0428,samantha.bright.0428@example.com,Samantha,Bright,+1-555-0000428
CAND-0429,julie.hamilton.0429@example.com,Julie,Hamilton,+1-555-0000429
CAND-0430,corey.schultz.0430@example.com,Corey,Schultz,+1-555-0000430
CAND-0431,monique.wallace.0431@example.com,Monique,Wallace,+1-555-0000431
CAND-0432,heather.berger.0432@example.com,Heather,Berger,+1-555-0000432
CAND-0433,brandon.flynn.0433@example.com,Brandon,Flynn,+1-555-0000433
CAND-0434,kelly.brooks.0434@example.com,Kelly,Brooks,+1-555-0000434
CAND-0435,dustin.schmidt.0435@example.com,Dustin,Schmidt,+1-555-0000435
CAND-0436,ashlee.sparks.0436@example.com,Ashlee,Sparks,+1-555-0000436
CAND-0437,george.miller.0437@example.com,George,Miller,+1-555-0000437
CAND-0438,monica.harvey.0438@example.com,Monica,Harvey,+1-555-0000438
CAND-0439,john.durham.0439@example.com,John,Durham,+1-555-0000439
CAND-0440,douglas.murray.0440@example.com,Douglas,Murray,+1-555-0000440
CAND-0441,jonathan.scott.0441@example.com,Jonathan,Scott,+1-555-0000441
CAND-0442,albert.ballard.0442@example.com,Albert,Ballard,+1-555-0000442
CAND-0443,rachel.byrd.0443@example.com,Rachel,Byrd,+1-555-0000443
CAND-0444,eric.alexander.0444@example.com,Eric,Alexander,+1-555-0000444
CAND-0445,michael.matthews.0445@example.com,Michael,Matthews,+1-555-0000445
CAND-0446,danielle.coleman.0446@example.com,Danielle,Coleman,+1-555-0000446
CAND-0447,john.bruce.0447@example.com,John,Bruce,+1-555-0000447
CAND-0448,james.cruz.0448@example.com,James,Cruz,+1-555-0000448
CAND-0449,timothy.young.0449@example.com,Timothy,Young,+1-555-0000449
CAND-0450,ashley.andrews.0450@example.com,Ashley,Andrews,+1-555-0000450
CAND-0451,victoria.phillips.0451@example.com,Victoria,Phillips,+1-555-0000451
CAND-0452,tiffany.barrett.0452@example.com,Tiffany,Barrett,+1-555-0000452
CAND-0453,joshua.knight.0453@example.com,Joshua,Knight,+1-555-0000453
CAND-0454,gina.garner.0454@example.com,Gina,Garner,+1-555-0000454
CAND-0455,brandon.obrien.0455@example.com,Brandon,Obrien,+1-555-0000455
CAND-0456,tyler.strong.0456@example.com,Tyler,Strong,+1-555-0000456
CAND-0457,justin.lindsey.0457@example.com,Justin,Lindsey,+1-555-0000457
CAND-0458,catherine.gomez.0458@example.com,Catherine,Gomez,+1-555-0000458
CAND-0459,dana.oliver.0459@example.com,Dana,Oliver,+1-555-0000459
CAND-0460,erica.le.0460@example.com,Erica,Le,+1-555-0000460
CAND-0461,donna.massey.0461@example.com,Donna,Massey,+1-555-0000461
CAND-0462,courtney.berger.0462@example.com,Courtney,Berger,+1-555-0000462
CAND-0463,debbie.parker.0463@example.com,Debbie,Parker,+1-555-0000463
CAND-0464,scott.riley.0464@example.com,Scott,Riley,+1-555-0000464
CAND-0465,jessica.davis.0465@example.com,Jessica,Davis,+1-555-0000465
CAND-0466,kenneth.burgess.0466@example.com,Kenneth,Burgess,+1-555-0000466
CAND-0467,gregory.anderson.0467@example.com,Gregory,Anderson,+1-555-0000467
CAND-0468,amber.mata.0468@example.com,Amber,Mata,+1-555-0000468
CAND-0469,alyssa.mcintyre.0469@example.com,Alyssa,Mcintyre,+1-555-0000469
CAND-0470,maria.scott.0470@example.com,Maria,Scott,+1-555-0000470
CAND-0471,makayla.olson.0471@example.com,Makayla,Olson,+1-555-0000471
CAND-0472,lindsay.francis.0472@example.com,Lindsay,Francis,+1-555-0000472
CAND-0473,matthew.wilson.0473@example.com,Matthew,Wilson,+1-555-0000473
CAND-0474,sydney.taylor.0474@example.com,Sydney,Taylor,+1-555-0000474
CAND-0475,tammy.dalton.0475@example.com,Tammy,Dalton,+1-555-0000475
CAND-0476,jennifer.whitney.0476@example.com,Jennifer,Whitney,+1-555-0000476
CAND-0477,tammy.ballard.0477@example.com,Tammy,Ballard,+1-555-0000477
CAND-0478,michael.gibbs.0478@example.com,Michael,Gibbs,+1-555-0000478
CAND-0479,alexander.herrera.0479@example.com,Alexander,Herrera,+1-555-0000479
CAND-0480,shawn.chambers.0480@example.com,Shawn,Chambers,+1-555-0000480
CAND-0481,emily.richards.0481@example.com,Emily,Richards,+1-555-0000481
CAND-0482,lynn.bentley.0482@example.com,Lynn,Bentley,+1-555-0000482
CAND-0483,daniel.hall.0483@example.com,Daniel,Hall,+1-555-0000483
CAND-0484,angel.henson.0484@example.com,Angel,Henson,+1-555-0000484
CAND-0485,anna.herman.0485@example.com,Anna,Herman,+1-555-0000485
CAND-0486,jeffrey.brown.0486@example.com,Jeffrey,Brown,+1-555-0000486
CAND-0487,madison.blankenship.0487@example.com,Madison,Blankenship,+1-555-0000487
CAND-0488,kevin.ortiz.0488@example.com,Kevin,Ortiz,+1-555-0000488
CAND-0489,donald.shah.0489@example.com,Donald,Shah,+1-555-0000489
CAND-0490,kevin.vasquez.0490@example.com,Kevin,Vasquez,+1-555-0000490
CAND-0491,colton.clay.0491@example.com,Colton,Clay,+1-555-0000491
CAND-0492,derek.chavez.0492@example.com,Derek,Chavez,+1-555-0000492
CAND-0493,ellen.paul.0493@example.com,Ellen,Paul,+1-555-0000493
CAND-0494,sonya.barnes.0494@example.com,Sonya,Barnes,+1-555-0000494
CAND-0495,julia.moore.0495@example.com,Julia,Moore,+1-555-0000495
CAND-0496,robert.garcia.0496@example.com,Robert,Garcia,+1-555-0000496
CAND-0497,tracy.russell.0497@example.com,Tracy,Russell,+1-555-0000497
CAND-0498,stephanie.johnson.0498@example.com,Stephanie,Johnson,+1-555-0000498
CAND-0499,mitchell.ramos.0499@example.com,Mitchell,Ramos,+1-555-0000499
CAND-0500,stephanie.foley.0500@example.com,Stephanie,Foley,+1-555-0000500
CAND-0501,cory.jennings.0501@example.com,Cory,Jennings,+1-555-0000501
CAND-0502,amy.levine.0502@example.com,Amy,Levine,+1-555-0000502
CAND-0503,michael.sanders.0503@example.com,Michael,Sanders,+1-555-0000503
CAND-0504,james.martinez.0504@example.com,James,Martinez,+1-555-0000504
CAND-0505,melanie.gibson.0505@example.com,Melanie,Gibson,+1-555-0000505
CAND-0506,elizabeth.may.0506@example.com,Elizabeth,May,+1-555-0000506
CAND-0507,carla.smith.0507@example.com,Carla,Smith,+1-555-0000507
CAND-0508,kristin.sanchez.0508@example.com,Kristin,Sanchez,+1-555-0000508
CAND-0509,david.cunningham.0509@example.com,David,Cunningham,+1-555-0000509
CAND-0510,casey.hubbard.0510@example.com,Casey,Hubbard,+1-555-0000510
CAND-0511,jamie.robinson.0511@example.com,Jamie,Robinson,+1-555-0000511
CAND-0512,molly.murphy.0512@example.com,Molly,Murphy,+1-555-0000512
CAND-0513,dylan.lester.0513@example.com,Dylan,Lester,+1-555-0000513
CAND-0514,aaron.garrison.0514@example.com,Aaron,Garrison,+1-555-0000514
CAND-0515,duane.anderson.0515@example.com,Duane,Anderson,+1-555-0000515
CAND-0516,john.thompson.0516@example.com,John,Thompson,+1-555-0000516
CAND-0517,donna.johnson.0517@example.com,Donna,Johnson,+1-555-0000517
CAND-0518,alexis.tyler.0518@example.com,Alexis,Tyler,+1-555-0000518
CAND-0519,john.morris.0519@example.com,John,Morris,+1-555-0000519
CAND-0520,grant.williams.0520@example.com,Grant,Williams,+1-555-0000520
CAND-0521,judy.fox.0521@example.com,Judy,Fox,+1-555-0000521
CAND-0522,julie.alvarez.0522@example.com,Julie,Alvarez,+1-555-0000522
CAND-0523,kimberly.palmer.0523@example.com,Kimberly,Palmer,+1-555-0000523
CAND-0524,daniel.gordon.0524@example.com,Daniel,Gordon,+1-555-0000524
CAND-0525,sonia.williams.0525@example.com,Sonia,Williams,+1-555-0000525
CAND-0526,krista.camacho.0526@example.com,Krista,Camacho,+1-555-0000526
CAND-0527,adrienne.ellis.0527@example.com,Adrienne,Ellis,+1-555-0000527
CAND-0528,tamara.brown.0528@example.com,Tamara,Brown,+1-555-0000528
CAND-0529,timothy.morales.0529@example.com,Timothy,Morales,+1-555-0000529
CAND-0530,gina.henry.0530@example.com,Gina,Henry,+1-555-0000530
CAND-0531,renee.jones.0531@example.com,Renee,Jones,+1-555-0000531
CAND-0532,christopher.franklin.0532@example.com,Christopher,Franklin,+1-555-0000532
CAND-0533,cameron.hill.0533@example.com,Cameron,Hill,+1-555-0000533
CAND-0534,cynthia.kelley.0534@example.com,Cynthia,Kelley,+1-555-0000534
CAND-0535,mark.vang.0535@example.com,Mark,Vang,+1-555-0000535
CAND-0536,alyssa.chavez.0536@example.com,Alyssa,Chavez,+1-555-0000536
CAND-0537,catherine.garcia.0537@example.com,Catherine,Garcia,+1-555-0000537
CAND-0538,jacqueline.farrell.0538@example.com,Jacqueline,Farrell,+1-555-0000538
CAND-0539,debra.mack.0539@example.com,Debra,Mack,+1-555-0000539
CAND-0540,jennifer.lewis.0540@example.com,Jennifer,Lewis,+1-555-0000540
CAND-0541,shannon.perez.0541@example.com,Shannon,Perez,+1-555-0000541
CAND-0542,matthew.chavez.0542@example.com,Matthew,Chavez,+1-555-0000542
CAND-0543,robert.davis.0543@example.com,Robert,Davis,+1-555-0000543
CAND-0544,ronald.ortega.0544@example.com,Ronald,Ortega,+1-555-0000544
CAND-0545,nicholas.hernandez.0545@example.com,Nicholas,Hernandez,+1-555-0000545
CAND-0546,sandra.jones.0546@example.com,Sandra,Jones,+1-555-0000546
CAND-0547,marie.davis.0547@example.com,Marie,Davis,+1-555-0000547
CAND-0548,colin.rodgers.0548@example.com,Colin,Rodgers,+1-555-0000548
CAND-0549,lisa.hawkins.0549@example.com,Lisa,Hawkins,+1-555-0000549
CAND-0550,brenda.hoffman.0550@example.com,Brenda,Hoffman,+1-555-0000550
CAND-0551,mark.martinez.0551@example.com,Mark,Martinez,+1-555-0000551
CAND-0552,michael.ortega.0552@example.com,Michael,Ortega,+1-555-0000552
CAND-0553,karen.parrish.0553@example.com,Karen,Parrish,+1-555-0000553
CAND-0554,jennifer.schmitt.0554@example.com,Jennifer,Schmitt,+1-555-0000554
CAND-0555,caroline.bell.0555@example.com,Caroline,Bell,+1-555-0000555
CAND-0556,becky.lewis.0556@example.com,Becky,Lewis,+1-555-0000556
CAND-0557,diane.walker.0557@example.com,Diane,Walker,+1-555-0000557
CAND-0558,daniel.bruce.0558@example.com,Daniel,Bruce,+1-555-0000558
CAND-0559,michael.farmer.0559@example.com,Michael,Farmer,+1-555-0000559
CAND-0560,audrey.aguirre.0560@example.com,Audrey,Aguirre,+1-555-0000560
CAND-0561,megan.villegas.0561@example.com,Megan,Villegas,+1-555-0000561
CAND-0562,loretta.austin.0562@example.com,Loretta,Austin,+1-555-0000562
CAND-0563,dawn.johnson.0563@example.com,Dawn,Johnson,+1-555-0000563
CAND-0564,sarah.gallegos.0564@example.com,Sarah,Gallegos,+1-555-0000564
CAND-0565,joseph.white.0565@example.com,Joseph,White,+1-555-0000565
CAND-0566,jacqueline.parker.0566@example.com,Jacqueline,Parker,+1-555-0000566
CAND-0567,matthew.smith.0567@example.com,Matthew,Smith,+1-555-0000567
CAND-0568,molly.knight.0568@example.com,Molly,Knight,+1-555-0000568
CAND-0569,richard.thomas.0569@example.com,Richard,Thomas,+1-555-0000569
CAND-0570,cynthia.johnson.0570@example.com,Cynthia,Johnson,+1-555-0000570
CAND-0571,julie.lewis.0571@example.com,Julie,Lewis,+1-555-0000571
CAND-0572,robert.peterson.0572@example.com,Robert,Peterson,+1-555-0000572
CAND-0573,mitchell.griffith.0573@example.com,Mitchell,Griffith,+1-555-0000573
CAND-0574,kimberly.bradley.0574@example.com,Kimberly,Bradley,+1-555-0000574
CAND-0575,christopher.williams.0575@example.com,Christopher,Williams,+1-555-0000575
CAND-0576,eric.williamson.0576@example.com,Eric,Williamson,+1-555-0000576
CAND-0577,emily.nelson.0577@example.com,Emily,Nelson,+1-555-0000577
CAND-0578,ebony.tucker.0578@example.com,Ebony,Tucker,+1-555-0000578
CAND-0579,scott.nelson.0579@example.com,Scott,Nelson,+1-555-0000579
CAND-0580,kari.wilson.0580@example.com,Kari,Wilson,+1-555-0000580
CAND-0581,russell.campbell.0581@example.com,Russell,Campbell,+1-555-0000581
CAND-0582,erika.tucker.0582@example.com,Erika,Tucker,+1-555-0000582
CAND-0583,elizabeth.williams.0583@example.com,Elizabeth,Williams,+1-555-0000583
CAND-0584,randall.greene.0584@example.com,Randall,Greene,+1-555-0000584
CAND-0585,adrian.turner.0585@example.com,Adrian,Turner,+1-555-0000585
CAND-0586,jason.taylor.0586@example.com,Jason,Taylor,+1-555-0000586
CAND-0587,jonathan.murphy.0587@example.com,Jonathan,Murphy,+1-555-0000587
CAND-0588,adrian.burgess.0588@example.com,Adrian,Burgess,+1-555-0000588
CAND-0589,gregory.james.0589@example.com,Gregory,James,+1-555-0000589
CAND-0590,jane.mason.0590@example.com,Jane,Mason,+1-555-0000590
CAND-0591,martha.drake.0591@example.com,Martha,Drake,+1-555-0000591
CAND-0592,charles.hensley.0592@example.com,Charles,Hensley,+1-555-0000592
CAND-0593,bobby.smith.0593@example.com,Bobby,Smith,+1-555-0000593
CAND-0594,samantha.atkins.0594@example.com,Samantha,Atkins,+1-555-0000594
CAND-0595,barbara.berry.0595@example.com,Barbara,Berry,+1-555-0000595
CAND-0596,jenna.butler.0596@example.com,Jenna,Butler,+1-555-0000596
CAND-0597,darius.smith.0597@example.com,Darius,Smith,+1-555-0000597
CAND-0598,mark.solis.0598@example.com,Mark,Solis,+1-555-0000598
CAND-0599,christine.collier.0599@example.com,Christine,Collier,+1-555-0000599
CAND-0600,samantha.davis.0600@example.com,Samantha,Davis,+1-555-0000600
CAND-0601,megan.sanchez.0601@example.com,Megan,Sanchez,+1-555-0000601
CAND-0602,brianna.warren.0602@example.com,Brianna,Warren,+1-555-0000602
CAND-0603,randy.collins.0603@example.com,Randy,Collins,+1-555-0000603
CAND-0604,matthew.cook.0604@example.com,Matthew,Cook,+1-555-0000604
CAND-0605,gary.dixon.0605@example.com,Gary,Dixon,+1-555-0000605
CAND-0606,daniel.hicks.0606@example.com,Daniel,Hicks,+1-555-0000606
CAND-0607,rebecca.bailey.0607@example.com,Rebecca,Bailey,+1-555-0000607
CAND-0608,jessica.fuentes.0608@example.com,Jessica,Fuentes,+1-555-0000608
CAND-0609,lisa.young.0609@example.com,Lisa,Young,+1-555-0000609
CAND-0610,dwayne.gonzalez.0610@example.com,Dwayne,Gonzalez,+1-555-0000610
CAND-0611,carrie.wolf.0611@example.com,Carrie,Wolf,+1-555-0000611
CAND-0612,diana.thompson.0612@example.com,Diana,Thompson,+1-555-0000612
CAND-0613,kendra.snyder.0613@example.com,Kendra,Snyder,+1-555-0000613
CAND-0614,karen.wolf.0614@example.com,Karen,Wolf,+1-555-0000614
CAND-0615,shane.glass.0615@example.com,Shane,Glass,+1-555-0000615
CAND-0616,anne.reid.0616@example.com,Anne,Reid,+1-555-0000616
CAND-0617,claudia.lin.0617@example.com,Claudia,Lin,+1-555-0000617
CAND-0618,courtney.hernandez.0618@example.com,Courtney,Hernandez,+1-555-0000618
CAND-0619,carlos.ramos.0619@example.com,Carlos,Ramos,+1-555-0000619
CAND-0620,kevin.hill.0620@example.com,Kevin,Hill,+1-555-0000620
CAND-0621,brian.romero.0621@example.com,Brian,Romero,+1-555-0000621
CAND-0622,lance.hayes.0622@example.com,Lance,Hayes,+1-555-0000622
CAND-0623,brian.decker.0623@example.com,Brian,Decker,+1-555-0000623
CAND-0624,chase.lin.0624@example.com,Chase,Lin,+1-555-0000624
CAND-0625,melissa.gilbert.0625@example.com,Melissa,Gilbert,+1-555-0000625
CAND-0626,william.ford.0626@example.com,William,Ford,+1-555-0000626
CAND-0627,angela.conner.0627@example.com,Angela,Conner,+1-555-0000627
CAND-0628,paula.cole.0628@example.com,Paula,Cole,+1-555-0000628
CAND-0629,lisa.pearson.0629@example.com,Lisa,Pearson,+1-555-0000629
CAND-0630,marc.alvarez.0630@example.com,Marc,Alvarez,+1-555-0000630
CAND-0631,edward.brown.0631@example.com,Edward,Brown,+1-555-0000631
CAND-0632,dale.nolan.0632@example.com,Dale,Nolan,+1-555-0000632
CAND-0633,matthew.klein.0633@example.com,Matthew,Klein,+1-555-0000633
CAND-0634,william.thompson.0634@example.com,William,Thompson,+1-555-0000634
CAND-0635,john.kim.0635@example.com,John,Kim,+1-555-0000635
CAND-0636,scott.mills.0636@example.com,Scott,Mills,+1-555-0000636
CAND-0637,erik.watson.0637@example.com,Erik,Watson,+1-555-0000637
CAND-0638,justin.ortiz.0638@example.com,Justin,Ortiz,+1-555-0000638
CAND-0639,matthew.harper.0639@example.com,Matthew,Harper,+1-555-0000639
CAND-0640,kristina.holland.0640@example.com,Kristina,Holland,+1-555-0000640
CAND-0641,cameron.davis.0641@example.com,Cameron,Davis,+1-555-0000641
CAND-0642,erika.mitchell.0642@example.com,Erika,Mitchell,+1-555-0000642
CAND-0643,jennifer.douglas.0643@example.com,Jennifer,Douglas,+1-555-0000643
CAND-0644,rebecca.marks.0644@example.com,Rebecca,Marks,+1-555-0000644
CAND-0645,mathew.aguilar.0645@example.com,Mathew,Aguilar,+1-555-0000645
CAND-0646,donald.bailey.0646@example.com,Donald,Bailey,+1-555-0000646
CAND-0647,tammy.hale.0647@example.com,Tammy,Hale,+1-555-0000647
CAND-0648,philip.larson.0648@example.com,Philip,Larson,+1-555-0000648
CAND-0649,sharon.collins.0649@example.com,Sharon,Collins,+1-555-0000649
CAND-0650,nicholas.conner.0650@example.com,Nicholas,Conner,+1-555-0000650
CAND-0651,lisa.santiago.0651@example.com,Lisa,Santiago,+1-555-0000651
CAND-0652,maria.rodgers.0652@example.com,Maria,Rodgers,+1-555-0000652
CAND-0653,gina.fox.0653@example.com,Gina,Fox,+1-555-0000653
CAND-0654,debbie.henderson.0654@example.com,Debbie,Henderson,+1-555-0000654
CAND-0655,michael.cox.0655@example.com,Michael,Cox,+1-555-0000655
CAND-0656,henry.lewis.0656@example.com,Henry,Lewis,+1-555-0000656
CAND-0657,stacey.tucker.0657@example.com,Stacey,Tucker,+1-555-0000657
CAND-0658,jeremy.taylor.0658@example.com,Jeremy,Taylor,+1-555-0000658
CAND-0659,chris.richard.0659@example.com,Chris,Richard,+1-555-0000659
CAND-0660,craig.wise.0660@example.com,Craig,Wise,+1-555-0000660
CAND-0661,mary.stephenson.0661@example.com,Mary,Stephenson,+1-555-0000661
CAND-0662,benjamin.rogers.0662@example.com,Benjamin,Rogers,+1-555-0000662
CAND-0663,katie.anderson.0663@example.com,Katie,Anderson,+1-555-0000663
CAND-0664,nicholas.martin.0664@example.com,Nicholas,Martin,+1-555-0000664
CAND-0665,marie.wise.0665@example.com,Marie,Wise,+1-555-0000665
CAND-0666,lisa.martin.0666@example.com,Lisa,Martin,+1-555-0000666
CAND-0667,samuel.jenkins.0667@example.com,Samuel,Jenkins,+1-555-0000667
CAND-0668,erica.young.0668@example.com,Erica,Young,+1-555-0000668
CAND-0669,sean.mitchell.0669@example.com,Sean,Mitchell,+1-555-0000669
CAND-0670,kaitlyn.cole.0670@example.com,Kaitlyn,Cole,+1-555-0000670
CAND-0671,amanda.collins.0671@example.com,Amanda,Collins,+1-555-0000671
CAND-0672,lindsey.harrison.0672@example.com,Lindsey,Harrison,+1-555-0000672
CAND-0673,mary.richardson.0673@example.com,Mary,Richardson,+1-555-0000673
CAND-0674,stacey.joyce.0674@example.com,Stacey,Joyce,+1-555-0000674
CAND-0675,steven.campbell.0675@example.com,Steven,Campbell,+1-555-0000675
CAND-0676,patrick.rose.0676@example.com,Patrick,Rose,+1-555-0000676
CAND-0677,tammy.montoya.0677@example.com,Tammy,Montoya,+1-555-0000677
CAND-0678,laurie.taylor.0678@example.com,Laurie,Taylor,+1-555-0000678
CAND-0679,john.davidson.0679@example.com,John,Davidson,+1-555-0000679
CAND-0680,morgan.spencer.0680@example.com,Morgan,Spencer,+1-555-0000680
CAND-0681,curtis.singleton.0681@example.com,Curtis,Singleton,+1-555-0000681
CAND-0682,melissa.mitchell.0682@example.com,Melissa,Mitchell,+1-555-0000682
CAND-0683,kathryn.nelson.0683@example.com,Kathryn,Nelson,+1-555-0000683
CAND-0684,rebecca.hernandez.0684@example.com,Rebecca,Hernandez,+1-555-0000684
CAND-0685,samuel.potts.0685@example.com,Samuel,Potts,+1-555-0000685
CAND-0686,jeffrey.hayes.0686@example.com,Jeffrey,Hayes,+1-555-0000686
CAND-0687,michael.johnson.0687@example.com,Michael,Johnson,+1-555-0000687
CAND-0688,brian.shaw.0688@example.com,Brian,Shaw,+1-555-0000688
CAND-0689,joe.vang.0689@example.com,Joe,Vang,+1-555-0000689
CAND-0690,nicholas.johnson.0690@example.com,Nicholas,Johnson,+1-555-0000690
CAND-0691,sarah.combs.0691@example.com,Sarah,Combs,+1-555-0000691
CAND-0692,debra.moody.0692@example.com,Debra,Moody,+1-555-0000692
CAND-0693,devin.mitchell.0693@example.com,Devin,Mitchell,+1-555-0000693
CAND-0694,maria.horton.0694@example.com,Maria,Horton,+1-555-0000694
CAND-0695,dominic.thornton.0695@example.com,Dominic,Thornton,+1-555-0000695
CAND-0696,shane.smith.0696@example.com,Shane,Smith,+1-555-0000696
CAND-0697,christian.scott.0697@example.com,Christian,Scott,+1-555-0000697
CAND-0698,mary.dunn.0698@example.com,Mary,Dunn,+1-555-0000698
CAND-0699,jessica.rose.0699@example.com,Jessica,Rose,+1-555-0000699
CAND-0700,daniel.roberts.0700@example.com,Daniel,Roberts,+1-555-0000700
CAND-0701,kevin.williams.0701@example.com,Kevin,Williams,+1-555-0000701
CAND-0702,robert.bauer.0702@example.com,Robert,Bauer,+1-555-0000702
CAND-0703,stephen.rodriguez.0703@example.com,Stephen,Rodriguez,+1-555-0000703
CAND-0704,rebecca.carlson.0704@example.com,Rebecca,Carlson,+1-555-0000704
CAND-0705,allen.robertson.0705@example.com,Allen,Robertson,+1-555-0000705
CAND-0706,john.thomas.0706@example.com,John,Thomas,+1-555-0000706
CAND-0707,ruben.mendez.0707@example.com,Ruben,Mendez,+1-555-0000707
CAND-0708,john.butler.0708@example.com,John,Butler,+1-555-0000708
CAND-0709,elizabeth.miller.0709@example.com,Elizabeth,Miller,+1-555-0000709
CAND-0710,theresa.jones.0710@example.com,Theresa,Jones,+1-555-0000710
CAND-0711,alicia.romero.0711@example.com,Alicia,Romero,+1-555-0000711
CAND-0712,vanessa.spencer.0712@example.com,Vanessa,Spencer,+1-555-0000712
CAND-0713,peter.harrison.0713@example.com,Peter,Harrison,+1-555-0000713
CAND-0714,cynthia.zavala.0714@example.com,Cynthia,Zavala,+1-555-0000714
CAND-0715,jon.smith.0715@example.com,Jon,Smith,+1-555-0000715
CAND-0716,kristina.cooper.0716@example.com,Kristina,Cooper,+1-555-0000716
CAND-0717,jessica.fuller.0717@example.com,Jessica,Fuller,+1-555-0000717
CAND-0718,kelsey.moss.0718@example.com,Kelsey,Moss,+1-555-0000718
CAND-0719,marvin.williams.0719@example.com,Marvin,Williams,+1-555-0000719
CAND-0720,amy.li.0720@example.com,Amy,Li,+1-555-0000720
CAND-0721,gregory.maxwell.0721@example.com,Gregory,Maxwell,+1-555-0000721
CAND-0722,steven.dominguez.0722@example.com,Steven,Dominguez,+1-555-0000722
CAND-0723,crystal.cain.0723@example.com,Crystal,Cain,+1-555-0000723
CAND-0724,bryan.parsons.0724@example.com,Bryan,Parsons,+1-555-0000724
CAND-0725,stephen.carter.0725@example.com,Stephen,Carter,+1-555-0000725
CAND-0726,bradley.gonzalez.0726@example.com,Bradley,Gonzalez,+1-555-0000726
CAND-0727,bobby.mahoney.0727@example.com,Bobby,Mahoney,+1-555-0000727
CAND-0728,zachary.hays.0728@example.com,Zachary,Hays,+1-555-0000728
CAND-0729,amy.king.0729@example.com,Amy,King,+1-555-0000729
CAND-0730,karen.lee.0730@example.com,Karen,Lee,+1-555-0000730
CAND-0731,michael.norman.0731@example.com,Michael,Norman,+1-555-0000731
CAND-0732,michelle.rivera.0732@example.com,Michelle,Rivera,+1-555-0000732
CAND-0733,david.richardson.0733@example.com,David,Richardson,+1-555-0000733
CAND-0734,pamela.paul.0734@example.com,Pamela,Paul,+1-555-0000734
CAND-0735,patricia.hughes.0735@example.com,Patricia,Hughes,+1-555-0000735
CAND-0736,terri.crawford.0736@example.com,Terri,Crawford,+1-555-0000736
CAND-0737,tyler.glass.0737@example.com,Tyler,Glass,+1-555-0000737
CAND-0738,april.owen.0738@example.com,April,Owen,+1-555-0000738
CAND-0739,jessica.miller.0739@example.com,Jessica,Miller,+1-555-0000739
CAND-0740,carrie.short.0740@example.com,Carrie,Short,+1-555-0000740
CAND-0741,amy.morris.0741@example.com,Amy,Morris,+1-555-0000741
CAND-0742,christopher.guerrero.0742@example.com,Christopher,Guerrero,+1-555-0000742
CAND-0743,kirk.morrison.0743@example.com,Kirk,Morrison,+1-555-0000743
CAND-0744,ronald.norris.0744@example.com,Ronald,Norris,+1-555-0000744
CAND-0745,michael.williams.0745@example.com,Michael,Williams,+1-555-0000745
CAND-0746,molly.gomez.0746@example.com,Molly,Gomez,+1-555-0000746
CAND-0747,whitney.hill.0747@example.com,Whitney,Hill,+1-555-0000747
CAND-0748,tina.gould.0748@example.com,Tina,Gould,+1-555-0000748
CAND-0749,charles.walsh.0749@example.com,Charles,Walsh,+1-555-0000749
CAND-0750,michael.owen.0750@example.com,Michael,Owen,+1-555-0000750
CAND-0751,erin.cisneros.0751@example.com,Erin,Cisneros,+1-555-0000751
CAND-0752,douglas.lawson.0752@example.com,Douglas,Lawson,+1-555-0000752
CAND-0753,kimberly.johnson.0753@example.com,Kimberly,Johnson,+1-555-0000753
CAND-0754,carlos.osborne.0754@example.com,Carlos,Osborne,+1-555-0000754
CAND-0755,michael.reyes.0755@example.com,Michael,Reyes,+1-555-0000755
CAND-0756,ashley.jacobs.0756@example.com,Ashley,Jacobs,+1-555-0000756
CAND-0757,erika.rush.0757@example.com,Erika,Rush,+1-555-0000757
CAND-0758,nathan.hines.0758@example.com,Nathan,Hines,+1-555-0000758
CAND-0759,audrey.moreno.0759@example.com,Audrey,Moreno,+1-555-0000759
CAND-0760,raymond.banks.0760@example.com,Raymond,Banks,+1-555-0000760
CAND-0761,john.wilson.0761@example.com,John,Wilson,+1-555-0000761
CAND-0762,jill.porter.0762@example.com,Jill,Porter,+1-555-0000762
CAND-0763,paul.hoffman.0763@example.com,Paul,Hoffman,+1-555-0000763
CAND-0764,jose.green.0764@example.com,Jose,Green,+1-555-0000764
CAND-0765,sean.davies.0765@example.com,Sean,Davies,+1-555-0000765
CAND-0766,justin.hendricks.0766@example.com,Justin,Hendricks,+1-555-0000766
CAND-0767,travis.martinez.0767@example.com,Travis,Martinez,+1-555-0000767
CAND-0768,melissa.hayes.0768@example.com,Melissa,Hayes,+1-555-0000768
CAND-0769,rachel.wallace.0769@example.com,Rachel,Wallace,+1-555-0000769
CAND-0770,christopher.fleming.0770@example.com,Christopher,Fleming,+1-555-0000770
CAND-0771,megan.flores.0771@example.com,Megan,Flores,+1-555-0000771
CAND-0772,michael.brown.0772@example.com,Michael,Brown,+1-555-0000772
CAND-0773,amber.vance.0773@example.com,Amber,Vance,+1-555-0000773
CAND-0774,melissa.joseph.0774@example.com,Melissa,Joseph,+1-555-0000774
CAND-0775,sara.little.0775@example.com,Sara,Little,+1-555-0000775
CAND-0776,laura.hicks.0776@example.com,Laura,Hicks,+1-555-0000776
CAND-0777,david.harris.0777@example.com,David,Harris,+1-555-0000777
CAND-0778,dominic.tyler.0778@example.com,Dominic,Tyler,+1-555-0000778
CAND-0779,anthony.spencer.0779@example.com,Anthony,Spencer,+1-555-0000779
CAND-0780,miguel.lara.0780@example.com,Miguel,Lara,+1-555-0000780
CAND-0781,andrea.salazar.0781@example.com,Andrea,Salazar,+1-555-0000781
CAND-0782,christopher.parker.0782@example.com,Christopher,Parker,+1-555-0000782
CAND-0783,yvonne.higgins.0783@example.com,Yvonne,Higgins,+1-555-0000783
CAND-0784,alicia.hammond.0784@example.com,Alicia,Hammond,+1-555-0000784
CAND-0785,madeline.jones.0785@example.com,Madeline,Jones,+1-555-0000785
CAND-0786,teresa.day.0786@example.com,Teresa,Day,+1-555-0000786
CAND-0787,shannon.frazier.0787@example.com,Shannon,Frazier,+1-555-0000787
CAND-0788,melvin.humphrey.0788@example.com,Melvin,Humphrey,+1-555-0000788
CAND-0789,kimberly.bowman.0789@example.com,Kimberly,Bowman,+1-555-0000789
CAND-0790,hunter.burch.0790@example.com,Hunter,Burch,+1-555-0000790
CAND-0791,ryan.bartlett.0791@example.com,Ryan,Bartlett,+1-555-0000791
CAND-0792,brian.martinez.0792@example.com,Brian,Martinez,+1-555-0000792
CAND-0793,eric.martin.0793@example.com,Eric,Martin,+1-555-0000793
CAND-0794,marcus.fletcher.0794@example.com,Marcus,Fletcher,+1-555-0000794
CAND-0795,michael.everett.0795@example.com,Michael,Everett,+1-555-0000795
CAND-0796,patty.singleton.0796@example.com,Patty,Singleton,+1-555-0000796
CAND-0797,john.reid.0797@example.com,John,Reid,+1-555-0000797
CAND-0798,andrea.martinez.0798@example.com,Andrea,Martinez,+1-555-0000798
CAND-0799,kevin.ferguson.0799@example.com,Kevin,Ferguson,+1-555-0000799
CAND-0800,wayne.jackson.0800@example.com,Wayne,Jackson,+1-555-0000800
CAND-0801,shelly.moore.0801@example.com,Shelly,Moore,+1-555-0000801
CAND-0802,donna.le.0802@example.com,Donna,Le,+1-555-0000802
CAND-0803,cassie.kirby.0803@example.com,Cassie,Kirby,+1-555-0000803
CAND-0804,anne.bryan.0804@example.com,Anne,Bryan,+1-555-0000804
CAND-0805,anthony.williams.0805@example.com,Anthony,Williams,+1-555-0000805
CAND-0806,darlene.ray.0806@example.com,Darlene,Ray,+1-555-0000806
CAND-0807,debra.wang.0807@example.com,Debra,Wang,+1-555-0000807
CAND-0808,robert.fowler.0808@example.com,Robert,Fowler,+1-555-0000808
CAND-0809,tyler.burton.0809@example.com,Tyler,Burton,+1-555-0000809
CAND-0810,keith.frye.0810@example.com,Keith,Frye,+1-555-0000810
CAND-0811,timothy.ballard.0811@example.com,Timothy,Ballard,+1-555-0000811
CAND-0812,gail.evans.0812@example.com,Gail,Evans,+1-555-0000812
CAND-0813,charles.brown.0813@example.com,Charles,Brown,+1-555-0000813
CAND-0814,scott.washington.0814@example.com,Scott,Washington,+1-555-0000814
CAND-0815,james.lawson.0815@example.com,James,Lawson,+1-555-0000815
CAND-0816,larry.higgins.0816@example.com,Larry,Higgins,+1-555-0000816
CAND-0817,jessica.valencia.0817@example.com,Jessica,Valencia,+1-555-0000817
CAND-0818,theresa.anderson.0818@example.com,Theresa,Anderson,+1-555-0000818
CAND-0819,mitchell.hoffman.0819@example.com,Mitchell,Hoffman,+1-555-0000819
CAND-0820,luis.owens.0820@example.com,Luis,Owens,+1-555-0000820
CAND-0821,joseph.wright.0821@example.com,Joseph,Wright,+1-555-0000821
CAND-0822,colin.roberts.0822@example.com,Colin,Roberts,+1-555-0000822
CAND-0823,patrick.gilbert.0823@example.com,Patrick,Gilbert,+1-555-0000823
CAND-0824,john.grimes.0824@example.com,John,Grimes,+1-555-0000824
CAND-0825,erik.murphy.0825@example.com,Erik,Murphy,+1-555-0000825
CAND-0826,becky.edwards.0826@example.com,Becky,Edwards,+1-555-0000826
CAND-0827,kathryn.jimenez.0827@example.com,Kathryn,Jimenez,+1-555-0000827
CAND-0828,xavier.jimenez.0828@example.com,Xavier,Jimenez,+1-555-0000828
CAND-0829,kyle.johnson.0829@example.com,Kyle,Johnson,+1-555-0000829
CAND-0830,sierra.wagner.0830@example.com,Sierra,Wagner,+1-555-0000830
CAND-0831,tammy.lewis.0831@example.com,Tammy,Lewis,+1-555-0000831
CAND-0832,michael.williams.0832@example.com,Michael,Williams,+1-555-0000832
CAND-0833,troy.khan.0833@example.com,Troy,Khan,+1-555-0000833
CAND-0834,destiny.ruiz.0834@example.com,Destiny,Ruiz,+1-555-0000834
CAND-0835,amanda.boone.0835@example.com,Amanda,Boone,+1-555-0000835
CAND-0836,ryan.khan.0836@example.com,Ryan,Khan,+1-555-0000836
CAND-0837,jessica.gallagher.0837@example.com,Jessica,Gallagher,+1-555-0000837
CAND-0838,michael.morales.0838@example.com,Michael,Morales,+1-555-0000838
CAND-0839,ashley.lee.0839@example.com,Ashley,Lee,+1-555-0000839
CAND-0840,angela.jones.0840@example.com,Angela,Jones,+1-555-0000840
CAND-0841,william.duran.0841@example.com,William,Duran,+1-555-0000841
CAND-0842,joshua.hays.0842@example.com,Joshua,Hays,+1-555-0000842
CAND-0843,erin.wilson.0843@example.com,Erin,Wilson,+1-555-0000843
CAND-0844,theresa.long.0844@example.com,Theresa,Long,+1-555-0000844
CAND-0845,laura.morgan.0845@example.com,Laura,Morgan,+1-555-0000845
CAND-0846,sheila.fischer.0846@example.com,Sheila,Fischer,+1-555-0000846
CAND-0847,james.hicks.0847@example.com,James,Hicks,+1-555-0000847
CAND-0848,vincent.williams.0848@example.com,Vincent,Williams,+1-555-0000848
CAND-0849,derrick.cook.0849@example.com,Derrick,Cook,+1-555-0000849
CAND-0850,thomas.bryant.0850@example.com,Thomas,Bryant,+1-555-0000850
CAND-0851,catherine.robertson.0851@example.com,Catherine,Robertson,+1-555-0000851
CAND-0852,mark.austin.0852@example.com,Mark,Austin,+1-555-0000852
CAND-0853,francisco.ewing.0853@example.com,Francisco,Ewing,+1-555-0000853
CAND-0854,jodi.evans.0854@example.com,Jodi,Evans,+1-555-0000854
CAND-0855,matthew.clayton.0855@example.com,Matthew,Clayton,+1-555-0000855
CAND-0856,amanda.erickson.0856@example.com,Amanda,Erickson,+1-555-0000856
CAND-0857,kevin.cabrera.0857@example.com,Kevin,Cabrera,+1-555-0000857
CAND-0858,micheal.nunez.0858@example.com,Micheal,Nunez,+1-555-0000858
CAND-0859,tina.silva.0859@example.com,Tina,Silva,+1-555-0000859
CAND-0860,laura.swanson.0860@example.com,Laura,Swanson,+1-555-0000860
CAND-0861,hailey.johnson.0861@example.com,Hailey,Johnson,+1-555-0000861
CAND-0862,thomas.coffey.0862@example.com,Thomas,Coffey,+1-555-0000862
CAND-0863,krista.parsons.0863@example.com,Krista,Parsons,+1-555-0000863
CAND-0864,becky.griffith.0864@example.com,Becky,Griffith,+1-555-0000864
CAND-0865,brandy.jackson.0865@example.com,Brandy,Jackson,+1-555-0000865
CAND-0866,cristina.harvey.0866@example.com,Cristina,Harvey,+1-555-0000866
CAND-0867,maureen.hernandez.0867@example.com,Maureen,Hernandez,+1-555-0000867
CAND-0868,erin.johnson.0868@example.com,Erin,Johnson,+1-555-0000868
CAND-0869,stacy.rodriguez.0869@example.com,Stacy,Rodriguez,+1-555-0000869
CAND-0870,andrew.edwards.0870@example.com,Andrew,Edwards,+1-555-0000870
CAND-0871,edward.vaughn.0871@example.com,Edward,Vaughn,+1-555-0000871
CAND-0872,robert.hampton.0872@example.com,Robert,Hampton,+1-555-0000872
CAND-0873,samantha.salas.0873@example.com,Samantha,Salas,+1-555-0000873
CAND-0874,jill.brown.0874@example.com,Jill,Brown,+1-555-0000874
CAND-0875,devin.clark.0875@example.com,Devin,Clark,+1-555-0000875
CAND-0876,mark.bates.0876@example.com,Mark,Bates,+1-555-0000876
CAND-0877,alicia.edwards.0877@example.com,Alicia,Edwards,+1-555-0000877
CAND-0878,glen.barr.0878@example.com,Glen,Barr,+1-555-0000878
CAND-0879,matthew.gomez.0879@example.com,Matthew,Gomez,+1-555-0000879
CAND-0880,kelsey.le.0880@example.com,Kelsey,Le,+1-555-0000880
CAND-0881,dawn.steele.0881@example.com,Dawn,Steele,+1-555-0000881
CAND-0882,chelsea.lee.0882@example.com,Chelsea,Lee,+1-555-0000882
CAND-0883,john.grant.0883@example.com,John,Grant,+1-555-0000883
CAND-0884,jeffrey.dudley.0884@example.com,Jeffrey,Dudley,+1-555-0000884
CAND-0885,kenneth.roberts.0885@example.com,Kenneth,Roberts,+1-555-0000885
CAND-0886,jared.bush.0886@example.com,Jared,Bush,+1-555-0000886
CAND-0887,logan.bailey.0887@example.com,Logan,Bailey,+1-555-0000887
CAND-0888,sarah.pope.0888@example.com,Sarah,Pope,+1-555-0000888
CAND-0889,joshua.martinez.0889@example.com,Joshua,Martinez,+1-555-0000889
CAND-0890,erica.james.0890@example.com,Erica,James,+1-555-0000890
CAND-0891,tina.cardenas.0891@example.com,Tina,Cardenas,+1-555-0000891
CAND-0892,stephanie.ballard.0892@example.com,Stephanie,Ballard,+1-555-0000892
CAND-0893,kelly.roberts.0893@example.com,Kelly,Roberts,+1-555-0000893
CAND-0894,jennifer.reed.0894@example.com,Jennifer,Reed,+1-555-0000894
CAND-0895,scott.scott.0895@example.com,Scott,Scott,+1-555-0000895
CAND-0896,timothy.harris.0896@example.com,Timothy,Harris,+1-555-0000896
CAND-0897,amanda.fitzpatrick.0897@example.com,Amanda,Fitzpatrick,+1-555-0000897
CAND-0898,heather.taylor.0898@example.com,Heather,Taylor,+1-555-0000898
CAND-0899,christina.matthews.0899@example.com,Christina,Matthews,+1-555-0000899
CAND-0900,john.santiago.0900@example.com,John,Santiago,+1-555-0000900
CAND-0901,amanda.little.0901@example.com,Amanda,Little,+1-555-0000901
CAND-0902,brian.gutierrez.0902@example.com,Brian,Gutierrez,+1-555-0000902
CAND-0903,jennifer.garcia.0903@example.com,Jennifer,Garcia,+1-555-0000903
CAND-0904,kelli.smith.0904@example.com,Kelli,Smith,+1-555-0000904
CAND-0905,andrea.hickman.0905@example.com,Andrea,Hickman,+1-555-0000905
CAND-0906,richard.donovan.0906@example.com,Richard,Donovan,+1-555-0000906
CAND-0907,natalie.woods.0907@example.com,Natalie,Woods,+1-555-0000907
CAND-0908,james.maynard.0908@example.com,James,Maynard,+1-555-0000908
CAND-0909,manuel.brewer.0909@example.com,Manuel,Brewer,+1-555-0000909
CAND-0910,rebecca.davis.0910@example.com,Rebecca,Davis,+1-555-0000910
CAND-0911,audrey.nichols.0911@example.com,Audrey,Nichols,+1-555-0000911
CAND-0912,jennifer.zuniga.0912@example.com,Jennifer,Zuniga,+1-555-0000912
CAND-0913,robin.thompson.0913@example.com,Robin,Thompson,+1-555-0000913
CAND-0914,nicole.thompson.0914@example.com,Nicole,Thompson,+1-555-0000914
CAND-0915,samantha.osborn.0915@example.com,Samantha,Osborn,+1-555-0000915
CAND-0916,randy.simpson.0916@example.com,Randy,Simpson,+1-555-0000916
CAND-0917,sharon.hayden.0917@example.com,Sharon,Hayden,+1-555-0000917
CAND-0918,sara.mcdowell.0918@example.com,Sara,Mcdowell,+1-555-0000918
CAND-0919,albert.bradley.0919@example.com,Albert,Bradley,+1-555-0000919
CAND-0920,daniel.bird.0920@example.com,Daniel,Bird,+1-555-0000920
CAND-0921,justin.hays.0921@example.com,Justin,Hays,+1-555-0000921
CAND-0922,amy.snyder.0922@example.com,Amy,Snyder,+1-555-0000922
CAND-0923,sheena.rosales.0923@example.com,Sheena,Rosales,+1-555-0000923
CAND-0924,taylor.lee.0924@example.com,Taylor,Lee,+1-555-0000924
CAND-0925,daniel.martin.0925@example.com,Daniel,Martin,+1-555-0000925
CAND-0926,stephen.scott.0926@example.com,Stephen,Scott,+1-555-0000926
CAND-0927,jacob.doyle.0927@example.com,Jacob,Doyle,+1-555-0000927
CAND-0928,krystal.bradley.0928@example.com,Krystal,Bradley,+1-555-0000928
CAND-0929,katherine.thompson.0929@example.com,Katherine,Thompson,+1-555-0000929
CAND-0930,melissa.prince.0930@example.com,Melissa,Prince,+1-555-0000930
CAND-0931,margaret.robertson.0931@example.com,Margaret,Robertson,+1-555-0000931
CAND-0932,christopher.caldwell.0932@example.com,Christopher,Caldwell,+1-555-0000932
CAND-0933,jack.taylor.0933@example.com,Jack,Taylor,+1-555-0000933
CAND-0934,marcus.wright.0934@example.com,Marcus,Wright,+1-555-0000934
CAND-0935,jose.young.0935@example.com,Jose,Young,+1-555-0000935
CAND-0936,karen.finley.0936@example.com,Karen,Finley,+1-555-0000936
CAND-0937,kevin.sharp.0937@example.com,Kevin,Sharp,+1-555-0000937
CAND-0938,alexander.valdez.0938@example.com,Alexander,Valdez,+1-555-0000938
CAND-0939,heather.brown.0939@example.com,Heather,Brown,+1-555-0000939
CAND-0940,david.parker.0940@example.com,David,Parker,+1-555-0000940
CAND-0941,richard.shaw.0941@example.com,Richard,Shaw,+1-555-0000941
CAND-0942,paula.padilla.0942@example.com,Paula,Padilla,+1-555-0000942
CAND-0943,larry.wilson.0943@example.com,Larry,Wilson,+1-555-0000943
CAND-0944,sabrina.phillips.0944@example.com,Sabrina,Phillips,+1-555-0000944
CAND-0945,christina.robinson.0945@example.com,Christina,Robinson,+1-555-0000945
CAND-0946,dennis.hernandez.0946@example.com,Dennis,Hernandez,+1-555-0000946
CAND-0947,julie.obrien.0947@example.com,Julie,Obrien,+1-555-0000947
CAND-0948,robert.dunn.0948@example.com,Robert,Dunn,+1-555-0000948
CAND-0949,thomas.medina.0949@example.com,Thomas,Medina,+1-555-0000949
CAND-0950,elizabeth.robinson.0950@example.com,Elizabeth,Robinson,+1-555-0000950
CAND-0951,john.fischer.0951@example.com,John,Fischer,+1-555-0000951
CAND-0952,morgan.miller.0952@example.com,Morgan,Miller,+1-555-0000952
CAND-0953,sean.padilla.0953@example.com,Sean,Padilla,+1-555-0000953
CAND-0954,christian.elliott.0954@example.com,Christian,Elliott,+1-555-0000954
CAND-0955,bryan.kelley.0955@example.com,Bryan,Kelley,+1-555-0000955
CAND-0956,william.armstrong.0956@example.com,William,Armstrong,+1-555-0000956
CAND-0957,edward.murphy.0957@example.com,Edward,Murphy,+1-555-0000957
CAND-0958,abigail.wilson.0958@example.com,Abigail,Wilson,+1-555-0000958
CAND-0959,jamie.aguilar.0959@example.com,Jamie,Aguilar,+1-555-0000959
CAND-0960,christopher.dixon.0960@example.com,Christopher,Dixon,+1-555-0000960
CAND-0961,lindsey.chavez.0961@example.com,Lindsey,Chavez,+1-555-0000961
CAND-0962,william.bryant.0962@example.com,William,Bryant,+1-555-0000962
CAND-0963,brian.ford.0963@example.com,Brian,Ford,+1-555-0000963
CAND-0964,lindsay.cummings.0964@example.com,Lindsay,Cummings,+1-555-0000964
CAND-0965,randy.velasquez.0965@example.com,Randy,Velasquez,+1-555-0000965
CAND-0966,julie.lane.0966@example.com,Julie,Lane,+1-555-0000966
CAND-0967,brandon.cooper.0967@example.com,Brandon,Cooper,+1-555-0000967
CAND-0968,bryce.mcknight.0968@example.com,Bryce,Mcknight,+1-555-0000968
CAND-0969,sarah.jones.0969@example.com,Sarah,Jones,+1-555-0000969
CAND-0970,sarah.johnson.0970@example.com,Sarah,Johnson,+1-555-0000970
CAND-0971,robert.mack.0971@example.com,Robert,Mack,+1-555-0000971
CAND-0972,katie.good.0972@example.com,Katie,Good,+1-555-0000972
CAND-0973,debbie.fisher.0973@example.com,Debbie,Fisher,+1-555-0000973
CAND-0974,victoria.reyes.0974@example.com,Victoria,Reyes,+1-555-0000974
CAND-0975,molly.knox.0975@example.com,Molly,Knox,+1-555-0000975
CAND-0976,nicholas.vega.0976@example.com,Nicholas,Vega,+1-555-0000976
CAND-0977,dorothy.ryan.0977@example.com,Dorothy,Ryan,+1-555-0000977
CAND-0978,desiree.bailey.0978@example.com,Desiree,Bailey,+1-555-0000978
CAND-0979,gregory.medina.0979@example.com,Gregory,Medina,+1-555-0000979
CAND-0980,allison.luna.0980@example.com,Allison,Luna,+1-555-0000980
CAND-0981,jeffrey.smith.0981@example.com,Jeffrey,Smith,+1-555-0000981
CAND-0982,andrew.evans.0982@example.com,Andrew,Evans,+1-555-0000982
CAND-0983,emily.stephens.0983@example.com,Emily,Stephens,+1-555-0000983
CAND-0984,amanda.morrow.0984@example.com,Amanda,Morrow,+1-555-0000984
CAND-0985,john.reed.0985@example.com,John,Reed,+1-555-0000985
CAND-0986,joshua.pineda.0986@example.com,Joshua,Pineda,+1-555-0000986
CAND-0987,jessica.rodriguez.0987@example.com,Jessica,Rodriguez,+1-555-0000987
CAND-0988,lisa.barnes.0988@example.com,Lisa,Barnes,+1-555-0000988
CAND-0989,katie.stephenson.0989@example.com,Katie,Stephenson,+1-555-0000989
CAND-0990,alexis.harris.0990@example.com,Alexis,Harris,+1-555-0000990
CAND-0991,craig.johnson.0991@example.com,Craig,Johnson,+1-555-0000991
CAND-0992,carla.warner.0992@example.com,Carla,Warner,+1-555-0000992
CAND-0993,brandon.yang.0993@example.com,Brandon,Yang,+1-555-0000993
CAND-0994,richard.young.0994@example.com,Richard,Young,+1-555-0000994
CAND-0995,jeff.shields.0995@example.com,Jeff,Shields,+1-555-0000995
CAND-0996,brian.gordon.0996@example.com,Brian,Gordon,+1-555-0000996
CAND-0997,keith.cabrera.0997@example.com,Keith,Cabrera,+1-555-0000997
CAND-0998,jessica.flores.0998@example.com,Jessica,Flores,+1-555-0000998
CAND-0999,carla.chambers.0999@example.com,Carla,Chambers,+1-555-0000999
CAND-1000,malik.turner.1000@example.com,Malik,Turner,+1-555-0001000
CAND-1001,douglas.keller.1001@example.com,Douglas,Keller,+1-555-0001001
CAND-1002,jeffrey.turner.1002@example.com,Jeffrey,Turner,+1-555-0001002
CAND-1003,bruce.fry.1003@example.com,Bruce,Fry,+1-555-0001003
CAND-1004,nichole.buck.1004@example.com,Nichole,Buck,+1-555-0001004
CAND-1005,connie.simmons.1005@example.com,Connie,Simmons,+1-555-0001005
CAND-1006,tyler.compton.1006@example.com,Tyler,Compton,+1-555-0001006
CAND-1007,shelly.powers.1007@example.com,Shelly,Powers,+1-555-0001007
CAND-1008,kristi.flores.1008@example.com,Kristi,Flores,+1-555-0001008
CAND-1009,robert.hernandez.1009@example.com,Robert,Hernandez,+1-555-0001009
CAND-1010,nicholas.webster.1010@example.com,Nicholas,Webster,+1-555-0001010
CAND-1011,thomas.atkinson.1011@example.com,Thomas,Atkinson,+1-555-0001011
CAND-1012,kevin.zimmerman.1012@example.com,Kevin,Zimmerman,+1-555-0001012
CAND-1013,linda.melendez.1013@example.com,Linda,Melendez,+1-555-0001013
CAND-1014,anna.faulkner.1014@example.com,Anna,Faulkner,+1-555-0001014
CAND-1015,angela.anderson.1015@example.com,Angela,Anderson,+1-555-0001015
CAND-1016,john.harris.1016@example.com,John,Harris,+1-555-0001016
CAND-1017,deborah.nielsen.1017@example.com,Deborah,Nielsen,+1-555-0001017
CAND-1018,melanie.davis.1018@example.com,Melanie,Davis,+1-555-0001018
CAND-1019,jenny.lee.1019@example.com,Jenny,Lee,+1-555-0001019
CAND-1020,joseph.nunez.1020@example.com,Joseph,Nunez,+1-555-0001020
CAND-1021,carrie.russo.1021@example.com,Carrie,Russo,+1-555-0001021
CAND-1022,jacob.gill.1022@example.com,Jacob,Gill,+1-555-0001022
CAND-1023,jennifer.hansen.1023@example.com,Jennifer,Hansen,+1-555-0001023
CAND-1024,timothy.booth.1024@example.com,Timothy,Booth,+1-555-0001024
CAND-1025,mason.krueger.1025@example.com,Mason,Krueger,+1-555-0001025
CAND-1026,alexis.giles.1026@example.com,Alexis,Giles,+1-555-0001026
CAND-1027,suzanne.wilson.1027@example.com,Suzanne,Wilson,+1-555-0001027
CAND-1028,yvonne.mendoza.1028@example.com,Yvonne,Mendoza,+1-555-0001028
CAND-1029,john.munoz.1029@example.com,John,Munoz,+1-555-0001029
CAND-1030,james.herman.1030@example.com,James,Herman,+1-555-0001030
CAND-1031,andrea.rowe.1031@example.com,Andrea,Rowe,+1-555-0001031
CAND-1032,oscar.ferguson.1032@example.com,Oscar,Ferguson,+1-555-0001032
CAND-1033,michael.green.1033@example.com,Michael,Green,+1-555-0001033
CAND-1034,william.crawford.1034@example.com,William,Crawford,+1-555-0001034
CAND-1035,corey.zavala.1035@example.com,Corey,Zavala,+1-555-0001035
CAND-1036,terrance.franco.1036@example.com,Terrance,Franco,+1-555-0001036
CAND-1037,robin.wood.1037@example.com,Robin,Wood,+1-555-0001037
CAND-1038,robert.hart.1038@example.com,Robert,Hart,+1-555-0001038
CAND-1039,jeffrey.thomas.1039@example.com,Jeffrey,Thomas,+1-555-0001039
CAND-1040,jose.donovan.1040@example.com,Jose,Donovan,+1-555-0001040
CAND-1041,beth.butler.1041@example.com,Beth,Butler,+1-555-0001041
CAND-1042,elijah.rivera.1042@example.com,Elijah,Rivera,+1-555-0001042
CAND-1043,noah.whitaker.1043@example.com,Noah,Whitaker,+1-555-0001043
CAND-1044,victor.pena.1044@example.com,Victor,Pena,+1-555-0001044
CAND-1045,gail.scott.1045@example.com,Gail,Scott,+1-555-0001045
CAND-1046,lorraine.levy.1046@example.com,Lorraine,Levy,+1-555-0001046
CAND-1047,darlene.henry.1047@example.com,Darlene,Henry,+1-555-0001047
CAND-1048,gary.norton.1048@example.com,Gary,Norton,+1-555-0001048
CAND-1049,gary.cortez.1049@example.com,Gary,Cortez,+1-555-0001049
CAND-1050,tracy.stark.1050@example.com,Tracy,Stark,+1-555-0001050
CAND-1051,amber.may.1051@example.com,Amber,May,+1-555-0001051
CAND-1052,brian.johnson.1052@example.com,Brian,Johnson,+1-555-0001052
CAND-1053,melanie.landry.1053@example.com,Melanie,Landry,+1-555-0001053
CAND-1054,elizabeth.duran.1054@example.com,Elizabeth,Duran,+1-555-0001054
CAND-1055,robert.kirby.1055@example.com,Robert,Kirby,+1-555-0001055
CAND-1056,jesse.mann.1056@example.com,Jesse,Mann,+1-555-0001056
CAND-1057,albert.wagner.1057@example.com,Albert,Wagner,+1-555-0001057
CAND-1058,nathaniel.williamson.1058@example.com,Nathaniel,Williamson,+1-555-0001058
CAND-1059,elizabeth.jensen.1059@example.com,Elizabeth,Jensen,+1-555-0001059
CAND-1060,timothy.freeman.1060@example.com,Timothy,Freeman,+1-555-0001060
CAND-1061,adam.arnold.1061@example.com,Adam,Arnold,+1-555-0001061
CAND-1062,alexander.moreno.1062@example.com,Alexander,Moreno,+1-555-0001062
CAND-1063,joshua.madden.1063@example.com,Joshua,Madden,+1-555-0001063
CAND-1064,andre.li.1064@example.com,Andre,Li,+1-555-0001064
CAND-1065,emily.drake.1065@example.com,Emily,Drake,+1-555-0001065
CAND-1066,renee.rodriguez.1066@example.com,Renee,Rodriguez,+1-555-0001066
CAND-1067,cole.hernandez.1067@example.com,Cole,Hernandez,+1-555-0001067
CAND-1068,james.fox.1068@example.com,James,Fox,+1-555-0001068
CAND-1069,lisa.adams.1069@example.com,Lisa,Adams,+1-555-0001069
CAND-1070,randy.watson.1070@example.com,Randy,Watson,+1-555-0001070
CAND-1071,richard.cunningham.1071@example.com,Richard,Cunningham,+1-555-0001071
CAND-1072,veronica.perez.1072@example.com,Veronica,Perez,+1-555-0001072
CAND-1073,gabriella.abbott.1073@example.com,Gabriella,Abbott,+1-555-0001073
CAND-1074,desiree.garrison.1074@example.com,Desiree,Garrison,+1-555-0001074
CAND-1075,katherine.davis.1075@example.com,Katherine,Davis,+1-555-0001075
CAND-1076,nicholas.tran.1076@example.com,Nicholas,Tran,+1-555-0001076
CAND-1077,brian.smith.1077@example.com,Brian,Smith,+1-555-0001077
CAND-1078,george.porter.1078@example.com,George,Porter,+1-555-0001078
CAND-1079,ryan.mueller.1079@example.com,Ryan,Mueller,+1-555-0001079
CAND-1080,ariel.hodge.1080@example.com,Ariel,Hodge,+1-555-0001080
CAND-1081,cody.rice.1081@example.com,Cody,Rice,+1-555-0001081
CAND-1082,brad.lewis.1082@example.com,Brad,Lewis,+1-555-0001082
CAND-1083,miranda.clay.1083@example.com,Miranda,Clay,+1-555-0001083
CAND-1084,thomas.williams.1084@example.com,Thomas,Williams,+1-555-0001084
CAND-1085,charles.frost.1085@example.com,Charles,Frost,+1-555-0001085
CAND-1086,rachel.elliott.1086@example.com,Rachel,Elliott,+1-555-0001086
CAND-1087,antonio.mcfarland.1087@example.com,Antonio,Mcfarland,+1-555-0001087
CAND-1088,leonard.ali.1088@example.com,Leonard,Ali,+1-555-0001088
CAND-1089,brenda.goodwin.1089@example.com,Brenda,Goodwin,+1-555-0001089
CAND-1090,jennifer.sanders.1090@example.com,Jennifer,Sanders,+1-555-0001090
CAND-1091,chase.martin.1091@example.com,Chase,Martin,+1-555-0001091
CAND-1092,john.davenport.1092@example.com,John,Davenport,+1-555-0001092
CAND-1093,paul.mosley.1093@example.com,Paul,Mosley,+1-555-0001093
CAND-1094,martin.campos.1094@example.com,Martin,Campos,+1-555-0001094
CAND-1095,donald.hinton.1095@example.com,Donald,Hinton,+1-555-0001095
CAND-1096,jennifer.mason.1096@example.com,Jennifer,Mason,+1-555-0001096
CAND-1097,terri.brown.1097@example.com,Terri,Brown,+1-555-0001097
CAND-1098,samuel.roberson.1098@example.com,Samuel,Roberson,+1-555-0001098
CAND-1099,matthew.mack.1099@example.com,Matthew,Mack,+1-555-0001099
CAND-1100,stephanie.sanders.1100@example.com,Stephanie,Sanders,+1-555-0001100
CAND-1101,kim.johnson.1101@example.com,Kim,Johnson,+1-555-0001101
CAND-1102,joshua.riddle.1102@example.com,Joshua,Riddle,+1-555-0001102
CAND-1103,tracy.kelly.1103@example.com,Tracy,Kelly,+1-555-0001103
CAND-1104,shelley.reynolds.1104@example.com,Shelley,Reynolds,+1-555-0001104
CAND-1105,erin.guerrero.1105@example.com,Erin,Guerrero,+1-555-0001105
CAND-1106,christopher.montgomery.1106@example.com,Christopher,Montgomery,+1-555-0001106
CAND-1107,lauren.marquez.1107@example.com,Lauren,Marquez,+1-555-0001107
CAND-1108,christopher.moore.1108@example.com,Christopher,Moore,+1-555-0001108
CAND-1109,jennifer.walters.1109@example.com,Jennifer,Walters,+1-555-0001109
CAND-1110,jodi.stewart.1110@example.com,Jodi,Stewart,+1-555-0001110
CAND-1111,daniel.smith.1111@example.com,Daniel,Smith,+1-555-0001111
CAND-1112,kyle.ward.1112@example.com,Kyle,Ward,+1-555-0001112
CAND-1113,joseph.anderson.1113@example.com,Joseph,Anderson,+1-555-0001113
CAND-1114,jacob.cole.1114@example.com,Jacob,Cole,+1-555-0001114
CAND-1115,angela.russell.1115@example.com,Angela,Russell,+1-555-0001115
CAND-1116,anthony.gomez.1116@example.com,Anthony,Gomez,+1-555-0001116
CAND-1117,christopher.george.1117@example.com,Christopher,George,+1-555-0001117
CAND-1118,mark.cruz.1118@example.com,Mark,Cruz,+1-555-0001118
CAND-1119,kelly.hughes.1119@example.com,Kelly,Hughes,+1-555-0001119
CAND-1120,christopher.santana.1120@example.com,Christopher,Santana,+1-555-0001120
CAND-1121,rebecca.spence.1121@example.com,Rebecca,Spence,+1-555-0001121
CAND-1122,ashley.jackson.1122@example.com,Ashley,Jackson,+1-555-0001122
CAND-1123,oscar.taylor.1123@example.com,Oscar,Taylor,+1-555-0001123
CAND-1124,kevin.snyder.1124@example.com,Kevin,Snyder,+1-555-0001124
CAND-1125,bryan.hamilton.1125@example.com,Bryan,Hamilton,+1-555-0001125
CAND-1126,robert.washington.1126@example.com,Robert,Washington,+1-555-0001126
CAND-1127,chase.king.1127@example.com,Chase,King,+1-555-0001127
CAND-1128,john.weber.1128@example.com,John,Weber,+1-555-0001128
CAND-1129,brittney.gonzalez.1129@example.com,Brittney,Gonzalez,+1-555-0001129
CAND-1130,daniel.torres.1130@example.com,Daniel,Torres,+1-555-0001130
CAND-1131,stacy.cook.1131@example.com,Stacy,Cook,+1-555-0001131
CAND-1132,christine.brock.1132@example.com,Christine,Brock,+1-555-0001132
CAND-1133,mark.cook.1133@example.com,Mark,Cook,+1-555-0001133
CAND-1134,lisa.villarreal.1134@example.com,Lisa,Villarreal,+1-555-0001134
CAND-1135,terri.taylor.1135@example.com,Terri,Taylor,+1-555-0001135
CAND-1136,malik.valentine.1136@example.com,Malik,Valentine,+1-555-0001136
CAND-1137,james.edwards.1137@example.com,James,Edwards,+1-555-0001137
CAND-1138,tamara.novak.1138@example.com,Tamara,Novak,+1-555-0001138
CAND-1139,kelly.neal.1139@example.com,Kelly,Neal,+1-555-0001139
CAND-1140,travis.johnston.1140@example.com,Travis,Johnston,+1-555-0001140
CAND-1141,john.bennett.1141@example.com,John,Bennett,+1-555-0001141
CAND-1142,lisa.long.1142@example.com,Lisa,Long,+1-555-0001142
CAND-1143,daniel.elliott.1143@example.com,Daniel,Elliott,+1-555-0001143
CAND-1144,brittany.gardner.1144@example.com,Brittany,Gardner,+1-555-0001144
CAND-1145,erin.pierce.1145@example.com,Erin,Pierce,+1-555-0001145
CAND-1146,stephanie.murray.1146@example.com,Stephanie,Murray,+1-555-0001146
CAND-1147,jeanette.gonzales.1147@example.com,Jeanette,Gonzales,+1-555-0001147
CAND-1148,kelly.schwartz.1148@example.com,Kelly,Schwartz,+1-555-0001148
CAND-1149,lori.flynn.1149@example.com,Lori,Flynn,+1-555-0001149
CAND-1150,robert.porter.1150@example.com,Robert,Porter,+1-555-0001150
CAND-1151,cynthia.allen.1151@example.com,Cynthia,Allen,+1-555-0001151
CAND-1152,donna.espinoza.1152@example.com,Donna,Espinoza,+1-555-0001152
CAND-1153,kristina.jones.1153@example.com,Kristina,Jones,+1-555-0001153
CAND-1154,vicki.mendoza.1154@example.com,Vicki,Mendoza,+1-555-0001154
CAND-1155,richard.hunter.1155@example.com,Richard,Hunter,+1-555-0001155
CAND-1156,samantha.holt.1156@example.com,Samantha,Holt,+1-555-0001156
CAND-1157,amy.gibbs.1157@example.com,Amy,Gibbs,+1-555-0001157
CAND-1158,michael.woodard.1158@example.com,Michael,Woodard,+1-555-0001158
CAND-1159,amanda.little.1159@example.com,Amanda,Little,+1-555-0001159
CAND-1160,christopher.mack.1160@example.com,Christopher,Mack,+1-555-0001160
CAND-1161,diane.kelly.1161@example.com,Diane,Kelly,+1-555-0001161
CAND-1162,deborah.williams.1162@example.com,Deborah,Williams,+1-555-0001162
CAND-1163,tonya.byrd.1163@example.com,Tonya,Byrd,+1-555-0001163
CAND-1164,reginald.goodwin.1164@example.com,Reginald,Goodwin,+1-555-0001164
CAND-1165,tammy.jordan.1165@example.com,Tammy,Jordan,+1-555-0001165
CAND-1166,alex.green.1166@example.com,Alex,Green,+1-555-0001166
CAND-1167,william.stone.1167@example.com,William,Stone,+1-555-0001167
CAND-1168,beverly.johnston.1168@example.com,Beverly,Johnston,+1-555-0001168
CAND-1169,sean.myers.1169@example.com,Sean,Myers,+1-555-0001169
CAND-1170,kelsey.chapman.1170@example.com,Kelsey,Chapman,+1-555-0001170
CAND-1171,vincent.cooper.1171@example.com,Vincent,Cooper,+1-555-0001171
CAND-1172,angel.garcia.1172@example.com,Angel,Garcia,+1-555-0001172
CAND-1173,robert.nixon.1173@example.com,Robert,Nixon,+1-555-0001173
CAND-1174,darren.shepard.1174@example.com,Darren,Shepard,+1-555-0001174
CAND-1175,donald.collins.1175@example.com,Donald,Collins,+1-555-0001175
CAND-1176,stanley.clark.1176@example.com,Stanley,Clark,+1-555-0001176
CAND-1177,timothy.alvarez.1177@example.com,Timothy,Alvarez,+1-555-0001177
CAND-1178,samuel.horton.1178@example.com,Samuel,Horton,+1-555-0001178
CAND-1179,luis.evans.1179@example.com,Luis,Evans,+1-555-0001179
CAND-1180,lisa.wilson.1180@example.com,Lisa,Wilson,+1-555-0001180
CAND-1181,melinda.wong.1181@example.com,Melinda,Wong,+1-555-0001181
CAND-1182,erica.martin.1182@example.com,Erica,Martin,+1-555-0001182
CAND-1183,tonya.sanchez.1183@example.com,Tonya,Sanchez,+1-555-0001183
CAND-1184,greg.moore.1184@example.com,Greg,Moore,+1-555-0001184
CAND-1185,anita.mullen.1185@example.com,Anita,Mullen,+1-555-0001185
CAND-1186,jesse.sullivan.1186@example.com,Jesse,Sullivan,+1-555-0001186
CAND-1187,jack.davidson.1187@example.com,Jack,Davidson,+1-555-0001187
CAND-1188,ryan.johnson.1188@example.com,Ryan,Johnson,+1-555-0001188
CAND-1189,christina.gonzalez.1189@example.com,Christina,Gonzalez,+1-555-0001189
CAND-1190,brittany.price.1190@example.com,Brittany,Price,+1-555-0001190
CAND-1191,janet.harris.1191@example.com,Janet,Harris,+1-555-0001191
CAND-1192,karen.stokes.1192@example.com,Karen,Stokes,+1-555-0001192
CAND-1193,bryan.garcia.1193@example.com,Bryan,Garcia,+1-555-0001193
CAND-1194,monica.lopez.1194@example.com,Monica,Lopez,+1-555-0001194
CAND-1195,mark.ellis.1195@example.com,Mark,Ellis,+1-555-0001195
CAND-1196,jose.huffman.1196@example.com,Jose,Huffman,+1-555-0001196
CAND-1197,allison.fowler.1197@example.com,Allison,Fowler,+1-555-0001197
CAND-1198,candice.carr.1198@example.com,Candice,Carr,+1-555-0001198
CAND-1199,brenda.bailey.1199@example.com,Brenda,Bailey,+1-555-0001199
CAND-1200,megan.williamson.1200@example.com,Megan,Williamson,+1-555-0001200
CAND-1201,lisa.mccarthy.1201@example.com,Lisa,Mccarthy,+1-555-0001201
CAND-1202,kenneth.mendez.1202@example.com,Kenneth,Mendez,+1-555-0001202
CAND-1203,christopher.anderson.1203@example.com,Christopher,Anderson,+1-555-0001203
CAND-1204,david.torres.1204@example.com,David,Torres,+1-555-0001204
CAND-1205,isaac.steele.1205@example.com,Isaac,Steele,+1-555-0001205
CAND-1206,william.barnes.1206@example.com,William,Barnes,+1-555-0001206
CAND-1207,devin.reyes.1207@example.com,Devin,Reyes,+1-555-0001207
CAND-1208,jacob.reid.1208@example.com,Jacob,Reid,+1-555-0001208
CAND-1209,heather.brewer.1209@example.com,Heather,Brewer,+1-555-0001209
CAND-1210,zoe.peters.1210@example.com,Zoe,Peters,+1-555-0001210
CAND-1211,tracy.taylor.1211@example.com,Tracy,Taylor,+1-555-0001211
CAND-1212,leonard.hayes.1212@example.com,Leonard,Hayes,+1-555-0001212
CAND-1213,brian.howard.1213@example.com,Brian,Howard,+1-555-0001213
CAND-1214,albert.taylor.1214@example.com,Albert,Taylor,+1-555-0001214
CAND-1215,lisa.maynard.1215@example.com,Lisa,Maynard,+1-555-0001215
CAND-1216,william.simpson.1216@example.com,William,Simpson,+1-555-0001216
CAND-1217,gail.perry.1217@example.com,Gail,Perry,+1-555-0001217
CAND-1218,mary.burns.1218@example.com,Mary,Burns,+1-555-0001218
CAND-1219,christopher.johnson.1219@example.com,Christopher,Johnson,+1-555-0001219
CAND-1220,kathleen.carter.1220@example.com,Kathleen,Carter,+1-555-0001220
CAND-1221,joshua.medina.1221@example.com,Joshua,Medina,+1-555-0001221
CAND-1222,gary.ellis.1222@example.com,Gary,Ellis,+1-555-0001222
CAND-1223,julia.cannon.1223@example.com,Julia,Cannon,+1-555-0001223
CAND-1224,andrea.wilson.1224@example.com,Andrea,Wilson,+1-555-0001224
CAND-1225,danny.hampton.1225@example.com,Danny,Hampton,+1-555-0001225
CAND-1226,madeline.richardson.1226@example.com,Madeline,Richardson,+1-555-0001226
CAND-1227,lynn.williams.1227@example.com,Lynn,Williams,+1-555-0001227
CAND-1228,jennifer.payne.1228@example.com,Jennifer,Payne,+1-555-0001228
CAND-1229,veronica.garcia.1229@example.com,Veronica,Garcia,+1-555-0001229
CAND-1230,maria.potter.1230@example.com,Maria,Potter,+1-555-0001230
CAND-1231,kenneth.kidd.1231@example.com,Kenneth,Kidd,+1-555-0001231
CAND-1232,shannon.bailey.1232@example.com,Shannon,Bailey,+1-555-0001232
CAND-1233,lisa.gonzales.1233@example.com,Lisa,Gonzales,+1-555-0001233
CAND-1234,victoria.rowe.1234@example.com,Victoria,Rowe,+1-555-0001234
CAND-1235,joel.cochran.1235@example.com,Joel,Cochran,+1-555-0001235
CAND-1236,brianna.bell.1236@example.com,Brianna,Bell,+1-555-0001236
CAND-1237,jennifer.chen.1237@example.com,Jennifer,Chen,+1-555-0001237
CAND-1238,gabriel.taylor.1238@example.com,Gabriel,Taylor,+1-555-0001238
CAND-1239,jamie.clark.1239@example.com,Jamie,Clark,+1-555-0001239
CAND-1240,brian.bell.1240@example.com,Brian,Bell,+1-555-0001240
CAND-1241,juan.ryan.1241@example.com,Juan,Ryan,+1-555-0001241
CAND-1242,mario.padilla.1242@example.com,Mario,Padilla,+1-555-0001242
CAND-1243,keith.adams.1243@example.com,Keith,Adams,+1-555-0001243
CAND-1244,michele.duke.1244@example.com,Michele,Duke,+1-555-0001244
CAND-1245,erin.davis.1245@example.com,Erin,Davis,+1-555-0001245
CAND-1246,sydney.floyd.1246@example.com,Sydney,Floyd,+1-555-0001246
CAND-1247,samantha.riddle.1247@example.com,Samantha,Riddle,+1-555-0001247
CAND-1248,michelle.martinez.1248@example.com,Michelle,Martinez,+1-555-0001248
CAND-1249,michelle.wright.1249@example.com,Michelle,Wright,+1-555-0001249
CAND-1250,jennifer.poole.1250@example.com,Jennifer,Poole,+1-555-0001250
CAND-1251,kathleen.lowe.1251@example.com,Kathleen,Lowe,+1-555-0001251
CAND-1252,tracy.ray.1252@example.com,Tracy,Ray,+1-555-0001252
CAND-1253,joseph.perry.1253@example.com,Joseph,Perry,+1-555-0001253
CAND-1254,shannon.schultz.1254@example.com,Shannon,Schultz,+1-555-0001254
CAND-1255,nicole.davis.1255@example.com,Nicole,Davis,+1-555-0001255
CAND-1256,zachary.ramirez.1256@example.com,Zachary,Ramirez,+1-555-0001256
CAND-1257,sharon.wood.1257@example.com,Sharon,Wood,+1-555-0001257
CAND-1258,stephanie.murphy.1258@example.com,Stephanie,Murphy,+1-555-0001258
CAND-1259,aaron.schroeder.1259@example.com,Aaron,Schroeder,+1-555-0001259
CAND-1260,jessica.simon.1260@example.com,Jessica,Simon,+1-555-0001260
CAND-1261,stephen.beck.1261@example.com,Stephen,Beck,+1-555-0001261
CAND-1262,michael.brown.1262@example.com,Michael,Brown,+1-555-0001262
CAND-1263,amanda.robinson.1263@example.com,Amanda,Robinson,+1-555-0001263
CAND-1264,russell.lewis.1264@example.com,Russell,Lewis,+1-555-0001264
CAND-1265,joseph.clayton.1265@example.com,Joseph,Clayton,+1-555-0001265
CAND-1266,matthew.lane.1266@example.com,Matthew,Lane,+1-555-0001266
CAND-1267,ashlee.washington.1267@example.com,Ashlee,Washington,+1-555-0001267
CAND-1268,matthew.fleming.1268@example.com,Matthew,Fleming,+1-555-0001268
CAND-1269,brandon.garcia.1269@example.com,Brandon,Garcia,+1-555-0001269
CAND-1270,kristen.stevens.1270@example.com,Kristen,Stevens,+1-555-0001270
CAND-1271,david.mathews.1271@example.com,David,Mathews,+1-555-0001271
CAND-1272,scott.smith.1272@example.com,Scott,Smith,+1-555-0001272
CAND-1273,susan.harris.1273@example.com,Susan,Harris,+1-555-0001273
CAND-1274,haley.anderson.1274@example.com,Haley,Anderson,+1-555-0001274
CAND-1275,debra.moore.1275@example.com,Debra,Moore,+1-555-0001275
CAND-1276,sarah.hill.1276@example.com,Sarah,Hill,+1-555-0001276
CAND-1277,diamond.wright.1277@example.com,Diamond,Wright,+1-555-0001277
CAND-1278,nathan.mckee.1278@example.com,Nathan,Mckee,+1-555-0001278
CAND-1279,gabriel.sanders.1279@example.com,Gabriel,Sanders,+1-555-0001279
CAND-1280,kevin.lyons.1280@example.com,Kevin,Lyons,+1-555-0001280
CAND-1281,jim.rios.1281@example.com,Jim,Rios,+1-555-0001281
CAND-1282,jane.smith.1282@example.com,Jane,Smith,+1-555-0001282
CAND-1283,thomas.anderson.1283@example.com,Thomas,Anderson,+1-555-0001283
CAND-1284,jeremy.frazier.1284@example.com,Jeremy,Frazier,+1-555-0001284
CAND-1285,albert.dominguez.1285@example.com,Albert,Dominguez,+1-555-0001285
CAND-1286,lisa.mcneil.1286@example.com,Lisa,Mcneil,+1-555-0001286
CAND-1287,robert.anderson.1287@example.com,Robert,Anderson,+1-555-0001287
CAND-1288,chad.reyes.1288@example.com,Chad,Reyes,+1-555-0001288
CAND-1289,jessica.garcia.1289@example.com,Jessica,Garcia,+1-555-0001289
CAND-1290,lawrence.ibarra.1290@example.com,Lawrence,Ibarra,+1-555-0001290
CAND-1291,derrick.ayala.1291@example.com,Derrick,Ayala,+1-555-0001291
CAND-1292,karen.anderson.1292@example.com,Karen,Anderson,+1-555-0001292
CAND-1293,victoria.thomas.1293@example.com,Victoria,Thomas,+1-555-0001293
CAND-1294,alyssa.smith.1294@example.com,Alyssa,Smith,+1-555-0001294
CAND-1295,debra.alexander.1295@example.com,Debra,Alexander,+1-555-0001295
CAND-1296,jennifer.fuller.1296@example.com,Jennifer,Fuller,+1-555-0001296
CAND-1297,edward.jenkins.1297@example.com,Edward,Jenkins,+1-555-0001297
CAND-1298,glenda.heath.1298@example.com,Glenda,Heath,+1-555-0001298
CAND-1299,christopher.garcia.1299@example.com,Christopher,Garcia,+1-555-0001299
CAND-1300,karen.lawrence.1300@example.com,Karen,Lawrence,+1-555-0001300
CAND-1301,patrick.richmond.1301@example.com,Patrick,Richmond,+1-555-0001301
CAND-1302,leonard.taylor.1302@example.com,Leonard,Taylor,+1-555-0001302
CAND-1303,joshua.miller.1303@example.com,Joshua,Miller,+1-555-0001303
CAND-1304,angela.greene.1304@example.com,Angela,Greene,+1-555-0001304
CAND-1305,cathy.maxwell.1305@example.com,Cathy,Maxwell,+1-555-0001305
CAND-1306,hannah.abbott.1306@example.com,Hannah,Abbott,+1-555-0001306
CAND-1307,dominique.turner.1307@example.com,Dominique,Turner,+1-555-0001307
CAND-1308,april.hicks.1308@example.com,April,Hicks,+1-555-0001308
CAND-1309,julie.phillips.1309@example.com,Julie,Phillips,+1-555-0001309
CAND-1310,brian.hurst.1310@example.com,Brian,Hurst,+1-555-0001310
CAND-1311,stephanie.simpson.1311@example.com,Stephanie,Simpson,+1-555-0001311
CAND-1312,daniel.porter.1312@example.com,Daniel,Porter,+1-555-0001312
CAND-1313,brittney.rice.1313@example.com,Brittney,Rice,+1-555-0001313
CAND-1314,tiffany.hatfield.1314@example.com,Tiffany,Hatfield,+1-555-0001314
CAND-1315,sarah.anderson.1315@example.com,Sarah,Anderson,+1-555-0001315
CAND-1316,michelle.carroll.1316@example.com,Michelle,Carroll,+1-555-0001316
CAND-1317,michael.vega.1317@example.com,Michael,Vega,+1-555-0001317
CAND-1318,kathryn.best.1318@example.com,Kathryn,Best,+1-555-0001318
CAND-1319,kaylee.smith.1319@example.com,Kaylee,Smith,+1-555-0001319
CAND-1320,carlos.baker.1320@example.com,Carlos,Baker,+1-555-0001320
CAND-1321,bill.brown.1321@example.com,Bill,Brown,+1-555-0001321
CAND-1322,kristina.hunter.1322@example.com,Kristina,Hunter,+1-555-0001322
CAND-1323,courtney.mason.1323@example.com,Courtney,Mason,+1-555-0001323
CAND-1324,robert.miles.1324@example.com,Robert,Miles,+1-555-0001324
CAND-1325,christopher.herrera.1325@example.com,Christopher,Herrera,+1-555-0001325
CAND-1326,christina.ramirez.1326@example.com,Christina,Ramirez,+1-555-0001326
CAND-1327,kyle.dixon.1327@example.com,Kyle,Dixon,+1-555-0001327
CAND-1328,james.morton.1328@example.com,James,Morton,+1-555-0001328
CAND-1329,amanda.myers.1329@example.com,Amanda,Myers,+1-555-0001329
CAND-1330,cynthia.davenport.1330@example.com,Cynthia,Davenport,+1-555-0001330
CAND-1331,erin.jones.1331@example.com,Erin,Jones,+1-555-0001331
CAND-1332,holly.blair.1332@example.com,Holly,Blair,+1-555-0001332
CAND-1333,meghan.brown.1333@example.com,Meghan,Brown,+1-555-0001333
CAND-1334,christopher.hamilton.1334@example.com,Christopher,Hamilton,+1-555-0001334
CAND-1335,shawn.lynch.1335@example.com,Shawn,Lynch,+1-555-0001335
CAND-1336,kyle.harmon.1336@example.com,Kyle,Harmon,+1-555-0001336
CAND-1337,joy.wilson.1337@example.com,Joy,Wilson,+1-555-0001337
CAND-1338,jean.miles.1338@example.com,Jean,Miles,+1-555-0001338
CAND-1339,frank.benton.1339@example.com,Frank,Benton,+1-555-0001339
CAND-1340,alexandra.logan.1340@example.com,Alexandra,Logan,+1-555-0001340
CAND-1341,jennifer.jackson.1341@example.com,Jennifer,Jackson,+1-555-0001341
CAND-1342,david.norman.1342@example.com,David,Norman,+1-555-0001342
CAND-1343,joseph.tanner.1343@example.com,Joseph,Tanner,+1-555-0001343
CAND-1344,kelsey.johnson.1344@example.com,Kelsey,Johnson,+1-555-0001344
CAND-1345,lindsay.nelson.1345@example.com,Lindsay,Nelson,+1-555-0001345
CAND-1346,caleb.joseph.1346@example.com,Caleb,Joseph,+1-555-0001346
CAND-1347,barbara.jones.1347@example.com,Barbara,Jones,+1-555-0001347
CAND-1348,spencer.ward.1348@example.com,Spencer,Ward,+1-555-0001348
CAND-1349,victor.bradley.1349@example.com,Victor,Bradley,+1-555-0001349
CAND-1350,michael.scott.1350@example.com,Michael,Scott,+1-555-0001350
CAND-1351,dakota.berry.1351@example.com,Dakota,Berry,+1-555-0001351
CAND-1352,jennifer.perez.1352@example.com,Jennifer,Perez,+1-555-0001352
CAND-1353,william.williams.1353@example.com,William,Williams,+1-555-0001353
CAND-1354,michelle.sanchez.1354@example.com,Michelle,Sanchez,+1-555-0001354
CAND-1355,thomas.reyes.1355@example.com,Thomas,Reyes,+1-555-0001355
CAND-1356,edward.velazquez.1356@example.com,Edward,Velazquez,+1-555-0001356
CAND-1357,meredith.tran.1357@example.com,Meredith,Tran,+1-555-0001357
CAND-1358,robin.yang.1358@example.com,Robin,Yang,+1-555-0001358
CAND-1359,robert.morris.1359@example.com,Robert,Morris,+1-555-0001359
CAND-1360,robert.cortez.1360@example.com,Robert,Cortez,+1-555-0001360
CAND-1361,joseph.miller.1361@example.com,Joseph,Miller,+1-555-0001361
CAND-1362,nathan.shaw.1362@example.com,Nathan,Shaw,+1-555-0001362
CAND-1363,rachel.white.1363@example.com,Rachel,White,+1-555-0001363
CAND-1364,linda.jarvis.1364@example.com,Linda,Jarvis,+1-555-0001364
CAND-1365,stephanie.jones.1365@example.com,Stephanie,Jones,+1-555-0001365
CAND-1366,steven.campbell.1366@example.com,Steven,Campbell,+1-555-0001366
CAND-1367,megan.murphy.1367@example.com,Megan,Murphy,+1-555-0001367
CAND-1368,angela.smith.1368@example.com,Angela,Smith,+1-555-0001368
CAND-1369,james.elliott.1369@example.com,James,Elliott,+1-555-0001369
CAND-1370,kevin.dean.1370@example.com,Kevin,Dean,+1-555-0001370
CAND-1371,steven.vargas.1371@example.com,Steven,Vargas,+1-555-0001371
CAND-1372,trevor.barton.1372@example.com,Trevor,Barton,+1-555-0001372
CAND-1373,james.mccullough.1373@example.com,James,Mccullough,+1-555-0001373
CAND-1374,kathleen.sanchez.1374@example.com,Kathleen,Sanchez,+1-555-0001374
CAND-1375,adam.ortiz.1375@example.com,Adam,Ortiz,+1-555-0001375
CAND-1376,jesse.reed.1376@example.com,Jesse,Reed,+1-555-0001376
CAND-1377,mary.wiley.1377@example.com,Mary,Wiley,+1-555-0001377
CAND-1378,stephanie.smith.1378@example.com,Stephanie,Smith,+1-555-0001378
CAND-1379,diane.sweeney.1379@example.com,Diane,Sweeney,+1-555-0001379
CAND-1380,jessica.garcia.1380@example.com,Jessica,Garcia,+1-555-0001380
CAND-1381,alyssa.allen.1381@example.com,Alyssa,Allen,+1-555-0001381
CAND-1382,travis.brown.1382@example.com,Travis,Brown,+1-555-0001382
CAND-1383,wendy.dawson.1383@example.com,Wendy,Dawson,+1-555-0001383
CAND-1384,christopher.morse.1384@example.com,Christopher,Morse,+1-555-0001384
CAND-1385,phyllis.meyer.1385@example.com,Phyllis,Meyer,+1-555-0001385
CAND-1386,jaclyn.watson.1386@example.com,Jaclyn,Watson,+1-555-0001386
CAND-1387,terri.miller.1387@example.com,Terri,Miller,+1-555-0001387
CAND-1388,cody.anderson.1388@example.com,Cody,Anderson,+1-555-0001388
CAND-1389,lori.jones.1389@example.com,Lori,Jones,+1-555-0001389
CAND-1390,ashley.graham.1390@example.com,Ashley,Graham,+1-555-0001390
CAND-1391,tamara.young.1391@example.com,Tamara,Young,+1-555-0001391
CAND-1392,jose.edwards.1392@example.com,Jose,Edwards,+1-555-0001392
CAND-1393,lauren.haynes.1393@example.com,Lauren,Haynes,+1-555-0001393
CAND-1394,jill.stewart.1394@example.com,Jill,Stewart,+1-555-0001394
CAND-1395,joseph.jones.1395@example.com,Joseph,Jones,+1-555-0001395
CAND-1396,james.chan.1396@example.com,James,Chan,+1-555-0001396
CAND-1397,brenda.moore.1397@example.com,Brenda,Moore,+1-555-0001397
CAND-1398,frank.owens.1398@example.com,Frank,Owens,+1-555-0001398
CAND-1399,richard.herrera.1399@example.com,Richard,Herrera,+1-555-0001399
CAND-1400,tami.clark.1400@example.com,Tami,Clark,+1-555-0001400
CAND-1401,kyle.baker.1401@example.com,Kyle,Baker,+1-555-0001401
CAND-1402,david.moore.1402@example.com,David,Moore,+1-555-0001402
CAND-1403,gina.mckenzie.1403@example.com,Gina,Mckenzie,+1-555-0001403
CAND-1404,heidi.williams.1404@example.com,Heidi,Williams,+1-555-0001404
CAND-1405,mary.murphy.1405@example.com,Mary,Murphy,+1-555-0001405
CAND-1406,christopher.wright.1406@example.com,Christopher,Wright,+1-555-0001406
CAND-1407,michael.palmer.1407@example.com,Michael,Palmer,+1-555-0001407
CAND-1408,erica.green.1408@example.com,Erica,Green,+1-555-0001408
CAND-1409,vicki.johnson.1409@example.com,Vicki,Johnson,+1-555-0001409
CAND-1410,richard.chavez.1410@example.com,Richard,Chavez,+1-555-0001410
CAND-1411,kaitlin.wright.1411@example.com,Kaitlin,Wright,+1-555-0001411
CAND-1412,steven.lara.1412@example.com,Steven,Lara,+1-555-0001412
CAND-1413,donald.smith.1413@example.com,Donald,Smith,+1-555-0001413
CAND-1414,maria.haas.1414@example.com,Maria,Haas,+1-555-0001414
CAND-1415,david.colon.1415@example.com,David,Colon,+1-555-0001415
CAND-1416,nathan.mccoy.1416@example.com,Nathan,Mccoy,+1-555-0001416
CAND-1417,deanna.aguilar.1417@example.com,Deanna,Aguilar,+1-555-0001417
CAND-1418,jonathan.hess.1418@example.com,Jonathan,Hess,+1-555-0001418
CAND-1419,andrew.brown.1419@example.com,Andrew,Brown,+1-555-0001419
CAND-1420,rachel.ramos.1420@example.com,Rachel,Ramos,+1-555-0001420
CAND-1421,david.stein.1421@example.com,David,Stein,+1-555-0001421
CAND-1422,maria.rivera.1422@example.com,Maria,Rivera,+1-555-0001422
CAND-1423,brad.murray.1423@example.com,Brad,Murray,+1-555-0001423
CAND-1424,gary.berry.1424@example.com,Gary,Berry,+1-555-0001424
CAND-1425,lorraine.foster.1425@example.com,Lorraine,Foster,+1-555-0001425
CAND-1426,anthony.vega.1426@example.com,Anthony,Vega,+1-555-0001426
CAND-1427,gerald.lewis.1427@example.com,Gerald,Lewis,+1-555-0001427
CAND-1428,jacob.ramirez.1428@example.com,Jacob,Ramirez,+1-555-0001428
CAND-1429,nicole.johnson.1429@example.com,Nicole,Johnson,+1-555-0001429
CAND-1430,christine.sanchez.1430@example.com,Christine,Sanchez,+1-555-0001430
CAND-1431,kenneth.jenkins.1431@example.com,Kenneth,Jenkins,+1-555-0001431
CAND-1432,andrea.brown.1432@example.com,Andrea,Brown,+1-555-0001432
CAND-1433,joshua.taylor.1433@example.com,Joshua,Taylor,+1-555-0001433
CAND-1434,james.wilkerson.1434@example.com,James,Wilkerson,+1-555-0001434
CAND-1435,alicia.mccoy.1435@example.com,Alicia,Mccoy,+1-555-0001435
CAND-1436,leah.norton.1436@example.com,Leah,Norton,+1-555-0001436
CAND-1437,veronica.casey.1437@example.com,Veronica,Casey,+1-555-0001437
CAND-1438,michael.stephens.1438@example.com,Michael,Stephens,+1-555-0001438
CAND-1439,todd.durham.1439@example.com,Todd,Durham,+1-555-0001439
CAND-1440,wayne.price.1440@example.com,Wayne,Price,+1-555-0001440
CAND-1441,hector.flores.1441@example.com,Hector,Flores,+1-555-0001441
CAND-1442,jeffery.huang.1442@example.com,Jeffery,Huang,+1-555-0001442
CAND-1443,kimberly.brown.1443@example.com,Kimberly,Brown,+1-555-0001443
CAND-1444,victoria.moreno.1444@example.com,Victoria,Moreno,+1-555-0001444
CAND-1445,katie.key.1445@example.com,Katie,Key,+1-555-0001445
CAND-1446,terri.garcia.1446@example.com,Terri,Garcia,+1-555-0001446
CAND-1447,diane.adams.1447@example.com,Diane,Adams,+1-555-0001447
CAND-1448,lisa.stark.1448@example.com,Lisa,Stark,+1-555-0001448
CAND-1449,brian.davies.1449@example.com,Brian,Davies,+1-555-0001449
CAND-1450,jeffrey.bradford.1450@example.com,Jeffrey,Bradford,+1-555-0001450
CAND-1451,laura.kelly.1451@example.com,Laura,Kelly,+1-555-0001451
CAND-1452,mary.bruce.1452@example.com,Mary,Bruce,+1-555-0001452
CAND-1453,gregory.watkins.1453@example.com,Gregory,Watkins,+1-555-0001453
CAND-1454,linda.wolfe.1454@example.com,Linda,Wolfe,+1-555-0001454
CAND-1455,robin.johnson.1455@example.com,Robin,Johnson,+1-555-0001455
CAND-1456,jackie.meza.1456@example.com,Jackie,Meza,+1-555-0001456
CAND-1457,anne.hart.1457@example.com,Anne,Hart,+1-555-0001457
CAND-1458,jacob.travis.1458@example.com,Jacob,Travis,+1-555-0001458
CAND-1459,nicole.vasquez.1459@example.com,Nicole,Vasquez,+1-555-0001459
CAND-1460,kyle.henry.1460@example.com,Kyle,Henry,+1-555-0001460
CAND-1461,christopher.hall.1461@example.com,Christopher,Hall,+1-555-0001461
CAND-1462,jeffery.fox.1462@example.com,Jeffery,Fox,+1-555-0001462
CAND-1463,aaron.hardin.1463@example.com,Aaron,Hardin,+1-555-0001463
CAND-1464,james.anderson.1464@example.com,James,Anderson,+1-555-0001464
CAND-1465,jennifer.sellers.1465@example.com,Jennifer,Sellers,+1-555-0001465
CAND-1466,megan.morris.1466@example.com,Megan,Morris,+1-555-0001466
CAND-1467,andrew.willis.1467@example.com,Andrew,Willis,+1-555-0001467
CAND-1468,samantha.schroeder.1468@example.com,Samantha,Schroeder,+1-555-0001468
CAND-1469,meghan.valencia.1469@example.com,Meghan,Valencia,+1-555-0001469
CAND-1470,susan.brooks.1470@example.com,Susan,Brooks,+1-555-0001470
CAND-1471,sheri.foster.1471@example.com,Sheri,Foster,+1-555-0001471
CAND-1472,craig.turner.1472@example.com,Craig,Turner,+1-555-0001472
CAND-1473,derek.moore.1473@example.com,Derek,Moore,+1-555-0001473
CAND-1474,stacy.conner.1474@example.com,Stacy,Conner,+1-555-0001474
CAND-1475,susan.banks.1475@example.com,Susan,Banks,+1-555-0001475
CAND-1476,grant.novak.1476@example.com,Grant,Novak,+1-555-0001476
CAND-1477,heather.mcfarland.1477@example.com,Heather,Mcfarland,+1-555-0001477
CAND-1478,kristin.walker.1478@example.com,Kristin,Walker,+1-555-0001478
CAND-1479,brianna.thompson.1479@example.com,Brianna,Thompson,+1-555-0001479
CAND-1480,kurt.barker.1480@example.com,Kurt,Barker,+1-555-0001480
CAND-1481,david.daniel.1481@example.com,David,Daniel,+1-555-0001481
CAND-1482,stacy.fry.1482@example.com,Stacy,Fry,+1-555-0001482
CAND-1483,peter.gamble.1483@example.com,Peter,Gamble,+1-555-0001483
CAND-1484,tammy.johnson.1484@example.com,Tammy,Johnson,+1-555-0001484
CAND-1485,carrie.mccall.1485@example.com,Carrie,Mccall,+1-555-0001485
CAND-1486,tammy.walker.1486@example.com,Tammy,Walker,+1-555-0001486
CAND-1487,ariana.zuniga.1487@example.com,Ariana,Zuniga,+1-555-0001487
CAND-1488,donald.mcgee.1488@example.com,Donald,Mcgee,+1-555-0001488
CAND-1489,john.haas.1489@example.com,John,Haas,+1-555-0001489
CAND-1490,gary.mcclure.1490@example.com,Gary,Mcclure,+1-555-0001490
CAND-1491,christopher.fletcher.1491@example.com,Christopher,Fletcher,+1-555-0001491
CAND-1492,danielle.tanner.1492@example.com,Danielle,Tanner,+1-555-0001492
CAND-1493,sean.baker.1493@example.com,Sean,Baker,+1-555-0001493
CAND-1494,john.jones.1494@example.com,John,Jones,+1-555-0001494
CAND-1495,jonathan.rodriguez.1495@example.com,Jonathan,Rodriguez,+1-555-0001495
CAND-1496,aaron.cruz.1496@example.com,Aaron,Cruz,+1-555-0001496
CAND-1497,jessica.costa.1497@example.com,Jessica,Costa,+1-555-0001497
CAND-1498,nicole.snyder.1498@example.com,Nicole,Snyder,+1-555-0001498
CAND-1499,nicholas.payne.1499@example.com,Nicholas,Payne,+1-555-0001499
CAND-1500,craig.mendoza.1500@example.com,Craig,Mendoza,+1-555-0001500
CAND-1501,michelle.curtis.1501@example.com,Michelle,Curtis,+1-555-0001501
CAND-1502,gloria.martin.1502@example.com,Gloria,Martin,+1-555-0001502
CAND-1503,charles.singleton.1503@example.com,Charles,Singleton,+1-555-0001503
CAND-1504,kenneth.flores.1504@example.com,Kenneth,Flores,+1-555-0001504
CAND-1505,stephanie.jones.1505@example.com,Stephanie,Jones,+1-555-0001505
CAND-1506,george.bennett.1506@example.com,George,Bennett,+1-555-0001506
CAND-1507,jessica.payne.1507@example.com,Jessica,Payne,+1-555-0001507
CAND-1508,rachael.davis.1508@example.com,Rachael,Davis,+1-555-0001508
CAND-1509,brooke.austin.1509@example.com,Brooke,Austin,+1-555-0001509
CAND-1510,timothy.johnson.1510@example.com,Timothy,Johnson,+1-555-0001510
CAND-1511,sherri.martin.1511@example.com,Sherri,Martin,+1-555-0001511
CAND-1512,pamela.moore.1512@example.com,Pamela,Moore,+1-555-0001512
CAND-1513,craig.harris.1513@example.com,Craig,Harris,+1-555-0001513
CAND-1514,james.terry.1514@example.com,James,Terry,+1-555-0001514
CAND-1515,jennifer.blair.1515@example.com,Jennifer,Blair,+1-555-0001515
CAND-1516,joseph.campbell.1516@example.com,Joseph,Campbell,+1-555-0001516
CAND-1517,john.williams.1517@example.com,John,Williams,+1-555-0001517
CAND-1518,ashley.larsen.1518@example.com,Ashley,Larsen,+1-555-0001518
CAND-1519,eric.ward.1519@example.com,Eric,Ward,+1-555-0001519
CAND-1520,ronald.phillips.1520@example.com,Ronald,Phillips,+1-555-0001520
CAND-1521,ebony.greene.1521@example.com,Ebony,Greene,+1-555-0001521
CAND-1522,james.johnson.1522@example.com,James,Johnson,+1-555-0001522
CAND-1523,george.carter.1523@example.com,George,Carter,+1-555-0001523
CAND-1524,christopher.anthony.1524@example.com,Christopher,Anthony,+1-555-0001524
CAND-1525,kyle.sanders.1525@example.com,Kyle,Sanders,+1-555-0001525
CAND-1526,tracy.guerrero.1526@example.com,Tracy,Guerrero,+1-555-0001526
CAND-1527,christopher.stephens.1527@example.com,Christopher,Stephens,+1-555-0001527
CAND-1528,jackson.mcclure.1528@example.com,Jackson,Mcclure,+1-555-0001528
CAND-1529,mike.griffin.1529@example.com,Mike,Griffin,+1-555-0001529
CAND-1530,jose.marshall.1530@example.com,Jose,Marshall,+1-555-0001530
CAND-1531,jeremy.adams.1531@example.com,Jeremy,Adams,+1-555-0001531
CAND-1532,bryan.goodwin.1532@example.com,Bryan,Goodwin,+1-555-0001532
CAND-1533,elizabeth.miller.1533@example.com,Elizabeth,Miller,+1-555-0001533
CAND-1534,maurice.weaver.1534@example.com,Maurice,Weaver,+1-555-0001534
CAND-1535,tara.lawrence.1535@example.com,Tara,Lawrence,+1-555-0001535
CAND-1536,angela.randall.1536@example.com,Angela,Randall,+1-555-0001536
CAND-1537,loretta.barnes.1537@example.com,Loretta,Barnes,+1-555-0001537
CAND-1538,amanda.camacho.1538@example.com,Amanda,Camacho,+1-555-0001538
CAND-1539,thomas.keith.1539@example.com,Thomas,Keith,+1-555-0001539
CAND-1540,thomas.miller.1540@example.com,Thomas,Miller,+1-555-0001540
CAND-1541,raven.klein.1541@example.com,Raven,Klein,+1-555-0001541
CAND-1542,wayne.lester.1542@example.com,Wayne,Lester,+1-555-0001542
CAND-1543,lauren.byrd.1543@example.com,Lauren,Byrd,+1-555-0001543
CAND-1544,christine.martinez.1544@example.com,Christine,Martinez,+1-555-0001544
CAND-1545,katherine.thompson.1545@example.com,Katherine,Thompson,+1-555-0001545
CAND-1546,tracey.stanton.1546@example.com,Tracey,Stanton,+1-555-0001546
CAND-1547,lindsey.martinez.1547@example.com,Lindsey,Martinez,+1-555-0001547
CAND-1548,rodney.mcneil.1548@example.com,Rodney,Mcneil,+1-555-0001548
CAND-1549,ryan.osborn.1549@example.com,Ryan,Osborn,+1-555-0001549
CAND-1550,courtney.flowers.1550@example.com,Courtney,Flowers,+1-555-0001550
CAND-1551,jonathan.bartlett.1551@example.com,Jonathan,Bartlett,+1-555-0001551
CAND-1552,robin.jones.1552@example.com,Robin,Jones,+1-555-0001552
CAND-1553,paul.sanders.1553@example.com,Paul,Sanders,+1-555-0001553
CAND-1554,mark.hill.1554@example.com,Mark,Hill,+1-555-0001554
CAND-1555,stephen.marks.1555@example.com,Stephen,Marks,+1-555-0001555
CAND-1556,kristin.dean.1556@example.com,Kristin,Dean,+1-555-0001556
CAND-1557,alexandra.barnes.1557@example.com,Alexandra,Barnes,+1-555-0001557
CAND-1558,robert.hernandez.1558@example.com,Robert,Hernandez,+1-555-0001558
CAND-1559,brianna.chang.1559@example.com,Brianna,Chang,+1-555-0001559
CAND-1560,sheila.buckley.1560@example.com,Sheila,Buckley,+1-555-0001560
CAND-1561,anna.garcia.1561@example.com,Anna,Garcia,+1-555-0001561
CAND-1562,justin.nichols.1562@example.com,Justin,Nichols,+1-555-0001562
CAND-1563,maurice.jenkins.1563@example.com,Maurice,Jenkins,+1-555-0001563
CAND-1564,patrick.washington.1564@example.com,Patrick,Washington,+1-555-0001564
CAND-1565,chelsea.johnson.1565@example.com,Chelsea,Johnson,+1-555-0001565
CAND-1566,joshua.thomas.1566@example.com,Joshua,Thomas,+1-555-0001566
CAND-1567,charlotte.steele.1567@example.com,Charlotte,Steele,+1-555-0001567
CAND-1568,benjamin.preston.1568@example.com,Benjamin,Preston,+1-555-0001568
CAND-1569,martin.young.1569@example.com,Martin,Young,+1-555-0001569
CAND-1570,julie.mccall.1570@example.com,Julie,Mccall,+1-555-0001570
CAND-1571,penny.smith.1571@example.com,Penny,Smith,+1-555-0001571
CAND-1572,lisa.turner.1572@example.com,Lisa,Turner,+1-555-0001572
CAND-1573,juan.vasquez.1573@example.com,Juan,Vasquez,+1-555-0001573
CAND-1574,heather.garcia.1574@example.com,Heather,Garcia,+1-555-0001574
CAND-1575,misty.taylor.1575@example.com,Misty,Taylor,+1-555-0001575
CAND-1576,terri.ramos.1576@example.com,Terri,Ramos,+1-555-0001576
CAND-1577,margaret.adams.1577@example.com,Margaret,Adams,+1-555-0001577
CAND-1578,robert.brewer.1578@example.com,Robert,Brewer,+1-555-0001578
CAND-1579,jacob.lewis.1579@example.com,Jacob,Lewis,+1-555-0001579
CAND-1580,madison.figueroa.1580@example.com,Madison,Figueroa,+1-555-0001580
CAND-1581,katherine.camacho.1581@example.com,Katherine,Camacho,+1-555-0001581
CAND-1582,lori.robertson.1582@example.com,Lori,Robertson,+1-555-0001582
CAND-1583,erik.collins.1583@example.com,Erik,Collins,+1-555-0001583
CAND-1584,william.taylor.1584@example.com,William,Taylor,+1-555-0001584
CAND-1585,melissa.suarez.1585@example.com,Melissa,Suarez,+1-555-0001585
CAND-1586,anthony.lee.1586@example.com,Anthony,Lee,+1-555-0001586
CAND-1587,marissa.hood.1587@example.com,Marissa,Hood,+1-555-0001587
CAND-1588,john.bryant.1588@example.com,John,Bryant,+1-555-0001588
CAND-1589,samantha.bush.1589@example.com,Samantha,Bush,+1-555-0001589
CAND-1590,joshua.colon.1590@example.com,Joshua,Colon,+1-555-0001590
CAND-1591,william.reid.1591@example.com,William,Reid,+1-555-0001591
CAND-1592,david.johnson.1592@example.com,David,Johnson,+1-555-0001592
CAND-1593,nathan.wheeler.1593@example.com,Nathan,Wheeler,+1-555-0001593
CAND-1594,gregory.harrell.1594@example.com,Gregory,Harrell,+1-555-0001594
CAND-1595,brenda.bailey.1595@example.com,Brenda,Bailey,+1-555-0001595
CAND-1596,frank.kline.1596@example.com,Frank,Kline,+1-555-0001596
CAND-1597,kaitlyn.barker.1597@example.com,Kaitlyn,Barker,+1-555-0001597
CAND-1598,justin.hughes.1598@example.com,Justin,Hughes,+1-555-0001598
CAND-1599,frank.armstrong.1599@example.com,Frank,Armstrong,+1-555-0001599
CAND-1600,tammie.vincent.1600@example.com,Tammie,Vincent,+1-555-0001600
CAND-1601,deborah.byrd.1601@example.com,Deborah,Byrd,+1-555-0001601
CAND-1602,joseph.ortiz.1602@example.com,Joseph,Ortiz,+1-555-0001602
CAND-1603,andrew.deleon.1603@example.com,Andrew,Deleon,+1-555-0001603
CAND-1604,katrina.smith.1604@example.com,Katrina,Smith,+1-555-0001604
CAND-1605,rhonda.holland.1605@example.com,Rhonda,Holland,+1-555-0001605
CAND-1606,carolyn.smith.1606@example.com,Carolyn,Smith,+1-555-0001606
CAND-1607,johnny.trujillo.1607@example.com,Johnny,Trujillo,+1-555-0001607
CAND-1608,kevin.rasmussen.1608@example.com,Kevin,Rasmussen,+1-555-0001608
CAND-1609,dawn.coleman.1609@example.com,Dawn,Coleman,+1-555-0001609
CAND-1610,nicholas.bailey.1610@example.com,Nicholas,Bailey,+1-555-0001610
CAND-1611,johnathan.owens.1611@example.com,Johnathan,Owens,+1-555-0001611
CAND-1612,erica.holloway.1612@example.com,Erica,Holloway,+1-555-0001612
CAND-1613,randy.garcia.1613@example.com,Randy,Garcia,+1-555-0001613
CAND-1614,william.bates.1614@example.com,William,Bates,+1-555-0001614
CAND-1615,megan.brooks.1615@example.com,Megan,Brooks,+1-555-0001615
CAND-1616,deborah.lynch.1616@example.com,Deborah,Lynch,+1-555-0001616
CAND-1617,kenneth.rodriguez.1617@example.com,Kenneth,Rodriguez,+1-555-0001617
CAND-1618,caleb.mcneil.1618@example.com,Caleb,Mcneil,+1-555-0001618
CAND-1619,danielle.hensley.1619@example.com,Danielle,Hensley,+1-555-0001619
CAND-1620,jose.dawson.1620@example.com,Jose,Dawson,+1-555-0001620
CAND-1621,patricia.evans.1621@example.com,Patricia,Evans,+1-555-0001621
CAND-1622,edward.cannon.1622@example.com,Edward,Cannon,+1-555-0001622
CAND-1623,rachel.trujillo.1623@example.com,Rachel,Trujillo,+1-555-0001623
CAND-1624,leah.greene.1624@example.com,Leah,Greene,+1-555-0001624
CAND-1625,donna.becker.1625@example.com,Donna,Becker,+1-555-0001625
CAND-1626,jennifer.rios.1626@example.com,Jennifer,Rios,+1-555-0001626
CAND-1627,whitney.green.1627@example.com,Whitney,Green,+1-555-0001627
CAND-1628,robert.price.1628@example.com,Robert,Price,+1-555-0001628
CAND-1629,austin.erickson.1629@example.com,Austin,Erickson,+1-555-0001629
CAND-1630,ashley.lee.1630@example.com,Ashley,Lee,+1-555-0001630
CAND-1631,jessica.walker.1631@example.com,Jessica,Walker,+1-555-0001631
CAND-1632,amanda.glover.1632@example.com,Amanda,Glover,+1-555-0001632
CAND-1633,rebecca.powers.1633@example.com,Rebecca,Powers,+1-555-0001633
CAND-1634,william.bruce.1634@example.com,William,Bruce,+1-555-0001634
CAND-1635,mary.walter.1635@example.com,Mary,Walter,+1-555-0001635
CAND-1636,howard.davis.1636@example.com,Howard,Davis,+1-555-0001636
CAND-1637,david.green.1637@example.com,David,Green,+1-555-0001637
CAND-1638,lindsey.hines.1638@example.com,Lindsey,Hines,+1-555-0001638
CAND-1639,isaac.frazier.1639@example.com,Isaac,Frazier,+1-555-0001639
CAND-1640,matthew.davis.1640@example.com,Matthew,Davis,+1-555-0001640
CAND-1641,michael.garner.1641@example.com,Michael,Garner,+1-555-0001641
CAND-1642,kurt.french.1642@example.com,Kurt,French,+1-555-0001642
CAND-1643,mark.green.1643@example.com,Mark,Green,+1-555-0001643
CAND-1644,kelly.york.1644@example.com,Kelly,York,+1-555-0001644
CAND-1645,thomas.delacruz.1645@example.com,Thomas,Delacruz,+1-555-0001645
CAND-1646,brandy.blackburn.1646@example.com,Brandy,Blackburn,+1-555-0001646
CAND-1647,charles.preston.1647@example.com,Charles,Preston,+1-555-0001647
CAND-1648,vincent.dillon.1648@example.com,Vincent,Dillon,+1-555-0001648
CAND-1649,patrick.evans.1649@example.com,Patrick,Evans,+1-555-0001649
CAND-1650,brian.dickerson.1650@example.com,Brian,Dickerson,+1-555-0001650
CAND-1651,derrick.gonzalez.1651@example.com,Derrick,Gonzalez,+1-555-0001651
CAND-1652,robert.hudson.1652@example.com,Robert,Hudson,+1-555-0001652
CAND-1653,rebecca.ellis.1653@example.com,Rebecca,Ellis,+1-555-0001653
CAND-1654,leslie.baldwin.1654@example.com,Leslie,Baldwin,+1-555-0001654
CAND-1655,kimberly.freeman.1655@example.com,Kimberly,Freeman,+1-555-0001655
CAND-1656,crystal.thompson.1656@example.com,Crystal,Thompson,+1-555-0001656
CAND-1657,cynthia.smith.1657@example.com,Cynthia,Smith,+1-555-0001657
CAND-1658,joshua.juarez.1658@example.com,Joshua,Juarez,+1-555-0001658
CAND-1659,gary.duran.1659@example.com,Gary,Duran,+1-555-0001659
CAND-1660,tracy.gallagher.1660@example.com,Tracy,Gallagher,+1-555-0001660
CAND-1661,christopher.mendez.1661@example.com,Christopher,Mendez,+1-555-0001661
CAND-1662,cynthia.powell.1662@example.com,Cynthia,Powell,+1-555-0001662
CAND-1663,tammy.reyes.1663@example.com,Tammy,Reyes,+1-555-0001663
CAND-1664,benjamin.gonzalez.1664@example.com,Benjamin,Gonzalez,+1-555-0001664
CAND-1665,nathan.smith.1665@example.com,Nathan,Smith,+1-555-0001665
CAND-1666,marco.whitaker.1666@example.com,Marco,Whitaker,+1-555-0001666
CAND-1667,james.rhodes.1667@example.com,James,Rhodes,+1-555-0001667
CAND-1668,courtney.wright.1668@example.com,Courtney,Wright,+1-555-0001668
CAND-1669,heather.cooper.1669@example.com,Heather,Cooper,+1-555-0001669
CAND-1670,david.reyes.1670@example.com,David,Reyes,+1-555-0001670
CAND-1671,brianna.jackson.1671@example.com,Brianna,Jackson,+1-555-0001671
CAND-1672,madison.evans.1672@example.com,Madison,Evans,+1-555-0001672
CAND-1673,kelly.luna.1673@example.com,Kelly,Luna,+1-555-0001673
CAND-1674,caitlyn.morgan.1674@example.com,Caitlyn,Morgan,+1-555-0001674
CAND-1675,pamela.cowan.1675@example.com,Pamela,Cowan,+1-555-0001675
CAND-1676,matthew.valenzuela.1676@example.com,Matthew,Valenzuela,+1-555-0001676
CAND-1677,michael.lopez.1677@example.com,Michael,Lopez,+1-555-0001677
CAND-1678,stacy.hull.1678@example.com,Stacy,Hull,+1-555-0001678
CAND-1679,richard.perez.1679@example.com,Richard,Perez,+1-555-0001679
CAND-1680,jessica.anderson.1680@example.com,Jessica,Anderson,+1-555-0001680
CAND-1681,jessica.lawrence.1681@example.com,Jessica,Lawrence,+1-555-0001681
CAND-1682,gary.richardson.1682@example.com,Gary,Richardson,+1-555-0001682
CAND-1683,debra.johnson.1683@example.com,Debra,Johnson,+1-555-0001683
CAND-1684,nancy.scott.1684@example.com,Nancy,Scott,+1-555-0001684
CAND-1685,amanda.williams.1685@example.com,Amanda,Williams,+1-555-0001685
CAND-1686,virginia.stanley.1686@example.com,Virginia,Stanley,+1-555-0001686
CAND-1687,desiree.smith.1687@example.com,Desiree,Smith,+1-555-0001687
CAND-1688,hannah.butler.1688@example.com,Hannah,Butler,+1-555-0001688
CAND-1689,omar.kelley.1689@example.com,Omar,Kelley,+1-555-0001689
CAND-1690,thomas.hernandez.1690@example.com,Thomas,Hernandez,+1-555-0001690
CAND-1691,heather.mccoy.1691@example.com,Heather,Mccoy,+1-555-0001691
CAND-1692,kevin.stanley.1692@example.com,Kevin,Stanley,+1-555-0001692
CAND-1693,elaine.nelson.1693@example.com,Elaine,Nelson,+1-555-0001693
CAND-1694,catherine.taylor.1694@example.com,Catherine,Taylor,+1-555-0001694
CAND-1695,maria.garcia.1695@example.com,Maria,Garcia,+1-555-0001695
CAND-1696,jennifer.wilson.1696@example.com,Jennifer,Wilson,+1-555-0001696
CAND-1697,daniel.rodriguez.1697@example.com,Daniel,Rodriguez,+1-555-0001697
CAND-1698,james.gonzalez.1698@example.com,James,Gonzalez,+1-555-0001698
CAND-1699,jose.mills.1699@example.com,Jose,Mills,+1-555-0001699
CAND-1700,james.warner.1700@example.com,James,Warner,+1-555-0001700
CAND-1701,kenneth.williams.1701@example.com,Kenneth,Williams,+1-555-0001701
CAND-1702,tyler.clark.1702@example.com,Tyler,Clark,+1-555-0001702
CAND-1703,sarah.rivera.1703@example.com,Sarah,Rivera,+1-555-0001703
CAND-1704,aaron.powers.1704@example.com,Aaron,Powers,+1-555-0001704
CAND-1705,rebecca.conley.1705@example.com,Rebecca,Conley,+1-555-0001705
CAND-1706,elizabeth.hernandez.1706@example.com,Elizabeth,Hernandez,+1-555-0001706
CAND-1707,christopher.hunt.1707@example.com,Christopher,Hunt,+1-555-0001707
CAND-1708,jennifer.garcia.1708@example.com,Jennifer,Garcia,+1-555-0001708
CAND-1709,jonathan.hall.1709@example.com,Jonathan,Hall,+1-555-0001709
CAND-1710,vanessa.phillips.1710@example.com,Vanessa,Phillips,+1-555-0001710
CAND-1711,steven.garcia.1711@example.com,Steven,Garcia,+1-555-0001711
CAND-1712,gregg.williams.1712@example.com,Gregg,Williams,+1-555-0001712
CAND-1713,kelly.solis.1713@example.com,Kelly,Solis,+1-555-0001713
CAND-1714,larry.rodgers.1714@example.com,Larry,Rodgers,+1-555-0001714
CAND-1715,cody.chang.1715@example.com,Cody,Chang,+1-555-0001715
CAND-1716,brandon.christian.1716@example.com,Brandon,Christian,+1-555-0001716
CAND-1717,elizabeth.jackson.1717@example.com,Elizabeth,Jackson,+1-555-0001717
CAND-1718,michael.kim.1718@example.com,Michael,Kim,+1-555-0001718
CAND-1719,christy.johns.1719@example.com,Christy,Johns,+1-555-0001719
CAND-1720,christopher.briggs.1720@example.com,Christopher,Briggs,+1-555-0001720
CAND-1721,ian.morales.1721@example.com,Ian,Morales,+1-555-0001721
CAND-1722,suzanne.nelson.1722@example.com,Suzanne,Nelson,+1-555-0001722
CAND-1723,paul.jefferson.1723@example.com,Paul,Jefferson,+1-555-0001723
CAND-1724,lauren.banks.1724@example.com,Lauren,Banks,+1-555-0001724
CAND-1725,laura.wilson.1725@example.com,Laura,Wilson,+1-555-0001725
CAND-1726,heather.brown.1726@example.com,Heather,Brown,+1-555-0001726
CAND-1727,sherri.moore.1727@example.com,Sherri,Moore,+1-555-0001727
CAND-1728,robert.garza.1728@example.com,Robert,Garza,+1-555-0001728
CAND-1729,leah.gregory.1729@example.com,Leah,Gregory,+1-555-0001729
CAND-1730,howard.james.1730@example.com,Howard,James,+1-555-0001730
CAND-1731,michael.johnson.1731@example.com,Michael,Johnson,+1-555-0001731
CAND-1732,gabrielle.roberson.1732@example.com,Gabrielle,Roberson,+1-555-0001732
CAND-1733,teresa.anderson.1733@example.com,Teresa,Anderson,+1-555-0001733
CAND-1734,samantha.rodriguez.1734@example.com,Samantha,Rodriguez,+1-555-0001734
CAND-1735,robert.williams.1735@example.com,Robert,Williams,+1-555-0001735
CAND-1736,jose.edwards.1736@example.com,Jose,Edwards,+1-555-0001736
CAND-1737,janet.gregory.1737@example.com,Janet,Gregory,+1-555-0001737
CAND-1738,katrina.ray.1738@example.com,Katrina,Ray,+1-555-0001738
CAND-1739,annette.levine.1739@example.com,Annette,Levine,+1-555-0001739
CAND-1740,elizabeth.morgan.1740@example.com,Elizabeth,Morgan,+1-555-0001740
CAND-1741,alexandra.haynes.1741@example.com,Alexandra,Haynes,+1-555-0001741
CAND-1742,cody.stanley.1742@example.com,Cody,Stanley,+1-555-0001742
CAND-1743,john.reed.1743@example.com,John,Reed,+1-555-0001743
CAND-1744,erica.cruz.1744@example.com,Erica,Cruz,+1-555-0001744
CAND-1745,mary.grant.1745@example.com,Mary,Grant,+1-555-0001745
CAND-1746,vanessa.brown.1746@example.com,Vanessa,Brown,+1-555-0001746
CAND-1747,dawn.moore.1747@example.com,Dawn,Moore,+1-555-0001747
CAND-1748,melinda.christian.1748@example.com,Melinda,Christian,+1-555-0001748
CAND-1749,molly.jones.1749@example.com,Molly,Jones,+1-555-0001749
CAND-1750,travis.allen.1750@example.com,Travis,Allen,+1-555-0001750
CAND-1751,tara.williams.1751@example.com,Tara,Williams,+1-555-0001751
CAND-1752,jeffrey.schneider.1752@example.com,Jeffrey,Schneider,+1-555-0001752
CAND-1753,richard.young.1753@example.com,Richard,Young,+1-555-0001753
CAND-1754,stephen.solis.1754@example.com,Stephen,Solis,+1-555-0001754
CAND-1755,shane.gates.1755@example.com,Shane,Gates,+1-555-0001755
CAND-1756,sergio.wilson.1756@example.com,Sergio,Wilson,+1-555-0001756
CAND-1757,tyler.valdez.1757@example.com,Tyler,Valdez,+1-555-0001757
CAND-1758,curtis.gutierrez.1758@example.com,Curtis,Gutierrez,+1-555-0001758
CAND-1759,angela.smith.1759@example.com,Angela,Smith,+1-555-0001759
CAND-1760,christopher.munoz.1760@example.com,Christopher,Munoz,+1-555-0001760
CAND-1761,christine.torres.1761@example.com,Christine,Torres,+1-555-0001761
CAND-1762,william.clark.1762@example.com,William,Clark,+1-555-0001762
CAND-1763,emily.clements.1763@example.com,Emily,Clements,+1-555-0001763
CAND-1764,michael.brown.1764@example.com,Michael,Brown,+1-555-0001764
CAND-1765,jeffrey.gibson.1765@example.com,Jeffrey,Gibson,+1-555-0001765
CAND-1766,ann.harvey.1766@example.com,Ann,Harvey,+1-555-0001766
CAND-1767,thomas.sandoval.1767@example.com,Thomas,Sandoval,+1-555-0001767
CAND-1768,jennifer.wilson.1768@example.com,Jennifer,Wilson,+1-555-0001768
CAND-1769,katherine.walker.1769@example.com,Katherine,Walker,+1-555-0001769
CAND-1770,matthew.gallegos.1770@example.com,Matthew,Gallegos,+1-555-0001770
CAND-1771,tamara.carter.1771@example.com,Tamara,Carter,+1-555-0001771
CAND-1772,alejandra.park.1772@example.com,Alejandra,Park,+1-555-0001772
CAND-1773,brandon.martin.1773@example.com,Brandon,Martin,+1-555-0001773
CAND-1774,donald.love.1774@example.com,Donald,Love,+1-555-0001774
CAND-1775,jennifer.rodriguez.1775@example.com,Jennifer,Rodriguez,+1-555-0001775
CAND-1776,cheryl.lopez.1776@example.com,Cheryl,Lopez,+1-555-0001776
CAND-1777,sarah.long.1777@example.com,Sarah,Long,+1-555-0001777
CAND-1778,stephen.harrington.1778@example.com,Stephen,Harrington,+1-555-0001778
CAND-1779,jennifer.rodriguez.1779@example.com,Jennifer,Rodriguez,+1-555-0001779
CAND-1780,robert.house.1780@example.com,Robert,House,+1-555-0001780
CAND-1781,mary.chapman.1781@example.com,Mary,Chapman,+1-555-0001781
CAND-1782,kelsey.hayes.1782@example.com,Kelsey,Hayes,+1-555-0001782
CAND-1783,dominique.blanchard.1783@example.com,Dominique,Blanchard,+1-555-0001783
CAND-1784,dennis.porter.1784@example.com,Dennis,Porter,+1-555-0001784
CAND-1785,alyssa.williams.1785@example.com,Alyssa,Williams,+1-555-0001785
CAND-1786,savannah.roberson.1786@example.com,Savannah,Roberson,+1-555-0001786
CAND-1787,timothy.romero.1787@example.com,Timothy,Romero,+1-555-0001787
CAND-1788,samantha.thompson.1788@example.com,Samantha,Thompson,+1-555-0001788
CAND-1789,beth.cross.1789@example.com,Beth,Cross,+1-555-0001789
CAND-1790,david.hughes.1790@example.com,David,Hughes,+1-555-0001790
CAND-1791,caroline.andrade.1791@example.com,Caroline,Andrade,+1-555-0001791
CAND-1792,william.cruz.1792@example.com,William,Cruz,+1-555-0001792
CAND-1793,tiffany.moon.1793@example.com,Tiffany,Moon,+1-555-0001793
CAND-1794,kathryn.hill.1794@example.com,Kathryn,Hill,+1-555-0001794
CAND-1795,tamara.waller.1795@example.com,Tamara,Waller,+1-555-0001795
CAND-1796,shawn.anderson.1796@example.com,Shawn,Anderson,+1-555-0001796
CAND-1797,robert.graves.1797@example.com,Robert,Graves,+1-555-0001797
CAND-1798,kaitlyn.evans.1798@example.com,Kaitlyn,Evans,+1-555-0001798
CAND-1799,jacqueline.valencia.1799@example.com,Jacqueline,Valencia,+1-555-0001799
CAND-1800,jennifer.walls.1800@example.com,Jennifer,Walls,+1-555-0001800
CAND-1801,cynthia.harris.1801@example.com,Cynthia,Harris,+1-555-0001801
CAND-1802,claudia.roberts.1802@example.com,Claudia,Roberts,+1-555-0001802
CAND-1803,michael.chambers.1803@example.com,Michael,Chambers,+1-555-0001803
CAND-1804,tina.santos.1804@example.com,Tina,Santos,+1-555-0001804
CAND-1805,susan.gordon.1805@example.com,Susan,Gordon,+1-555-0001805
CAND-1806,heather.morris.1806@example.com,Heather,Morris,+1-555-0001806
CAND-1807,darrell.bell.1807@example.com,Darrell,Bell,+1-555-0001807
CAND-1808,timothy.duncan.1808@example.com,Timothy,Duncan,+1-555-0001808
CAND-1809,elizabeth.butler.1809@example.com,Elizabeth,Butler,+1-555-0001809
CAND-1810,julie.skinner.1810@example.com,Julie,Skinner,+1-555-0001810
CAND-1811,justin.boone.1811@example.com,Justin,Boone,+1-555-0001811
CAND-1812,lindsey.mills.1812@example.com,Lindsey,Mills,+1-555-0001812
CAND-1813,anthony.thomas.1813@example.com,Anthony,Thomas,+1-555-0001813
CAND-1814,ellen.gonzalez.1814@example.com,Ellen,Gonzalez,+1-555-0001814
CAND-1815,karen.martin.1815@example.com,Karen,Martin,+1-555-0001815
CAND-1816,justin.king.1816@example.com,Justin,King,+1-555-0001816
CAND-1817,mary.vaughn.1817@example.com,Mary,Vaughn,+1-555-0001817
CAND-1818,kenneth.molina.1818@example.com,Kenneth,Molina,+1-555-0001818
CAND-1819,antonio.cervantes.1819@example.com,Antonio,Cervantes,+1-555-0001819
CAND-1820,curtis.parrish.1820@example.com,Curtis,Parrish,+1-555-0001820
CAND-1821,jodi.hancock.1821@example.com,Jodi,Hancock,+1-555-0001821
CAND-1822,julia.hoffman.1822@example.com,Julia,Hoffman,+1-555-0001822
CAND-1823,john.mueller.1823@example.com,John,Mueller,+1-555-0001823
CAND-1824,lauren.roberts.1824@example.com,Lauren,Roberts,+1-555-0001824
CAND-1825,elizabeth.house.1825@example.com,Elizabeth,House,+1-555-0001825
CAND-1826,paul.frye.1826@example.com,Paul,Frye,+1-555-0001826
CAND-1827,theresa.edwards.1827@example.com,Theresa,Edwards,+1-555-0001827
CAND-1828,andrea.smith.1828@example.com,Andrea,Smith,+1-555-0001828
CAND-1829,john.oliver.1829@example.com,John,Oliver,+1-555-0001829
CAND-1830,kimberly.berg.1830@example.com,Kimberly,Berg,+1-555-0001830
CAND-1831,maria.pruitt.1831@example.com,Maria,Pruitt,+1-555-0001831
CAND-1832,janet.holland.1832@example.com,Janet,Holland,+1-555-0001832
CAND-1833,kari.payne.1833@example.com,Kari,Payne,+1-555-0001833
CAND-1834,carrie.parsons.1834@example.com,Carrie,Parsons,+1-555-0001834
CAND-1835,tamara.phillips.1835@example.com,Tamara,Phillips,+1-555-0001835
CAND-1836,gregory.fleming.1836@example.com,Gregory,Fleming,+1-555-0001836
CAND-1837,jacob.thompson.1837@example.com,Jacob,Thompson,+1-555-0001837
CAND-1838,willie.bennett.1838@example.com,Willie,Bennett,+1-555-0001838
CAND-1839,roy.hawkins.1839@example.com,Roy,Hawkins,+1-555-0001839
CAND-1840,david.silva.1840@example.com,David,Silva,+1-555-0001840
CAND-1841,jonathan.rivera.1841@example.com,Jonathan,Rivera,+1-555-0001841
CAND-1842,jenna.moore.1842@example.com,Jenna,Moore,+1-555-0001842
CAND-1843,eric.morris.1843@example.com,Eric,Morris,+1-555-0001843
CAND-1844,brent.randolph.1844@example.com,Brent,Randolph,+1-555-0001844
CAND-1845,christina.stanley.1845@example.com,Christina,Stanley,+1-555-0001845
CAND-1846,tracy.armstrong.1846@example.com,Tracy,Armstrong,+1-555-0001846
CAND-1847,michael.bowers.1847@example.com,Michael,Bowers,+1-555-0001847
CAND-1848,louis.robinson.1848@example.com,Louis,Robinson,+1-555-0001848
CAND-1849,ivan.jones.1849@example.com,Ivan,Jones,+1-555-0001849
CAND-1850,william.perry.1850@example.com,William,Perry,+1-555-0001850
CAND-1851,amanda.davis.1851@example.com,Amanda,Davis,+1-555-0001851
CAND-1852,jeffrey.lewis.1852@example.com,Jeffrey,Lewis,+1-555-0001852
CAND-1853,martin.ward.1853@example.com,Martin,Ward,+1-555-0001853
CAND-1854,jeffery.goodwin.1854@example.com,Jeffery,Goodwin,+1-555-0001854
CAND-1855,alyssa.barajas.1855@example.com,Alyssa,Barajas,+1-555-0001855
CAND-1856,madison.zavala.1856@example.com,Madison,Zavala,+1-555-0001856
CAND-1857,alan.caldwell.1857@example.com,Alan,Caldwell,+1-555-0001857
CAND-1858,sean.conway.1858@example.com,Sean,Conway,+1-555-0001858
CAND-1859,christina.oliver.1859@example.com,Christina,Oliver,+1-555-0001859
CAND-1860,susan.fleming.1860@example.com,Susan,Fleming,+1-555-0001860
CAND-1861,manuel.moon.1861@example.com,Manuel,Moon,+1-555-0001861
CAND-1862,sierra.cruz.1862@example.com,Sierra,Cruz,+1-555-0001862
CAND-1863,amber.campbell.1863@example.com,Amber,Campbell,+1-555-0001863
CAND-1864,rhonda.short.1864@example.com,Rhonda,Short,+1-555-0001864
CAND-1865,nicholas.lang.1865@example.com,Nicholas,Lang,+1-555-0001865
CAND-1866,sean.williams.1866@example.com,Sean,Williams,+1-555-0001866
CAND-1867,rachel.lee.1867@example.com,Rachel,Lee,+1-555-0001867
CAND-1868,willie.vaughan.1868@example.com,Willie,Vaughan,+1-555-0001868
CAND-1869,gary.huber.1869@example.com,Gary,Huber,+1-555-0001869
CAND-1870,amanda.smith.1870@example.com,Amanda,Smith,+1-555-0001870
CAND-1871,cameron.santiago.1871@example.com,Cameron,Santiago,+1-555-0001871
CAND-1872,kim.hancock.1872@example.com,Kim,Hancock,+1-555-0001872
CAND-1873,roger.garcia.1873@example.com,Roger,Garcia,+1-555-0001873
CAND-1874,amanda.park.1874@example.com,Amanda,Park,+1-555-0001874
CAND-1875,theresa.rowe.1875@example.com,Theresa,Rowe,+1-555-0001875
CAND-1876,deborah.case.1876@example.com,Deborah,Case,+1-555-0001876
CAND-1877,julie.hernandez.1877@example.com,Julie,Hernandez,+1-555-0001877
CAND-1878,stephen.rivera.1878@example.com,Stephen,Rivera,+1-555-0001878
CAND-1879,christopher.brown.1879@example.com,Christopher,Brown,+1-555-0001879
CAND-1880,laura.grant.1880@example.com,Laura,Grant,+1-555-0001880
CAND-1881,bailey.perez.1881@example.com,Bailey,Perez,+1-555-0001881
CAND-1882,jonathan.hughes.1882@example.com,Jonathan,Hughes,+1-555-0001882
CAND-1883,crystal.hamilton.1883@example.com,Crystal,Hamilton,+1-555-0001883
CAND-1884,andre.nunez.1884@example.com,Andre,Nunez,+1-555-0001884
CAND-1885,amanda.may.1885@example.com,Amanda,May,+1-555-0001885
CAND-1886,christine.avila.1886@example.com,Christine,Avila,+1-555-0001886
CAND-1887,brenda.haynes.1887@example.com,Brenda,Haynes,+1-555-0001887
CAND-1888,charles.reilly.1888@example.com,Charles,Reilly,+1-555-0001888
CAND-1889,daniel.buchanan.1889@example.com,Daniel,Buchanan,+1-555-0001889
CAND-1890,kevin.miller.1890@example.com,Kevin,Miller,+1-555-0001890
CAND-1891,kathy.kim.1891@example.com,Kathy,Kim,+1-555-0001891
CAND-1892,randall.guerrero.1892@example.com,Randall,Guerrero,+1-555-0001892
CAND-1893,thomas.ferguson.1893@example.com,Thomas,Ferguson,+1-555-0001893
CAND-1894,derek.myers.1894@example.com,Derek,Myers,+1-555-0001894
CAND-1895,lauren.gardner.1895@example.com,Lauren,Gardner,+1-555-0001895
CAND-1896,susan.thomas.1896@example.com,Susan,Thomas,+1-555-0001896
CAND-1897,erica.sloan.1897@example.com,Erica,Sloan,+1-555-0001897
CAND-1898,laura.daniel.1898@example.com,Laura,Daniel,+1-555-0001898
CAND-1899,nathan.herring.1899@example.com,Nathan,Herring,+1-555-0001899
CAND-1900,angela.peters.1900@example.com,Angela,Peters,+1-555-0001900
CAND-1901,david.smith.1901@example.com,David,Smith,+1-555-0001901
CAND-1902,candice.medina.1902@example.com,Candice,Medina,+1-555-0001902
CAND-1903,stacey.torres.1903@example.com,Stacey,Torres,+1-555-0001903
CAND-1904,kaitlin.berger.1904@example.com,Kaitlin,Berger,+1-555-0001904
CAND-1905,maurice.gutierrez.1905@example.com,Maurice,Gutierrez,+1-555-0001905
CAND-1906,debbie.hunt.1906@example.com,Debbie,Hunt,+1-555-0001906
CAND-1907,eugene.walker.1907@example.com,Eugene,Walker,+1-555-0001907
CAND-1908,mary.lee.1908@example.com,Mary,Lee,+1-555-0001908
CAND-1909,howard.marsh.1909@example.com,Howard,Marsh,+1-555-0001909
CAND-1910,melissa.york.1910@example.com,Melissa,York,+1-555-0001910
CAND-1911,sarah.gamble.1911@example.com,Sarah,Gamble,+1-555-0001911
CAND-1912,steven.dunn.1912@example.com,Steven,Dunn,+1-555-0001912
CAND-1913,kelly.jones.1913@example.com,Kelly,Jones,+1-555-0001913
CAND-1914,corey.swanson.1914@example.com,Corey,Swanson,+1-555-0001914
CAND-1915,tony.rivera.1915@example.com,Tony,Rivera,+1-555-0001915
CAND-1916,david.rios.1916@example.com,David,Rios,+1-555-0001916
CAND-1917,craig.harvey.1917@example.com,Craig,Harvey,+1-555-0001917
CAND-1918,rachel.stewart.1918@example.com,Rachel,Stewart,+1-555-0001918
CAND-1919,shannon.jensen.1919@example.com,Shannon,Jensen,+1-555-0001919
CAND-1920,kevin.silva.1920@example.com,Kevin,Silva,+1-555-0001920
CAND-1921,ariana.diaz.1921@example.com,Ariana,Diaz,+1-555-0001921
CAND-1922,leslie.patterson.1922@example.com,Leslie,Patterson,+1-555-0001922
CAND-1923,adam.sanchez.1923@example.com,Adam,Sanchez,+1-555-0001923
CAND-1924,jeffrey.singh.1924@example.com,Jeffrey,Singh,+1-555-0001924
CAND-1925,ryan.larsen.1925@example.com,Ryan,Larsen,+1-555-0001925
CAND-1926,dennis.quinn.1926@example.com,Dennis,Quinn,+1-555-0001926
CAND-1927,natalie.ford.1927@example.com,Natalie,Ford,+1-555-0001927
CAND-1928,michael.torres.1928@example.com,Michael,Torres,+1-555-0001928
CAND-1929,andrea.thompson.1929@example.com,Andrea,Thompson,+1-555-0001929
CAND-1930,catherine.wilkinson.1930@example.com,Catherine,Wilkinson,+1-555-0001930
CAND-1931,michele.taylor.1931@example.com,Michele,Taylor,+1-555-0001931
CAND-1932,amanda.baker.1932@example.com,Amanda,Baker,+1-555-0001932
CAND-1933,olivia.jones.1933@example.com,Olivia,Jones,+1-555-0001933
CAND-1934,charles.smith.1934@example.com,Charles,Smith,+1-555-0001934
CAND-1935,william.johnson.1935@example.com,William,Johnson,+1-555-0001935
CAND-1936,bonnie.sullivan.1936@example.com,Bonnie,Sullivan,+1-555-0001936
CAND-1937,brittany.escobar.1937@example.com,Brittany,Escobar,+1-555-0001937
CAND-1938,andrea.stephens.1938@example.com,Andrea,Stephens,+1-555-0001938
CAND-1939,yolanda.kennedy.1939@example.com,Yolanda,Kennedy,+1-555-0001939
CAND-1940,kimberly.diaz.1940@example.com,Kimberly,Diaz,+1-555-0001940
CAND-1941,jeffrey.barton.1941@example.com,Jeffrey,Barton,+1-555-0001941
CAND-1942,jessica.carter.1942@example.com,Jessica,Carter,+1-555-0001942
CAND-1943,steven.dixon.1943@example.com,Steven,Dixon,+1-555-0001943
CAND-1944,randy.shaw.1944@example.com,Randy,Shaw,+1-555-0001944
CAND-1945,elaine.charles.1945@example.com,Elaine,Charles,+1-555-0001945
CAND-1946,lindsay.mendez.1946@example.com,Lindsay,Mendez,+1-555-0001946
CAND-1947,gabriel.palmer.1947@example.com,Gabriel,Palmer,+1-555-0001947
CAND-1948,sean.white.1948@example.com,Sean,White,+1-555-0001948
CAND-1949,stacy.hopkins.1949@example.com,Stacy,Hopkins,+1-555-0001949
CAND-1950,tammy.fitzgerald.1950@example.com,Tammy,Fitzgerald,+1-555-0001950
CAND-1951,timothy.howard.1951@example.com,Timothy,Howard,+1-555-0001951
CAND-1952,jeffery.freeman.1952@example.com,Jeffery,Freeman,+1-555-0001952
CAND-1953,bryan.wood.1953@example.com,Bryan,Wood,+1-555-0001953
CAND-1954,brad.clark.1954@example.com,Brad,Clark,+1-555-0001954
CAND-1955,rebecca.ward.1955@example.com,Rebecca,Ward,+1-555-0001955
CAND-1956,terry.gibson.1956@example.com,Terry,Gibson,+1-555-0001956
CAND-1957,brandon.hooper.1957@example.com,Brandon,Hooper,+1-555-0001957
CAND-1958,mario.padilla.1958@example.com,Mario,Padilla,+1-555-0001958
CAND-1959,adrienne.gallegos.1959@example.com,Adrienne,Gallegos,+1-555-0001959
CAND-1960,mary.baker.1960@example.com,Mary,Baker,+1-555-0001960
CAND-1961,amy.thompson.1961@example.com,Amy,Thompson,+1-555-0001961
CAND-1962,desiree.diaz.1962@example.com,Desiree,Diaz,+1-555-0001962
CAND-1963,denise.houston.1963@example.com,Denise,Houston,+1-555-0001963
CAND-1964,zachary.bennett.1964@example.com,Zachary,Bennett,+1-555-0001964
CAND-1965,rebecca.black.1965@example.com,Rebecca,Black,+1-555-0001965
CAND-1966,michael.parrish.1966@example.com,Michael,Parrish,+1-555-0001966
CAND-1967,tommy.olson.1967@example.com,Tommy,Olson,+1-555-0001967
CAND-1968,cassandra.shaw.1968@example.com,Cassandra,Shaw,+1-555-0001968
CAND-1969,don.martin.1969@example.com,Don,Martin,+1-555-0001969
CAND-1970,chris.schneider.1970@example.com,Chris,Schneider,+1-555-0001970
CAND-1971,jason.lopez.1971@example.com,Jason,Lopez,+1-555-0001971
CAND-1972,michael.love.1972@example.com,Michael,Love,+1-555-0001972
CAND-1973,david.hall.1973@example.com,David,Hall,+1-555-0001973
CAND-1974,lisa.cortez.1974@example.com,Lisa,Cortez,+1-555-0001974
CAND-1975,timothy.mendoza.1975@example.com,Timothy,Mendoza,+1-555-0001975
CAND-1976,jason.martin.1976@example.com,Jason,Martin,+1-555-0001976
CAND-1977,martha.johnson.1977@example.com,Martha,Johnson,+1-555-0001977
CAND-1978,bradley.berry.1978@example.com,Bradley,Berry,+1-555-0001978
CAND-1979,evan.soto.1979@example.com,Evan,Soto,+1-555-0001979
CAND-1980,benjamin.armstrong.1980@example.com,Benjamin,Armstrong,+1-555-0001980
CAND-1981,brian.scott.1981@example.com,Brian,Scott,+1-555-0001981
CAND-1982,hector.mullen.1982@example.com,Hector,Mullen,+1-555-0001982
CAND-1983,carol.elliott.1983@example.com,Carol,Elliott,+1-555-0001983
CAND-1984,andrew.ball.1984@example.com,Andrew,Ball,+1-555-0001984
CAND-1985,dorothy.campbell.1985@example.com,Dorothy,Campbell,+1-555-0001985
CAND-1986,christopher.cole.1986@example.com,Christopher,Cole,+1-555-0001986
CAND-1987,victoria.dillon.1987@example.com,Victoria,Dillon,+1-555-0001987
CAND-1988,george.greer.1988@example.com,George,Greer,+1-555-0001988
CAND-1989,carolyn.norton.1989@example.com,Carolyn,Norton,+1-555-0001989
CAND-1990,lori.white.1990@example.com,Lori,White,+1-555-0001990
CAND-1991,donna.baker.1991@example.com,Donna,Baker,+1-555-0001991
CAND-1992,jennifer.cooper.1992@example.com,Jennifer,Cooper,+1-555-0001992
CAND-1993,shawn.garza.1993@example.com,Shawn,Garza,+1-555-0001993
CAND-1994,jerry.cruz.1994@example.com,Jerry,Cruz,+1-555-0001994
CAND-1995,daniel.harris.1995@example.com,Daniel,Harris,+1-555-0001995
CAND-1996,michele.gordon.1996@example.com,Michele,Gordon,+1-555-0001996
CAND-1997,robert.hernandez.1997@example.com,Robert,Hernandez,+1-555-0001997
CAND-1998,cole.alvarez.1998@example.com,Cole,Alvarez,+1-555-0001998
CAND-1999,christina.williams.1999@example.com,Christina,Williams,+1-555-0001999
CAND-2000,kristen.gordon.2000@example.com,Kristen,Gordon,+1-555-0002000
CAND-2001,david.olson.2001@example.com,David,Olson,+1-555-0002001
CAND-2002,david.munoz.2002@example.com,David,Munoz,+1-555-0002002
CAND-2003,maria.prince.2003@example.com,Maria,Prince,+1-555-0002003
CAND-2004,kimberly.banks.2004@example.com,Kimberly,Banks,+1-555-0002004
CAND-2005,alexa.wood.2005@example.com,Alexa,Wood,+1-555-0002005
CAND-2006,bradley.moreno.2006@example.com,Bradley,Moreno,+1-555-0002006
CAND-2007,jerome.lang.2007@example.com,Jerome,Lang,+1-555-0002007
CAND-2008,kristine.james.2008@example.com,Kristine,James,+1-555-0002008
CAND-2009,brianna.figueroa.2009@example.com,Brianna,Figueroa,+1-555-0002009
CAND-2010,kathleen.horton.2010@example.com,Kathleen,Horton,+1-555-0002010
CAND-2011,connor.anderson.2011@example.com,Connor,Anderson,+1-555-0002011
CAND-2012,thomas.hall.2012@example.com,Thomas,Hall,+1-555-0002012
CAND-2013,michele.campbell.2013@example.com,Michele,Campbell,+1-555-0002013
CAND-2014,nancy.ortiz.2014@example.com,Nancy,Ortiz,+1-555-0002014
CAND-2015,jacob.fletcher.2015@example.com,Jacob,Fletcher,+1-555-0002015
CAND-2016,kristine.lane.2016@example.com,Kristine,Lane,+1-555-0002016
CAND-2017,david.smith.2017@example.com,David,Smith,+1-555-0002017
CAND-2018,diamond.watts.2018@example.com,Diamond,Watts,+1-555-0002018
CAND-2019,leslie.cox.2019@example.com,Leslie,Cox,+1-555-0002019
CAND-2020,eric.pearson.2020@example.com,Eric,Pearson,+1-555-0002020
CAND-2021,jon.wyatt.2021@example.com,Jon,Wyatt,+1-555-0002021
CAND-2022,rodney.diaz.2022@example.com,Rodney,Diaz,+1-555-0002022
CAND-2023,joshua.becker.2023@example.com,Joshua,Becker,+1-555-0002023
CAND-2024,kari.gutierrez.2024@example.com,Kari,Gutierrez,+1-555-0002024
CAND-2025,kristen.olson.2025@example.com,Kristen,Olson,+1-555-0002025
CAND-2026,mitchell.peters.2026@example.com,Mitchell,Peters,+1-555-0002026
CAND-2027,jon.parker.2027@example.com,Jon,Parker,+1-555-0002027
CAND-2028,maxwell.thornton.2028@example.com,Maxwell,Thornton,+1-555-0002028
CAND-2029,jill.wyatt.2029@example.com,Jill,Wyatt,+1-555-0002029
CAND-2030,donna.adkins.2030@example.com,Donna,Adkins,+1-555-0002030
CAND-2031,sean.lyons.2031@example.com,Sean,Lyons,+1-555-0002031
CAND-2032,evan.lewis.2032@example.com,Evan,Lewis,+1-555-0002032
CAND-2033,richard.morgan.2033@example.com,Richard,Morgan,+1-555-0002033
CAND-2034,andrea.terry.2034@example.com,Andrea,Terry,+1-555-0002034
CAND-2035,jasmine.martin.2035@example.com,Jasmine,Martin,+1-555-0002035
CAND-2036,tamara.smith.2036@example.com,Tamara,Smith,+1-555-0002036
CAND-2037,christopher.thomas.2037@example.com,Christopher,Thomas,+1-555-0002037
CAND-2038,sara.graham.2038@example.com,Sara,Graham,+1-555-0002038
CAND-2039,caleb.walker.2039@example.com,Caleb,Walker,+1-555-0002039
CAND-2040,christopher.johnson.2040@example.com,Christopher,Johnson,+1-555-0002040
CAND-2041,patrick.joyce.2041@example.com,Patrick,Joyce,+1-555-0002041
CAND-2042,christina.meyer.2042@example.com,Christina,Meyer,+1-555-0002042
CAND-2043,jennifer.harper.2043@example.com,Jennifer,Harper,+1-555-0002043
CAND-2044,sonya.wilkins.2044@example.com,Sonya,Wilkins,+1-555-0002044
CAND-2045,danielle.gonzales.2045@example.com,Danielle,Gonzales,+1-555-0002045
CAND-2046,james.sandoval.2046@example.com,James,Sandoval,+1-555-0002046
CAND-2047,linda.mitchell.2047@example.com,Linda,Mitchell,+1-555-0002047
CAND-2048,arthur.greene.2048@example.com,Arthur,Greene,+1-555-0002048
CAND-2049,zachary.hall.2049@example.com,Zachary,Hall,+1-555-0002049
CAND-2050,gavin.johnson.2050@example.com,Gavin,Johnson,+1-555-0002050
CAND-2051,john.smith.2051@example.com,John,Smith,+1-555-0002051
CAND-2052,eric.shea.2052@example.com,Eric,Shea,+1-555-0002052
CAND-2053,kimberly.gomez.2053@example.com,Kimberly,Gomez,+1-555-0002053
CAND-2054,randall.willis.2054@example.com,Randall,Willis,+1-555-0002054
CAND-2055,april.mclaughlin.2055@example.com,April,Mclaughlin,+1-555-0002055
CAND-2056,casey.davis.2056@example.com,Casey,Davis,+1-555-0002056
CAND-2057,justin.gallegos.2057@example.com,Justin,Gallegos,+1-555-0002057
CAND-2058,robyn.bailey.2058@example.com,Robyn,Bailey,+1-555-0002058
CAND-2059,sylvia.hill.2059@example.com,Sylvia,Hill,+1-555-0002059
CAND-2060,catherine.lee.2060@example.com,Catherine,Lee,+1-555-0002060
CAND-2061,sarah.andrews.2061@example.com,Sarah,Andrews,+1-555-0002061
CAND-2062,jose.russell.2062@example.com,Jose,Russell,+1-555-0002062
CAND-2063,daniel.jones.2063@example.com,Daniel,Jones,+1-555-0002063
CAND-2064,kelly.arroyo.2064@example.com,Kelly,Arroyo,+1-555-0002064
CAND-2065,leah.frye.2065@example.com,Leah,Frye,+1-555-0002065
CAND-2066,nancy.li.2066@example.com,Nancy,Li,+1-555-0002066
CAND-2067,bailey.benson.2067@example.com,Bailey,Benson,+1-555-0002067
CAND-2068,tammy.hart.2068@example.com,Tammy,Hart,+1-555-0002068
CAND-2069,kayla.todd.2069@example.com,Kayla,Todd,+1-555-0002069
CAND-2070,susan.ellis.2070@example.com,Susan,Ellis,+1-555-0002070
CAND-2071,steven.matthews.2071@example.com,Steven,Matthews,+1-555-0002071
CAND-2072,anthony.wilson.2072@example.com,Anthony,Wilson,+1-555-0002072
CAND-2073,carlos.schultz.2073@example.com,Carlos,Schultz,+1-555-0002073
CAND-2074,virginia.rhodes.2074@example.com,Virginia,Rhodes,+1-555-0002074
CAND-2075,jerry.stewart.2075@example.com,Jerry,Stewart,+1-555-0002075
CAND-2076,stephanie.black.2076@example.com,Stephanie,Black,+1-555-0002076
CAND-2077,alec.collier.2077@example.com,Alec,Collier,+1-555-0002077
CAND-2078,john.davis.2078@example.com,John,Davis,+1-555-0002078
CAND-2079,emily.nicholson.2079@example.com,Emily,Nicholson,+1-555-0002079
CAND-2080,charles.velazquez.2080@example.com,Charles,Velazquez,+1-555-0002080
CAND-2081,thomas.gomez.2081@example.com,Thomas,Gomez,+1-555-0002081
CAND-2082,patricia.adams.2082@example.com,Patricia,Adams,+1-555-0002082
CAND-2083,stacey.vega.2083@example.com,Stacey,Vega,+1-555-0002083
CAND-2084,renee.porter.2084@example.com,Renee,Porter,+1-555-0002084
CAND-2085,james.moss.2085@example.com,James,Moss,+1-555-0002085
CAND-2086,monique.clark.2086@example.com,Monique,Clark,+1-555-0002086
CAND-2087,james.wright.2087@example.com,James,Wright,+1-555-0002087
CAND-2088,christine.moore.2088@example.com,Christine,Moore,+1-555-0002088
CAND-2089,daniel.mora.2089@example.com,Daniel,Mora,+1-555-0002089
CAND-2090,emma.alvarado.2090@example.com,Emma,Alvarado,+1-555-0002090
CAND-2091,christina.duran.2091@example.com,Christina,Duran,+1-555-0002091
CAND-2092,amber.williams.2092@example.com,Amber,Williams,+1-555-0002092
CAND-2093,timothy.oliver.2093@example.com,Timothy,Oliver,+1-555-0002093
CAND-2094,travis.galloway.2094@example.com,Travis,Galloway,+1-555-0002094
CAND-2095,penny.melton.2095@example.com,Penny,Melton,+1-555-0002095
CAND-2096,travis.joyce.2096@example.com,Travis,Joyce,+1-555-0002096
CAND-2097,sabrina.ramirez.2097@example.com,Sabrina,Ramirez,+1-555-0002097
CAND-2098,jeffrey.ray.2098@example.com,Jeffrey,Ray,+1-555-0002098
CAND-2099,brian.lloyd.2099@example.com,Brian,Lloyd,+1-555-0002099
CAND-2100,timothy.fernandez.2100@example.com,Timothy,Fernandez,+1-555-0002100
CAND-2101,wayne.long.2101@example.com,Wayne,Long,+1-555-0002101
CAND-2102,gina.thompson.2102@example.com,Gina,Thompson,+1-555-0002102
CAND-2103,tiffany.wolfe.2103@example.com,Tiffany,Wolfe,+1-555-0002103
CAND-2104,steve.norris.2104@example.com,Steve,Norris,+1-555-0002104
CAND-2105,alexander.clark.2105@example.com,Alexander,Clark,+1-555-0002105
CAND-2106,bianca.nguyen.2106@example.com,Bianca,Nguyen,+1-555-0002106
CAND-2107,chloe.green.2107@example.com,Chloe,Green,+1-555-0002107
CAND-2108,amy.young.2108@example.com,Amy,Young,+1-555-0002108
CAND-2109,thomas.austin.2109@example.com,Thomas,Austin,+1-555-0002109
CAND-2110,michael.jimenez.2110@example.com,Michael,Jimenez,+1-555-0002110
CAND-2111,jason.haynes.2111@example.com,Jason,Haynes,+1-555-0002111
CAND-2112,nathan.dickerson.2112@example.com,Nathan,Dickerson,+1-555-0002112
CAND-2113,joshua.white.2113@example.com,Joshua,White,+1-555-0002113
CAND-2114,david.johnston.2114@example.com,David,Johnston,+1-555-0002114
CAND-2115,jeremy.garcia.2115@example.com,Jeremy,Garcia,+1-555-0002115
CAND-2116,joseph.young.2116@example.com,Joseph,Young,+1-555-0002116
CAND-2117,ryan.james.2117@example.com,Ryan,James,+1-555-0002117
CAND-2118,dustin.haley.2118@example.com,Dustin,Haley,+1-555-0002118
CAND-2119,edward.shaffer.2119@example.com,Edward,Shaffer,+1-555-0002119
CAND-2120,gregory.porter.2120@example.com,Gregory,Porter,+1-555-0002120
CAND-2121,wendy.atkinson.2121@example.com,Wendy,Atkinson,+1-555-0002121
CAND-2122,zachary.le.2122@example.com,Zachary,Le,+1-555-0002122
CAND-2123,kristen.evans.2123@example.com,Kristen,Evans,+1-555-0002123
CAND-2124,anna.bradley.2124@example.com,Anna,Bradley,+1-555-0002124
CAND-2125,raymond.vaughn.2125@example.com,Raymond,Vaughn,+1-555-0002125
CAND-2126,brian.cervantes.2126@example.com,Brian,Cervantes,+1-555-0002126
CAND-2127,thomas.soto.2127@example.com,Thomas,Soto,+1-555-0002127
CAND-2128,shannon.cook.2128@example.com,Shannon,Cook,+1-555-0002128
CAND-2129,michael.castro.2129@example.com,Michael,Castro,+1-555-0002129
CAND-2130,sarah.scott.2130@example.com,Sarah,Scott,+1-555-0002130
CAND-2131,andrew.martinez.2131@example.com,Andrew,Martinez,+1-555-0002131
CAND-2132,michelle.mccarty.2132@example.com,Michelle,Mccarty,+1-555-0002132
CAND-2133,james.johnston.2133@example.com,James,Johnston,+1-555-0002133
CAND-2134,debra.thompson.2134@example.com,Debra,Thompson,+1-555-0002134
CAND-2135,kimberly.kelly.2135@example.com,Kimberly,Kelly,+1-555-0002135
CAND-2136,emily.freeman.2136@example.com,Emily,Freeman,+1-555-0002136
CAND-2137,jill.preston.2137@example.com,Jill,Preston,+1-555-0002137
CAND-2138,patrick.mitchell.2138@example.com,Patrick,Mitchell,+1-555-0002138
CAND-2139,crystal.thomas.2139@example.com,Crystal,Thomas,+1-555-0002139
CAND-2140,gary.morton.2140@example.com,Gary,Morton,+1-555-0002140
CAND-2141,matthew.welch.2141@example.com,Matthew,Welch,+1-555-0002141
CAND-2142,ashley.sweeney.2142@example.com,Ashley,Sweeney,+1-555-0002142
CAND-2143,charles.martin.2143@example.com,Charles,Martin,+1-555-0002143
CAND-2144,jeremy.stewart.2144@example.com,Jeremy,Stewart,+1-555-0002144
CAND-2145,kelly.adams.2145@example.com,Kelly,Adams,+1-555-0002145
CAND-2146,deanna.nelson.2146@example.com,Deanna,Nelson,+1-555-0002146
CAND-2147,sean.roy.2147@example.com,Sean,Roy,+1-555-0002147
CAND-2148,michael.matthews.2148@example.com,Michael,Matthews,+1-555-0002148
CAND-2149,tammy.gutierrez.2149@example.com,Tammy,Gutierrez,+1-555-0002149
CAND-2150,ivan.johnson.2150@example.com,Ivan,Johnson,+1-555-0002150
CAND-2151,jessica.stanley.2151@example.com,Jessica,Stanley,+1-555-0002151
CAND-2152,shelby.haynes.2152@example.com,Shelby,Haynes,+1-555-0002152
CAND-2153,christopher.jackson.2153@example.com,Christopher,Jackson,+1-555-0002153
CAND-2154,dakota.brown.2154@example.com,Dakota,Brown,+1-555-0002154
CAND-2155,natasha.kelley.2155@example.com,Natasha,Kelley,+1-555-0002155
CAND-2156,anthony.sanders.2156@example.com,Anthony,Sanders,+1-555-0002156
CAND-2157,kathy.miller.2157@example.com,Kathy,Miller,+1-555-0002157
CAND-2158,jose.moore.2158@example.com,Jose,Moore,+1-555-0002158
CAND-2159,diana.mcclure.2159@example.com,Diana,Mcclure,+1-555-0002159
CAND-2160,kyle.wright.2160@example.com,Kyle,Wright,+1-555-0002160
CAND-2161,justin.sims.2161@example.com,Justin,Sims,+1-555-0002161
CAND-2162,david.roberson.2162@example.com,David,Roberson,+1-555-0002162
CAND-2163,anthony.alvarado.2163@example.com,Anthony,Alvarado,+1-555-0002163
CAND-2164,michelle.nguyen.2164@example.com,Michelle,Nguyen,+1-555-0002164
CAND-2165,thomas.proctor.2165@example.com,Thomas,Proctor,+1-555-0002165
CAND-2166,amber.nelson.2166@example.com,Amber,Nelson,+1-555-0002166
CAND-2167,sean.montes.2167@example.com,Sean,Montes,+1-555-0002167
CAND-2168,heidi.thompson.2168@example.com,Heidi,Thompson,+1-555-0002168
CAND-2169,carla.welch.2169@example.com,Carla,Welch,+1-555-0002169
CAND-2170,cynthia.elliott.2170@example.com,Cynthia,Elliott,+1-555-0002170
CAND-2171,alexandra.fowler.2171@example.com,Alexandra,Fowler,+1-555-0002171
CAND-2172,kyle.reed.2172@example.com,Kyle,Reed,+1-555-0002172
CAND-2173,amber.ballard.2173@example.com,Amber,Ballard,+1-555-0002173
CAND-2174,scott.diaz.2174@example.com,Scott,Diaz,+1-555-0002174
CAND-2175,jordan.torres.2175@example.com,Jordan,Torres,+1-555-0002175
CAND-2176,aaron.ochoa.2176@example.com,Aaron,Ochoa,+1-555-0002176
CAND-2177,melanie.cooper.2177@example.com,Melanie,Cooper,+1-555-0002177
CAND-2178,taylor.smith.2178@example.com,Taylor,Smith,+1-555-0002178
CAND-2179,sandra.arroyo.2179@example.com,Sandra,Arroyo,+1-555-0002179
CAND-2180,thomas.smith.2180@example.com,Thomas,Smith,+1-555-0002180
CAND-2181,russell.carter.2181@example.com,Russell,Carter,+1-555-0002181
CAND-2182,jerry.smith.2182@example.com,Jerry,Smith,+1-555-0002182
CAND-2183,nathaniel.jenkins.2183@example.com,Nathaniel,Jenkins,+1-555-0002183
CAND-2184,ann.foster.2184@example.com,Ann,Foster,+1-555-0002184
CAND-2185,frank.mclaughlin.2185@example.com,Frank,Mclaughlin,+1-555-0002185
CAND-2186,peter.gray.2186@example.com,Peter,Gray,+1-555-0002186
CAND-2187,jose.henderson.2187@example.com,Jose,Henderson,+1-555-0002187
CAND-2188,john.duran.2188@example.com,John,Duran,+1-555-0002188
CAND-2189,renee.aguirre.2189@example.com,Renee,Aguirre,+1-555-0002189
CAND-2190,gail.mitchell.2190@example.com,Gail,Mitchell,+1-555-0002190
CAND-2191,julia.lamb.2191@example.com,Julia,Lamb,+1-555-0002191
CAND-2192,robert.castaneda.2192@example.com,Robert,Castaneda,+1-555-0002192
CAND-2193,ian.roberts.2193@example.com,Ian,Roberts,+1-555-0002193
CAND-2194,dana.williamson.2194@example.com,Dana,Williamson,+1-555-0002194
CAND-2195,joseph.dean.2195@example.com,Joseph,Dean,+1-555-0002195
CAND-2196,jacob.smith.2196@example.com,Jacob,Smith,+1-555-0002196
CAND-2197,brandon.nichols.2197@example.com,Brandon,Nichols,+1-555-0002197
CAND-2198,jacob.garcia.2198@example.com,Jacob,Garcia,+1-555-0002198
CAND-2199,joseph.espinoza.2199@example.com,Joseph,Espinoza,+1-555-0002199
CAND-2200,jessica.hall.2200@example.com,Jessica,Hall,+1-555-0002200
CAND-2201,edward.snyder.2201@example.com,Edward,Snyder,+1-555-0002201
CAND-2202,matthew.collins.2202@example.com,Matthew,Collins,+1-555-0002202
CAND-2203,lauren.bolton.2203@example.com,Lauren,Bolton,+1-555-0002203
CAND-2204,steven.moody.2204@example.com,Steven,Moody,+1-555-0002204
CAND-2205,mark.bridges.2205@example.com,Mark,Bridges,+1-555-0002205
CAND-2206,stephanie.brown.2206@example.com,Stephanie,Brown,+1-555-0002206
CAND-2207,kimberly.jones.2207@example.com,Kimberly,Jones,+1-555-0002207
CAND-2208,theodore.lee.2208@example.com,Theodore,Lee,+1-555-0002208
CAND-2209,mckenzie.roth.2209@example.com,Mckenzie,Roth,+1-555-0002209
CAND-2210,maria.martinez.2210@example.com,Maria,Martinez,+1-555-0002210
CAND-2211,kayla.wright.2211@example.com,Kayla,Wright,+1-555-0002211
CAND-2212,kelsey.ramos.2212@example.com,Kelsey,Ramos,+1-555-0002212
CAND-2213,joan.johnson.2213@example.com,Joan,Johnson,+1-555-0002213
CAND-2214,steven.wise.2214@example.com,Steven,Wise,+1-555-0002214
CAND-2215,adriana.hendrix.2215@example.com,Adriana,Hendrix,+1-555-0002215
CAND-2216,thomas.maldonado.2216@example.com,Thomas,Maldonado,+1-555-0002216
CAND-2217,larry.morris.2217@example.com,Larry,Morris,+1-555-0002217
CAND-2218,crystal.williams.2218@example.com,Crystal,Williams,+1-555-0002218
CAND-2219,sharon.meyer.2219@example.com,Sharon,Meyer,+1-555-0002219
CAND-2220,jon.little.2220@example.com,Jon,Little,+1-555-0002220
CAND-2221,james.clay.2221@example.com,James,Clay,+1-555-0002221
CAND-2222,michelle.robinson.2222@example.com,Michelle,Robinson,+1-555-0002222
CAND-2223,daniel.chen.2223@example.com,Daniel,Chen,+1-555-0002223
CAND-2224,mark.jackson.2224@example.com,Mark,Jackson,+1-555-0002224
CAND-2225,joshua.wilson.2225@example.com,Joshua,Wilson,+1-555-0002225
CAND-2226,kristina.smith.2226@example.com,Kristina,Smith,+1-555-0002226
CAND-2227,bobby.logan.2227@example.com,Bobby,Logan,+1-555-0002227
CAND-2228,thomas.carlson.2228@example.com,Thomas,Carlson,+1-555-0002228
CAND-2229,nathan.davis.2229@example.com,Nathan,Davis,+1-555-0002229
CAND-2230,eric.davis.2230@example.com,Eric,Davis,+1-555-0002230
CAND-2231,christine.galvan.2231@example.com,Christine,Galvan,+1-555-0002231
CAND-2232,wendy.garrett.2232@example.com,Wendy,Garrett,+1-555-0002232
CAND-2233,brian.newman.2233@example.com,Brian,Newman,+1-555-0002233
CAND-2234,jacqueline.moody.2234@example.com,Jacqueline,Moody,+1-555-0002234
CAND-2235,david.hall.2235@example.com,David,Hall,+1-555-0002235
CAND-2236,tina.kramer.2236@example.com,Tina,Kramer,+1-555-0002236
CAND-2237,katherine.trujillo.2237@example.com,Katherine,Trujillo,+1-555-0002237
CAND-2238,samuel.lee.2238@example.com,Samuel,Lee,+1-555-0002238
CAND-2239,hannah.howard.2239@example.com,Hannah,Howard,+1-555-0002239
CAND-2240,dennis.roach.2240@example.com,Dennis,Roach,+1-555-0002240
CAND-2241,todd.kim.2241@example.com,Todd,Kim,+1-555-0002241
CAND-2242,kenneth.terry.2242@example.com,Kenneth,Terry,+1-555-0002242
CAND-2243,james.lopez.2243@example.com,James,Lopez,+1-555-0002243
CAND-2244,michael.oconnor.2244@example.com,Michael,Oconnor,+1-555-0002244
CAND-2245,joshua.guerra.2245@example.com,Joshua,Guerra,+1-555-0002245
CAND-2246,robin.spencer.2246@example.com,Robin,Spencer,+1-555-0002246
CAND-2247,casey.moore.2247@example.com,Casey,Moore,+1-555-0002247
CAND-2248,kenneth.baker.2248@example.com,Kenneth,Baker,+1-555-0002248
CAND-2249,michael.smith.2249@example.com,Michael,Smith,+1-555-0002249
CAND-2250,dana.gray.2250@example.com,Dana,Gray,+1-555-0002250
CAND-2251,jacob.smith.2251@example.com,Jacob,Smith,+1-555-0002251
CAND-2252,melissa.parsons.2252@example.com,Melissa,Parsons,+1-555-0002252
CAND-2253,john.le.2253@example.com,John,Le,+1-555-0002253
CAND-2254,dominique.ryan.2254@example.com,Dominique,Ryan,+1-555-0002254
CAND-2255,paul.warren.2255@example.com,Paul,Warren,+1-555-0002255
CAND-2256,tyler.arnold.2256@example.com,Tyler,Arnold,+1-555-0002256
CAND-2257,chloe.morris.2257@example.com,Chloe,Morris,+1-555-0002257
CAND-2258,danielle.rodriguez.2258@example.com,Danielle,Rodriguez,+1-555-0002258
CAND-2259,alexandra.jones.2259@example.com,Alexandra,Jones,+1-555-0002259
CAND-2260,mary.anderson.2260@example.com,Mary,Anderson,+1-555-0002260
CAND-2261,morgan.harris.2261@example.com,Morgan,Harris,+1-555-0002261
CAND-2262,todd.garcia.2262@example.com,Todd,Garcia,+1-555-0002262
CAND-2263,ashley.huff.2263@example.com,Ashley,Huff,+1-555-0002263
CAND-2264,diane.fox.2264@example.com,Diane,Fox,+1-555-0002264
CAND-2265,jacqueline.scott.2265@example.com,Jacqueline,Scott,+1-555-0002265
CAND-2266,michael.obrien.2266@example.com,Michael,Obrien,+1-555-0002266
CAND-2267,chad.conrad.2267@example.com,Chad,Conrad,+1-555-0002267
CAND-2268,jason.henry.2268@example.com,Jason,Henry,+1-555-0002268
CAND-2269,pamela.miller.2269@example.com,Pamela,Miller,+1-555-0002269
CAND-2270,laurie.brown.2270@example.com,Laurie,Brown,+1-555-0002270
CAND-2271,angela.hurley.2271@example.com,Angela,Hurley,+1-555-0002271
CAND-2272,robert.wood.2272@example.com,Robert,Wood,+1-555-0002272
CAND-2273,jeanette.colon.2273@example.com,Jeanette,Colon,+1-555-0002273
CAND-2274,joseph.williams.2274@example.com,Joseph,Williams,+1-555-0002274
CAND-2275,chad.torres.2275@example.com,Chad,Torres,+1-555-0002275
CAND-2276,shirley.yu.2276@example.com,Shirley,Yu,+1-555-0002276
CAND-2277,colton.hardy.2277@example.com,Colton,Hardy,+1-555-0002277
CAND-2278,amanda.lopez.2278@example.com,Amanda,Lopez,+1-555-0002278
CAND-2279,alicia.wright.2279@example.com,Alicia,Wright,+1-555-0002279
CAND-2280,colleen.white.2280@example.com,Colleen,White,+1-555-0002280
CAND-2281,kara.perry.2281@example.com,Kara,Perry,+1-555-0002281
CAND-2282,daniel.fowler.2282@example.com,Daniel,Fowler,+1-555-0002282
CAND-2283,michael.ellis.2283@example.com,Michael,Ellis,+1-555-0002283
CAND-2284,elizabeth.andrade.2284@example.com,Elizabeth,Andrade,+1-555-0002284
CAND-2285,garrett.white.2285@example.com,Garrett,White,+1-555-0002285
CAND-2286,richard.morgan.2286@example.com,Richard,Morgan,+1-555-0002286
CAND-2287,eric.murillo.2287@example.com,Eric,Murillo,+1-555-0002287
CAND-2288,scott.gomez.2288@example.com,Scott,Gomez,+1-555-0002288
CAND-2289,leslie.frey.2289@example.com,Leslie,Frey,+1-555-0002289
CAND-2290,mark.watson.2290@example.com,Mark,Watson,+1-555-0002290
CAND-2291,kathryn.jordan.2291@example.com,Kathryn,Jordan,+1-555-0002291
CAND-2292,jessica.franklin.2292@example.com,Jessica,Franklin,+1-555-0002292
CAND-2293,anna.lewis.2293@example.com,Anna,Lewis,+1-555-0002293
CAND-2294,katie.howe.2294@example.com,Katie,Howe,+1-555-0002294
CAND-2295,jonathan.nixon.2295@example.com,Jonathan,Nixon,+1-555-0002295
CAND-2296,seth.sanders.2296@example.com,Seth,Sanders,+1-555-0002296
CAND-2297,jessica.bird.2297@example.com,Jessica,Bird,+1-555-0002297
CAND-2298,caitlin.holmes.2298@example.com,Caitlin,Holmes,+1-555-0002298
CAND-2299,victoria.turner.2299@example.com,Victoria,Turner,+1-555-0002299
CAND-2300,kevin.walker.2300@example.com,Kevin,Walker,+1-555-0002300
CAND-2301,melissa.smith.2301@example.com,Melissa,Smith,+1-555-0002301
CAND-2302,lynn.norris.2302@example.com,Lynn,Norris,+1-555-0002302
CAND-2303,joshua.spencer.2303@example.com,Joshua,Spencer,+1-555-0002303
CAND-2304,angela.howe.2304@example.com,Angela,Howe,+1-555-0002304
CAND-2305,eric.johnson.2305@example.com,Eric,Johnson,+1-555-0002305
CAND-2306,michael.taylor.2306@example.com,Michael,Taylor,+1-555-0002306
CAND-2307,michael.perkins.2307@example.com,Michael,Perkins,+1-555-0002307
CAND-2308,jesse.shepherd.2308@example.com,Jesse,Shepherd,+1-555-0002308
CAND-2309,christopher.ross.2309@example.com,Christopher,Ross,+1-555-0002309
CAND-2310,samantha.navarro.2310@example.com,Samantha,Navarro,+1-555-0002310
CAND-2311,jennifer.mcguire.2311@example.com,Jennifer,Mcguire,+1-555-0002311
CAND-2312,gerald.petersen.2312@example.com,Gerald,Petersen,+1-555-0002312
CAND-2313,hannah.johnston.2313@example.com,Hannah,Johnston,+1-555-0002313
CAND-2314,rebecca.larson.2314@example.com,Rebecca,Larson,+1-555-0002314
CAND-2315,kevin.cross.2315@example.com,Kevin,Cross,+1-555-0002315
CAND-2316,barbara.miller.2316@example.com,Barbara,Miller,+1-555-0002316
CAND-2317,brian.wise.2317@example.com,Brian,Wise,+1-555-0002317
CAND-2318,michael.montoya.2318@example.com,Michael,Montoya,+1-555-0002318
CAND-2319,robert.parrish.2319@example.com,Robert,Parrish,+1-555-0002319
CAND-2320,molly.perez.2320@example.com,Molly,Perez,+1-555-0002320
CAND-2321,denise.guzman.2321@example.com,Denise,Guzman,+1-555-0002321
CAND-2322,alexander.waters.2322@example.com,Alexander,Waters,+1-555-0002322
CAND-2323,patrick.torres.2323@example.com,Patrick,Torres,+1-555-0002323
CAND-2324,blake.fernandez.2324@example.com,Blake,Fernandez,+1-555-0002324
CAND-2325,edward.shaw.2325@example.com,Edward,Shaw,+1-555-0002325
CAND-2326,jeffrey.williams.2326@example.com,Jeffrey,Williams,+1-555-0002326
CAND-2327,jessica.long.2327@example.com,Jessica,Long,+1-555-0002327
CAND-2328,sean.larson.2328@example.com,Sean,Larson,+1-555-0002328
CAND-2329,william.walker.2329@example.com,William,Walker,+1-555-0002329
CAND-2330,keith.foster.2330@example.com,Keith,Foster,+1-555-0002330
CAND-2331,david.miller.2331@example.com,David,Miller,+1-555-0002331
CAND-2332,ashley.williams.2332@example.com,Ashley,Williams,+1-555-0002332
CAND-2333,raymond.miller.2333@example.com,Raymond,Miller,+1-555-0002333
CAND-2334,warren.ayala.2334@example.com,Warren,Ayala,+1-555-0002334
CAND-2335,david.taylor.2335@example.com,David,Taylor,+1-555-0002335
CAND-2336,anita.freeman.2336@example.com,Anita,Freeman,+1-555-0002336
CAND-2337,denise.gonzalez.2337@example.com,Denise,Gonzalez,+1-555-0002337
CAND-2338,christina.fitzgerald.2338@example.com,Christina,Fitzgerald,+1-555-0002338
CAND-2339,john.jones.2339@example.com,John,Jones,+1-555-0002339
CAND-2340,kimberly.morris.2340@example.com,Kimberly,Morris,+1-555-0002340
CAND-2341,sandra.davis.2341@example.com,Sandra,Davis,+1-555-0002341
CAND-2342,emily.henderson.2342@example.com,Emily,Henderson,+1-555-0002342
CAND-2343,michael.flores.2343@example.com,Michael,Flores,+1-555-0002343
CAND-2344,brittney.johnson.2344@example.com,Brittney,Johnson,+1-555-0002344
CAND-2345,kevin.huerta.2345@example.com,Kevin,Huerta,+1-555-0002345
CAND-2346,christina.branch.2346@example.com,Christina,Branch,+1-555-0002346
CAND-2347,scott.thomas.2347@example.com,Scott,Thomas,+1-555-0002347
CAND-2348,brady.meyers.2348@example.com,Brady,Meyers,+1-555-0002348
CAND-2349,james.brooks.2349@example.com,James,Brooks,+1-555-0002349
CAND-2350,katherine.farrell.2350@example.com,Katherine,Farrell,+1-555-0002350
CAND-2351,daniel.brown.2351@example.com,Daniel,Brown,+1-555-0002351
CAND-2352,stacy.mcintosh.2352@example.com,Stacy,Mcintosh,+1-555-0002352
CAND-2353,misty.wilkins.2353@example.com,Misty,Wilkins,+1-555-0002353
CAND-2354,alexander.benson.2354@example.com,Alexander,Benson,+1-555-0002354
CAND-2355,daniel.cole.2355@example.com,Daniel,Cole,+1-555-0002355
CAND-2356,andrew.clark.2356@example.com,Andrew,Clark,+1-555-0002356
CAND-2357,amanda.harris.2357@example.com,Amanda,Harris,+1-555-0002357
CAND-2358,alexandra.green.2358@example.com,Alexandra,Green,+1-555-0002358
CAND-2359,timothy.blair.2359@example.com,Timothy,Blair,+1-555-0002359
CAND-2360,donald.hale.2360@example.com,Donald,Hale,+1-555-0002360
CAND-2361,andrew.aguilar.2361@example.com,Andrew,Aguilar,+1-555-0002361
CAND-2362,elizabeth.williams.2362@example.com,Elizabeth,Williams,+1-555-0002362
CAND-2363,george.campbell.2363@example.com,George,Campbell,+1-555-0002363
CAND-2364,kristina.williamson.2364@example.com,Kristina,Williamson,+1-555-0002364
CAND-2365,brian.pena.2365@example.com,Brian,Pena,+1-555-0002365
CAND-2366,alan.price.2366@example.com,Alan,Price,+1-555-0002366
CAND-2367,joseph.christian.2367@example.com,Joseph,Christian,+1-555-0002367
CAND-2368,donna.lin.2368@example.com,Donna,Lin,+1-555-0002368
CAND-2369,andrew.dillon.2369@example.com,Andrew,Dillon,+1-555-0002369
CAND-2370,debra.hall.2370@example.com,Debra,Hall,+1-555-0002370
CAND-2371,oscar.bray.2371@example.com,Oscar,Bray,+1-555-0002371
CAND-2372,cory.stewart.2372@example.com,Cory,Stewart,+1-555-0002372
CAND-2373,michelle.schmidt.2373@example.com,Michelle,Schmidt,+1-555-0002373
CAND-2374,jacob.mason.2374@example.com,Jacob,Mason,+1-555-0002374
CAND-2375,stephen.house.2375@example.com,Stephen,House,+1-555-0002375
CAND-2376,andrew.wright.2376@example.com,Andrew,Wright,+1-555-0002376
CAND-2377,alyssa.cook.2377@example.com,Alyssa,Cook,+1-555-0002377
CAND-2378,phillip.moore.2378@example.com,Phillip,Moore,+1-555-0002378
CAND-2379,michael.bell.2379@example.com,Michael,Bell,+1-555-0002379
CAND-2380,colleen.young.2380@example.com,Colleen,Young,+1-555-0002380
CAND-2381,tiffany.mason.2381@example.com,Tiffany,Mason,+1-555-0002381
CAND-2382,lisa.garrett.2382@example.com,Lisa,Garrett,+1-555-0002382
CAND-2383,natasha.zamora.2383@example.com,Natasha,Zamora,+1-555-0002383
CAND-2384,lisa.johnson.2384@example.com,Lisa,Johnson,+1-555-0002384
CAND-2385,angela.ramirez.2385@example.com,Angela,Ramirez,+1-555-0002385
CAND-2386,edward.prince.2386@example.com,Edward,Prince,+1-555-0002386
CAND-2387,diane.miller.2387@example.com,Diane,Miller,+1-555-0002387
CAND-2388,patrick.yu.2388@example.com,Patrick,Yu,+1-555-0002388
CAND-2389,cheyenne.garrett.2389@example.com,Cheyenne,Garrett,+1-555-0002389
CAND-2390,jeremy.allen.2390@example.com,Jeremy,Allen,+1-555-0002390
CAND-2391,eric.waller.2391@example.com,Eric,Waller,+1-555-0002391
CAND-2392,renee.murphy.2392@example.com,Renee,Murphy,+1-555-0002392
CAND-2393,amy.clark.2393@example.com,Amy,Clark,+1-555-0002393
CAND-2394,dillon.weaver.2394@example.com,Dillon,Weaver,+1-555-0002394
CAND-2395,lauren.huffman.2395@example.com,Lauren,Huffman,+1-555-0002395
CAND-2396,kyle.thornton.2396@example.com,Kyle,Thornton,+1-555-0002396
CAND-2397,alexandria.taylor.2397@example.com,Alexandria,Taylor,+1-555-0002397
CAND-2398,wendy.daugherty.2398@example.com,Wendy,Daugherty,+1-555-0002398
CAND-2399,dustin.fitzpatrick.2399@example.com,Dustin,Fitzpatrick,+1-555-0002399
CAND-2400,sally.stewart.2400@example.com,Sally,Stewart,+1-555-0002400
CAND-2401,angela.fry.2401@example.com,Angela,Fry,+1-555-0002401
CAND-2402,david.stewart.2402@example.com,David,Stewart,+1-555-0002402
CAND-2403,nichole.acosta.2403@example.com,Nichole,Acosta,+1-555-0002403
CAND-2404,kathy.beard.2404@example.com,Kathy,Beard,+1-555-0002404
CAND-2405,robert.jenkins.2405@example.com,Robert,Jenkins,+1-555-0002405
CAND-2406,scott.peck.2406@example.com,Scott,Peck,+1-555-0002406
CAND-2407,patricia.mahoney.2407@example.com,Patricia,Mahoney,+1-555-0002407
CAND-2408,joshua.maxwell.2408@example.com,Joshua,Maxwell,+1-555-0002408
CAND-2409,daniel.lopez.2409@example.com,Daniel,Lopez,+1-555-0002409
CAND-2410,kathryn.salazar.2410@example.com,Kathryn,Salazar,+1-555-0002410
CAND-2411,joseph.bradley.2411@example.com,Joseph,Bradley,+1-555-0002411
CAND-2412,jerry.hall.2412@example.com,Jerry,Hall,+1-555-0002412
CAND-2413,grace.howard.2413@example.com,Grace,Howard,+1-555-0002413
CAND-2414,hailey.woods.2414@example.com,Hailey,Woods,+1-555-0002414
CAND-2415,wayne.jacobs.2415@example.com,Wayne,Jacobs,+1-555-0002415
CAND-2416,jennifer.brooks.2416@example.com,Jennifer,Brooks,+1-555-0002416
CAND-2417,melissa.henry.2417@example.com,Melissa,Henry,+1-555-0002417
CAND-2418,devin.lee.2418@example.com,Devin,Lee,+1-555-0002418
CAND-2419,antonio.duran.2419@example.com,Antonio,Duran,+1-555-0002419
CAND-2420,alexis.nelson.2420@example.com,Alexis,Nelson,+1-555-0002420
CAND-2421,robert.newton.2421@example.com,Robert,Newton,+1-555-0002421
CAND-2422,vanessa.todd.2422@example.com,Vanessa,Todd,+1-555-0002422
CAND-2423,carl.ho.2423@example.com,Carl,Ho,+1-555-0002423
CAND-2424,valerie.camacho.2424@example.com,Valerie,Camacho,+1-555-0002424
CAND-2425,tracy.nguyen.2425@example.com,Tracy,Nguyen,+1-555-0002425
CAND-2426,stephen.wright.2426@example.com,Stephen,Wright,+1-555-0002426
CAND-2427,richard.williams.2427@example.com,Richard,Williams,+1-555-0002427
CAND-2428,jill.james.2428@example.com,Jill,James,+1-555-0002428
CAND-2429,lawrence.carr.2429@example.com,Lawrence,Carr,+1-555-0002429
CAND-2430,julia.wheeler.2430@example.com,Julia,Wheeler,+1-555-0002430
CAND-2431,alicia.liu.2431@example.com,Alicia,Liu,+1-555-0002431
CAND-2432,kristin.meyer.2432@example.com,Kristin,Meyer,+1-555-0002432
CAND-2433,shannon.wilcox.2433@example.com,Shannon,Wilcox,+1-555-0002433
CAND-2434,bobby.forbes.2434@example.com,Bobby,Forbes,+1-555-0002434
CAND-2435,april.foster.2435@example.com,April,Foster,+1-555-0002435
CAND-2436,jill.grant.2436@example.com,Jill,Grant,+1-555-0002436
CAND-2437,zachary.mccoy.2437@example.com,Zachary,Mccoy,+1-555-0002437
CAND-2438,brandon.carter.2438@example.com,Brandon,Carter,+1-555-0002438
CAND-2439,raymond.torres.2439@example.com,Raymond,Torres,+1-555-0002439
CAND-2440,maria.murray.2440@example.com,Maria,Murray,+1-555-0002440
CAND-2441,roberto.austin.2441@example.com,Roberto,Austin,+1-555-0002441
CAND-2442,brian.black.2442@example.com,Brian,Black,+1-555-0002442
CAND-2443,douglas.gallegos.2443@example.com,Douglas,Gallegos,+1-555-0002443
CAND-2444,shannon.sharp.2444@example.com,Shannon,Sharp,+1-555-0002444
CAND-2445,daniel.osborne.2445@example.com,Daniel,Osborne,+1-555-0002445
CAND-2446,sharon.horton.2446@example.com,Sharon,Horton,+1-555-0002446
CAND-2447,derek.gutierrez.2447@example.com,Derek,Gutierrez,+1-555-0002447
CAND-2448,shannon.white.2448@example.com,Shannon,White,+1-555-0002448
CAND-2449,brittany.marquez.2449@example.com,Brittany,Marquez,+1-555-0002449
CAND-2450,james.gibson.2450@example.com,James,Gibson,+1-555-0002450
CAND-2451,john.holt.2451@example.com,John,Holt,+1-555-0002451
CAND-2452,rebecca.hogan.2452@example.com,Rebecca,Hogan,+1-555-0002452
CAND-2453,jennifer.martinez.2453@example.com,Jennifer,Martinez,+1-555-0002453
CAND-2454,danny.cole.2454@example.com,Danny,Cole,+1-555-0002454
CAND-2455,michael.mills.2455@example.com,Michael,Mills,+1-555-0002455
CAND-2456,patrick.moody.2456@example.com,Patrick,Moody,+1-555-0002456
CAND-2457,william.herring.2457@example.com,William,Herring,+1-555-0002457
CAND-2458,nicholas.james.2458@example.com,Nicholas,James,+1-555-0002458
CAND-2459,kayla.barr.2459@example.com,Kayla,Barr,+1-555-0002459
CAND-2460,ariana.keller.2460@example.com,Ariana,Keller,+1-555-0002460
CAND-2461,edward.melton.2461@example.com,Edward,Melton,+1-555-0002461
CAND-2462,harold.joseph.2462@example.com,Harold,Joseph,+1-555-0002462
CAND-2463,robert.collins.2463@example.com,Robert,Collins,+1-555-0002463
CAND-2464,kayla.griffin.2464@example.com,Kayla,Griffin,+1-555-0002464
CAND-2465,courtney.wilson.2465@example.com,Courtney,Wilson,+1-555-0002465
CAND-2466,david.harris.2466@example.com,David,Harris,+1-555-0002466
CAND-2467,cindy.king.2467@example.com,Cindy,King,+1-555-0002467
CAND-2468,stephen.foley.2468@example.com,Stephen,Foley,+1-555-0002468
CAND-2469,amy.smith.2469@example.com,Amy,Smith,+1-555-0002469
CAND-2470,nicole.young.2470@example.com,Nicole,Young,+1-555-0002470
CAND-2471,brianna.alvarez.2471@example.com,Brianna,Alvarez,+1-555-0002471
CAND-2472,robert.miller.2472@example.com,Robert,Miller,+1-555-0002472
CAND-2473,carol.sanchez.2473@example.com,Carol,Sanchez,+1-555-0002473
CAND-2474,amy.harvey.2474@example.com,Amy,Harvey,+1-555-0002474
CAND-2475,angela.bryan.2475@example.com,Angela,Bryan,+1-555-0002475
CAND-2476,brandon.hernandez.2476@example.com,Brandon,Hernandez,+1-555-0002476
CAND-2477,denise.johnson.2477@example.com,Denise,Johnson,+1-555-0002477
CAND-2478,melissa.estrada.2478@example.com,Melissa,Estrada,+1-555-0002478
CAND-2479,mary.evans.2479@example.com,Mary,Evans,+1-555-0002479
CAND-2480,samantha.williams.2480@example.com,Samantha,Williams,+1-555-0002480
CAND-2481,robert.thompson.2481@example.com,Robert,Thompson,+1-555-0002481
CAND-2482,emily.carr.2482@example.com,Emily,Carr,+1-555-0002482
CAND-2483,heather.larson.2483@example.com,Heather,Larson,+1-555-0002483
CAND-2484,kristin.thompson.2484@example.com,Kristin,Thompson,+1-555-0002484
CAND-2485,stanley.riley.2485@example.com,Stanley,Riley,+1-555-0002485
CAND-2486,sarah.davis.2486@example.com,Sarah,Davis,+1-555-0002486
CAND-2487,kevin.richardson.2487@example.com,Kevin,Richardson,+1-555-0002487
CAND-2488,nicholas.jones.2488@example.com,Nicholas,Jones,+1-555-0002488
CAND-2489,ronald.pierce.2489@example.com,Ronald,Pierce,+1-555-0002489
CAND-2490,kelly.taylor.2490@example.com,Kelly,Taylor,+1-555-0002490
CAND-2491,heather.hill.2491@example.com,Heather,Hill,+1-555-0002491
CAND-2492,alison.warren.2492@example.com,Alison,Warren,+1-555-0002492
CAND-2493,heather.salazar.2493@example.com,Heather,Salazar,+1-555-0002493
CAND-2494,daniel.blair.2494@example.com,Daniel,Blair,+1-555-0002494
CAND-2495,cristina.benitez.2495@example.com,Cristina,Benitez,+1-555-0002495
CAND-2496,timothy.barker.2496@example.com,Timothy,Barker,+1-555-0002496
CAND-2497,sarah.andersen.2497@example.com,Sarah,Andersen,+1-555-0002497
CAND-2498,justin.lynch.2498@example.com,Justin,Lynch,+1-555-0002498
CAND-2499,leslie.fox.2499@example.com,Leslie,Fox,+1-555-0002499
CAND-2500,wanda.gomez.2500@example.com,Wanda,Gomez,+1-555-0002500
CAND-2501,david.hart.2501@example.com,David,Hart,+1-555-0002501
CAND-2502,april.welch.2502@example.com,April,Welch,+1-555-0002502
CAND-2503,travis.white.2503@example.com,Travis,White,+1-555-0002503
CAND-2504,chelsea.erickson.2504@example.com,Chelsea,Erickson,+1-555-0002504
CAND-2505,tiffany.smith.2505@example.com,Tiffany,Smith,+1-555-0002505
CAND-2506,andrew.garrett.2506@example.com,Andrew,Garrett,+1-555-0002506
CAND-2507,david.charles.2507@example.com,David,Charles,+1-555-0002507
CAND-2508,lauren.duarte.2508@example.com,Lauren,Duarte,+1-555-0002508
CAND-2509,robert.cook.2509@example.com,Robert,Cook,+1-555-0002509
CAND-2510,ann.walsh.2510@example.com,Ann,Walsh,+1-555-0002510
CAND-2511,alex.harris.2511@example.com,Alex,Harris,+1-555-0002511
CAND-2512,juan.tyler.2512@example.com,Juan,Tyler,+1-555-0002512
CAND-2513,kyle.hunter.2513@example.com,Kyle,Hunter,+1-555-0002513
CAND-2514,mario.smith.2514@example.com,Mario,Smith,+1-555-0002514
CAND-2515,gina.peterson.2515@example.com,Gina,Peterson,+1-555-0002515
CAND-2516,jennifer.gilbert.2516@example.com,Jennifer,Gilbert,+1-555-0002516
CAND-2517,anthony.thompson.2517@example.com,Anthony,Thompson,+1-555-0002517
CAND-2518,mark.morgan.2518@example.com,Mark,Morgan,+1-555-0002518
CAND-2519,emily.hendricks.2519@example.com,Emily,Hendricks,+1-555-0002519
CAND-2520,laura.brewer.2520@example.com,Laura,Brewer,+1-555-0002520
CAND-2521,timothy.burton.2521@example.com,Timothy,Burton,+1-555-0002521
CAND-2522,patricia.herrera.2522@example.com,Patricia,Herrera,+1-555-0002522
CAND-2523,matthew.bowers.2523@example.com,Matthew,Bowers,+1-555-0002523
CAND-2524,robert.newton.2524@example.com,Robert,Newton,+1-555-0002524
CAND-2525,mary.evans.2525@example.com,Mary,Evans,+1-555-0002525
CAND-2526,jessica.stewart.2526@example.com,Jessica,Stewart,+1-555-0002526
CAND-2527,amanda.clark.2527@example.com,Amanda,Clark,+1-555-0002527
CAND-2528,gina.marsh.2528@example.com,Gina,Marsh,+1-555-0002528
CAND-2529,pamela.gomez.2529@example.com,Pamela,Gomez,+1-555-0002529
CAND-2530,tara.ramirez.2530@example.com,Tara,Ramirez,+1-555-0002530
CAND-2531,anthony.terrell.2531@example.com,Anthony,Terrell,+1-555-0002531
CAND-2532,courtney.kirby.2532@example.com,Courtney,Kirby,+1-555-0002532
CAND-2533,ashley.price.2533@example.com,Ashley,Price,+1-555-0002533
CAND-2534,brooke.hancock.2534@example.com,Brooke,Hancock,+1-555-0002534
CAND-2535,karen.thornton.2535@example.com,Karen,Thornton,+1-555-0002535
CAND-2536,leonard.johnson.2536@example.com,Leonard,Johnson,+1-555-0002536
CAND-2537,robert.crawford.2537@example.com,Robert,Crawford,+1-555-0002537
CAND-2538,john.hayes.2538@example.com,John,Hayes,+1-555-0002538
CAND-2539,stephanie.robinson.2539@example.com,Stephanie,Robinson,+1-555-0002539
CAND-2540,kevin.rodriguez.2540@example.com,Kevin,Rodriguez,+1-555-0002540
CAND-2541,kristen.strickland.2541@example.com,Kristen,Strickland,+1-555-0002541
CAND-2542,robin.wallace.2542@example.com,Robin,Wallace,+1-555-0002542
CAND-2543,angel.webb.2543@example.com,Angel,Webb,+1-555-0002543
CAND-2544,vincent.lee.2544@example.com,Vincent,Lee,+1-555-0002544
CAND-2545,sandra.oconnor.2545@example.com,Sandra,Oconnor,+1-555-0002545
CAND-2546,alexandra.rowe.2546@example.com,Alexandra,Rowe,+1-555-0002546
CAND-2547,douglas.wiggins.2547@example.com,Douglas,Wiggins,+1-555-0002547
CAND-2548,lynn.hurley.2548@example.com,Lynn,Hurley,+1-555-0002548
CAND-2549,erica.anderson.2549@example.com,Erica,Anderson,+1-555-0002549
CAND-2550,jenny.stevens.2550@example.com,Jenny,Stevens,+1-555-0002550
CAND-2551,jennifer.boyd.2551@example.com,Jennifer,Boyd,+1-555-0002551
CAND-2552,adam.randolph.2552@example.com,Adam,Randolph,+1-555-0002552
CAND-2553,gloria.wheeler.2553@example.com,Gloria,Wheeler,+1-555-0002553
CAND-2554,christopher.owens.2554@example.com,Christopher,Owens,+1-555-0002554
CAND-2555,brandon.meyer.2555@example.com,Brandon,Meyer,+1-555-0002555
CAND-2556,donna.edwards.2556@example.com,Donna,Edwards,+1-555-0002556
CAND-2557,becky.collins.2557@example.com,Becky,Collins,+1-555-0002557
CAND-2558,patricia.flores.2558@example.com,Patricia,Flores,+1-555-0002558
CAND-2559,james.hill.2559@example.com,James,Hill,+1-555-0002559
CAND-2560,luis.alexander.2560@example.com,Luis,Alexander,+1-555-0002560
CAND-2561,david.hernandez.2561@example.com,David,Hernandez,+1-555-0002561
CAND-2562,joshua.smith.2562@example.com,Joshua,Smith,+1-555-0002562
CAND-2563,cindy.palmer.2563@example.com,Cindy,Palmer,+1-555-0002563
CAND-2564,jamie.bell.2564@example.com,Jamie,Bell,+1-555-0002564
CAND-2565,lucas.thomas.2565@example.com,Lucas,Thomas,+1-555-0002565
CAND-2566,janet.campbell.2566@example.com,Janet,Campbell,+1-555-0002566
CAND-2567,john.jones.2567@example.com,John,Jones,+1-555-0002567
CAND-2568,christina.morgan.2568@example.com,Christina,Morgan,+1-555-0002568
CAND-2569,scott.anderson.2569@example.com,Scott,Anderson,+1-555-0002569
CAND-2570,thomas.lowe.2570@example.com,Thomas,Lowe,+1-555-0002570
CAND-2571,daniel.brown.2571@example.com,Daniel,Brown,+1-555-0002571
CAND-2572,ronald.white.2572@example.com,Ronald,White,+1-555-0002572
CAND-2573,caitlin.watkins.2573@example.com,Caitlin,Watkins,+1-555-0002573
CAND-2574,mary.lyons.2574@example.com,Mary,Lyons,+1-555-0002574
CAND-2575,christina.edwards.2575@example.com,Christina,Edwards,+1-555-0002575
CAND-2576,lisa.marquez.2576@example.com,Lisa,Marquez,+1-555-0002576
CAND-2577,emily.ferguson.2577@example.com,Emily,Ferguson,+1-555-0002577
CAND-2578,terri.campos.2578@example.com,Terri,Campos,+1-555-0002578
CAND-2579,steven.anderson.2579@example.com,Steven,Anderson,+1-555-0002579
CAND-2580,lisa.gillespie.2580@example.com,Lisa,Gillespie,+1-555-0002580
CAND-2581,taylor.bryant.2581@example.com,Taylor,Bryant,+1-555-0002581
CAND-2582,gabrielle.mckinney.2582@example.com,Gabrielle,Mckinney,+1-555-0002582
CAND-2583,steven.hall.2583@example.com,Steven,Hall,+1-555-0002583
CAND-2584,jeffrey.callahan.2584@example.com,Jeffrey,Callahan,+1-555-0002584
CAND-2585,christina.durham.2585@example.com,Christina,Durham,+1-555-0002585
CAND-2586,philip.lyons.2586@example.com,Philip,Lyons,+1-555-0002586
CAND-2587,elizabeth.mccormick.2587@example.com,Elizabeth,Mccormick,+1-555-0002587
CAND-2588,nicole.chavez.2588@example.com,Nicole,Chavez,+1-555-0002588
CAND-2589,anthony.alvarez.2589@example.com,Anthony,Alvarez,+1-555-0002589
CAND-2590,michael.murray.2590@example.com,Michael,Murray,+1-555-0002590
CAND-2591,george.tate.2591@example.com,George,Tate,+1-555-0002591
CAND-2592,cassandra.anderson.2592@example.com,Cassandra,Anderson,+1-555-0002592
CAND-2593,dakota.roth.2593@example.com,Dakota,Roth,+1-555-0002593
CAND-2594,laura.nguyen.2594@example.com,Laura,Nguyen,+1-555-0002594
CAND-2595,debra.sparks.2595@example.com,Debra,Sparks,+1-555-0002595
CAND-2596,amanda.morales.2596@example.com,Amanda,Morales,+1-555-0002596
CAND-2597,robert.oliver.2597@example.com,Robert,Oliver,+1-555-0002597
CAND-2598,amy.dickson.2598@example.com,Amy,Dickson,+1-555-0002598
CAND-2599,patrick.peterson.2599@example.com,Patrick,Peterson,+1-555-0002599
CAND-2600,lisa.garza.2600@example.com,Lisa,Garza,+1-555-0002600
CAND-2601,kristen.graham.2601@example.com,Kristen,Graham,+1-555-0002601
CAND-2602,kristin.stephens.2602@example.com,Kristin,Stephens,+1-555-0002602
CAND-2603,joel.bates.2603@example.com,Joel,Bates,+1-555-0002603
CAND-2604,christian.galvan.2604@example.com,Christian,Galvan,+1-555-0002604
CAND-2605,audrey.tucker.2605@example.com,Audrey,Tucker,+1-555-0002605
CAND-2606,brittany.ford.2606@example.com,Brittany,Ford,+1-555-0002606
CAND-2607,angela.short.2607@example.com,Angela,Short,+1-555-0002607
CAND-2608,gregory.blanchard.2608@example.com,Gregory,Blanchard,+1-555-0002608
CAND-2609,chad.rodriguez.2609@example.com,Chad,Rodriguez,+1-555-0002609
CAND-2610,lisa.wise.2610@example.com,Lisa,Wise,+1-555-0002610
CAND-2611,nicholas.snyder.2611@example.com,Nicholas,Snyder,+1-555-0002611
CAND-2612,donna.davis.2612@example.com,Donna,Davis,+1-555-0002612
CAND-2613,lisa.clay.2613@example.com,Lisa,Clay,+1-555-0002613
CAND-2614,rebecca.fields.2614@example.com,Rebecca,Fields,+1-555-0002614
CAND-2615,aaron.thomas.2615@example.com,Aaron,Thomas,+1-555-0002615
CAND-2616,edward.schmidt.2616@example.com,Edward,Schmidt,+1-555-0002616
CAND-2617,peter.lane.2617@example.com,Peter,Lane,+1-555-0002617
CAND-2618,james.maldonado.2618@example.com,James,Maldonado,+1-555-0002618
CAND-2619,leslie.hudson.2619@example.com,Leslie,Hudson,+1-555-0002619
CAND-2620,robin.torres.2620@example.com,Robin,Torres,+1-555-0002620
CAND-2621,sherry.graham.2621@example.com,Sherry,Graham,+1-555-0002621
CAND-2622,toni.cooper.2622@example.com,Toni,Cooper,+1-555-0002622
CAND-2623,christopher.smith.2623@example.com,Christopher,Smith,+1-555-0002623
CAND-2624,valerie.powell.2624@example.com,Valerie,Powell,+1-555-0002624
CAND-2625,david.phillips.2625@example.com,David,Phillips,+1-555-0002625
CAND-2626,mike.dunn.2626@example.com,Mike,Dunn,+1-555-0002626
CAND-2627,brian.warner.2627@example.com,Brian,Warner,+1-555-0002627
CAND-2628,lori.howard.2628@example.com,Lori,Howard,+1-555-0002628
CAND-2629,michelle.glenn.2629@example.com,Michelle,Glenn,+1-555-0002629
CAND-2630,joe.park.2630@example.com,Joe,Park,+1-555-0002630
CAND-2631,phillip.flores.2631@example.com,Phillip,Flores,+1-555-0002631
CAND-2632,patrick.james.2632@example.com,Patrick,James,+1-555-0002632
CAND-2633,amy.bates.2633@example.com,Amy,Bates,+1-555-0002633
CAND-2634,thomas.lopez.2634@example.com,Thomas,Lopez,+1-555-0002634
CAND-2635,patrick.middleton.2635@example.com,Patrick,Middleton,+1-555-0002635
CAND-2636,mary.moore.2636@example.com,Mary,Moore,+1-555-0002636
CAND-2637,whitney.santiago.2637@example.com,Whitney,Santiago,+1-555-0002637
CAND-2638,dennis.jones.2638@example.com,Dennis,Jones,+1-555-0002638
CAND-2639,alfred.griffith.2639@example.com,Alfred,Griffith,+1-555-0002639
CAND-2640,tommy.kim.2640@example.com,Tommy,Kim,+1-555-0002640
CAND-2641,veronica.miller.2641@example.com,Veronica,Miller,+1-555-0002641
CAND-2642,dawn.perry.2642@example.com,Dawn,Perry,+1-555-0002642
CAND-2643,stephen.mccormick.2643@example.com,Stephen,Mccormick,+1-555-0002643
CAND-2644,cassandra.simmons.2644@example.com,Cassandra,Simmons,+1-555-0002644
CAND-2645,hector.hicks.2645@example.com,Hector,Hicks,+1-555-0002645
CAND-2646,andrea.cole.2646@example.com,Andrea,Cole,+1-555-0002646
CAND-2647,michael.lopez.2647@example.com,Michael,Lopez,+1-555-0002647
CAND-2648,cassandra.lane.2648@example.com,Cassandra,Lane,+1-555-0002648
CAND-2649,melanie.young.2649@example.com,Melanie,Young,+1-555-0002649
CAND-2650,walter.jenkins.2650@example.com,Walter,Jenkins,+1-555-0002650
CAND-2651,amy.richardson.2651@example.com,Amy,Richardson,+1-555-0002651
CAND-2652,tiffany.carroll.2652@example.com,Tiffany,Carroll,+1-555-0002652
CAND-2653,janet.wilson.2653@example.com,Janet,Wilson,+1-555-0002653
CAND-2654,timothy.vaughn.2654@example.com,Timothy,Vaughn,+1-555-0002654
CAND-2655,douglas.simon.2655@example.com,Douglas,Simon,+1-555-0002655
CAND-2656,tonya.terrell.2656@example.com,Tonya,Terrell,+1-555-0002656
CAND-2657,kimberly.marshall.2657@example.com,Kimberly,Marshall,+1-555-0002657
CAND-2658,christian.wu.2658@example.com,Christian,Wu,+1-555-0002658
CAND-2659,christopher.kennedy.2659@example.com,Christopher,Kennedy,+1-555-0002659
CAND-2660,judith.horne.2660@example.com,Judith,Horne,+1-555-0002660
CAND-2661,christian.schultz.2661@example.com,Christian,Schultz,+1-555-0002661
CAND-2662,lauren.edwards.2662@example.com,Lauren,Edwards,+1-555-0002662
CAND-2663,brian.cooper.2663@example.com,Brian,Cooper,+1-555-0002663
CAND-2664,kimberly.harrison.2664@example.com,Kimberly,Harrison,+1-555-0002664
CAND-2665,william.harrison.2665@example.com,William,Harrison,+1-555-0002665
CAND-2666,jessica.fisher.2666@example.com,Jessica,Fisher,+1-555-0002666
CAND-2667,susan.yates.2667@example.com,Susan,Yates,+1-555-0002667
CAND-2668,keith.johnson.2668@example.com,Keith,Johnson,+1-555-0002668
CAND-2669,sandra.curry.2669@example.com,Sandra,Curry,+1-555-0002669
CAND-2670,jessica.elliott.2670@example.com,Jessica,Elliott,+1-555-0002670
CAND-2671,bryan.kennedy.2671@example.com,Bryan,Kennedy,+1-555-0002671
CAND-2672,gary.williams.2672@example.com,Gary,Williams,+1-555-0002672
CAND-2673,veronica.lamb.2673@example.com,Veronica,Lamb,+1-555-0002673
CAND-2674,claudia.mitchell.2674@example.com,Claudia,Mitchell,+1-555-0002674
CAND-2675,christopher.wagner.2675@example.com,Christopher,Wagner,+1-555-0002675
CAND-2676,melissa.ramirez.2676@example.com,Melissa,Ramirez,+1-555-0002676
CAND-2677,david.campbell.2677@example.com,David,Campbell,+1-555-0002677
CAND-2678,michaela.smith.2678@example.com,Michaela,Smith,+1-555-0002678
CAND-2679,daniel.thompson.2679@example.com,Daniel,Thompson,+1-555-0002679
CAND-2680,brittany.hernandez.2680@example.com,Brittany,Hernandez,+1-555-0002680
CAND-2681,sean.morton.2681@example.com,Sean,Morton,+1-555-0002681
CAND-2682,jose.haynes.2682@example.com,Jose,Haynes,+1-555-0002682
CAND-2683,todd.lloyd.2683@example.com,Todd,Lloyd,+1-555-0002683
CAND-2684,michelle.cooper.2684@example.com,Michelle,Cooper,+1-555-0002684
CAND-2685,christopher.thomas.2685@example.com,Christopher,Thomas,+1-555-0002685
CAND-2686,sarah.moore.2686@example.com,Sarah,Moore,+1-555-0002686
CAND-2687,tyler.chaney.2687@example.com,Tyler,Chaney,+1-555-0002687
CAND-2688,kaylee.young.2688@example.com,Kaylee,Young,+1-555-0002688
CAND-2689,scott.walsh.2689@example.com,Scott,Walsh,+1-555-0002689
CAND-2690,jason.navarro.2690@example.com,Jason,Navarro,+1-555-0002690
CAND-2691,michael.may.2691@example.com,Michael,May,+1-555-0002691
CAND-2692,karla.wilson.2692@example.com,Karla,Wilson,+1-555-0002692
CAND-2693,gary.ross.2693@example.com,Gary,Ross,+1-555-0002693
CAND-2694,kevin.reese.2694@example.com,Kevin,Reese,+1-555-0002694
CAND-2695,karen.patel.2695@example.com,Karen,Patel,+1-555-0002695
CAND-2696,noah.thornton.2696@example.com,Noah,Thornton,+1-555-0002696
CAND-2697,thomas.thomas.2697@example.com,Thomas,Thomas,+1-555-0002697
CAND-2698,monica.smith.2698@example.com,Monica,Smith,+1-555-0002698
CAND-2699,sara.cole.2699@example.com,Sara,Cole,+1-555-0002699
CAND-2700,erika.nixon.2700@example.com,Erika,Nixon,+1-555-0002700
CAND-2701,felicia.williams.2701@example.com,Felicia,Williams,+1-555-0002701
CAND-2702,samantha.walsh.2702@example.com,Samantha,Walsh,+1-555-0002702
CAND-2703,stephanie.reynolds.2703@example.com,Stephanie,Reynolds,+1-555-0002703
CAND-2704,samantha.garrison.2704@example.com,Samantha,Garrison,+1-555-0002704
CAND-2705,matthew.adams.2705@example.com,Matthew,Adams,+1-555-0002705
CAND-2706,corey.pena.2706@example.com,Corey,Pena,+1-555-0002706
CAND-2707,peter.mejia.2707@example.com,Peter,Mejia,+1-555-0002707
CAND-2708,kaitlyn.navarro.2708@example.com,Kaitlyn,Navarro,+1-555-0002708
CAND-2709,brianna.lee.2709@example.com,Brianna,Lee,+1-555-0002709
CAND-2710,matthew.vaughn.2710@example.com,Matthew,Vaughn,+1-555-0002710
CAND-2711,hector.kelley.2711@example.com,Hector,Kelley,+1-555-0002711
CAND-2712,emily.decker.2712@example.com,Emily,Decker,+1-555-0002712
CAND-2713,alexander.davis.2713@example.com,Alexander,Davis,+1-555-0002713
CAND-2714,dalton.griffin.2714@example.com,Dalton,Griffin,+1-555-0002714
CAND-2715,jeffrey.campbell.2715@example.com,Jeffrey,Campbell,+1-555-0002715
CAND-2716,james.johnson.2716@example.com,James,Johnson,+1-555-0002716
CAND-2717,christopher.mays.2717@example.com,Christopher,Mays,+1-555-0002717
CAND-2718,diane.houston.2718@example.com,Diane,Houston,+1-555-0002718
CAND-2719,stephanie.little.2719@example.com,Stephanie,Little,+1-555-0002719
CAND-2720,jean.wilson.2720@example.com,Jean,Wilson,+1-555-0002720
CAND-2721,melissa.anderson.2721@example.com,Melissa,Anderson,+1-555-0002721
CAND-2722,diana.yoder.2722@example.com,Diana,Yoder,+1-555-0002722
CAND-2723,ashlee.coffey.2723@example.com,Ashlee,Coffey,+1-555-0002723
CAND-2724,paula.dominguez.2724@example.com,Paula,Dominguez,+1-555-0002724
CAND-2725,jon.owens.2725@example.com,Jon,Owens,+1-555-0002725
CAND-2726,sharon.fowler.2726@example.com,Sharon,Fowler,+1-555-0002726
CAND-2727,sandra.hill.2727@example.com,Sandra,Hill,+1-555-0002727
CAND-2728,ronald.berger.2728@example.com,Ronald,Berger,+1-555-0002728
CAND-2729,kayla.morris.2729@example.com,Kayla,Morris,+1-555-0002729
CAND-2730,fernando.jones.2730@example.com,Fernando,Jones,+1-555-0002730
CAND-2731,kimberly.reyes.2731@example.com,Kimberly,Reyes,+1-555-0002731
CAND-2732,marvin.brown.2732@example.com,Marvin,Brown,+1-555-0002732
CAND-2733,stephanie.baker.2733@example.com,Stephanie,Baker,+1-555-0002733
CAND-2734,scott.vasquez.2734@example.com,Scott,Vasquez,+1-555-0002734
CAND-2735,sarah.bishop.2735@example.com,Sarah,Bishop,+1-555-0002735
CAND-2736,gregory.vasquez.2736@example.com,Gregory,Vasquez,+1-555-0002736
CAND-2737,douglas.mack.2737@example.com,Douglas,Mack,+1-555-0002737
CAND-2738,jeffery.schneider.2738@example.com,Jeffery,Schneider,+1-555-0002738
CAND-2739,rita.baldwin.2739@example.com,Rita,Baldwin,+1-555-0002739
CAND-2740,dakota.jones.2740@example.com,Dakota,Jones,+1-555-0002740
CAND-2741,ashley.king.2741@example.com,Ashley,King,+1-555-0002741
CAND-2742,sean.mosley.2742@example.com,Sean,Mosley,+1-555-0002742
CAND-2743,eduardo.bowman.2743@example.com,Eduardo,Bowman,+1-555-0002743
CAND-2744,sarah.ortega.2744@example.com,Sarah,Ortega,+1-555-0002744
CAND-2745,joseph.graves.2745@example.com,Joseph,Graves,+1-555-0002745
CAND-2746,rebecca.andrews.2746@example.com,Rebecca,Andrews,+1-555-0002746
CAND-2747,zachary.case.2747@example.com,Zachary,Case,+1-555-0002747
CAND-2748,tracy.graham.2748@example.com,Tracy,Graham,+1-555-0002748
CAND-2749,megan.norman.2749@example.com,Megan,Norman,+1-555-0002749
CAND-2750,kristen.fernandez.2750@example.com,Kristen,Fernandez,+1-555-0002750
CAND-2751,aaron.finley.2751@example.com,Aaron,Finley,+1-555-0002751
CAND-2752,lisa.olson.2752@example.com,Lisa,Olson,+1-555-0002752
CAND-2753,ashley.donovan.2753@example.com,Ashley,Donovan,+1-555-0002753
CAND-2754,michael.maldonado.2754@example.com,Michael,Maldonado,+1-555-0002754
CAND-2755,richard.chen.2755@example.com,Richard,Chen,+1-555-0002755
CAND-2756,susan.davis.2756@example.com,Susan,Davis,+1-555-0002756
CAND-2757,amanda.woodward.2757@example.com,Amanda,Woodward,+1-555-0002757
CAND-2758,christopher.stevens.2758@example.com,Christopher,Stevens,+1-555-0002758
CAND-2759,katie.holland.2759@example.com,Katie,Holland,+1-555-0002759
CAND-2760,gregory.williams.2760@example.com,Gregory,Williams,+1-555-0002760
CAND-2761,patrick.lee.2761@example.com,Patrick,Lee,+1-555-0002761
CAND-2762,heather.mosley.2762@example.com,Heather,Mosley,+1-555-0002762
CAND-2763,crystal.howard.2763@example.com,Crystal,Howard,+1-555-0002763
CAND-2764,christopher.chen.2764@example.com,Christopher,Chen,+1-555-0002764
CAND-2765,jill.taylor.2765@example.com,Jill,Taylor,+1-555-0002765
CAND-2766,james.cortez.2766@example.com,James,Cortez,+1-555-0002766
CAND-2767,brittany.burns.2767@example.com,Brittany,Burns,+1-555-0002767
CAND-2768,bryan.fernandez.2768@example.com,Bryan,Fernandez,+1-555-0002768
CAND-2769,kyle.ferguson.2769@example.com,Kyle,Ferguson,+1-555-0002769
CAND-2770,mary.cole.2770@example.com,Mary,Cole,+1-555-0002770
CAND-2771,wendy.johnson.2771@example.com,Wendy,Johnson,+1-555-0002771
CAND-2772,brian.french.2772@example.com,Brian,French,+1-555-0002772
CAND-2773,brad.wilson.2773@example.com,Brad,Wilson,+1-555-0002773
CAND-2774,lindsay.contreras.2774@example.com,Lindsay,Contreras,+1-555-0002774
CAND-2775,stephen.gregory.2775@example.com,Stephen,Gregory,+1-555-0002775
CAND-2776,morgan.hernandez.2776@example.com,Morgan,Hernandez,+1-555-0002776
CAND-2777,beth.buckley.2777@example.com,Beth,Buckley,+1-555-0002777
CAND-2778,benjamin.thomas.2778@example.com,Benjamin,Thomas,+1-555-0002778
CAND-2779,desiree.ruiz.2779@example.com,Desiree,Ruiz,+1-555-0002779
CAND-2780,samantha.williams.2780@example.com,Samantha,Williams,+1-555-0002780
CAND-2781,jacqueline.anderson.2781@example.com,Jacqueline,Anderson,+1-555-0002781
CAND-2782,gerald.williams.2782@example.com,Gerald,Williams,+1-555-0002782
CAND-2783,kyle.leon.2783@example.com,Kyle,Leon,+1-555-0002783
CAND-2784,stephen.jackson.2784@example.com,Stephen,Jackson,+1-555-0002784
CAND-2785,brittany.meyers.2785@example.com,Brittany,Meyers,+1-555-0002785
CAND-2786,daniel.crawford.2786@example.com,Daniel,Crawford,+1-555-0002786
CAND-2787,lauren.walker.2787@example.com,Lauren,Walker,+1-555-0002787
CAND-2788,linda.simmons.2788@example.com,Linda,Simmons,+1-555-0002788
CAND-2789,lisa.hendrix.2789@example.com,Lisa,Hendrix,+1-555-0002789
CAND-2790,erika.nguyen.2790@example.com,Erika,Nguyen,+1-555-0002790
CAND-2791,theresa.johnston.2791@example.com,Theresa,Johnston,+1-555-0002791
CAND-2792,derrick.copeland.2792@example.com,Derrick,Copeland,+1-555-0002792
CAND-2793,laura.duran.2793@example.com,Laura,Duran,+1-555-0002793
CAND-2794,brittany.rogers.2794@example.com,Brittany,Rogers,+1-555-0002794
CAND-2795,david.thomas.2795@example.com,David,Thomas,+1-555-0002795
CAND-2796,robert.horton.2796@example.com,Robert,Horton,+1-555-0002796
CAND-2797,angela.gonzales.2797@example.com,Angela,Gonzales,+1-555-0002797
CAND-2798,sara.williams.2798@example.com,Sara,Williams,+1-555-0002798
CAND-2799,craig.boone.2799@example.com,Craig,Boone,+1-555-0002799
CAND-2800,cheyenne.strickland.2800@example.com,Cheyenne,Strickland,+1-555-0002800
CAND-2801,alexis.tucker.2801@example.com,Alexis,Tucker,+1-555-0002801
CAND-2802,adam.white.2802@example.com,Adam,White,+1-555-0002802
CAND-2803,christopher.pearson.2803@example.com,Christopher,Pearson,+1-555-0002803
CAND-2804,olivia.butler.2804@example.com,Olivia,Butler,+1-555-0002804
CAND-2805,lindsay.barton.2805@example.com,Lindsay,Barton,+1-555-0002805
CAND-2806,heather.harris.2806@example.com,Heather,Harris,+1-555-0002806
CAND-2807,danielle.mills.2807@example.com,Danielle,Mills,+1-555-0002807
CAND-2808,robert.hurley.2808@example.com,Robert,Hurley,+1-555-0002808
CAND-2809,cheryl.johnson.2809@example.com,Cheryl,Johnson,+1-555-0002809
CAND-2810,hector.porter.2810@example.com,Hector,Porter,+1-555-0002810
CAND-2811,stephanie.burton.2811@example.com,Stephanie,Burton,+1-555-0002811
CAND-2812,kimberly.bailey.2812@example.com,Kimberly,Bailey,+1-555-0002812
CAND-2813,adam.young.2813@example.com,Adam,Young,+1-555-0002813
CAND-2814,david.moreno.2814@example.com,David,Moreno,+1-555-0002814
CAND-2815,cody.cox.2815@example.com,Cody,Cox,+1-555-0002815
CAND-2816,kathleen.fernandez.2816@example.com,Kathleen,Fernandez,+1-555-0002816
CAND-2817,jeffrey.townsend.2817@example.com,Jeffrey,Townsend,+1-555-0002817
CAND-2818,donna.hill.2818@example.com,Donna,Hill,+1-555-0002818
CAND-2819,james.hogan.2819@example.com,James,Hogan,+1-555-0002819
CAND-2820,gina.schmitt.2820@example.com,Gina,Schmitt,+1-555-0002820
CAND-2821,thomas.thompson.2821@example.com,Thomas,Thompson,+1-555-0002821
CAND-2822,elizabeth.williams.2822@example.com,Elizabeth,Williams,+1-555-0002822
CAND-2823,deanna.mitchell.2823@example.com,Deanna,Mitchell,+1-555-0002823
CAND-2824,ryan.cook.2824@example.com,Ryan,Cook,+1-555-0002824
CAND-2825,linda.chang.2825@example.com,Linda,Chang,+1-555-0002825
CAND-2826,bradley.yang.2826@example.com,Bradley,Yang,+1-555-0002826
CAND-2827,sara.thompson.2827@example.com,Sara,Thompson,+1-555-0002827
CAND-2828,kristen.washington.2828@example.com,Kristen,Washington,+1-555-0002828
CAND-2829,darren.jacobson.2829@example.com,Darren,Jacobson,+1-555-0002829
CAND-2830,jennifer.watkins.2830@example.com,Jennifer,Watkins,+1-555-0002830
CAND-2831,mark.gonzalez.2831@example.com,Mark,Gonzalez,+1-555-0002831
CAND-2832,erica.nguyen.2832@example.com,Erica,Nguyen,+1-555-0002832
CAND-2833,kimberly.nguyen.2833@example.com,Kimberly,Nguyen,+1-555-0002833
CAND-2834,corey.rojas.2834@example.com,Corey,Rojas,+1-555-0002834
CAND-2835,molly.bennett.2835@example.com,Molly,Bennett,+1-555-0002835
CAND-2836,jeffrey.ruiz.2836@example.com,Jeffrey,Ruiz,+1-555-0002836
CAND-2837,todd.zamora.2837@example.com,Todd,Zamora,+1-555-0002837
CAND-2838,dustin.reilly.2838@example.com,Dustin,Reilly,+1-555-0002838
CAND-2839,spencer.hughes.2839@example.com,Spencer,Hughes,+1-555-0002839
CAND-2840,derek.cortez.2840@example.com,Derek,Cortez,+1-555-0002840
CAND-2841,crystal.cantrell.2841@example.com,Crystal,Cantrell,+1-555-0002841
CAND-2842,james.martinez.2842@example.com,James,Martinez,+1-555-0002842
CAND-2843,heather.brown.2843@example.com,Heather,Brown,+1-555-0002843
CAND-2844,derek.york.2844@example.com,Derek,York,+1-555-0002844
CAND-2845,stephen.jackson.2845@example.com,Stephen,Jackson,+1-555-0002845
CAND-2846,matthew.tanner.2846@example.com,Matthew,Tanner,+1-555-0002846
CAND-2847,cassandra.clarke.2847@example.com,Cassandra,Clarke,+1-555-0002847
CAND-2848,dana.carr.2848@example.com,Dana,Carr,+1-555-0002848
CAND-2849,george.cordova.2849@example.com,George,Cordova,+1-555-0002849
CAND-2850,melissa.miller.2850@example.com,Melissa,Miller,+1-555-0002850
CAND-2851,melody.burns.2851@example.com,Melody,Burns,+1-555-0002851
CAND-2852,wendy.vargas.2852@example.com,Wendy,Vargas,+1-555-0002852
CAND-2853,mary.ramirez.2853@example.com,Mary,Ramirez,+1-555-0002853
CAND-2854,jessica.fitzgerald.2854@example.com,Jessica,Fitzgerald,+1-555-0002854
CAND-2855,john.murphy.2855@example.com,John,Murphy,+1-555-0002855
CAND-2856,bethany.snow.2856@example.com,Bethany,Snow,+1-555-0002856
CAND-2857,brittany.hernandez.2857@example.com,Brittany,Hernandez,+1-555-0002857
CAND-2858,ashley.smith.2858@example.com,Ashley,Smith,+1-555-0002858
CAND-2859,tina.williams.2859@example.com,Tina,Williams,+1-555-0002859
CAND-2860,thomas.mack.2860@example.com,Thomas,Mack,+1-555-0002860
CAND-2861,arthur.schmidt.2861@example.com,Arthur,Schmidt,+1-555-0002861
CAND-2862,timothy.yates.2862@example.com,Timothy,Yates,+1-555-0002862
CAND-2863,lori.chavez.2863@example.com,Lori,Chavez,+1-555-0002863
CAND-2864,john.hansen.2864@example.com,John,Hansen,+1-555-0002864
CAND-2865,alexander.dennis.2865@example.com,Alexander,Dennis,+1-555-0002865
CAND-2866,stephanie.anderson.2866@example.com,Stephanie,Anderson,+1-555-0002866
CAND-2867,kenneth.holland.2867@example.com,Kenneth,Holland,+1-555-0002867
CAND-2868,christopher.castillo.2868@example.com,Christopher,Castillo,+1-555-0002868
CAND-2869,kevin.warner.2869@example.com,Kevin,Warner,+1-555-0002869
CAND-2870,michaela.burgess.2870@example.com,Michaela,Burgess,+1-555-0002870
CAND-2871,andrew.gibson.2871@example.com,Andrew,Gibson,+1-555-0002871
CAND-2872,kelsey.sawyer.2872@example.com,Kelsey,Sawyer,+1-555-0002872
CAND-2873,richard.clarke.2873@example.com,Richard,Clarke,+1-555-0002873
CAND-2874,mitchell.marshall.2874@example.com,Mitchell,Marshall,+1-555-0002874
CAND-2875,cynthia.dalton.2875@example.com,Cynthia,Dalton,+1-555-0002875
CAND-2876,chad.barry.2876@example.com,Chad,Barry,+1-555-0002876
CAND-2877,mason.johnson.2877@example.com,Mason,Johnson,+1-555-0002877
CAND-2878,ronald.nelson.2878@example.com,Ronald,Nelson,+1-555-0002878
CAND-2879,sophia.daniels.2879@example.com,Sophia,Daniels,+1-555-0002879
CAND-2880,laura.french.2880@example.com,Laura,French,+1-555-0002880
CAND-2881,christopher.gilmore.2881@example.com,Christopher,Gilmore,+1-555-0002881
CAND-2882,jill.brown.2882@example.com,Jill,Brown,+1-555-0002882
CAND-2883,sierra.leonard.2883@example.com,Sierra,Leonard,+1-555-0002883
CAND-2884,pamela.rodriguez.2884@example.com,Pamela,Rodriguez,+1-555-0002884
CAND-2885,michael.harvey.2885@example.com,Michael,Harvey,+1-555-0002885
CAND-2886,michael.thompson.2886@example.com,Michael,Thompson,+1-555-0002886
CAND-2887,angelica.jones.2887@example.com,Angelica,Jones,+1-555-0002887
CAND-2888,jenna.harris.2888@example.com,Jenna,Harris,+1-555-0002888
CAND-2889,tina.allen.2889@example.com,Tina,Allen,+1-555-0002889
CAND-2890,daniel.mendoza.2890@example.com,Daniel,Mendoza,+1-555-0002890
CAND-2891,sheila.carpenter.2891@example.com,Sheila,Carpenter,+1-555-0002891
CAND-2892,susan.clark.2892@example.com,Susan,Clark,+1-555-0002892
CAND-2893,julie.perez.2893@example.com,Julie,Perez,+1-555-0002893
CAND-2894,michael.adams.2894@example.com,Michael,Adams,+1-555-0002894
CAND-2895,erin.ramirez.2895@example.com,Erin,Ramirez,+1-555-0002895
CAND-2896,bryan.reed.2896@example.com,Bryan,Reed,+1-555-0002896
CAND-2897,todd.rose.2897@example.com,Todd,Rose,+1-555-0002897
CAND-2898,david.mckinney.2898@example.com,David,Mckinney,+1-555-0002898
CAND-2899,erika.patel.2899@example.com,Erika,Patel,+1-555-0002899
CAND-2900,kelly.oliver.2900@example.com,Kelly,Oliver,+1-555-0002900
CAND-2901,lauren.dougherty.2901@example.com,Lauren,Dougherty,+1-555-0002901
CAND-2902,lisa.everett.2902@example.com,Lisa,Everett,+1-555-0002902
CAND-2903,cameron.mcclain.2903@example.com,Cameron,Mcclain,+1-555-0002903
CAND-2904,stephen.miller.2904@example.com,Stephen,Miller,+1-555-0002904
CAND-2905,rachael.roberts.2905@example.com,Rachael,Roberts,+1-555-0002905
CAND-2906,sue.rodriguez.2906@example.com,Sue,Rodriguez,+1-555-0002906
CAND-2907,joshua.terry.2907@example.com,Joshua,Terry,+1-555-0002907
CAND-2908,tyler.golden.2908@example.com,Tyler,Golden,+1-555-0002908
CAND-2909,abigail.burton.2909@example.com,Abigail,Burton,+1-555-0002909
CAND-2910,kelly.montes.2910@example.com,Kelly,Montes,+1-555-0002910
CAND-2911,amber.anderson.2911@example.com,Amber,Anderson,+1-555-0002911
CAND-2912,michael.wallace.2912@example.com,Michael,Wallace,+1-555-0002912
CAND-2913,deanna.carter.2913@example.com,Deanna,Carter,+1-555-0002913
CAND-2914,bryan.wiggins.2914@example.com,Bryan,Wiggins,+1-555-0002914
CAND-2915,jesse.meza.2915@example.com,Jesse,Meza,+1-555-0002915
CAND-2916,deanna.jenkins.2916@example.com,Deanna,Jenkins,+1-555-0002916
CAND-2917,matthew.lucas.2917@example.com,Matthew,Lucas,+1-555-0002917
CAND-2918,mark.watkins.2918@example.com,Mark,Watkins,+1-555-0002918
CAND-2919,heidi.wilkinson.2919@example.com,Heidi,Wilkinson,+1-555-0002919
CAND-2920,sean.torres.2920@example.com,Sean,Torres,+1-555-0002920
CAND-2921,david.clarke.2921@example.com,David,Clarke,+1-555-0002921
CAND-2922,george.green.2922@example.com,George,Green,+1-555-0002922
CAND-2923,todd.arellano.2923@example.com,Todd,Arellano,+1-555-0002923
CAND-2924,kayla.williams.2924@example.com,Kayla,Williams,+1-555-0002924
CAND-2925,michael.bryant.2925@example.com,Michael,Bryant,+1-555-0002925
CAND-2926,garrett.glass.2926@example.com,Garrett,Glass,+1-555-0002926
CAND-2927,jennifer.mitchell.2927@example.com,Jennifer,Mitchell,+1-555-0002927
CAND-2928,teresa.franco.2928@example.com,Teresa,Franco,+1-555-0002928
CAND-2929,heather.estrada.2929@example.com,Heather,Estrada,+1-555-0002929
CAND-2930,eric.young.2930@example.com,Eric,Young,+1-555-0002930
CAND-2931,blake.stewart.2931@example.com,Blake,Stewart,+1-555-0002931
CAND-2932,david.green.2932@example.com,David,Green,+1-555-0002932
CAND-2933,jack.hart.2933@example.com,Jack,Hart,+1-555-0002933
CAND-2934,austin.stewart.2934@example.com,Austin,Stewart,+1-555-0002934
CAND-2935,maurice.watson.2935@example.com,Maurice,Watson,+1-555-0002935
CAND-2936,amber.martin.2936@example.com,Amber,Martin,+1-555-0002936
CAND-2937,kevin.knapp.2937@example.com,Kevin,Knapp,+1-555-0002937
CAND-2938,richard.porter.2938@example.com,Richard,Porter,+1-555-0002938
CAND-2939,dustin.ellis.2939@example.com,Dustin,Ellis,+1-555-0002939
CAND-2940,luke.smith.2940@example.com,Luke,Smith,+1-555-0002940
CAND-2941,joanna.cantrell.2941@example.com,Joanna,Cantrell,+1-555-0002941
CAND-2942,mark.thornton.2942@example.com,Mark,Thornton,+1-555-0002942
CAND-2943,thomas.roberts.2943@example.com,Thomas,Roberts,+1-555-0002943
CAND-2944,sherry.hooper.2944@example.com,Sherry,Hooper,+1-555-0002944
CAND-2945,audrey.thomas.2945@example.com,Audrey,Thomas,+1-555-0002945
CAND-2946,annette.meadows.2946@example.com,Annette,Meadows,+1-555-0002946
CAND-2947,scott.norris.2947@example.com,Scott,Norris,+1-555-0002947
CAND-2948,jessica.mccullough.2948@example.com,Jessica,Mccullough,+1-555-0002948
CAND-2949,donald.pierce.2949@example.com,Donald,Pierce,+1-555-0002949
CAND-2950,kyle.morales.2950@example.com,Kyle,Morales,+1-555-0002950
CAND-2951,mary.griffin.2951@example.com,Mary,Griffin,+1-555-0002951
CAND-2952,christopher.brown.2952@example.com,Christopher,Brown,+1-555-0002952
CAND-2953,danielle.silva.2953@example.com,Danielle,Silva,+1-555-0002953
CAND-2954,jeffrey.walls.2954@example.com,Jeffrey,Walls,+1-555-0002954
CAND-2955,joshua.johnson.2955@example.com,Joshua,Johnson,+1-555-0002955
CAND-2956,amanda.griffin.2956@example.com,Amanda,Griffin,+1-555-0002956
CAND-2957,emily.miller.2957@example.com,Emily,Miller,+1-555-0002957
CAND-2958,william.lee.2958@example.com,William,Lee,+1-555-0002958
CAND-2959,louis.jacobs.2959@example.com,Louis,Jacobs,+1-555-0002959
CAND-2960,sherry.kerr.2960@example.com,Sherry,Kerr,+1-555-0002960
CAND-2961,michael.hernandez.2961@example.com,Michael,Hernandez,+1-555-0002961
CAND-2962,melissa.wood.2962@example.com,Melissa,Wood,+1-555-0002962
CAND-2963,nathan.mitchell.2963@example.com,Nathan,Mitchell,+1-555-0002963
CAND-2964,michael.madden.2964@example.com,Michael,Madden,+1-555-0002964
CAND-2965,nancy.miller.2965@example.com,Nancy,Miller,+1-555-0002965
CAND-2966,jessica.wallace.2966@example.com,Jessica,Wallace,+1-555-0002966
CAND-2967,victoria.lara.2967@example.com,Victoria,Lara,+1-555-0002967
CAND-2968,keith.shaffer.2968@example.com,Keith,Shaffer,+1-555-0002968
CAND-2969,tara.coleman.2969@example.com,Tara,Coleman,+1-555-0002969
CAND-2970,peggy.taylor.2970@example.com,Peggy,Taylor,+1-555-0002970
CAND-2971,brenda.miller.2971@example.com,Brenda,Miller,+1-555-0002971
CAND-2972,jared.wells.2972@example.com,Jared,Wells,+1-555-0002972
CAND-2973,mikayla.hatfield.2973@example.com,Mikayla,Hatfield,+1-555-0002973
CAND-2974,carl.choi.2974@example.com,Carl,Choi,+1-555-0002974
CAND-2975,katelyn.davis.2975@example.com,Katelyn,Davis,+1-555-0002975
CAND-2976,robert.rocha.2976@example.com,Robert,Rocha,+1-555-0002976
CAND-2977,robert.peters.2977@example.com,Robert,Peters,+1-555-0002977
CAND-2978,jennifer.fischer.2978@example.com,Jennifer,Fischer,+1-555-0002978
CAND-2979,derrick.lopez.2979@example.com,Derrick,Lopez,+1-555-0002979
CAND-2980,patrick.spencer.2980@example.com,Patrick,Spencer,+1-555-0002980
CAND-2981,bobby.mckenzie.2981@example.com,Bobby,Mckenzie,+1-555-0002981
CAND-2982,mary.torres.2982@example.com,Mary,Torres,+1-555-0002982
CAND-2983,anita.ford.2983@example.com,Anita,Ford,+1-555-0002983
CAND-2984,anthony.smith.2984@example.com,Anthony,Smith,+1-555-0002984
CAND-2985,jose.blanchard.2985@example.com,Jose,Blanchard,+1-555-0002985
CAND-2986,mary.kennedy.2986@example.com,Mary,Kennedy,+1-555-0002986
CAND-2987,desiree.stafford.2987@example.com,Desiree,Stafford,+1-555-0002987
CAND-2988,robert.vasquez.2988@example.com,Robert,Vasquez,+1-555-0002988
CAND-2989,gwendolyn.sanchez.2989@example.com,Gwendolyn,Sanchez,+1-555-0002989
CAND-2990,david.ramirez.2990@example.com,David,Ramirez,+1-555-0002990
CAND-2991,virginia.jones.2991@example.com,Virginia,Jones,+1-555-0002991
CAND-2992,julie.perkins.2992@example.com,Julie,Perkins,+1-555-0002992
CAND-2993,ariana.oneill.2993@example.com,Ariana,Oneill,+1-555-0002993
CAND-2994,courtney.alvarez.2994@example.com,Courtney,Alvarez,+1-555-0002994
CAND-2995,heather.wilson.2995@example.com,Heather,Wilson,+1-555-0002995
CAND-2996,william.johnston.2996@example.com,William,Johnston,+1-555-0002996
CAND-2997,megan.martin.2997@example.com,Megan,Martin,+1-555-0002997
CAND-2998,brian.flores.2998@example.com,Brian,Flores,+1-555-0002998
CAND-2999,natalie.taylor.2999@example.com,Natalie,Taylor,+1-555-0002999
CAND-3000,frank.nelson.3000@example.com,Frank,Nelson,+1-555-0003000
CAND-3001,robert.barr.3001@example.com,Robert,Barr,+1-555-0003001
CAND-3002,michael.roberts.3002@example.com,Michael,Roberts,+1-555-0003002
CAND-3003,alyssa.mayer.3003@example.com,Alyssa,Mayer,+1-555-0003003
CAND-3004,willie.miranda.3004@example.com,Willie,Miranda,+1-555-0003004
CAND-3005,isaac.davis.3005@example.com,Isaac,Davis,+1-555-0003005
CAND-3006,karen.stephens.3006@example.com,Karen,Stephens,+1-555-0003006
CAND-3007,monique.serrano.3007@example.com,Monique,Serrano,+1-555-0003007
CAND-3008,gail.turner.3008@example.com,Gail,Turner,+1-555-0003008
CAND-3009,gina.barker.3009@example.com,Gina,Barker,+1-555-0003009
CAND-3010,cody.carpenter.3010@example.com,Cody,Carpenter,+1-555-0003010
CAND-3011,madeline.smith.3011@example.com,Madeline,Smith,+1-555-0003011
CAND-3012,april.watson.3012@example.com,April,Watson,+1-555-0003012
CAND-3013,todd.peterson.3013@example.com,Todd,Peterson,+1-555-0003013
CAND-3014,renee.garcia.3014@example.com,Renee,Garcia,+1-555-0003014
CAND-3015,eric.walker.3015@example.com,Eric,Walker,+1-555-0003015
CAND-3016,jacob.prince.3016@example.com,Jacob,Prince,+1-555-0003016
CAND-3017,christina.guerra.3017@example.com,Christina,Guerra,+1-555-0003017
CAND-3018,alicia.patel.3018@example.com,Alicia,Patel,+1-555-0003018
CAND-3019,andrea.avila.3019@example.com,Andrea,Avila,+1-555-0003019
CAND-3020,daniel.stevens.3020@example.com,Daniel,Stevens,+1-555-0003020
CAND-3021,charles.fuentes.3021@example.com,Charles,Fuentes,+1-555-0003021
CAND-3022,sandra.mendoza.3022@example.com,Sandra,Mendoza,+1-555-0003022
CAND-3023,larry.cox.3023@example.com,Larry,Cox,+1-555-0003023
CAND-3024,lisa.preston.3024@example.com,Lisa,Preston,+1-555-0003024
CAND-3025,carla.gallagher.3025@example.com,Carla,Gallagher,+1-555-0003025
CAND-3026,matthew.mckinney.3026@example.com,Matthew,Mckinney,+1-555-0003026
CAND-3027,anthony.olsen.3027@example.com,Anthony,Olsen,+1-555-0003027
CAND-3028,jeffrey.vincent.3028@example.com,Jeffrey,Vincent,+1-555-0003028
CAND-3029,douglas.perez.3029@example.com,Douglas,Perez,+1-555-0003029
CAND-3030,david.anderson.3030@example.com,David,Anderson,+1-555-0003030
CAND-3031,christian.vazquez.3031@example.com,Christian,Vazquez,+1-555-0003031
CAND-3032,kristen.jones.3032@example.com,Kristen,Jones,+1-555-0003032
CAND-3033,kim.todd.3033@example.com,Kim,Todd,+1-555-0003033
CAND-3034,brad.rodriguez.3034@example.com,Brad,Rodriguez,+1-555-0003034
CAND-3035,laura.palmer.3035@example.com,Laura,Palmer,+1-555-0003035
CAND-3036,brian.wilson.3036@example.com,Brian,Wilson,+1-555-0003036
CAND-3037,johnny.jones.3037@example.com,Johnny,Jones,+1-555-0003037
CAND-3038,elizabeth.webster.3038@example.com,Elizabeth,Webster,+1-555-0003038
CAND-3039,kimberly.mora.3039@example.com,Kimberly,Mora,+1-555-0003039
CAND-3040,jamie.santana.3040@example.com,Jamie,Santana,+1-555-0003040
CAND-3041,jack.bell.3041@example.com,Jack,Bell,+1-555-0003041
CAND-3042,christopher.singleton.3042@example.com,Christopher,Singleton,+1-555-0003042
CAND-3043,shelly.rush.3043@example.com,Shelly,Rush,+1-555-0003043
CAND-3044,michael.martin.3044@example.com,Michael,Martin,+1-555-0003044
CAND-3045,vincent.chandler.3045@example.com,Vincent,Chandler,+1-555-0003045
CAND-3046,john.hudson.3046@example.com,John,Hudson,+1-555-0003046
CAND-3047,cory.lane.3047@example.com,Cory,Lane,+1-555-0003047
CAND-3048,alexis.robinson.3048@example.com,Alexis,Robinson,+1-555-0003048
CAND-3049,james.campbell.3049@example.com,James,Campbell,+1-555-0003049
CAND-3050,rachel.medina.3050@example.com,Rachel,Medina,+1-555-0003050
CAND-3051,teresa.garcia.3051@example.com,Teresa,Garcia,+1-555-0003051
CAND-3052,jason.gordon.3052@example.com,Jason,Gordon,+1-555-0003052
CAND-3053,jasmine.richardson.3053@example.com,Jasmine,Richardson,+1-555-0003053
CAND-3054,bridget.gonzales.3054@example.com,Bridget,Gonzales,+1-555-0003054
CAND-3055,susan.white.3055@example.com,Susan,White,+1-555-0003055
CAND-3056,michael.gray.3056@example.com,Michael,Gray,+1-555-0003056
CAND-3057,jason.perez.3057@example.com,Jason,Perez,+1-555-0003057
CAND-3058,daniel.rollins.3058@example.com,Daniel,Rollins,+1-555-0003058
CAND-3059,david.rodriguez.3059@example.com,David,Rodriguez,+1-555-0003059
CAND-3060,derek.farmer.3060@example.com,Derek,Farmer,+1-555-0003060
CAND-3061,janet.hawkins.3061@example.com,Janet,Hawkins,+1-555-0003061
CAND-3062,billy.murphy.3062@example.com,Billy,Murphy,+1-555-0003062
CAND-3063,darrell.campbell.3063@example.com,Darrell,Campbell,+1-555-0003063
CAND-3064,caroline.collins.3064@example.com,Caroline,Collins,+1-555-0003064
CAND-3065,theresa.wallace.3065@example.com,Theresa,Wallace,+1-555-0003065
CAND-3066,angela.roberts.3066@example.com,Angela,Roberts,+1-555-0003066
CAND-3067,melissa.lopez.3067@example.com,Melissa,Lopez,+1-555-0003067
CAND-3068,chad.randall.3068@example.com,Chad,Randall,+1-555-0003068
CAND-3069,thomas.shelton.3069@example.com,Thomas,Shelton,+1-555-0003069
CAND-3070,harry.lutz.3070@example.com,Harry,Lutz,+1-555-0003070
CAND-3071,travis.garcia.3071@example.com,Travis,Garcia,+1-555-0003071
CAND-3072,samuel.barrett.3072@example.com,Samuel,Barrett,+1-555-0003072
CAND-3073,christopher.thomas.3073@example.com,Christopher,Thomas,+1-555-0003073
CAND-3074,richard.garza.3074@example.com,Richard,Garza,+1-555-0003074
CAND-3075,cristian.schaefer.3075@example.com,Cristian,Schaefer,+1-555-0003075
CAND-3076,tiffany.brown.3076@example.com,Tiffany,Brown,+1-555-0003076
CAND-3077,theresa.morgan.3077@example.com,Theresa,Morgan,+1-555-0003077
CAND-3078,brooke.ewing.3078@example.com,Brooke,Ewing,+1-555-0003078
CAND-3079,david.massey.3079@example.com,David,Massey,+1-555-0003079
CAND-3080,jessica.ramirez.3080@example.com,Jessica,Ramirez,+1-555-0003080
CAND-3081,jennifer.perkins.3081@example.com,Jennifer,Perkins,+1-555-0003081
CAND-3082,joshua.clarke.3082@example.com,Joshua,Clarke,+1-555-0003082
CAND-3083,dawn.ross.3083@example.com,Dawn,Ross,+1-555-0003083
CAND-3084,thomas.morrison.3084@example.com,Thomas,Morrison,+1-555-0003084
CAND-3085,richard.washington.3085@example.com,Richard,Washington,+1-555-0003085
CAND-3086,joshua.tate.3086@example.com,Joshua,Tate,+1-555-0003086
CAND-3087,daniel.king.3087@example.com,Daniel,King,+1-555-0003087
CAND-3088,tyler.fuller.3088@example.com,Tyler,Fuller,+1-555-0003088
CAND-3089,dennis.garcia.3089@example.com,Dennis,Garcia,+1-555-0003089
CAND-3090,brian.jones.3090@example.com,Brian,Jones,+1-555-0003090
CAND-3091,erika.stanton.3091@example.com,Erika,Stanton,+1-555-0003091
CAND-3092,patrick.shelton.3092@example.com,Patrick,Shelton,+1-555-0003092
CAND-3093,eric.howell.3093@example.com,Eric,Howell,+1-555-0003093
CAND-3094,cole.jones.3094@example.com,Cole,Jones,+1-555-0003094
CAND-3095,karen.saunders.3095@example.com,Karen,Saunders,+1-555-0003095
CAND-3096,laura.harris.3096@example.com,Laura,Harris,+1-555-0003096
CAND-3097,ebony.henry.3097@example.com,Ebony,Henry,+1-555-0003097
CAND-3098,jose.cooper.3098@example.com,Jose,Cooper,+1-555-0003098
CAND-3099,michele.payne.3099@example.com,Michele,Payne,+1-555-0003099
CAND-3100,stephanie.johnson.3100@example.com,Stephanie,Johnson,+1-555-0003100
CAND-3101,russell.melendez.3101@example.com,Russell,Melendez,+1-555-0003101
CAND-3102,patrick.edwards.3102@example.com,Patrick,Edwards,+1-555-0003102
CAND-3103,nicholas.stevens.3103@example.com,Nicholas,Stevens,+1-555-0003103
CAND-3104,antonio.hawkins.3104@example.com,Antonio,Hawkins,+1-555-0003104
CAND-3105,michelle.turner.3105@example.com,Michelle,Turner,+1-555-0003105
CAND-3106,janice.henry.3106@example.com,Janice,Henry,+1-555-0003106
CAND-3107,dennis.baldwin.3107@example.com,Dennis,Baldwin,+1-555-0003107
CAND-3108,tony.rodriguez.3108@example.com,Tony,Rodriguez,+1-555-0003108
CAND-3109,emily.keller.3109@example.com,Emily,Keller,+1-555-0003109
CAND-3110,gina.armstrong.3110@example.com,Gina,Armstrong,+1-555-0003110
CAND-3111,thomas.dickerson.3111@example.com,Thomas,Dickerson,+1-555-0003111
CAND-3112,william.myers.3112@example.com,William,Myers,+1-555-0003112
CAND-3113,troy.arellano.3113@example.com,Troy,Arellano,+1-555-0003113
CAND-3114,christina.gomez.3114@example.com,Christina,Gomez,+1-555-0003114
CAND-3115,tiffany.flores.3115@example.com,Tiffany,Flores,+1-555-0003115
CAND-3116,anthony.williams.3116@example.com,Anthony,Williams,+1-555-0003116
CAND-3117,mary.bailey.3117@example.com,Mary,Bailey,+1-555-0003117
CAND-3118,judy.johnson.3118@example.com,Judy,Johnson,+1-555-0003118
CAND-3119,patricia.peterson.3119@example.com,Patricia,Peterson,+1-555-0003119
CAND-3120,connor.reed.3120@example.com,Connor,Reed,+1-555-0003120
CAND-3121,michael.bell.3121@example.com,Michael,Bell,+1-555-0003121
CAND-3122,donna.wright.3122@example.com,Donna,Wright,+1-555-0003122
CAND-3123,deborah.watkins.3123@example.com,Deborah,Watkins,+1-555-0003123
CAND-3124,renee.jones.3124@example.com,Renee,Jones,+1-555-0003124
CAND-3125,kevin.morgan.3125@example.com,Kevin,Morgan,+1-555-0003125
CAND-3126,andrew.nguyen.3126@example.com,Andrew,Nguyen,+1-555-0003126
CAND-3127,steven.boyer.3127@example.com,Steven,Boyer,+1-555-0003127
CAND-3128,ashley.valenzuela.3128@example.com,Ashley,Valenzuela,+1-555-0003128
CAND-3129,joseph.dominguez.3129@example.com,Joseph,Dominguez,+1-555-0003129
CAND-3130,brianna.odom.3130@example.com,Brianna,Odom,+1-555-0003130
CAND-3131,nicholas.myers.3131@example.com,Nicholas,Myers,+1-555-0003131
CAND-3132,ashley.stokes.3132@example.com,Ashley,Stokes,+1-555-0003132
CAND-3133,craig.leonard.3133@example.com,Craig,Leonard,+1-555-0003133
CAND-3134,matthew.shaw.3134@example.com,Matthew,Shaw,+1-555-0003134
CAND-3135,kathy.morgan.3135@example.com,Kathy,Morgan,+1-555-0003135
CAND-3136,christina.cox.3136@example.com,Christina,Cox,+1-555-0003136
CAND-3137,ryan.crawford.3137@example.com,Ryan,Crawford,+1-555-0003137
CAND-3138,melanie.cobb.3138@example.com,Melanie,Cobb,+1-555-0003138
CAND-3139,mary.herrera.3139@example.com,Mary,Herrera,+1-555-0003139
CAND-3140,karl.williams.3140@example.com,Karl,Williams,+1-555-0003140
CAND-3141,wendy.morales.3141@example.com,Wendy,Morales,+1-555-0003141
CAND-3142,jeremiah.newton.3142@example.com,Jeremiah,Newton,+1-555-0003142
CAND-3143,christopher.richard.3143@example.com,Christopher,Richard,+1-555-0003143
CAND-3144,cody.rogers.3144@example.com,Cody,Rogers,+1-555-0003144
CAND-3145,carlos.solis.3145@example.com,Carlos,Solis,+1-555-0003145
CAND-3146,thomas.clark.3146@example.com,Thomas,Clark,+1-555-0003146
CAND-3147,laura.pearson.3147@example.com,Laura,Pearson,+1-555-0003147
CAND-3148,kevin.brock.3148@example.com,Kevin,Brock,+1-555-0003148
CAND-3149,ryan.fernandez.3149@example.com,Ryan,Fernandez,+1-555-0003149
CAND-3150,james.morales.3150@example.com,James,Morales,+1-555-0003150
CAND-3151,colleen.chavez.3151@example.com,Colleen,Chavez,+1-555-0003151
CAND-3152,kathryn.white.3152@example.com,Kathryn,White,+1-555-0003152
CAND-3153,andrew.warner.3153@example.com,Andrew,Warner,+1-555-0003153
CAND-3154,michelle.ray.3154@example.com,Michelle,Ray,+1-555-0003154
CAND-3155,jason.hayden.3155@example.com,Jason,Hayden,+1-555-0003155
CAND-3156,judy.mcdonald.3156@example.com,Judy,Mcdonald,+1-555-0003156
CAND-3157,sharon.patel.3157@example.com,Sharon,Patel,+1-555-0003157
CAND-3158,christina.hammond.3158@example.com,Christina,Hammond,+1-555-0003158
CAND-3159,ryan.knight.3159@example.com,Ryan,Knight,+1-555-0003159
CAND-3160,courtney.boyd.3160@example.com,Courtney,Boyd,+1-555-0003160
CAND-3161,michael.hernandez.3161@example.com,Michael,Hernandez,+1-555-0003161
CAND-3162,edward.jennings.3162@example.com,Edward,Jennings,+1-555-0003162
CAND-3163,kevin.graham.3163@example.com,Kevin,Graham,+1-555-0003163
CAND-3164,lucas.greer.3164@example.com,Lucas,Greer,+1-555-0003164
CAND-3165,caleb.harris.3165@example.com,Caleb,Harris,+1-555-0003165
CAND-3166,robert.colon.3166@example.com,Robert,Colon,+1-555-0003166
CAND-3167,debbie.scott.3167@example.com,Debbie,Scott,+1-555-0003167
CAND-3168,carolyn.sullivan.3168@example.com,Carolyn,Sullivan,+1-555-0003168
CAND-3169,daniel.lee.3169@example.com,Daniel,Lee,+1-555-0003169
CAND-3170,john.wilcox.3170@example.com,John,Wilcox,+1-555-0003170
CAND-3171,steven.castro.3171@example.com,Steven,Castro,+1-555-0003171
CAND-3172,ryan.lucas.3172@example.com,Ryan,Lucas,+1-555-0003172
CAND-3173,benjamin.moore.3173@example.com,Benjamin,Moore,+1-555-0003173
CAND-3174,derek.green.3174@example.com,Derek,Green,+1-555-0003174
CAND-3175,linda.hopkins.3175@example.com,Linda,Hopkins,+1-555-0003175
CAND-3176,gregory.phelps.3176@example.com,Gregory,Phelps,+1-555-0003176
CAND-3177,tamara.tucker.3177@example.com,Tamara,Tucker,+1-555-0003177
CAND-3178,andrew.heath.3178@example.com,Andrew,Heath,+1-555-0003178
CAND-3179,christopher.guzman.3179@example.com,Christopher,Guzman,+1-555-0003179
CAND-3180,michelle.lester.3180@example.com,Michelle,Lester,+1-555-0003180
CAND-3181,richard.cox.3181@example.com,Richard,Cox,+1-555-0003181
CAND-3182,diane.davis.3182@example.com,Diane,Davis,+1-555-0003182
CAND-3183,sherry.ramsey.3183@example.com,Sherry,Ramsey,+1-555-0003183
CAND-3184,donald.rodriguez.3184@example.com,Donald,Rodriguez,+1-555-0003184
CAND-3185,jessica.fitzpatrick.3185@example.com,Jessica,Fitzpatrick,+1-555-0003185
CAND-3186,alejandra.calderon.3186@example.com,Alejandra,Calderon,+1-555-0003186
CAND-3187,stephanie.huynh.3187@example.com,Stephanie,Huynh,+1-555-0003187
CAND-3188,johnathan.wilkerson.3188@example.com,Johnathan,Wilkerson,+1-555-0003188
CAND-3189,john.martinez.3189@example.com,John,Martinez,+1-555-0003189
CAND-3190,lindsay.murphy.3190@example.com,Lindsay,Murphy,+1-555-0003190
CAND-3191,breanna.price.3191@example.com,Breanna,Price,+1-555-0003191
CAND-3192,kaitlin.young.3192@example.com,Kaitlin,Young,+1-555-0003192
CAND-3193,rodney.thomas.3193@example.com,Rodney,Thomas,+1-555-0003193
CAND-3194,gregory.booker.3194@example.com,Gregory,Booker,+1-555-0003194
CAND-3195,scott.king.3195@example.com,Scott,King,+1-555-0003195
CAND-3196,bridget.henry.3196@example.com,Bridget,Henry,+1-555-0003196
CAND-3197,nicholas.fry.3197@example.com,Nicholas,Fry,+1-555-0003197
CAND-3198,leslie.coleman.3198@example.com,Leslie,Coleman,+1-555-0003198
CAND-3199,felicia.richmond.3199@example.com,Felicia,Richmond,+1-555-0003199
CAND-3200,natasha.giles.3200@example.com,Natasha,Giles,+1-555-0003200
CAND-3201,michael.baldwin.3201@example.com,Michael,Baldwin,+1-555-0003201
CAND-3202,lori.smith.3202@example.com,Lori,Smith,+1-555-0003202
CAND-3203,tammy.obrien.3203@example.com,Tammy,Obrien,+1-555-0003203
CAND-3204,mckenzie.bates.3204@example.com,Mckenzie,Bates,+1-555-0003204
CAND-3205,shelley.vazquez.3205@example.com,Shelley,Vazquez,+1-555-0003205
CAND-3206,kristina.allen.3206@example.com,Kristina,Allen,+1-555-0003206
CAND-3207,angela.parker.3207@example.com,Angela,Parker,+1-555-0003207
CAND-3208,susan.cox.3208@example.com,Susan,Cox,+1-555-0003208
CAND-3209,lisa.martinez.3209@example.com,Lisa,Martinez,+1-555-0003209
CAND-3210,michelle.mathews.3210@example.com,Michelle,Mathews,+1-555-0003210
CAND-3211,paul.browning.3211@example.com,Paul,Browning,+1-555-0003211
CAND-3212,phillip.spence.3212@example.com,Phillip,Spence,+1-555-0003212
CAND-3213,jonathan.davis.3213@example.com,Jonathan,Davis,+1-555-0003213
CAND-3214,mackenzie.young.3214@example.com,Mackenzie,Young,+1-555-0003214
CAND-3215,jason.zamora.3215@example.com,Jason,Zamora,+1-555-0003215
CAND-3216,ruth.welch.3216@example.com,Ruth,Welch,+1-555-0003216
CAND-3217,natasha.wang.3217@example.com,Natasha,Wang,+1-555-0003217
CAND-3218,richard.johnson.3218@example.com,Richard,Johnson,+1-555-0003218
CAND-3219,michelle.morrow.3219@example.com,Michelle,Morrow,+1-555-0003219
CAND-3220,shelby.ruiz.3220@example.com,Shelby,Ruiz,+1-555-0003220
CAND-3221,robert.randall.3221@example.com,Robert,Randall,+1-555-0003221
CAND-3222,jennifer.mcdowell.3222@example.com,Jennifer,Mcdowell,+1-555-0003222
CAND-3223,lori.holloway.3223@example.com,Lori,Holloway,+1-555-0003223
CAND-3224,holly.hunter.3224@example.com,Holly,Hunter,+1-555-0003224
CAND-3225,michael.guzman.3225@example.com,Michael,Guzman,+1-555-0003225
CAND-3226,lisa.rojas.3226@example.com,Lisa,Rojas,+1-555-0003226
CAND-3227,shawn.johnson.3227@example.com,Shawn,Johnson,+1-555-0003227
CAND-3228,brett.may.3228@example.com,Brett,May,+1-555-0003228
CAND-3229,crystal.gibbs.3229@example.com,Crystal,Gibbs,+1-555-0003229
CAND-3230,derek.morales.3230@example.com,Derek,Morales,+1-555-0003230
CAND-3231,courtney.edwards.3231@example.com,Courtney,Edwards,+1-555-0003231
CAND-3232,christopher.moore.3232@example.com,Christopher,Moore,+1-555-0003232
CAND-3233,zachary.booker.3233@example.com,Zachary,Booker,+1-555-0003233
CAND-3234,maria.hines.3234@example.com,Maria,Hines,+1-555-0003234
CAND-3235,melanie.jennings.3235@example.com,Melanie,Jennings,+1-555-0003235
CAND-3236,laura.flores.3236@example.com,Laura,Flores,+1-555-0003236
CAND-3237,timothy.moss.3237@example.com,Timothy,Moss,+1-555-0003237
CAND-3238,jorge.mcdaniel.3238@example.com,Jorge,Mcdaniel,+1-555-0003238
CAND-3239,margaret.marsh.3239@example.com,Margaret,Marsh,+1-555-0003239
CAND-3240,james.perry.3240@example.com,James,Perry,+1-555-0003240
CAND-3241,hunter.walter.3241@example.com,Hunter,Walter,+1-555-0003241
CAND-3242,shirley.wilkerson.3242@example.com,Shirley,Wilkerson,+1-555-0003242
CAND-3243,jeffrey.vaughan.3243@example.com,Jeffrey,Vaughan,+1-555-0003243
CAND-3244,sandra.holland.3244@example.com,Sandra,Holland,+1-555-0003244
CAND-3245,courtney.meadows.3245@example.com,Courtney,Meadows,+1-555-0003245
CAND-3246,terri.gonzalez.3246@example.com,Terri,Gonzalez,+1-555-0003246
CAND-3247,jacqueline.jackson.3247@example.com,Jacqueline,Jackson,+1-555-0003247
CAND-3248,richard.patterson.3248@example.com,Richard,Patterson,+1-555-0003248
CAND-3249,jorge.davis.3249@example.com,Jorge,Davis,+1-555-0003249
CAND-3250,micheal.valentine.3250@example.com,Micheal,Valentine,+1-555-0003250
CAND-3251,david.higgins.3251@example.com,David,Higgins,+1-555-0003251
CAND-3252,ryan.mora.3252@example.com,Ryan,Mora,+1-555-0003252
CAND-3253,shawn.nunez.3253@example.com,Shawn,Nunez,+1-555-0003253
CAND-3254,david.reeves.3254@example.com,David,Reeves,+1-555-0003254
CAND-3255,james.atkins.3255@example.com,James,Atkins,+1-555-0003255
CAND-3256,kimberly.roberts.3256@example.com,Kimberly,Roberts,+1-555-0003256
CAND-3257,troy.anderson.3257@example.com,Troy,Anderson,+1-555-0003257
CAND-3258,melissa.greene.3258@example.com,Melissa,Greene,+1-555-0003258
CAND-3259,wanda.campbell.3259@example.com,Wanda,Campbell,+1-555-0003259
CAND-3260,erica.barnes.3260@example.com,Erica,Barnes,+1-555-0003260
CAND-3261,ricky.thomas.3261@example.com,Ricky,Thomas,+1-555-0003261
CAND-3262,kelly.green.3262@example.com,Kelly,Green,+1-555-0003262
CAND-3263,christine.solomon.3263@example.com,Christine,Solomon,+1-555-0003263
CAND-3264,mike.sutton.3264@example.com,Mike,Sutton,+1-555-0003264
CAND-3265,stephen.smith.3265@example.com,Stephen,Smith,+1-555-0003265
CAND-3266,dean.morris.3266@example.com,Dean,Morris,+1-555-0003266
CAND-3267,heather.mcdaniel.3267@example.com,Heather,Mcdaniel,+1-555-0003267
CAND-3268,jennifer.erickson.3268@example.com,Jennifer,Erickson,+1-555-0003268
CAND-3269,jill.scott.3269@example.com,Jill,Scott,+1-555-0003269
CAND-3270,cody.brown.3270@example.com,Cody,Brown,+1-555-0003270
CAND-3271,marvin.young.3271@example.com,Marvin,Young,+1-555-0003271
CAND-3272,rebekah.barajas.3272@example.com,Rebekah,Barajas,+1-555-0003272
CAND-3273,sheila.coffey.3273@example.com,Sheila,Coffey,+1-555-0003273
CAND-3274,carmen.goodman.3274@example.com,Carmen,Goodman,+1-555-0003274
CAND-3275,brandon.king.3275@example.com,Brandon,King,+1-555-0003275
CAND-3276,christine.turner.3276@example.com,Christine,Turner,+1-555-0003276
CAND-3277,ralph.wood.3277@example.com,Ralph,Wood,+1-555-0003277
CAND-3278,tammy.hansen.3278@example.com,Tammy,Hansen,+1-555-0003278
CAND-3279,beverly.green.3279@example.com,Beverly,Green,+1-555-0003279
CAND-3280,william.conrad.3280@example.com,William,Conrad,+1-555-0003280
CAND-3281,natalie.anderson.3281@example.com,Natalie,Anderson,+1-555-0003281
CAND-3282,logan.moreno.3282@example.com,Logan,Moreno,+1-555-0003282
CAND-3283,donald.wilson.3283@example.com,Donald,Wilson,+1-555-0003283
CAND-3284,bradley.anderson.3284@example.com,Bradley,Anderson,+1-555-0003284
CAND-3285,monica.davenport.3285@example.com,Monica,Davenport,+1-555-0003285
CAND-3286,julie.howe.3286@example.com,Julie,Howe,+1-555-0003286
CAND-3287,justin.mcdowell.3287@example.com,Justin,Mcdowell,+1-555-0003287
CAND-3288,chloe.juarez.3288@example.com,Chloe,Juarez,+1-555-0003288
CAND-3289,joseph.edwards.3289@example.com,Joseph,Edwards,+1-555-0003289
CAND-3290,patricia.stewart.3290@example.com,Patricia,Stewart,+1-555-0003290
CAND-3291,virginia.gallagher.3291@example.com,Virginia,Gallagher,+1-555-0003291
CAND-3292,edward.farrell.3292@example.com,Edward,Farrell,+1-555-0003292
CAND-3293,diane.yates.3293@example.com,Diane,Yates,+1-555-0003293
CAND-3294,brian.hernandez.3294@example.com,Brian,Hernandez,+1-555-0003294
CAND-3295,jerry.johnson.3295@example.com,Jerry,Johnson,+1-555-0003295
CAND-3296,jorge.mccarthy.3296@example.com,Jorge,Mccarthy,+1-555-0003296
CAND-3297,samuel.carney.3297@example.com,Samuel,Carney,+1-555-0003297
CAND-3298,sara.williams.3298@example.com,Sara,Williams,+1-555-0003298
CAND-3299,michael.fletcher.3299@example.com,Michael,Fletcher,+1-555-0003299
CAND-3300,todd.vasquez.3300@example.com,Todd,Vasquez,+1-555-0003300
CAND-3301,meghan.camacho.3301@example.com,Meghan,Camacho,+1-555-0003301
CAND-3302,david.davis.3302@example.com,David,Davis,+1-555-0003302
CAND-3303,miranda.white.3303@example.com,Miranda,White,+1-555-0003303
CAND-3304,gary.hicks.3304@example.com,Gary,Hicks,+1-555-0003304
CAND-3305,joshua.macdonald.3305@example.com,Joshua,Macdonald,+1-555-0003305
CAND-3306,brenda.silva.3306@example.com,Brenda,Silva,+1-555-0003306
CAND-3307,teresa.fox.3307@example.com,Teresa,Fox,+1-555-0003307
CAND-3308,ashley.butler.3308@example.com,Ashley,Butler,+1-555-0003308
CAND-3309,chase.tate.3309@example.com,Chase,Tate,+1-555-0003309
CAND-3310,erica.clay.3310@example.com,Erica,Clay,+1-555-0003310
CAND-3311,anthony.maldonado.3311@example.com,Anthony,Maldonado,+1-555-0003311
CAND-3312,erin.long.3312@example.com,Erin,Long,+1-555-0003312
CAND-3313,brittany.bean.3313@example.com,Brittany,Bean,+1-555-0003313
CAND-3314,mary.hernandez.3314@example.com,Mary,Hernandez,+1-555-0003314
CAND-3315,christopher.rivas.3315@example.com,Christopher,Rivas,+1-555-0003315
CAND-3316,donna.gibson.3316@example.com,Donna,Gibson,+1-555-0003316
CAND-3317,stephanie.wheeler.3317@example.com,Stephanie,Wheeler,+1-555-0003317
CAND-3318,adam.booker.3318@example.com,Adam,Booker,+1-555-0003318
CAND-3319,diana.tapia.3319@example.com,Diana,Tapia,+1-555-0003319
CAND-3320,mark.dennis.3320@example.com,Mark,Dennis,+1-555-0003320
CAND-3321,jessica.bernard.3321@example.com,Jessica,Bernard,+1-555-0003321
CAND-3322,ashley.lewis.3322@example.com,Ashley,Lewis,+1-555-0003322
CAND-3323,brandon.schneider.3323@example.com,Brandon,Schneider,+1-555-0003323
CAND-3324,marcus.brown.3324@example.com,Marcus,Brown,+1-555-0003324
CAND-3325,chad.crane.3325@example.com,Chad,Crane,+1-555-0003325
CAND-3326,patrick.ross.3326@example.com,Patrick,Ross,+1-555-0003326
CAND-3327,gregory.hanna.3327@example.com,Gregory,Hanna,+1-555-0003327
CAND-3328,michelle.davis.3328@example.com,Michelle,Davis,+1-555-0003328
CAND-3329,melissa.martin.3329@example.com,Melissa,Martin,+1-555-0003329
CAND-3330,kimberly.mitchell.3330@example.com,Kimberly,Mitchell,+1-555-0003330
CAND-3331,karen.valdez.3331@example.com,Karen,Valdez,+1-555-0003331
CAND-3332,david.henry.3332@example.com,David,Henry,+1-555-0003332
CAND-3333,ryan.drake.3333@example.com,Ryan,Drake,+1-555-0003333
CAND-3334,kyle.cohen.3334@example.com,Kyle,Cohen,+1-555-0003334
CAND-3335,david.wade.3335@example.com,David,Wade,+1-555-0003335
CAND-3336,marilyn.hunt.3336@example.com,Marilyn,Hunt,+1-555-0003336
CAND-3337,tracy.mcclure.3337@example.com,Tracy,Mcclure,+1-555-0003337
CAND-3338,thomas.hart.3338@example.com,Thomas,Hart,+1-555-0003338
CAND-3339,rodney.avila.3339@example.com,Rodney,Avila,+1-555-0003339
CAND-3340,lisa.austin.3340@example.com,Lisa,Austin,+1-555-0003340
CAND-3341,ryan.simmons.3341@example.com,Ryan,Simmons,+1-555-0003341
CAND-3342,billy.peterson.3342@example.com,Billy,Peterson,+1-555-0003342
CAND-3343,steven.walker.3343@example.com,Steven,Walker,+1-555-0003343
CAND-3344,gina.moore.3344@example.com,Gina,Moore,+1-555-0003344
CAND-3345,tyler.soto.3345@example.com,Tyler,Soto,+1-555-0003345
CAND-3346,alicia.roberts.3346@example.com,Alicia,Roberts,+1-555-0003346
CAND-3347,samuel.solomon.3347@example.com,Samuel,Solomon,+1-555-0003347
CAND-3348,tim.hernandez.3348@example.com,Tim,Hernandez,+1-555-0003348
CAND-3349,david.leach.3349@example.com,David,Leach,+1-555-0003349
CAND-3350,mckenzie.mills.3350@example.com,Mckenzie,Mills,+1-555-0003350
CAND-3351,kenneth.williams.3351@example.com,Kenneth,Williams,+1-555-0003351
CAND-3352,charles.williams.3352@example.com,Charles,Williams,+1-555-0003352
CAND-3353,daniel.coleman.3353@example.com,Daniel,Coleman,+1-555-0003353
CAND-3354,cody.guerrero.3354@example.com,Cody,Guerrero,+1-555-0003354
CAND-3355,ashley.king.3355@example.com,Ashley,King,+1-555-0003355
CAND-3356,jonathan.miller.3356@example.com,Jonathan,Miller,+1-555-0003356
CAND-3357,wesley.wilson.3357@example.com,Wesley,Wilson,+1-555-0003357
CAND-3358,dorothy.white.3358@example.com,Dorothy,White,+1-555-0003358
CAND-3359,ian.long.3359@example.com,Ian,Long,+1-555-0003359
CAND-3360,christopher.mcdowell.3360@example.com,Christopher,Mcdowell,+1-555-0003360
CAND-3361,kenneth.matthews.3361@example.com,Kenneth,Matthews,+1-555-0003361
CAND-3362,spencer.santiago.3362@example.com,Spencer,Santiago,+1-555-0003362
CAND-3363,cindy.baker.3363@example.com,Cindy,Baker,+1-555-0003363
CAND-3364,tammy.savage.3364@example.com,Tammy,Savage,+1-555-0003364
CAND-3365,jacob.lopez.3365@example.com,Jacob,Lopez,+1-555-0003365
CAND-3366,julie.munoz.3366@example.com,Julie,Munoz,+1-555-0003366
CAND-3367,monica.rodriguez.3367@example.com,Monica,Rodriguez,+1-555-0003367
CAND-3368,amanda.smith.3368@example.com,Amanda,Smith,+1-555-0003368
CAND-3369,darryl.jackson.3369@example.com,Darryl,Jackson,+1-555-0003369
CAND-3370,thomas.holt.3370@example.com,Thomas,Holt,+1-555-0003370
CAND-3371,misty.church.3371@example.com,Misty,Church,+1-555-0003371
CAND-3372,carolyn.tucker.3372@example.com,Carolyn,Tucker,+1-555-0003372
CAND-3373,christine.dickson.3373@example.com,Christine,Dickson,+1-555-0003373
CAND-3374,michael.nunez.3374@example.com,Michael,Nunez,+1-555-0003374
CAND-3375,hannah.foster.3375@example.com,Hannah,Foster,+1-555-0003375
CAND-3376,kevin.martinez.3376@example.com,Kevin,Martinez,+1-555-0003376
CAND-3377,alexander.rodriguez.3377@example.com,Alexander,Rodriguez,+1-555-0003377
CAND-3378,allen.waller.3378@example.com,Allen,Waller,+1-555-0003378
CAND-3379,michele.clark.3379@example.com,Michele,Clark,+1-555-0003379
CAND-3380,deborah.santos.3380@example.com,Deborah,Santos,+1-555-0003380
CAND-3381,ryan.garrett.3381@example.com,Ryan,Garrett,+1-555-0003381
CAND-3382,kristy.lee.3382@example.com,Kristy,Lee,+1-555-0003382
CAND-3383,kevin.ford.3383@example.com,Kevin,Ford,+1-555-0003383
CAND-3384,thomas.johnson.3384@example.com,Thomas,Johnson,+1-555-0003384
CAND-3385,gabriel.hernandez.3385@example.com,Gabriel,Hernandez,+1-555-0003385
CAND-3386,jacqueline.maynard.3386@example.com,Jacqueline,Maynard,+1-555-0003386
CAND-3387,thomas.heath.3387@example.com,Thomas,Heath,+1-555-0003387
CAND-3388,brenda.harris.3388@example.com,Brenda,Harris,+1-555-0003388
CAND-3389,ashley.bass.3389@example.com,Ashley,Bass,+1-555-0003389
CAND-3390,brent.smith.3390@example.com,Brent,Smith,+1-555-0003390
CAND-3391,crystal.marquez.3391@example.com,Crystal,Marquez,+1-555-0003391
CAND-3392,tiffany.allison.3392@example.com,Tiffany,Allison,+1-555-0003392
CAND-3393,jillian.larson.3393@example.com,Jillian,Larson,+1-555-0003393
CAND-3394,angela.roberts.3394@example.com,Angela,Roberts,+1-555-0003394
CAND-3395,tony.tucker.3395@example.com,Tony,Tucker,+1-555-0003395
CAND-3396,brittany.carr.3396@example.com,Brittany,Carr,+1-555-0003396
CAND-3397,erika.velasquez.3397@example.com,Erika,Velasquez,+1-555-0003397
CAND-3398,tony.klein.3398@example.com,Tony,Klein,+1-555-0003398
CAND-3399,allison.henderson.3399@example.com,Allison,Henderson,+1-555-0003399
CAND-3400,leslie.brown.3400@example.com,Leslie,Brown,+1-555-0003400
CAND-3401,patricia.butler.3401@example.com,Patricia,Butler,+1-555-0003401
CAND-3402,thomas.simpson.3402@example.com,Thomas,Simpson,+1-555-0003402
CAND-3403,sheila.reed.3403@example.com,Sheila,Reed,+1-555-0003403
CAND-3404,heidi.smith.3404@example.com,Heidi,Smith,+1-555-0003404
CAND-3405,keith.lee.3405@example.com,Keith,Lee,+1-555-0003405
CAND-3406,maurice.hall.3406@example.com,Maurice,Hall,+1-555-0003406
CAND-3407,jeffrey.stout.3407@example.com,Jeffrey,Stout,+1-555-0003407
CAND-3408,matthew.guzman.3408@example.com,Matthew,Guzman,+1-555-0003408
CAND-3409,megan.sandoval.3409@example.com,Megan,Sandoval,+1-555-0003409
CAND-3410,david.carter.3410@example.com,David,Carter,+1-555-0003410
CAND-3411,jennifer.moyer.3411@example.com,Jennifer,Moyer,+1-555-0003411
CAND-3412,marissa.nunez.3412@example.com,Marissa,Nunez,+1-555-0003412
CAND-3413,jessica.flynn.3413@example.com,Jessica,Flynn,+1-555-0003413
CAND-3414,lauren.richard.3414@example.com,Lauren,Richard,+1-555-0003414
CAND-3415,christy.campbell.3415@example.com,Christy,Campbell,+1-555-0003415
CAND-3416,kara.estrada.3416@example.com,Kara,Estrada,+1-555-0003416
CAND-3417,david.gonzalez.3417@example.com,David,Gonzalez,+1-555-0003417
CAND-3418,catherine.garcia.3418@example.com,Catherine,Garcia,+1-555-0003418
CAND-3419,robert.chaney.3419@example.com,Robert,Chaney,+1-555-0003419
CAND-3420,kevin.clark.3420@example.com,Kevin,Clark,+1-555-0003420
CAND-3421,brandon.smith.3421@example.com,Brandon,Smith,+1-555-0003421
CAND-3422,nicole.kelly.3422@example.com,Nicole,Kelly,+1-555-0003422
CAND-3423,eric.clayton.3423@example.com,Eric,Clayton,+1-555-0003423
CAND-3424,patricia.johnson.3424@example.com,Patricia,Johnson,+1-555-0003424
CAND-3425,bryce.jordan.3425@example.com,Bryce,Jordan,+1-555-0003425
CAND-3426,christina.martinez.3426@example.com,Christina,Martinez,+1-555-0003426
CAND-3427,jeffrey.scott.3427@example.com,Jeffrey,Scott,+1-555-0003427
CAND-3428,matthew.kelly.3428@example.com,Matthew,Kelly,+1-555-0003428
CAND-3429,brandon.rich.3429@example.com,Brandon,Rich,+1-555-0003429
CAND-3430,joseph.hernandez.3430@example.com,Joseph,Hernandez,+1-555-0003430
CAND-3431,hannah.robertson.3431@example.com,Hannah,Robertson,+1-555-0003431
CAND-3432,elizabeth.mccarthy.3432@example.com,Elizabeth,Mccarthy,+1-555-0003432
CAND-3433,sara.kim.3433@example.com,Sara,Kim,+1-555-0003433
CAND-3434,stephen.skinner.3434@example.com,Stephen,Skinner,+1-555-0003434
CAND-3435,daniel.rodriguez.3435@example.com,Daniel,Rodriguez,+1-555-0003435
CAND-3436,cheryl.casey.3436@example.com,Cheryl,Casey,+1-555-0003436
CAND-3437,stacey.colon.3437@example.com,Stacey,Colon,+1-555-0003437
CAND-3438,bobby.garcia.3438@example.com,Bobby,Garcia,+1-555-0003438
CAND-3439,crystal.pitts.3439@example.com,Crystal,Pitts,+1-555-0003439
CAND-3440,rhonda.moore.3440@example.com,Rhonda,Moore,+1-555-0003440
CAND-3441,kelly.alexander.3441@example.com,Kelly,Alexander,+1-555-0003441
CAND-3442,william.oconnor.3442@example.com,William,Oconnor,+1-555-0003442
CAND-3443,cory.holland.3443@example.com,Cory,Holland,+1-555-0003443
CAND-3444,matthew.taylor.3444@example.com,Matthew,Taylor,+1-555-0003444
CAND-3445,melinda.gonzales.3445@example.com,Melinda,Gonzales,+1-555-0003445
CAND-3446,robert.mack.3446@example.com,Robert,Mack,+1-555-0003446
CAND-3447,john.lamb.3447@example.com,John,Lamb,+1-555-0003447
CAND-3448,matthew.wagner.3448@example.com,Matthew,Wagner,+1-555-0003448
CAND-3449,christopher.watson.3449@example.com,Christopher,Watson,+1-555-0003449
CAND-3450,kari.ward.3450@example.com,Kari,Ward,+1-555-0003450
CAND-3451,elizabeth.hernandez.3451@example.com,Elizabeth,Hernandez,+1-555-0003451
CAND-3452,karen.fisher.3452@example.com,Karen,Fisher,+1-555-0003452
CAND-3453,jeremy.pham.3453@example.com,Jeremy,Pham,+1-555-0003453
CAND-3454,robert.ortiz.3454@example.com,Robert,Ortiz,+1-555-0003454
CAND-3455,stephen.phelps.3455@example.com,Stephen,Phelps,+1-555-0003455
CAND-3456,laura.cox.3456@example.com,Laura,Cox,+1-555-0003456
CAND-3457,anthony.thomas.3457@example.com,Anthony,Thomas,+1-555-0003457
CAND-3458,alejandro.drake.3458@example.com,Alejandro,Drake,+1-555-0003458
CAND-3459,sherry.miller.3459@example.com,Sherry,Miller,+1-555-0003459
CAND-3460,leroy.holden.3460@example.com,Leroy,Holden,+1-555-0003460
CAND-3461,frank.brown.3461@example.com,Frank,Brown,+1-555-0003461
CAND-3462,katherine.keller.3462@example.com,Katherine,Keller,+1-555-0003462
CAND-3463,darlene.orr.3463@example.com,Darlene,Orr,+1-555-0003463
CAND-3464,brian.welch.3464@example.com,Brian,Welch,+1-555-0003464
CAND-3465,jennifer.guerrero.3465@example.com,Jennifer,Guerrero,+1-555-0003465
CAND-3466,april.phillips.3466@example.com,April,Phillips,+1-555-0003466
CAND-3467,richard.becker.3467@example.com,Richard,Becker,+1-555-0003467
CAND-3468,angela.torres.3468@example.com,Angela,Torres,+1-555-0003468
CAND-3469,julia.blankenship.3469@example.com,Julia,Blankenship,+1-555-0003469
CAND-3470,alan.ramirez.3470@example.com,Alan,Ramirez,+1-555-0003470
CAND-3471,allison.knapp.3471@example.com,Allison,Knapp,+1-555-0003471
CAND-3472,isabella.griffin.3472@example.com,Isabella,Griffin,+1-555-0003472
CAND-3473,jamie.stephens.3473@example.com,Jamie,Stephens,+1-555-0003473
CAND-3474,kristina.pearson.3474@example.com,Kristina,Pearson,+1-555-0003474
CAND-3475,heidi.barron.3475@example.com,Heidi,Barron,+1-555-0003475
CAND-3476,kimberly.sullivan.3476@example.com,Kimberly,Sullivan,+1-555-0003476
CAND-3477,james.turner.3477@example.com,James,Turner,+1-555-0003477
CAND-3478,benjamin.cook.3478@example.com,Benjamin,Cook,+1-555-0003478
CAND-3479,jessica.singh.3479@example.com,Jessica,Singh,+1-555-0003479
CAND-3480,david.braun.3480@example.com,David,Braun,+1-555-0003480
CAND-3481,justin.davis.3481@example.com,Justin,Davis,+1-555-0003481
CAND-3482,andrea.boyd.3482@example.com,Andrea,Boyd,+1-555-0003482
CAND-3483,katherine.moore.3483@example.com,Katherine,Moore,+1-555-0003483
CAND-3484,anthony.hogan.3484@example.com,Anthony,Hogan,+1-555-0003484
CAND-3485,brittany.allen.3485@example.com,Brittany,Allen,+1-555-0003485
CAND-3486,kim.barber.3486@example.com,Kim,Barber,+1-555-0003486
CAND-3487,valerie.rodriguez.3487@example.com,Valerie,Rodriguez,+1-555-0003487
CAND-3488,brian.watson.3488@example.com,Brian,Watson,+1-555-0003488
CAND-3489,courtney.gomez.3489@example.com,Courtney,Gomez,+1-555-0003489
CAND-3490,brandon.curtis.3490@example.com,Brandon,Curtis,+1-555-0003490
CAND-3491,david.evans.3491@example.com,David,Evans,+1-555-0003491
CAND-3492,jillian.chavez.3492@example.com,Jillian,Chavez,+1-555-0003492
CAND-3493,tonya.trujillo.3493@example.com,Tonya,Trujillo,+1-555-0003493
CAND-3494,vanessa.cunningham.3494@example.com,Vanessa,Cunningham,+1-555-0003494
CAND-3495,patricia.burton.3495@example.com,Patricia,Burton,+1-555-0003495
CAND-3496,amanda.larson.3496@example.com,Amanda,Larson,+1-555-0003496
CAND-3497,michael.mitchell.3497@example.com,Michael,Mitchell,+1-555-0003497
CAND-3498,kristen.espinoza.3498@example.com,Kristen,Espinoza,+1-555-0003498
CAND-3499,emily.klein.3499@example.com,Emily,Klein,+1-555-0003499
CAND-3500,april.wright.3500@example.com,April,Wright,+1-555-0003500
CAND-3501,mark.aguilar.3501@example.com,Mark,Aguilar,+1-555-0003501
CAND-3502,mackenzie.ward.3502@example.com,Mackenzie,Ward,+1-555-0003502
CAND-3503,corey.dawson.3503@example.com,Corey,Dawson,+1-555-0003503
CAND-3504,maria.miller.3504@example.com,Maria,Miller,+1-555-0003504
CAND-3505,bryan.beasley.3505@example.com,Bryan,Beasley,+1-555-0003505
CAND-3506,thomas.griffin.3506@example.com,Thomas,Griffin,+1-555-0003506
CAND-3507,mike.fox.3507@example.com,Mike,Fox,+1-555-0003507
CAND-3508,brianna.stone.3508@example.com,Brianna,Stone,+1-555-0003508
CAND-3509,ralph.baker.3509@example.com,Ralph,Baker,+1-555-0003509
CAND-3510,victor.henderson.3510@example.com,Victor,Henderson,+1-555-0003510
CAND-3511,scott.galvan.3511@example.com,Scott,Galvan,+1-555-0003511
CAND-3512,tracy.mcpherson.3512@example.com,Tracy,Mcpherson,+1-555-0003512
CAND-3513,madison.thomas.3513@example.com,Madison,Thomas,+1-555-0003513
CAND-3514,david.dawson.3514@example.com,David,Dawson,+1-555-0003514
CAND-3515,david.bush.3515@example.com,David,Bush,+1-555-0003515
CAND-3516,michelle.wilson.3516@example.com,Michelle,Wilson,+1-555-0003516
CAND-3517,jason.kennedy.3517@example.com,Jason,Kennedy,+1-555-0003517
CAND-3518,julie.raymond.3518@example.com,Julie,Raymond,+1-555-0003518
CAND-3519,mike.crane.3519@example.com,Mike,Crane,+1-555-0003519
CAND-3520,carolyn.ortiz.3520@example.com,Carolyn,Ortiz,+1-555-0003520
CAND-3521,david.armstrong.3521@example.com,David,Armstrong,+1-555-0003521
CAND-3522,billy.hernandez.3522@example.com,Billy,Hernandez,+1-555-0003522
CAND-3523,nathan.ritter.3523@example.com,Nathan,Ritter,+1-555-0003523
CAND-3524,kevin.tucker.3524@example.com,Kevin,Tucker,+1-555-0003524
CAND-3525,kylie.thomas.3525@example.com,Kylie,Thomas,+1-555-0003525
CAND-3526,brittany.williams.3526@example.com,Brittany,Williams,+1-555-0003526
CAND-3527,patricia.small.3527@example.com,Patricia,Small,+1-555-0003527
CAND-3528,jason.fuentes.3528@example.com,Jason,Fuentes,+1-555-0003528
CAND-3529,tracy.martinez.3529@example.com,Tracy,Martinez,+1-555-0003529
CAND-3530,michael.harrell.3530@example.com,Michael,Harrell,+1-555-0003530
CAND-3531,robert.berry.3531@example.com,Robert,Berry,+1-555-0003531
CAND-3532,ariel.mccullough.3532@example.com,Ariel,Mccullough,+1-555-0003532
CAND-3533,kimberly.alvarez.3533@example.com,Kimberly,Alvarez,+1-555-0003533
CAND-3534,jennifer.obrien.3534@example.com,Jennifer,Obrien,+1-555-0003534
CAND-3535,kathleen.wagner.3535@example.com,Kathleen,Wagner,+1-555-0003535
CAND-3536,steven.cole.3536@example.com,Steven,Cole,+1-555-0003536
CAND-3537,shane.cline.3537@example.com,Shane,Cline,+1-555-0003537
CAND-3538,mark.marsh.3538@example.com,Mark,Marsh,+1-555-0003538
CAND-3539,elizabeth.ortiz.3539@example.com,Elizabeth,Ortiz,+1-555-0003539
CAND-3540,jesse.foster.3540@example.com,Jesse,Foster,+1-555-0003540
CAND-3541,amber.rubio.3541@example.com,Amber,Rubio,+1-555-0003541
CAND-3542,pamela.fitzgerald.3542@example.com,Pamela,Fitzgerald,+1-555-0003542
CAND-3543,debbie.cline.3543@example.com,Debbie,Cline,+1-555-0003543
CAND-3544,jasmine.armstrong.3544@example.com,Jasmine,Armstrong,+1-555-0003544
CAND-3545,laura.zimmerman.3545@example.com,Laura,Zimmerman,+1-555-0003545
CAND-3546,ann.martinez.3546@example.com,Ann,Martinez,+1-555-0003546
CAND-3547,anita.lee.3547@example.com,Anita,Lee,+1-555-0003547
CAND-3548,christine.ray.3548@example.com,Christine,Ray,+1-555-0003548
CAND-3549,brian.hudson.3549@example.com,Brian,Hudson,+1-555-0003549
CAND-3550,jaime.alvarez.3550@example.com,Jaime,Alvarez,+1-555-0003550
CAND-3551,penny.martinez.3551@example.com,Penny,Martinez,+1-555-0003551
CAND-3552,sharon.white.3552@example.com,Sharon,White,+1-555-0003552
CAND-3553,andrew.buchanan.3553@example.com,Andrew,Buchanan,+1-555-0003553
CAND-3554,john.thornton.3554@example.com,John,Thornton,+1-555-0003554
CAND-3555,pam.wallace.3555@example.com,Pam,Wallace,+1-555-0003555
CAND-3556,lindsay.lawson.3556@example.com,Lindsay,Lawson,+1-555-0003556
CAND-3557,richard.williams.3557@example.com,Richard,Williams,+1-555-0003557
CAND-3558,michelle.johnson.3558@example.com,Michelle,Johnson,+1-555-0003558
CAND-3559,samuel.perry.3559@example.com,Samuel,Perry,+1-555-0003559
CAND-3560,michele.stewart.3560@example.com,Michele,Stewart,+1-555-0003560
CAND-3561,jonathan.wilson.3561@example.com,Jonathan,Wilson,+1-555-0003561
CAND-3562,cory.jackson.3562@example.com,Cory,Jackson,+1-555-0003562
CAND-3563,douglas.scott.3563@example.com,Douglas,Scott,+1-555-0003563
CAND-3564,christopher.parker.3564@example.com,Christopher,Parker,+1-555-0003564
CAND-3565,richard.jackson.3565@example.com,Richard,Jackson,+1-555-0003565
CAND-3566,christina.nguyen.3566@example.com,Christina,Nguyen,+1-555-0003566
CAND-3567,anthony.brown.3567@example.com,Anthony,Brown,+1-555-0003567
CAND-3568,peter.flores.3568@example.com,Peter,Flores,+1-555-0003568
CAND-3569,robert.nguyen.3569@example.com,Robert,Nguyen,+1-555-0003569
CAND-3570,nicholas.carey.3570@example.com,Nicholas,Carey,+1-555-0003570
CAND-3571,david.harris.3571@example.com,David,Harris,+1-555-0003571
CAND-3572,karen.willis.3572@example.com,Karen,Willis,+1-555-0003572
CAND-3573,trevor.goodwin.3573@example.com,Trevor,Goodwin,+1-555-0003573
CAND-3574,paul.wilson.3574@example.com,Paul,Wilson,+1-555-0003574
CAND-3575,bruce.marshall.3575@example.com,Bruce,Marshall,+1-555-0003575
CAND-3576,richard.washington.3576@example.com,Richard,Washington,+1-555-0003576
CAND-3577,rick.hall.3577@example.com,Rick,Hall,+1-555-0003577
CAND-3578,olivia.adams.3578@example.com,Olivia,Adams,+1-555-0003578
CAND-3579,tabitha.leonard.3579@example.com,Tabitha,Leonard,+1-555-0003579
CAND-3580,john.peters.3580@example.com,John,Peters,+1-555-0003580
CAND-3581,kristen.torres.3581@example.com,Kristen,Torres,+1-555-0003581
CAND-3582,richard.miller.3582@example.com,Richard,Miller,+1-555-0003582
CAND-3583,cynthia.harris.3583@example.com,Cynthia,Harris,+1-555-0003583
CAND-3584,tammy.brooks.3584@example.com,Tammy,Brooks,+1-555-0003584
CAND-3585,tricia.casey.3585@example.com,Tricia,Casey,+1-555-0003585
CAND-3586,amanda.henderson.3586@example.com,Amanda,Henderson,+1-555-0003586
CAND-3587,rhonda.hayes.3587@example.com,Rhonda,Hayes,+1-555-0003587
CAND-3588,aaron.marshall.3588@example.com,Aaron,Marshall,+1-555-0003588
CAND-3589,maria.roberts.3589@example.com,Maria,Roberts,+1-555-0003589
CAND-3590,teresa.smith.3590@example.com,Teresa,Smith,+1-555-0003590
CAND-3591,sarah.olson.3591@example.com,Sarah,Olson,+1-555-0003591
CAND-3592,carla.franco.3592@example.com,Carla,Franco,+1-555-0003592
CAND-3593,omar.bell.3593@example.com,Omar,Bell,+1-555-0003593
CAND-3594,crystal.richards.3594@example.com,Crystal,Richards,+1-555-0003594
CAND-3595,william.williams.3595@example.com,William,Williams,+1-555-0003595
CAND-3596,jocelyn.hart.3596@example.com,Jocelyn,Hart,+1-555-0003596
CAND-3597,kevin.foster.3597@example.com,Kevin,Foster,+1-555-0003597
CAND-3598,david.taylor.3598@example.com,David,Taylor,+1-555-0003598
CAND-3599,angela.ramirez.3599@example.com,Angela,Ramirez,+1-555-0003599
CAND-3600,ryan.bishop.3600@example.com,Ryan,Bishop,+1-555-0003600
CAND-3601,susan.flores.3601@example.com,Susan,Flores,+1-555-0003601
CAND-3602,evelyn.cooper.3602@example.com,Evelyn,Cooper,+1-555-0003602
CAND-3603,jose.mullins.3603@example.com,Jose,Mullins,+1-555-0003603
CAND-3604,shawn.sanchez.3604@example.com,Shawn,Sanchez,+1-555-0003604
CAND-3605,tonya.peterson.3605@example.com,Tonya,Peterson,+1-555-0003605
CAND-3606,steve.greene.3606@example.com,Steve,Greene,+1-555-0003606
CAND-3607,allen.holt.3607@example.com,Allen,Holt,+1-555-0003607
CAND-3608,deborah.smith.3608@example.com,Deborah,Smith,+1-555-0003608
CAND-3609,thomas.valenzuela.3609@example.com,Thomas,Valenzuela,+1-555-0003609
CAND-3610,emily.gutierrez.3610@example.com,Emily,Gutierrez,+1-555-0003610
CAND-3611,paula.warner.3611@example.com,Paula,Warner,+1-555-0003611
CAND-3612,kathryn.medina.3612@example.com,Kathryn,Medina,+1-555-0003612
CAND-3613,kristin.banks.3613@example.com,Kristin,Banks,+1-555-0003613
CAND-3614,chris.johnson.3614@example.com,Chris,Johnson,+1-555-0003614
CAND-3615,marilyn.powers.3615@example.com,Marilyn,Powers,+1-555-0003615
CAND-3616,emily.gomez.3616@example.com,Emily,Gomez,+1-555-0003616
CAND-3617,lisa.carey.3617@example.com,Lisa,Carey,+1-555-0003617
CAND-3618,michael.thompson.3618@example.com,Michael,Thompson,+1-555-0003618
CAND-3619,katrina.terry.3619@example.com,Katrina,Terry,+1-555-0003619
CAND-3620,alan.ford.3620@example.com,Alan,Ford,+1-555-0003620
CAND-3621,sharon.wallace.3621@example.com,Sharon,Wallace,+1-555-0003621
CAND-3622,jeffrey.smith.3622@example.com,Jeffrey,Smith,+1-555-0003622
CAND-3623,juan.morse.3623@example.com,Juan,Morse,+1-555-0003623
CAND-3624,michael.davis.3624@example.com,Michael,Davis,+1-555-0003624
CAND-3625,christina.turner.3625@example.com,Christina,Turner,+1-555-0003625
CAND-3626,jennifer.young.3626@example.com,Jennifer,Young,+1-555-0003626
CAND-3627,troy.cox.3627@example.com,Troy,Cox,+1-555-0003627
CAND-3628,juan.conway.3628@example.com,Juan,Conway,+1-555-0003628
CAND-3629,jasmine.clark.3629@example.com,Jasmine,Clark,+1-555-0003629
CAND-3630,james.nicholson.3630@example.com,James,Nicholson,+1-555-0003630
CAND-3631,randy.kane.3631@example.com,Randy,Kane,+1-555-0003631
CAND-3632,ashley.snyder.3632@example.com,Ashley,Snyder,+1-555-0003632
CAND-3633,andrea.keller.3633@example.com,Andrea,Keller,+1-555-0003633
CAND-3634,ariel.fleming.3634@example.com,Ariel,Fleming,+1-555-0003634
CAND-3635,annette.jones.3635@example.com,Annette,Jones,+1-555-0003635
CAND-3636,david.brown.3636@example.com,David,Brown,+1-555-0003636
CAND-3637,jordan.hudson.3637@example.com,Jordan,Hudson,+1-555-0003637
CAND-3638,jeremy.mills.3638@example.com,Jeremy,Mills,+1-555-0003638
CAND-3639,kimberly.lee.3639@example.com,Kimberly,Lee,+1-555-0003639
CAND-3640,erica.braun.3640@example.com,Erica,Braun,+1-555-0003640
CAND-3641,heather.patel.3641@example.com,Heather,Patel,+1-555-0003641
CAND-3642,johnny.castro.3642@example.com,Johnny,Castro,+1-555-0003642
CAND-3643,shawn.pace.3643@example.com,Shawn,Pace,+1-555-0003643
CAND-3644,danielle.hahn.3644@example.com,Danielle,Hahn,+1-555-0003644
CAND-3645,brett.mcmillan.3645@example.com,Brett,Mcmillan,+1-555-0003645
CAND-3646,ryan.carney.3646@example.com,Ryan,Carney,+1-555-0003646
CAND-3647,joshua.frazier.3647@example.com,Joshua,Frazier,+1-555-0003647
CAND-3648,steven.ward.3648@example.com,Steven,Ward,+1-555-0003648
CAND-3649,katherine.stephenson.3649@example.com,Katherine,Stephenson,+1-555-0003649
CAND-3650,jeffrey.ramirez.3650@example.com,Jeffrey,Ramirez,+1-555-0003650
CAND-3651,robert.cole.3651@example.com,Robert,Cole,+1-555-0003651
CAND-3652,adam.lee.3652@example.com,Adam,Lee,+1-555-0003652
CAND-3653,christopher.armstrong.3653@example.com,Christopher,Armstrong,+1-555-0003653
CAND-3654,anthony.mclaughlin.3654@example.com,Anthony,Mclaughlin,+1-555-0003654
CAND-3655,tiffany.coleman.3655@example.com,Tiffany,Coleman,+1-555-0003655
CAND-3656,charles.wright.3656@example.com,Charles,Wright,+1-555-0003656
CAND-3657,frank.collins.3657@example.com,Frank,Collins,+1-555-0003657
CAND-3658,connie.davis.3658@example.com,Connie,Davis,+1-555-0003658
CAND-3659,timothy.morton.3659@example.com,Timothy,Morton,+1-555-0003659
CAND-3660,brittany.sims.3660@example.com,Brittany,Sims,+1-555-0003660
CAND-3661,matthew.wright.3661@example.com,Matthew,Wright,+1-555-0003661
CAND-3662,daniel.allen.3662@example.com,Daniel,Allen,+1-555-0003662
CAND-3663,matthew.brown.3663@example.com,Matthew,Brown,+1-555-0003663
CAND-3664,matthew.bauer.3664@example.com,Matthew,Bauer,+1-555-0003664
CAND-3665,sherry.parsons.3665@example.com,Sherry,Parsons,+1-555-0003665
CAND-3666,christine.duran.3666@example.com,Christine,Duran,+1-555-0003666
CAND-3667,colleen.riley.3667@example.com,Colleen,Riley,+1-555-0003667
CAND-3668,christopher.brown.3668@example.com,Christopher,Brown,+1-555-0003668
CAND-3669,arthur.edwards.3669@example.com,Arthur,Edwards,+1-555-0003669
CAND-3670,melanie.brown.3670@example.com,Melanie,Brown,+1-555-0003670
CAND-3671,david.ellison.3671@example.com,David,Ellison,+1-555-0003671
CAND-3672,scott.turner.3672@example.com,Scott,Turner,+1-555-0003672
CAND-3673,connie.jones.3673@example.com,Connie,Jones,+1-555-0003673
CAND-3674,erica.hansen.3674@example.com,Erica,Hansen,+1-555-0003674
CAND-3675,kenneth.james.3675@example.com,Kenneth,James,+1-555-0003675
CAND-3676,cody.walton.3676@example.com,Cody,Walton,+1-555-0003676
CAND-3677,jesse.greene.3677@example.com,Jesse,Greene,+1-555-0003677
CAND-3678,donna.smith.3678@example.com,Donna,Smith,+1-555-0003678
CAND-3679,patrick.pope.3679@example.com,Patrick,Pope,+1-555-0003679
CAND-3680,nichole.harvey.3680@example.com,Nichole,Harvey,+1-555-0003680
CAND-3681,matthew.pace.3681@example.com,Matthew,Pace,+1-555-0003681
CAND-3682,krista.gibson.3682@example.com,Krista,Gibson,+1-555-0003682
CAND-3683,mark.lee.3683@example.com,Mark,Lee,+1-555-0003683
CAND-3684,curtis.larson.3684@example.com,Curtis,Larson,+1-555-0003684
CAND-3685,carlos.clarke.3685@example.com,Carlos,Clarke,+1-555-0003685
CAND-3686,james.berry.3686@example.com,James,Berry,+1-555-0003686
CAND-3687,dana.scott.3687@example.com,Dana,Scott,+1-555-0003687
CAND-3688,robert.hardy.3688@example.com,Robert,Hardy,+1-555-0003688
CAND-3689,sean.sanchez.3689@example.com,Sean,Sanchez,+1-555-0003689
CAND-3690,laura.brown.3690@example.com,Laura,Brown,+1-555-0003690
CAND-3691,larry.graham.3691@example.com,Larry,Graham,+1-555-0003691
CAND-3692,susan.webster.3692@example.com,Susan,Webster,+1-555-0003692
CAND-3693,larry.mcclure.3693@example.com,Larry,Mcclure,+1-555-0003693
CAND-3694,kimberly.hernandez.3694@example.com,Kimberly,Hernandez,+1-555-0003694
CAND-3695,kyle.cooper.3695@example.com,Kyle,Cooper,+1-555-0003695
CAND-3696,miguel.smith.3696@example.com,Miguel,Smith,+1-555-0003696
CAND-3697,brenda.gregory.3697@example.com,Brenda,Gregory,+1-555-0003697
CAND-3698,brian.hunter.3698@example.com,Brian,Hunter,+1-555-0003698
CAND-3699,mary.trevino.3699@example.com,Mary,Trevino,+1-555-0003699
CAND-3700,robert.gonzalez.3700@example.com,Robert,Gonzalez,+1-555-0003700
CAND-3701,james.kerr.3701@example.com,James,Kerr,+1-555-0003701
CAND-3702,kristen.peterson.3702@example.com,Kristen,Peterson,+1-555-0003702
CAND-3703,elizabeth.neal.3703@example.com,Elizabeth,Neal,+1-555-0003703
CAND-3704,tina.greene.3704@example.com,Tina,Greene,+1-555-0003704
CAND-3705,mark.lane.3705@example.com,Mark,Lane,+1-555-0003705
CAND-3706,sylvia.jensen.3706@example.com,Sylvia,Jensen,+1-555-0003706
CAND-3707,robert.martin.3707@example.com,Robert,Martin,+1-555-0003707
CAND-3708,shawn.mccormick.3708@example.com,Shawn,Mccormick,+1-555-0003708
CAND-3709,bobby.robinson.3709@example.com,Bobby,Robinson,+1-555-0003709
CAND-3710,adam.walker.3710@example.com,Adam,Walker,+1-555-0003710
CAND-3711,jerry.hanson.3711@example.com,Jerry,Hanson,+1-555-0003711
CAND-3712,john.navarro.3712@example.com,John,Navarro,+1-555-0003712
CAND-3713,stephanie.rivera.3713@example.com,Stephanie,Rivera,+1-555-0003713
CAND-3714,jody.harris.3714@example.com,Jody,Harris,+1-555-0003714
CAND-3715,jack.fritz.3715@example.com,Jack,Fritz,+1-555-0003715
CAND-3716,michael.jones.3716@example.com,Michael,Jones,+1-555-0003716
CAND-3717,anthony.wilson.3717@example.com,Anthony,Wilson,+1-555-0003717
CAND-3718,kelly.lee.3718@example.com,Kelly,Lee,+1-555-0003718
CAND-3719,brenda.cannon.3719@example.com,Brenda,Cannon,+1-555-0003719
CAND-3720,bradley.johnson.3720@example.com,Bradley,Johnson,+1-555-0003720
CAND-3721,james.thompson.3721@example.com,James,Thompson,+1-555-0003721
CAND-3722,nicole.higgins.3722@example.com,Nicole,Higgins,+1-555-0003722
CAND-3723,matthew.spencer.3723@example.com,Matthew,Spencer,+1-555-0003723
CAND-3724,gregory.smith.3724@example.com,Gregory,Smith,+1-555-0003724
CAND-3725,megan.lozano.3725@example.com,Megan,Lozano,+1-555-0003725
CAND-3726,andrew.byrd.3726@example.com,Andrew,Byrd,+1-555-0003726
CAND-3727,nicholas.cobb.3727@example.com,Nicholas,Cobb,+1-555-0003727
CAND-3728,daniel.boyle.3728@example.com,Daniel,Boyle,+1-555-0003728
CAND-3729,kevin.allen.3729@example.com,Kevin,Allen,+1-555-0003729
CAND-3730,lisa.guerrero.3730@example.com,Lisa,Guerrero,+1-555-0003730
CAND-3731,shelley.rowland.3731@example.com,Shelley,Rowland,+1-555-0003731
CAND-3732,whitney.keith.3732@example.com,Whitney,Keith,+1-555-0003732
CAND-3733,natalie.jones.3733@example.com,Natalie,Jones,+1-555-0003733
CAND-3734,drew.glass.3734@example.com,Drew,Glass,+1-555-0003734
CAND-3735,laura.lee.3735@example.com,Laura,Lee,+1-555-0003735
CAND-3736,nicholas.brooks.3736@example.com,Nicholas,Brooks,+1-555-0003736
CAND-3737,carol.rowland.3737@example.com,Carol,Rowland,+1-555-0003737
CAND-3738,john.williams.3738@example.com,John,Williams,+1-555-0003738
CAND-3739,christina.lopez.3739@example.com,Christina,Lopez,+1-555-0003739
CAND-3740,amanda.clarke.3740@example.com,Amanda,Clarke,+1-555-0003740
CAND-3741,mark.brown.3741@example.com,Mark,Brown,+1-555-0003741
CAND-3742,laura.salas.3742@example.com,Laura,Salas,+1-555-0003742
CAND-3743,melissa.schmitt.3743@example.com,Melissa,Schmitt,+1-555-0003743
CAND-3744,norma.clark.3744@example.com,Norma,Clark,+1-555-0003744
CAND-3745,christopher.ruiz.3745@example.com,Christopher,Ruiz,+1-555-0003745
CAND-3746,elizabeth.brown.3746@example.com,Elizabeth,Brown,+1-555-0003746
CAND-3747,william.potter.3747@example.com,William,Potter,+1-555-0003747
CAND-3748,deanna.hicks.3748@example.com,Deanna,Hicks,+1-555-0003748
CAND-3749,victor.marshall.3749@example.com,Victor,Marshall,+1-555-0003749
CAND-3750,marc.brooks.3750@example.com,Marc,Brooks,+1-555-0003750
CAND-3751,heather.baldwin.3751@example.com,Heather,Baldwin,+1-555-0003751
CAND-3752,troy.adams.3752@example.com,Troy,Adams,+1-555-0003752
CAND-3753,richard.morse.3753@example.com,Richard,Morse,+1-555-0003753
CAND-3754,brandy.johnson.3754@example.com,Brandy,Johnson,+1-555-0003754
CAND-3755,jeffrey.harris.3755@example.com,Jeffrey,Harris,+1-555-0003755
CAND-3756,michelle.foster.3756@example.com,Michelle,Foster,+1-555-0003756
CAND-3757,kevin.oneal.3757@example.com,Kevin,Oneal,+1-555-0003757
CAND-3758,ashley.walls.3758@example.com,Ashley,Walls,+1-555-0003758
CAND-3759,neil.pierce.3759@example.com,Neil,Pierce,+1-555-0003759
CAND-3760,dennis.miller.3760@example.com,Dennis,Miller,+1-555-0003760
CAND-3761,sean.bell.3761@example.com,Sean,Bell,+1-555-0003761
CAND-3762,brandy.marshall.3762@example.com,Brandy,Marshall,+1-555-0003762
CAND-3763,christine.simmons.3763@example.com,Christine,Simmons,+1-555-0003763
CAND-3764,taylor.ortiz.3764@example.com,Taylor,Ortiz,+1-555-0003764
CAND-3765,linda.stewart.3765@example.com,Linda,Stewart,+1-555-0003765
CAND-3766,patrick.white.3766@example.com,Patrick,White,+1-555-0003766
CAND-3767,jesus.brewer.3767@example.com,Jesus,Brewer,+1-555-0003767
CAND-3768,michael.miller.3768@example.com,Michael,Miller,+1-555-0003768
CAND-3769,megan.hunt.3769@example.com,Megan,Hunt,+1-555-0003769
CAND-3770,dawn.hartman.3770@example.com,Dawn,Hartman,+1-555-0003770
CAND-3771,sara.garcia.3771@example.com,Sara,Garcia,+1-555-0003771
CAND-3772,charles.johnson.3772@example.com,Charles,Johnson,+1-555-0003772
CAND-3773,james.gonzalez.3773@example.com,James,Gonzalez,+1-555-0003773
CAND-3774,mark.turner.3774@example.com,Mark,Turner,+1-555-0003774
CAND-3775,lisa.sutton.3775@example.com,Lisa,Sutton,+1-555-0003775
CAND-3776,joshua.thornton.3776@example.com,Joshua,Thornton,+1-555-0003776
CAND-3777,whitney.murillo.3777@example.com,Whitney,Murillo,+1-555-0003777
CAND-3778,karen.singh.3778@example.com,Karen,Singh,+1-555-0003778
CAND-3779,rita.smith.3779@example.com,Rita,Smith,+1-555-0003779
CAND-3780,kevin.short.3780@example.com,Kevin,Short,+1-555-0003780
CAND-3781,krista.powell.3781@example.com,Krista,Powell,+1-555-0003781
CAND-3782,richard.carpenter.3782@example.com,Richard,Carpenter,+1-555-0003782
CAND-3783,diana.kennedy.3783@example.com,Diana,Kennedy,+1-555-0003783
CAND-3784,william.juarez.3784@example.com,William,Juarez,+1-555-0003784
CAND-3785,edward.sanders.3785@example.com,Edward,Sanders,+1-555-0003785
CAND-3786,jeremy.curry.3786@example.com,Jeremy,Curry,+1-555-0003786
CAND-3787,thomas.black.3787@example.com,Thomas,Black,+1-555-0003787
CAND-3788,kristi.todd.3788@example.com,Kristi,Todd,+1-555-0003788
CAND-3789,jennifer.murray.3789@example.com,Jennifer,Murray,+1-555-0003789
CAND-3790,latoya.edwards.3790@example.com,Latoya,Edwards,+1-555-0003790
CAND-3791,jacob.carrillo.3791@example.com,Jacob,Carrillo,+1-555-0003791
CAND-3792,heidi.clark.3792@example.com,Heidi,Clark,+1-555-0003792
CAND-3793,shannon.hansen.3793@example.com,Shannon,Hansen,+1-555-0003793
CAND-3794,nicholas.ray.3794@example.com,Nicholas,Ray,+1-555-0003794
CAND-3795,david.harding.3795@example.com,David,Harding,+1-555-0003795
CAND-3796,alec.cochran.3796@example.com,Alec,Cochran,+1-555-0003796
CAND-3797,mary.morgan.3797@example.com,Mary,Morgan,+1-555-0003797
CAND-3798,robert.jennings.3798@example.com,Robert,Jennings,+1-555-0003798
CAND-3799,richard.osborne.3799@example.com,Richard,Osborne,+1-555-0003799
CAND-3800,amanda.nguyen.3800@example.com,Amanda,Nguyen,+1-555-0003800
CAND-3801,andrew.floyd.3801@example.com,Andrew,Floyd,+1-555-0003801
CAND-3802,sandra.hernandez.3802@example.com,Sandra,Hernandez,+1-555-0003802
CAND-3803,stephanie.rivera.3803@example.com,Stephanie,Rivera,+1-555-0003803
CAND-3804,crystal.morrison.3804@example.com,Crystal,Morrison,+1-555-0003804
CAND-3805,cathy.camacho.3805@example.com,Cathy,Camacho,+1-555-0003805
CAND-3806,tina.harris.3806@example.com,Tina,Harris,+1-555-0003806
CAND-3807,peter.ferguson.3807@example.com,Peter,Ferguson,+1-555-0003807
CAND-3808,jacob.rodriguez.3808@example.com,Jacob,Rodriguez,+1-555-0003808
CAND-3809,ashley.hayes.3809@example.com,Ashley,Hayes,+1-555-0003809
CAND-3810,patricia.davis.3810@example.com,Patricia,Davis,+1-555-0003810
CAND-3811,damon.tran.3811@example.com,Damon,Tran,+1-555-0003811
CAND-3812,antonio.barker.3812@example.com,Antonio,Barker,+1-555-0003812
CAND-3813,tracy.lopez.3813@example.com,Tracy,Lopez,+1-555-0003813
CAND-3814,chad.mccarty.3814@example.com,Chad,Mccarty,+1-555-0003814
CAND-3815,justin.hall.3815@example.com,Justin,Hall,+1-555-0003815
CAND-3816,donna.jones.3816@example.com,Donna,Jones,+1-555-0003816
CAND-3817,brian.stone.3817@example.com,Brian,Stone,+1-555-0003817
CAND-3818,george.heath.3818@example.com,George,Heath,+1-555-0003818
CAND-3819,robert.moore.3819@example.com,Robert,Moore,+1-555-0003819
CAND-3820,daniel.herrera.3820@example.com,Daniel,Herrera,+1-555-0003820
CAND-3821,timothy.jones.3821@example.com,Timothy,Jones,+1-555-0003821
CAND-3822,stephanie.glenn.3822@example.com,Stephanie,Glenn,+1-555-0003822
CAND-3823,david.harris.3823@example.com,David,Harris,+1-555-0003823
CAND-3824,ryan.mckinney.3824@example.com,Ryan,Mckinney,+1-555-0003824
CAND-3825,thomas.munoz.3825@example.com,Thomas,Munoz,+1-555-0003825
CAND-3826,sheila.matthews.3826@example.com,Sheila,Matthews,+1-555-0003826
CAND-3827,wayne.cohen.3827@example.com,Wayne,Cohen,+1-555-0003827
CAND-3828,joshua.smith.3828@example.com,Joshua,Smith,+1-555-0003828
CAND-3829,douglas.brown.3829@example.com,Douglas,Brown,+1-555-0003829
CAND-3830,reginald.aguirre.3830@example.com,Reginald,Aguirre,+1-555-0003830
CAND-3831,alicia.kent.3831@example.com,Alicia,Kent,+1-555-0003831
CAND-3832,natasha.stevens.3832@example.com,Natasha,Stevens,+1-555-0003832
CAND-3833,barbara.mclaughlin.3833@example.com,Barbara,Mclaughlin,+1-555-0003833
CAND-3834,keith.ibarra.3834@example.com,Keith,Ibarra,+1-555-0003834
CAND-3835,stephen.graves.3835@example.com,Stephen,Graves,+1-555-0003835
CAND-3836,jennifer.evans.3836@example.com,Jennifer,Evans,+1-555-0003836
CAND-3837,chloe.patrick.3837@example.com,Chloe,Patrick,+1-555-0003837
CAND-3838,gregory.wright.3838@example.com,Gregory,Wright,+1-555-0003838
CAND-3839,rachel.quinn.3839@example.com,Rachel,Quinn,+1-555-0003839
CAND-3840,stephen.bartlett.3840@example.com,Stephen,Bartlett,+1-555-0003840
CAND-3841,isaac.carroll.3841@example.com,Isaac,Carroll,+1-555-0003841
CAND-3842,phillip.bautista.3842@example.com,Phillip,Bautista,+1-555-0003842
CAND-3843,john.harrell.3843@example.com,John,Harrell,+1-555-0003843
CAND-3844,joshua.fuller.3844@example.com,Joshua,Fuller,+1-555-0003844
CAND-3845,kelly.hendricks.3845@example.com,Kelly,Hendricks,+1-555-0003845
CAND-3846,helen.bowen.3846@example.com,Helen,Bowen,+1-555-0003846
CAND-3847,jeff.snyder.3847@example.com,Jeff,Snyder,+1-555-0003847
CAND-3848,victoria.tran.3848@example.com,Victoria,Tran,+1-555-0003848
CAND-3849,wanda.jones.3849@example.com,Wanda,Jones,+1-555-0003849
CAND-3850,daniel.miranda.3850@example.com,Daniel,Miranda,+1-555-0003850
CAND-3851,mark.hayes.3851@example.com,Mark,Hayes,+1-555-0003851
CAND-3852,johnny.hunter.3852@example.com,Johnny,Hunter,+1-555-0003852
CAND-3853,steven.jones.3853@example.com,Steven,Jones,+1-555-0003853
CAND-3854,heather.brady.3854@example.com,Heather,Brady,+1-555-0003854
CAND-3855,patrick.reese.3855@example.com,Patrick,Reese,+1-555-0003855
CAND-3856,melissa.sanders.3856@example.com,Melissa,Sanders,+1-555-0003856
CAND-3857,alex.wilson.3857@example.com,Alex,Wilson,+1-555-0003857
CAND-3858,sally.murphy.3858@example.com,Sally,Murphy,+1-555-0003858
CAND-3859,kaitlyn.washington.3859@example.com,Kaitlyn,Washington,+1-555-0003859
CAND-3860,carlos.kelley.3860@example.com,Carlos,Kelley,+1-555-0003860
CAND-3861,john.dodson.3861@example.com,John,Dodson,+1-555-0003861
CAND-3862,donald.hoover.3862@example.com,Donald,Hoover,+1-555-0003862
CAND-3863,mckenzie.jackson.3863@example.com,Mckenzie,Jackson,+1-555-0003863
CAND-3864,andrew.garcia.3864@example.com,Andrew,Garcia,+1-555-0003864
CAND-3865,kelly.nichols.3865@example.com,Kelly,Nichols,+1-555-0003865
CAND-3866,peter.jones.3866@example.com,Peter,Jones,+1-555-0003866
CAND-3867,kathryn.byrd.3867@example.com,Kathryn,Byrd,+1-555-0003867
CAND-3868,eric.howard.3868@example.com,Eric,Howard,+1-555-0003868
CAND-3869,jay.johnson.3869@example.com,Jay,Johnson,+1-555-0003869
CAND-3870,emily.robinson.3870@example.com,Emily,Robinson,+1-555-0003870
CAND-3871,heather.copeland.3871@example.com,Heather,Copeland,+1-555-0003871
CAND-3872,lisa.davidson.3872@example.com,Lisa,Davidson,+1-555-0003872
CAND-3873,jennifer.prince.3873@example.com,Jennifer,Prince,+1-555-0003873
CAND-3874,peter.parker.3874@example.com,Peter,Parker,+1-555-0003874
CAND-3875,brian.smith.3875@example.com,Brian,Smith,+1-555-0003875
CAND-3876,kelsey.wang.3876@example.com,Kelsey,Wang,+1-555-0003876
CAND-3877,sarah.brooks.3877@example.com,Sarah,Brooks,+1-555-0003877
CAND-3878,john.davis.3878@example.com,John,Davis,+1-555-0003878
CAND-3879,robert.hays.3879@example.com,Robert,Hays,+1-555-0003879
CAND-3880,matthew.lee.3880@example.com,Matthew,Lee,+1-555-0003880
CAND-3881,elizabeth.walker.3881@example.com,Elizabeth,Walker,+1-555-0003881
CAND-3882,nicole.robles.3882@example.com,Nicole,Robles,+1-555-0003882
CAND-3883,maria.jackson.3883@example.com,Maria,Jackson,+1-555-0003883
CAND-3884,gary.perry.3884@example.com,Gary,Perry,+1-555-0003884
CAND-3885,daniel.murphy.3885@example.com,Daniel,Murphy,+1-555-0003885
CAND-3886,anna.lopez.3886@example.com,Anna,Lopez,+1-555-0003886
CAND-3887,jamie.weaver.3887@example.com,Jamie,Weaver,+1-555-0003887
CAND-3888,sheila.martinez.3888@example.com,Sheila,Martinez,+1-555-0003888
CAND-3889,jason.kelly.3889@example.com,Jason,Kelly,+1-555-0003889
CAND-3890,glenn.morales.3890@example.com,Glenn,Morales,+1-555-0003890
CAND-3891,leslie.price.3891@example.com,Leslie,Price,+1-555-0003891
CAND-3892,stephen.jones.3892@example.com,Stephen,Jones,+1-555-0003892
CAND-3893,lisa.santos.3893@example.com,Lisa,Santos,+1-555-0003893
CAND-3894,miguel.jones.3894@example.com,Miguel,Jones,+1-555-0003894
CAND-3895,jeffery.turner.3895@example.com,Jeffery,Turner,+1-555-0003895
CAND-3896,carol.bird.3896@example.com,Carol,Bird,+1-555-0003896
CAND-3897,cristian.herrera.3897@example.com,Cristian,Herrera,+1-555-0003897
CAND-3898,veronica.jefferson.3898@example.com,Veronica,Jefferson,+1-555-0003898
CAND-3899,george.haley.3899@example.com,George,Haley,+1-555-0003899
CAND-3900,carol.jarvis.3900@example.com,Carol,Jarvis,+1-555-0003900
CAND-3901,heather.gregory.3901@example.com,Heather,Gregory,+1-555-0003901
CAND-3902,teresa.benson.3902@example.com,Teresa,Benson,+1-555-0003902
CAND-3903,martin.reid.3903@example.com,Martin,Reid,+1-555-0003903
CAND-3904,nicole.stewart.3904@example.com,Nicole,Stewart,+1-555-0003904
CAND-3905,melissa.olson.3905@example.com,Melissa,Olson,+1-555-0003905
CAND-3906,matthew.franklin.3906@example.com,Matthew,Franklin,+1-555-0003906
CAND-3907,brenda.reyes.3907@example.com,Brenda,Reyes,+1-555-0003907
CAND-3908,danielle.hall.3908@example.com,Danielle,Hall,+1-555-0003908
CAND-3909,briana.mcneil.3909@example.com,Briana,Mcneil,+1-555-0003909
CAND-3910,jesse.jensen.3910@example.com,Jesse,Jensen,+1-555-0003910
CAND-3911,penny.parker.3911@example.com,Penny,Parker,+1-555-0003911
CAND-3912,joann.todd.3912@example.com,Joann,Todd,+1-555-0003912
CAND-3913,christine.brown.3913@example.com,Christine,Brown,+1-555-0003913
CAND-3914,nicholas.phillips.3914@example.com,Nicholas,Phillips,+1-555-0003914
CAND-3915,edward.harris.3915@example.com,Edward,Harris,+1-555-0003915
CAND-3916,benjamin.mclean.3916@example.com,Benjamin,Mclean,+1-555-0003916
CAND-3917,carly.bautista.3917@example.com,Carly,Bautista,+1-555-0003917
CAND-3918,jocelyn.murphy.3918@example.com,Jocelyn,Murphy,+1-555-0003918
CAND-3919,joshua.schneider.3919@example.com,Joshua,Schneider,+1-555-0003919
CAND-3920,kathleen.meyer.3920@example.com,Kathleen,Meyer,+1-555-0003920
CAND-3921,tiffany.wong.3921@example.com,Tiffany,Wong,+1-555-0003921
CAND-3922,keith.johnson.3922@example.com,Keith,Johnson,+1-555-0003922
CAND-3923,melanie.rivera.3923@example.com,Melanie,Rivera,+1-555-0003923
CAND-3924,john.ryan.3924@example.com,John,Ryan,+1-555-0003924
CAND-3925,rebecca.ortega.3925@example.com,Rebecca,Ortega,+1-555-0003925
CAND-3926,john.mcdaniel.3926@example.com,John,Mcdaniel,+1-555-0003926
CAND-3927,jennifer.franklin.3927@example.com,Jennifer,Franklin,+1-555-0003927
CAND-3928,patrick.morris.3928@example.com,Patrick,Morris,+1-555-0003928
CAND-3929,scott.smith.3929@example.com,Scott,Smith,+1-555-0003929
CAND-3930,molly.jones.3930@example.com,Molly,Jones,+1-555-0003930
CAND-3931,james.walters.3931@example.com,James,Walters,+1-555-0003931
CAND-3932,donald.harris.3932@example.com,Donald,Harris,+1-555-0003932
CAND-3933,christopher.watkins.3933@example.com,Christopher,Watkins,+1-555-0003933
CAND-3934,marie.frederick.3934@example.com,Marie,Frederick,+1-555-0003934
CAND-3935,joel.miller.3935@example.com,Joel,Miller,+1-555-0003935
CAND-3936,jessica.collins.3936@example.com,Jessica,Collins,+1-555-0003936
CAND-3937,jennifer.sanchez.3937@example.com,Jennifer,Sanchez,+1-555-0003937
CAND-3938,gregory.wright.3938@example.com,Gregory,Wright,+1-555-0003938
CAND-3939,justin.west.3939@example.com,Justin,West,+1-555-0003939
CAND-3940,cynthia.nelson.3940@example.com,Cynthia,Nelson,+1-555-0003940
CAND-3941,kimberly.miller.3941@example.com,Kimberly,Miller,+1-555-0003941
CAND-3942,teresa.sanders.3942@example.com,Teresa,Sanders,+1-555-0003942
CAND-3943,gary.alexander.3943@example.com,Gary,Alexander,+1-555-0003943
CAND-3944,william.moss.3944@example.com,William,Moss,+1-555-0003944
CAND-3945,kathleen.weiss.3945@example.com,Kathleen,Weiss,+1-555-0003945
CAND-3946,laura.smith.3946@example.com,Laura,Smith,+1-555-0003946
CAND-3947,patrick.dickerson.3947@example.com,Patrick,Dickerson,+1-555-0003947
CAND-3948,katherine.dorsey.3948@example.com,Katherine,Dorsey,+1-555-0003948
CAND-3949,brooke.hernandez.3949@example.com,Brooke,Hernandez,+1-555-0003949
CAND-3950,jessica.scott.3950@example.com,Jessica,Scott,+1-555-0003950
CAND-3951,steven.chavez.3951@example.com,Steven,Chavez,+1-555-0003951
CAND-3952,nicholas.obrien.3952@example.com,Nicholas,Obrien,+1-555-0003952
CAND-3953,charles.taylor.3953@example.com,Charles,Taylor,+1-555-0003953
CAND-3954,taylor.moore.3954@example.com,Taylor,Moore,+1-555-0003954
CAND-3955,jake.smith.3955@example.com,Jake,Smith,+1-555-0003955
CAND-3956,vincent.swanson.3956@example.com,Vincent,Swanson,+1-555-0003956
CAND-3957,travis.frost.3957@example.com,Travis,Frost,+1-555-0003957
CAND-3958,shelby.waller.3958@example.com,Shelby,Waller,+1-555-0003958
CAND-3959,nathan.burns.3959@example.com,Nathan,Burns,+1-555-0003959
CAND-3960,danielle.chapman.3960@example.com,Danielle,Chapman,+1-555-0003960
CAND-3961,riley.williams.3961@example.com,Riley,Williams,+1-555-0003961
CAND-3962,sandra.cruz.3962@example.com,Sandra,Cruz,+1-555-0003962
CAND-3963,ariel.lee.3963@example.com,Ariel,Lee,+1-555-0003963
CAND-3964,samuel.scott.3964@example.com,Samuel,Scott,+1-555-0003964
CAND-3965,robin.bowen.3965@example.com,Robin,Bowen,+1-555-0003965
CAND-3966,william.burns.3966@example.com,William,Burns,+1-555-0003966
CAND-3967,haley.horton.3967@example.com,Haley,Horton,+1-555-0003967
CAND-3968,debra.house.3968@example.com,Debra,House,+1-555-0003968
CAND-3969,jill.allen.3969@example.com,Jill,Allen,+1-555-0003969
CAND-3970,austin.li.3970@example.com,Austin,Li,+1-555-0003970
CAND-3971,crystal.rhodes.3971@example.com,Crystal,Rhodes,+1-555-0003971
CAND-3972,heidi.brewer.3972@example.com,Heidi,Brewer,+1-555-0003972
CAND-3973,jose.gibson.3973@example.com,Jose,Gibson,+1-555-0003973
CAND-3974,erin.king.3974@example.com,Erin,King,+1-555-0003974
CAND-3975,carrie.lynn.3975@example.com,Carrie,Lynn,+1-555-0003975
CAND-3976,mckenzie.smith.3976@example.com,Mckenzie,Smith,+1-555-0003976
CAND-3977,kelli.newman.3977@example.com,Kelli,Newman,+1-555-0003977
CAND-3978,sabrina.sanders.3978@example.com,Sabrina,Sanders,+1-555-0003978
CAND-3979,brenda.santana.3979@example.com,Brenda,Santana,+1-555-0003979
CAND-3980,april.lopez.3980@example.com,April,Lopez,+1-555-0003980
CAND-3981,rodney.gallegos.3981@example.com,Rodney,Gallegos,+1-555-0003981
CAND-3982,johnny.turner.3982@example.com,Johnny,Turner,+1-555-0003982
CAND-3983,tammy.barrett.3983@example.com,Tammy,Barrett,+1-555-0003983
CAND-3984,patrick.parker.3984@example.com,Patrick,Parker,+1-555-0003984
CAND-3985,robert.walter.3985@example.com,Robert,Walter,+1-555-0003985
CAND-3986,jessica.davis.3986@example.com,Jessica,Davis,+1-555-0003986
CAND-3987,daisy.frank.3987@example.com,Daisy,Frank,+1-555-0003987
CAND-3988,maxwell.thomas.3988@example.com,Maxwell,Thomas,+1-555-0003988
CAND-3989,kaitlyn.conrad.3989@example.com,Kaitlyn,Conrad,+1-555-0003989
CAND-3990,raymond.parker.3990@example.com,Raymond,Parker,+1-555-0003990
CAND-3991,valerie.velasquez.3991@example.com,Valerie,Velasquez,+1-555-0003991
CAND-3992,aaron.jones.3992@example.com,Aaron,Jones,+1-555-0003992
CAND-3993,heather.warren.3993@example.com,Heather,Warren,+1-555-0003993
CAND-3994,diamond.quinn.3994@example.com,Diamond,Quinn,+1-555-0003994
CAND-3995,george.brooks.3995@example.com,George,Brooks,+1-555-0003995
CAND-3996,jane.gonzalez.3996@example.com,Jane,Gonzalez,+1-555-0003996
CAND-3997,hunter.fry.3997@example.com,Hunter,Fry,+1-555-0003997
CAND-3998,shannon.olsen.3998@example.com,Shannon,Olsen,+1-555-0003998
CAND-3999,jacob.brown.3999@example.com,Jacob,Brown,+1-555-0003999
CAND-4000,ian.malone.4000@example.com,Ian,Malone,+1-555-0004000
CAND-4001,jordan.barrera.4001@example.com,Jordan,Barrera,+1-555-0004001
CAND-4002,riley.sims.4002@example.com,Riley,Sims,+1-555-0004002
CAND-4003,claudia.oneill.4003@example.com,Claudia,Oneill,+1-555-0004003
CAND-4004,gabriel.carter.4004@example.com,Gabriel,Carter,+1-555-0004004
CAND-4005,nicholas.hill.4005@example.com,Nicholas,Hill,+1-555-0004005
CAND-4006,matthew.richards.4006@example.com,Matthew,Richards,+1-555-0004006
CAND-4007,timothy.chambers.4007@example.com,Timothy,Chambers,+1-555-0004007
CAND-4008,craig.brown.4008@example.com,Craig,Brown,+1-555-0004008
CAND-4009,karen.smith.4009@example.com,Karen,Smith,+1-555-0004009
CAND-4010,brandi.huerta.4010@example.com,Brandi,Huerta,+1-555-0004010
CAND-4011,collin.boyd.4011@example.com,Collin,Boyd,+1-555-0004011
CAND-4012,adrian.morrison.4012@example.com,Adrian,Morrison,+1-555-0004012
CAND-4013,valerie.juarez.4013@example.com,Valerie,Juarez,+1-555-0004013
CAND-4014,sarah.kennedy.4014@example.com,Sarah,Kennedy,+1-555-0004014
CAND-4015,matthew.jordan.4015@example.com,Matthew,Jordan,+1-555-0004015
CAND-4016,nathan.wu.4016@example.com,Nathan,Wu,+1-555-0004016
CAND-4017,yvonne.montoya.4017@example.com,Yvonne,Montoya,+1-555-0004017
CAND-4018,shelley.ortega.4018@example.com,Shelley,Ortega,+1-555-0004018
CAND-4019,nicholas.brown.4019@example.com,Nicholas,Brown,+1-555-0004019
CAND-4020,michael.rivera.4020@example.com,Michael,Rivera,+1-555-0004020
CAND-4021,craig.bryant.4021@example.com,Craig,Bryant,+1-555-0004021
CAND-4022,holly.hardy.4022@example.com,Holly,Hardy,+1-555-0004022
CAND-4023,pamela.taylor.4023@example.com,Pamela,Taylor,+1-555-0004023
CAND-4024,carolyn.melton.4024@example.com,Carolyn,Melton,+1-555-0004024
CAND-4025,joshua.lyons.4025@example.com,Joshua,Lyons,+1-555-0004025
CAND-4026,lisa.richardson.4026@example.com,Lisa,Richardson,+1-555-0004026
CAND-4027,christine.hopkins.4027@example.com,Christine,Hopkins,+1-555-0004027
CAND-4028,thomas.gutierrez.4028@example.com,Thomas,Gutierrez,+1-555-0004028
CAND-4029,jacob.andersen.4029@example.com,Jacob,Andersen,+1-555-0004029
CAND-4030,susan.hess.4030@example.com,Susan,Hess,+1-555-0004030
CAND-4031,allen.ward.4031@example.com,Allen,Ward,+1-555-0004031
CAND-4032,brandon.aguirre.4032@example.com,Brandon,Aguirre,+1-555-0004032
CAND-4033,mark.wallace.4033@example.com,Mark,Wallace,+1-555-0004033
CAND-4034,catherine.ross.4034@example.com,Catherine,Ross,+1-555-0004034
CAND-4035,cheyenne.miller.4035@example.com,Cheyenne,Miller,+1-555-0004035
CAND-4036,ronnie.huynh.4036@example.com,Ronnie,Huynh,+1-555-0004036
CAND-4037,sarah.hatfield.4037@example.com,Sarah,Hatfield,+1-555-0004037
CAND-4038,mercedes.stein.4038@example.com,Mercedes,Stein,+1-555-0004038
CAND-4039,jessica.carter.4039@example.com,Jessica,Carter,+1-555-0004039
CAND-4040,james.thomas.4040@example.com,James,Thomas,+1-555-0004040
CAND-4041,abigail.armstrong.4041@example.com,Abigail,Armstrong,+1-555-0004041
CAND-4042,melissa.wagner.4042@example.com,Melissa,Wagner,+1-555-0004042
CAND-4043,david.robles.4043@example.com,David,Robles,+1-555-0004043
CAND-4044,kevin.nunez.4044@example.com,Kevin,Nunez,+1-555-0004044
CAND-4045,ana.baxter.4045@example.com,Ana,Baxter,+1-555-0004045
CAND-4046,gary.griffin.4046@example.com,Gary,Griffin,+1-555-0004046
CAND-4047,darrell.bates.4047@example.com,Darrell,Bates,+1-555-0004047
CAND-4048,john.lewis.4048@example.com,John,Lewis,+1-555-0004048
CAND-4049,karen.keller.4049@example.com,Karen,Keller,+1-555-0004049
CAND-4050,christopher.graham.4050@example.com,Christopher,Graham,+1-555-0004050
CAND-4051,jennifer.martin.4051@example.com,Jennifer,Martin,+1-555-0004051
CAND-4052,sarah.orr.4052@example.com,Sarah,Orr,+1-555-0004052
CAND-4053,katie.robinson.4053@example.com,Katie,Robinson,+1-555-0004053
CAND-4054,jonathan.alvarez.4054@example.com,Jonathan,Alvarez,+1-555-0004054
CAND-4055,priscilla.martinez.4055@example.com,Priscilla,Martinez,+1-555-0004055
CAND-4056,derek.nichols.4056@example.com,Derek,Nichols,+1-555-0004056
CAND-4057,jessica.davis.4057@example.com,Jessica,Davis,+1-555-0004057
CAND-4058,heather.wiggins.4058@example.com,Heather,Wiggins,+1-555-0004058
CAND-4059,sarah.miranda.4059@example.com,Sarah,Miranda,+1-555-0004059
CAND-4060,caroline.schneider.4060@example.com,Caroline,Schneider,+1-555-0004060
CAND-4061,nicholas.love.4061@example.com,Nicholas,Love,+1-555-0004061
CAND-4062,jill.james.4062@example.com,Jill,James,+1-555-0004062
CAND-4063,dawn.hoffman.4063@example.com,Dawn,Hoffman,+1-555-0004063
CAND-4064,melissa.stokes.4064@example.com,Melissa,Stokes,+1-555-0004064
CAND-4065,jeffrey.wilson.4065@example.com,Jeffrey,Wilson,+1-555-0004065
CAND-4066,christopher.davis.4066@example.com,Christopher,Davis,+1-555-0004066
CAND-4067,joy.pineda.4067@example.com,Joy,Pineda,+1-555-0004067
CAND-4068,julie.wilson.4068@example.com,Julie,Wilson,+1-555-0004068
CAND-4069,michael.castaneda.4069@example.com,Michael,Castaneda,+1-555-0004069
CAND-4070,stephanie.ray.4070@example.com,Stephanie,Ray,+1-555-0004070
CAND-4071,aaron.brown.4071@example.com,Aaron,Brown,+1-555-0004071
CAND-4072,amanda.boone.4072@example.com,Amanda,Boone,+1-555-0004072
CAND-4073,tina.flores.4073@example.com,Tina,Flores,+1-555-0004073
CAND-4074,michael.shelton.4074@example.com,Michael,Shelton,+1-555-0004074
CAND-4075,laura.meyer.4075@example.com,Laura,Meyer,+1-555-0004075
CAND-4076,carolyn.walker.4076@example.com,Carolyn,Walker,+1-555-0004076
CAND-4077,randall.medina.4077@example.com,Randall,Medina,+1-555-0004077
CAND-4078,steven.thomas.4078@example.com,Steven,Thomas,+1-555-0004078
CAND-4079,sherri.hood.4079@example.com,Sherri,Hood,+1-555-0004079
CAND-4080,vincent.bryant.4080@example.com,Vincent,Bryant,+1-555-0004080
CAND-4081,carolyn.thomas.4081@example.com,Carolyn,Thomas,+1-555-0004081
CAND-4082,elizabeth.solis.4082@example.com,Elizabeth,Solis,+1-555-0004082
CAND-4083,jacqueline.george.4083@example.com,Jacqueline,George,+1-555-0004083
CAND-4084,kyle.mooney.4084@example.com,Kyle,Mooney,+1-555-0004084
CAND-4085,david.shea.4085@example.com,David,Shea,+1-555-0004085
CAND-4086,jasmine.mendoza.4086@example.com,Jasmine,Mendoza,+1-555-0004086
CAND-4087,maria.simpson.4087@example.com,Maria,Simpson,+1-555-0004087
CAND-4088,janet.bennett.4088@example.com,Janet,Bennett,+1-555-0004088
CAND-4089,tina.cook.4089@example.com,Tina,Cook,+1-555-0004089
CAND-4090,maria.clark.4090@example.com,Maria,Clark,+1-555-0004090
CAND-4091,jessica.cochran.4091@example.com,Jessica,Cochran,+1-555-0004091
CAND-4092,isabella.williams.4092@example.com,Isabella,Williams,+1-555-0004092
CAND-4093,michelle.white.4093@example.com,Michelle,White,+1-555-0004093
CAND-4094,tony.myers.4094@example.com,Tony,Myers,+1-555-0004094
CAND-4095,tracey.hopkins.4095@example.com,Tracey,Hopkins,+1-555-0004095
CAND-4096,melinda.ritter.4096@example.com,Melinda,Ritter,+1-555-0004096
CAND-4097,amy.rogers.4097@example.com,Amy,Rogers,+1-555-0004097
CAND-4098,erica.mooney.4098@example.com,Erica,Mooney,+1-555-0004098
CAND-4099,katherine.myers.4099@example.com,Katherine,Myers,+1-555-0004099
CAND-4100,allison.campbell.4100@example.com,Allison,Campbell,+1-555-0004100
CAND-4101,heather.lee.4101@example.com,Heather,Lee,+1-555-0004101
CAND-4102,melissa.long.4102@example.com,Melissa,Long,+1-555-0004102
CAND-4103,david.goodwin.4103@example.com,David,Goodwin,+1-555-0004103
CAND-4104,betty.trujillo.4104@example.com,Betty,Trujillo,+1-555-0004104
CAND-4105,melissa.mckinney.4105@example.com,Melissa,Mckinney,+1-555-0004105
CAND-4106,stephen.martin.4106@example.com,Stephen,Martin,+1-555-0004106
CAND-4107,devin.dominguez.4107@example.com,Devin,Dominguez,+1-555-0004107
CAND-4108,kelly.thomas.4108@example.com,Kelly,Thomas,+1-555-0004108
CAND-4109,jeffery.goodman.4109@example.com,Jeffery,Goodman,+1-555-0004109
CAND-4110,jill.smith.4110@example.com,Jill,Smith,+1-555-0004110
CAND-4111,jessica.johnston.4111@example.com,Jessica,Johnston,+1-555-0004111
CAND-4112,erika.hinton.4112@example.com,Erika,Hinton,+1-555-0004112
CAND-4113,dylan.clements.4113@example.com,Dylan,Clements,+1-555-0004113
CAND-4114,ronald.skinner.4114@example.com,Ronald,Skinner,+1-555-0004114
CAND-4115,sara.davis.4115@example.com,Sara,Davis,+1-555-0004115
CAND-4116,terri.white.4116@example.com,Terri,White,+1-555-0004116
CAND-4117,brian.baird.4117@example.com,Brian,Baird,+1-555-0004117
CAND-4118,debra.watkins.4118@example.com,Debra,Watkins,+1-555-0004118
CAND-4119,tara.sims.4119@example.com,Tara,Sims,+1-555-0004119
CAND-4120,richard.johnson.4120@example.com,Richard,Johnson,+1-555-0004120
CAND-4121,john.burns.4121@example.com,John,Burns,+1-555-0004121
CAND-4122,hailey.blevins.4122@example.com,Hailey,Blevins,+1-555-0004122
CAND-4123,denise.bennett.4123@example.com,Denise,Bennett,+1-555-0004123
CAND-4124,heather.pope.4124@example.com,Heather,Pope,+1-555-0004124
CAND-4125,donna.strickland.4125@example.com,Donna,Strickland,+1-555-0004125
CAND-4126,michelle.santos.4126@example.com,Michelle,Santos,+1-555-0004126
CAND-4127,joshua.delgado.4127@example.com,Joshua,Delgado,+1-555-0004127
CAND-4128,michael.wilson.4128@example.com,Michael,Wilson,+1-555-0004128
CAND-4129,christopher.burns.4129@example.com,Christopher,Burns,+1-555-0004129
CAND-4130,elizabeth.hicks.4130@example.com,Elizabeth,Hicks,+1-555-0004130
CAND-4131,andrew.berry.4131@example.com,Andrew,Berry,+1-555-0004131
CAND-4132,ashley.hill.4132@example.com,Ashley,Hill,+1-555-0004132
CAND-4133,julie.bauer.4133@example.com,Julie,Bauer,+1-555-0004133
CAND-4134,herbert.washington.4134@example.com,Herbert,Washington,+1-555-0004134
CAND-4135,deanna.hamilton.4135@example.com,Deanna,Hamilton,+1-555-0004135
CAND-4136,ashley.garcia.4136@example.com,Ashley,Garcia,+1-555-0004136
CAND-4137,bryan.stout.4137@example.com,Bryan,Stout,+1-555-0004137
CAND-4138,laura.lopez.4138@example.com,Laura,Lopez,+1-555-0004138
CAND-4139,lisa.smith.4139@example.com,Lisa,Smith,+1-555-0004139
CAND-4140,angela.herrera.4140@example.com,Angela,Herrera,+1-555-0004140
CAND-4141,lisa.freeman.4141@example.com,Lisa,Freeman,+1-555-0004141
CAND-4142,april.richards.4142@example.com,April,Richards,+1-555-0004142
CAND-4143,jennifer.tyler.4143@example.com,Jennifer,Tyler,+1-555-0004143
CAND-4144,david.mullins.4144@example.com,David,Mullins,+1-555-0004144
CAND-4145,tammy.merritt.4145@example.com,Tammy,Merritt,+1-555-0004145
CAND-4146,henry.george.4146@example.com,Henry,George,+1-555-0004146
CAND-4147,hector.peters.4147@example.com,Hector,Peters,+1-555-0004147
CAND-4148,lauren.martinez.4148@example.com,Lauren,Martinez,+1-555-0004148
CAND-4149,david.harris.4149@example.com,David,Harris,+1-555-0004149
CAND-4150,evan.hart.4150@example.com,Evan,Hart,+1-555-0004150
CAND-4151,melissa.johnson.4151@example.com,Melissa,Johnson,+1-555-0004151
CAND-4152,tina.hunter.4152@example.com,Tina,Hunter,+1-555-0004152
CAND-4153,michael.stephens.4153@example.com,Michael,Stephens,+1-555-0004153
CAND-4154,rodney.landry.4154@example.com,Rodney,Landry,+1-555-0004154
CAND-4155,aaron.turner.4155@example.com,Aaron,Turner,+1-555-0004155
CAND-4156,sophia.stone.4156@example.com,Sophia,Stone,+1-555-0004156
CAND-4157,kirsten.hopkins.4157@example.com,Kirsten,Hopkins,+1-555-0004157
CAND-4158,sean.ray.4158@example.com,Sean,Ray,+1-555-0004158
CAND-4159,heather.mills.4159@example.com,Heather,Mills,+1-555-0004159
CAND-4160,valerie.bell.4160@example.com,Valerie,Bell,+1-555-0004160
CAND-4161,amanda.clark.4161@example.com,Amanda,Clark,+1-555-0004161
CAND-4162,corey.weiss.4162@example.com,Corey,Weiss,+1-555-0004162
CAND-4163,joel.lopez.4163@example.com,Joel,Lopez,+1-555-0004163
CAND-4164,kevin.wall.4164@example.com,Kevin,Wall,+1-555-0004164
CAND-4165,susan.guzman.4165@example.com,Susan,Guzman,+1-555-0004165
CAND-4166,jason.howard.4166@example.com,Jason,Howard,+1-555-0004166
CAND-4167,david.dean.4167@example.com,David,Dean,+1-555-0004167
CAND-4168,charles.scott.4168@example.com,Charles,Scott,+1-555-0004168
CAND-4169,patrick.mckee.4169@example.com,Patrick,Mckee,+1-555-0004169
CAND-4170,ricardo.miller.4170@example.com,Ricardo,Miller,+1-555-0004170
CAND-4171,jonathan.coleman.4171@example.com,Jonathan,Coleman,+1-555-0004171
CAND-4172,heather.herrera.4172@example.com,Heather,Herrera,+1-555-0004172
CAND-4173,chad.oconnor.4173@example.com,Chad,Oconnor,+1-555-0004173
CAND-4174,wanda.terry.4174@example.com,Wanda,Terry,+1-555-0004174
CAND-4175,james.watson.4175@example.com,James,Watson,+1-555-0004175
CAND-4176,diane.hoover.4176@example.com,Diane,Hoover,+1-555-0004176
CAND-4177,cassidy.barnes.4177@example.com,Cassidy,Barnes,+1-555-0004177
CAND-4178,eric.riddle.4178@example.com,Eric,Riddle,+1-555-0004178
CAND-4179,ryan.johnson.4179@example.com,Ryan,Johnson,+1-555-0004179
CAND-4180,cassandra.jones.4180@example.com,Cassandra,Jones,+1-555-0004180
CAND-4181,david.rodriguez.4181@example.com,David,Rodriguez,+1-555-0004181
CAND-4182,amy.jones.4182@example.com,Amy,Jones,+1-555-0004182
CAND-4183,danielle.cox.4183@example.com,Danielle,Cox,+1-555-0004183
CAND-4184,matthew.nelson.4184@example.com,Matthew,Nelson,+1-555-0004184
CAND-4185,misty.perez.4185@example.com,Misty,Perez,+1-555-0004185
CAND-4186,alejandro.bennett.4186@example.com,Alejandro,Bennett,+1-555-0004186
CAND-4187,tanya.gray.4187@example.com,Tanya,Gray,+1-555-0004187
CAND-4188,daniel.frost.4188@example.com,Daniel,Frost,+1-555-0004188
CAND-4189,gregory.chandler.4189@example.com,Gregory,Chandler,+1-555-0004189
CAND-4190,kristopher.nicholson.4190@example.com,Kristopher,Nicholson,+1-555-0004190
CAND-4191,tracy.rice.4191@example.com,Tracy,Rice,+1-555-0004191
CAND-4192,jackie.grimes.4192@example.com,Jackie,Grimes,+1-555-0004192
CAND-4193,andrea.lawson.4193@example.com,Andrea,Lawson,+1-555-0004193
CAND-4194,peggy.jackson.4194@example.com,Peggy,Jackson,+1-555-0004194
CAND-4195,stacey.price.4195@example.com,Stacey,Price,+1-555-0004195
CAND-4196,michael.figueroa.4196@example.com,Michael,Figueroa,+1-555-0004196
CAND-4197,tammy.schmidt.4197@example.com,Tammy,Schmidt,+1-555-0004197
CAND-4198,brooke.atkinson.4198@example.com,Brooke,Atkinson,+1-555-0004198
CAND-4199,thomas.anderson.4199@example.com,Thomas,Anderson,+1-555-0004199
CAND-4200,albert.palmer.4200@example.com,Albert,Palmer,+1-555-0004200
CAND-4201,eric.martinez.4201@example.com,Eric,Martinez,+1-555-0004201
CAND-4202,nicholas.moss.4202@example.com,Nicholas,Moss,+1-555-0004202
CAND-4203,brian.swanson.4203@example.com,Brian,Swanson,+1-555-0004203
CAND-4204,terri.zimmerman.4204@example.com,Terri,Zimmerman,+1-555-0004204
CAND-4205,john.franklin.4205@example.com,John,Franklin,+1-555-0004205
CAND-4206,jasmine.white.4206@example.com,Jasmine,White,+1-555-0004206
CAND-4207,valerie.lindsey.4207@example.com,Valerie,Lindsey,+1-555-0004207
CAND-4208,wayne.hill.4208@example.com,Wayne,Hill,+1-555-0004208
CAND-4209,ronald.david.4209@example.com,Ronald,David,+1-555-0004209
CAND-4210,nicole.cervantes.4210@example.com,Nicole,Cervantes,+1-555-0004210
CAND-4211,kevin.hodge.4211@example.com,Kevin,Hodge,+1-555-0004211
CAND-4212,stacey.russell.4212@example.com,Stacey,Russell,+1-555-0004212
CAND-4213,lawrence.davis.4213@example.com,Lawrence,Davis,+1-555-0004213
CAND-4214,christopher.blair.4214@example.com,Christopher,Blair,+1-555-0004214
CAND-4215,shirley.martin.4215@example.com,Shirley,Martin,+1-555-0004215
CAND-4216,brian.paul.4216@example.com,Brian,Paul,+1-555-0004216
CAND-4217,angela.vasquez.4217@example.com,Angela,Vasquez,+1-555-0004217
CAND-4218,nancy.hayden.4218@example.com,Nancy,Hayden,+1-555-0004218
CAND-4219,roger.romero.4219@example.com,Roger,Romero,+1-555-0004219
CAND-4220,jessica.castillo.4220@example.com,Jessica,Castillo,+1-555-0004220
CAND-4221,zachary.cuevas.4221@example.com,Zachary,Cuevas,+1-555-0004221
CAND-4222,pamela.wolfe.4222@example.com,Pamela,Wolfe,+1-555-0004222
CAND-4223,richard.jensen.4223@example.com,Richard,Jensen,+1-555-0004223
CAND-4224,rhonda.reese.4224@example.com,Rhonda,Reese,+1-555-0004224
CAND-4225,jennifer.park.4225@example.com,Jennifer,Park,+1-555-0004225
CAND-4226,kara.sanchez.4226@example.com,Kara,Sanchez,+1-555-0004226
CAND-4227,joanne.tapia.4227@example.com,Joanne,Tapia,+1-555-0004227
CAND-4228,madeline.beard.4228@example.com,Madeline,Beard,+1-555-0004228
CAND-4229,allison.lynch.4229@example.com,Allison,Lynch,+1-555-0004229
CAND-4230,catherine.oconnell.4230@example.com,Catherine,Oconnell,+1-555-0004230
CAND-4231,emily.macias.4231@example.com,Emily,Macias,+1-555-0004231
CAND-4232,alexandra.walker.4232@example.com,Alexandra,Walker,+1-555-0004232
CAND-4233,charles.franco.4233@example.com,Charles,Franco,+1-555-0004233
CAND-4234,willie.farley.4234@example.com,Willie,Farley,+1-555-0004234
CAND-4235,roberto.gray.4235@example.com,Roberto,Gray,+1-555-0004235
CAND-4236,nathaniel.wilson.4236@example.com,Nathaniel,Wilson,+1-555-0004236
CAND-4237,robin.wright.4237@example.com,Robin,Wright,+1-555-0004237
CAND-4238,amber.miranda.4238@example.com,Amber,Miranda,+1-555-0004238
CAND-4239,david.evans.4239@example.com,David,Evans,+1-555-0004239
CAND-4240,kelly.lewis.4240@example.com,Kelly,Lewis,+1-555-0004240
CAND-4241,joann.carroll.4241@example.com,Joann,Carroll,+1-555-0004241
CAND-4242,jeff.torres.4242@example.com,Jeff,Torres,+1-555-0004242
CAND-4243,sarah.day.4243@example.com,Sarah,Day,+1-555-0004243
CAND-4244,margaret.johnson.4244@example.com,Margaret,Johnson,+1-555-0004244
CAND-4245,steven.williamson.4245@example.com,Steven,Williamson,+1-555-0004245
CAND-4246,tracy.kelly.4246@example.com,Tracy,Kelly,+1-555-0004246
CAND-4247,christina.murphy.4247@example.com,Christina,Murphy,+1-555-0004247
CAND-4248,michael.smith.4248@example.com,Michael,Smith,+1-555-0004248
CAND-4249,pamela.lopez.4249@example.com,Pamela,Lopez,+1-555-0004249
CAND-4250,michael.garcia.4250@example.com,Michael,Garcia,+1-555-0004250
CAND-4251,travis.miller.4251@example.com,Travis,Miller,+1-555-0004251
CAND-4252,willie.hernandez.4252@example.com,Willie,Hernandez,+1-555-0004252
CAND-4253,david.freeman.4253@example.com,David,Freeman,+1-555-0004253
CAND-4254,eric.douglas.4254@example.com,Eric,Douglas,+1-555-0004254
CAND-4255,jeremy.foster.4255@example.com,Jeremy,Foster,+1-555-0004255
CAND-4256,kevin.patterson.4256@example.com,Kevin,Patterson,+1-555-0004256
CAND-4257,ian.cain.4257@example.com,Ian,Cain,+1-555-0004257
CAND-4258,daniel.gonzales.4258@example.com,Daniel,Gonzales,+1-555-0004258
CAND-4259,mary.martin.4259@example.com,Mary,Martin,+1-555-0004259
CAND-4260,michael.hamilton.4260@example.com,Michael,Hamilton,+1-555-0004260
CAND-4261,michael.harrell.4261@example.com,Michael,Harrell,+1-555-0004261
CAND-4262,james.lopez.4262@example.com,James,Lopez,+1-555-0004262
CAND-4263,billy.foster.4263@example.com,Billy,Foster,+1-555-0004263
CAND-4264,julie.santana.4264@example.com,Julie,Santana,+1-555-0004264
CAND-4265,ethan.gonzalez.4265@example.com,Ethan,Gonzalez,+1-555-0004265
CAND-4266,timothy.ortega.4266@example.com,Timothy,Ortega,+1-555-0004266
CAND-4267,joseph.fisher.4267@example.com,Joseph,Fisher,+1-555-0004267
CAND-4268,andrea.marsh.4268@example.com,Andrea,Marsh,+1-555-0004268
CAND-4269,jennifer.nguyen.4269@example.com,Jennifer,Nguyen,+1-555-0004269
CAND-4270,kathy.macias.4270@example.com,Kathy,Macias,+1-555-0004270
CAND-4271,warren.mclean.4271@example.com,Warren,Mclean,+1-555-0004271
CAND-4272,megan.price.4272@example.com,Megan,Price,+1-555-0004272
CAND-4273,daniel.rodriguez.4273@example.com,Daniel,Rodriguez,+1-555-0004273
CAND-4274,andrew.moore.4274@example.com,Andrew,Moore,+1-555-0004274
CAND-4275,vincent.saunders.4275@example.com,Vincent,Saunders,+1-555-0004275
CAND-4276,joel.gregory.4276@example.com,Joel,Gregory,+1-555-0004276
CAND-4277,matthew.bray.4277@example.com,Matthew,Bray,+1-555-0004277
CAND-4278,joan.hamilton.4278@example.com,Joan,Hamilton,+1-555-0004278
CAND-4279,keith.tucker.4279@example.com,Keith,Tucker,+1-555-0004279
CAND-4280,kathleen.wright.4280@example.com,Kathleen,Wright,+1-555-0004280
CAND-4281,elijah.dixon.4281@example.com,Elijah,Dixon,+1-555-0004281
CAND-4282,john.wang.4282@example.com,John,Wang,+1-555-0004282
CAND-4283,michelle.gamble.4283@example.com,Michelle,Gamble,+1-555-0004283
CAND-4284,john.hoover.4284@example.com,John,Hoover,+1-555-0004284
CAND-4285,james.mccarthy.4285@example.com,James,Mccarthy,+1-555-0004285
CAND-4286,lisa.haynes.4286@example.com,Lisa,Haynes,+1-555-0004286
CAND-4287,wayne.white.4287@example.com,Wayne,White,+1-555-0004287
CAND-4288,victoria.garza.4288@example.com,Victoria,Garza,+1-555-0004288
CAND-4289,cynthia.perez.4289@example.com,Cynthia,Perez,+1-555-0004289
CAND-4290,david.johnson.4290@example.com,David,Johnson,+1-555-0004290
CAND-4291,veronica.hickman.4291@example.com,Veronica,Hickman,+1-555-0004291
CAND-4292,ronald.jensen.4292@example.com,Ronald,Jensen,+1-555-0004292
CAND-4293,christopher.williams.4293@example.com,Christopher,Williams,+1-555-0004293
CAND-4294,richard.torres.4294@example.com,Richard,Torres,+1-555-0004294
CAND-4295,cynthia.hall.4295@example.com,Cynthia,Hall,+1-555-0004295
CAND-4296,matthew.mendoza.4296@example.com,Matthew,Mendoza,+1-555-0004296
CAND-4297,william.schneider.4297@example.com,William,Schneider,+1-555-0004297
CAND-4298,kevin.adams.4298@example.com,Kevin,Adams,+1-555-0004298
CAND-4299,juan.bell.4299@example.com,Juan,Bell,+1-555-0004299
CAND-4300,robert.flores.4300@example.com,Robert,Flores,+1-555-0004300
CAND-4301,brandon.williams.4301@example.com,Brandon,Williams,+1-555-0004301
CAND-4302,brett.garner.4302@example.com,Brett,Garner,+1-555-0004302
CAND-4303,jason.kennedy.4303@example.com,Jason,Kennedy,+1-555-0004303
CAND-4304,rebekah.garcia.4304@example.com,Rebekah,Garcia,+1-555-0004304
CAND-4305,jack.vaughan.4305@example.com,Jack,Vaughan,+1-555-0004305
CAND-4306,michael.torres.4306@example.com,Michael,Torres,+1-555-0004306
CAND-4307,collin.smith.4307@example.com,Collin,Smith,+1-555-0004307
CAND-4308,andrea.atkins.4308@example.com,Andrea,Atkins,+1-555-0004308
CAND-4309,mark.figueroa.4309@example.com,Mark,Figueroa,+1-555-0004309
CAND-4310,michael.maxwell.4310@example.com,Michael,Maxwell,+1-555-0004310
CAND-4311,allison.watson.4311@example.com,Allison,Watson,+1-555-0004311
CAND-4312,debra.clark.4312@example.com,Debra,Clark,+1-555-0004312
CAND-4313,patrick.eaton.4313@example.com,Patrick,Eaton,+1-555-0004313
CAND-4314,david.newton.4314@example.com,David,Newton,+1-555-0004314
CAND-4315,david.willis.4315@example.com,David,Willis,+1-555-0004315
CAND-4316,rhonda.pena.4316@example.com,Rhonda,Pena,+1-555-0004316
CAND-4317,james.bush.4317@example.com,James,Bush,+1-555-0004317
CAND-4318,sara.jones.4318@example.com,Sara,Jones,+1-555-0004318
CAND-4319,amy.cooper.4319@example.com,Amy,Cooper,+1-555-0004319
CAND-4320,jessica.mayo.4320@example.com,Jessica,Mayo,+1-555-0004320
CAND-4321,james.le.4321@example.com,James,Le,+1-555-0004321
CAND-4322,bradley.lee.4322@example.com,Bradley,Lee,+1-555-0004322
CAND-4323,andrea.king.4323@example.com,Andrea,King,+1-555-0004323
CAND-4324,natalie.castaneda.4324@example.com,Natalie,Castaneda,+1-555-0004324
CAND-4325,rebecca.hester.4325@example.com,Rebecca,Hester,+1-555-0004325
CAND-4326,patricia.west.4326@example.com,Patricia,West,+1-555-0004326
CAND-4327,jennifer.bartlett.4327@example.com,Jennifer,Bartlett,+1-555-0004327
CAND-4328,carlos.barnes.4328@example.com,Carlos,Barnes,+1-555-0004328
CAND-4329,sarah.gordon.4329@example.com,Sarah,Gordon,+1-555-0004329
CAND-4330,andrew.greene.4330@example.com,Andrew,Greene,+1-555-0004330
CAND-4331,heather.anderson.4331@example.com,Heather,Anderson,+1-555-0004331
CAND-4332,brandon.knight.4332@example.com,Brandon,Knight,+1-555-0004332
CAND-4333,laura.benson.4333@example.com,Laura,Benson,+1-555-0004333
CAND-4334,joy.sanders.4334@example.com,Joy,Sanders,+1-555-0004334
CAND-4335,gail.berg.4335@example.com,Gail,Berg,+1-555-0004335
CAND-4336,teresa.martin.4336@example.com,Teresa,Martin,+1-555-0004336
CAND-4337,karen.cruz.4337@example.com,Karen,Cruz,+1-555-0004337
CAND-4338,kimberly.morales.4338@example.com,Kimberly,Morales,+1-555-0004338
CAND-4339,joseph.white.4339@example.com,Joseph,White,+1-555-0004339
CAND-4340,ernest.robinson.4340@example.com,Ernest,Robinson,+1-555-0004340
CAND-4341,heather.suarez.4341@example.com,Heather,Suarez,+1-555-0004341
CAND-4342,krystal.gibson.4342@example.com,Krystal,Gibson,+1-555-0004342
CAND-4343,jasmine.warren.4343@example.com,Jasmine,Warren,+1-555-0004343
CAND-4344,kevin.robinson.4344@example.com,Kevin,Robinson,+1-555-0004344
CAND-4345,jeanette.arnold.4345@example.com,Jeanette,Arnold,+1-555-0004345
CAND-4346,george.williams.4346@example.com,George,Williams,+1-555-0004346
CAND-4347,john.williams.4347@example.com,John,Williams,+1-555-0004347
CAND-4348,eddie.stephenson.4348@example.com,Eddie,Stephenson,+1-555-0004348
CAND-4349,sara.nelson.4349@example.com,Sara,Nelson,+1-555-0004349
CAND-4350,krystal.day.4350@example.com,Krystal,Day,+1-555-0004350
CAND-4351,john.colon.4351@example.com,John,Colon,+1-555-0004351
CAND-4352,amanda.smith.4352@example.com,Amanda,Smith,+1-555-0004352
CAND-4353,michael.jacobs.4353@example.com,Michael,Jacobs,+1-555-0004353
CAND-4354,miguel.miller.4354@example.com,Miguel,Miller,+1-555-0004354
CAND-4355,janice.dunn.4355@example.com,Janice,Dunn,+1-555-0004355
CAND-4356,jennifer.ortiz.4356@example.com,Jennifer,Ortiz,+1-555-0004356
CAND-4357,cheryl.nguyen.4357@example.com,Cheryl,Nguyen,+1-555-0004357
CAND-4358,brian.cabrera.4358@example.com,Brian,Cabrera,+1-555-0004358
CAND-4359,madison.robinson.4359@example.com,Madison,Robinson,+1-555-0004359
CAND-4360,tammy.thompson.4360@example.com,Tammy,Thompson,+1-555-0004360
CAND-4361,teresa.medina.4361@example.com,Teresa,Medina,+1-555-0004361
CAND-4362,tiffany.osborne.4362@example.com,Tiffany,Osborne,+1-555-0004362
CAND-4363,kimberly.rodriguez.4363@example.com,Kimberly,Rodriguez,+1-555-0004363
CAND-4364,julie.reyes.4364@example.com,Julie,Reyes,+1-555-0004364
CAND-4365,desiree.berg.4365@example.com,Desiree,Berg,+1-555-0004365
CAND-4366,cynthia.pierce.4366@example.com,Cynthia,Pierce,+1-555-0004366
CAND-4367,lisa.walker.4367@example.com,Lisa,Walker,+1-555-0004367
CAND-4368,joseph.perkins.4368@example.com,Joseph,Perkins,+1-555-0004368
CAND-4369,lindsey.mullins.4369@example.com,Lindsey,Mullins,+1-555-0004369
CAND-4370,eric.hall.4370@example.com,Eric,Hall,+1-555-0004370
CAND-4371,jessica.richardson.4371@example.com,Jessica,Richardson,+1-555-0004371
CAND-4372,rachel.davis.4372@example.com,Rachel,Davis,+1-555-0004372
CAND-4373,hunter.lopez.4373@example.com,Hunter,Lopez,+1-555-0004373
CAND-4374,michelle.lopez.4374@example.com,Michelle,Lopez,+1-555-0004374
CAND-4375,tracy.blair.4375@example.com,Tracy,Blair,+1-555-0004375
CAND-4376,deborah.smith.4376@example.com,Deborah,Smith,+1-555-0004376
CAND-4377,frank.thompson.4377@example.com,Frank,Thompson,+1-555-0004377
CAND-4378,phillip.franklin.4378@example.com,Phillip,Franklin,+1-555-0004378
CAND-4379,chad.jones.4379@example.com,Chad,Jones,+1-555-0004379
CAND-4380,john.stout.4380@example.com,John,Stout,+1-555-0004380
CAND-4381,tara.garcia.4381@example.com,Tara,Garcia,+1-555-0004381
CAND-4382,alison.acosta.4382@example.com,Alison,Acosta,+1-555-0004382
CAND-4383,lindsey.morrison.4383@example.com,Lindsey,Morrison,+1-555-0004383
CAND-4384,nicholas.smith.4384@example.com,Nicholas,Smith,+1-555-0004384
CAND-4385,margaret.hines.4385@example.com,Margaret,Hines,+1-555-0004385
CAND-4386,deanna.williams.4386@example.com,Deanna,Williams,+1-555-0004386
CAND-4387,john.miller.4387@example.com,John,Miller,+1-555-0004387
CAND-4388,douglas.burton.4388@example.com,Douglas,Burton,+1-555-0004388
CAND-4389,alexander.burch.4389@example.com,Alexander,Burch,+1-555-0004389
CAND-4390,susan.rodriguez.4390@example.com,Susan,Rodriguez,+1-555-0004390
CAND-4391,jill.morgan.4391@example.com,Jill,Morgan,+1-555-0004391
CAND-4392,jasmine.harris.4392@example.com,Jasmine,Harris,+1-555-0004392
CAND-4393,timothy.hart.4393@example.com,Timothy,Hart,+1-555-0004393
CAND-4394,sean.martin.4394@example.com,Sean,Martin,+1-555-0004394
CAND-4395,martin.moore.4395@example.com,Martin,Moore,+1-555-0004395
CAND-4396,brian.holt.4396@example.com,Brian,Holt,+1-555-0004396
CAND-4397,courtney.martinez.4397@example.com,Courtney,Martinez,+1-555-0004397
CAND-4398,mallory.garcia.4398@example.com,Mallory,Garcia,+1-555-0004398
CAND-4399,kenneth.hunt.4399@example.com,Kenneth,Hunt,+1-555-0004399
CAND-4400,mary.thomas.4400@example.com,Mary,Thomas,+1-555-0004400
CAND-4401,rhonda.johnson.4401@example.com,Rhonda,Johnson,+1-555-0004401
CAND-4402,ronald.hernandez.4402@example.com,Ronald,Hernandez,+1-555-0004402
CAND-4403,diana.perez.4403@example.com,Diana,Perez,+1-555-0004403
CAND-4404,natasha.cruz.4404@example.com,Natasha,Cruz,+1-555-0004404
CAND-4405,nicole.carson.4405@example.com,Nicole,Carson,+1-555-0004405
CAND-4406,daniel.jackson.4406@example.com,Daniel,Jackson,+1-555-0004406
CAND-4407,daniel.garcia.4407@example.com,Daniel,Garcia,+1-555-0004407
CAND-4408,stephanie.howard.4408@example.com,Stephanie,Howard,+1-555-0004408
CAND-4409,christina.wilson.4409@example.com,Christina,Wilson,+1-555-0004409
CAND-4410,sandra.gillespie.4410@example.com,Sandra,Gillespie,+1-555-0004410
CAND-4411,paula.munoz.4411@example.com,Paula,Munoz,+1-555-0004411
CAND-4412,gregory.moreno.4412@example.com,Gregory,Moreno,+1-555-0004412
CAND-4413,carol.shelton.4413@example.com,Carol,Shelton,+1-555-0004413
CAND-4414,edward.contreras.4414@example.com,Edward,Contreras,+1-555-0004414
CAND-4415,kevin.roth.4415@example.com,Kevin,Roth,+1-555-0004415
CAND-4416,michael.garcia.4416@example.com,Michael,Garcia,+1-555-0004416
CAND-4417,sabrina.stanley.4417@example.com,Sabrina,Stanley,+1-555-0004417
CAND-4418,sarah.cochran.4418@example.com,Sarah,Cochran,+1-555-0004418
CAND-4419,jennifer.jones.4419@example.com,Jennifer,Jones,+1-555-0004419
CAND-4420,aaron.fitzpatrick.4420@example.com,Aaron,Fitzpatrick,+1-555-0004420
CAND-4421,edgar.rios.4421@example.com,Edgar,Rios,+1-555-0004421
CAND-4422,luke.myers.4422@example.com,Luke,Myers,+1-555-0004422
CAND-4423,jennifer.floyd.4423@example.com,Jennifer,Floyd,+1-555-0004423
CAND-4424,timothy.jones.4424@example.com,Timothy,Jones,+1-555-0004424
CAND-4425,becky.moyer.4425@example.com,Becky,Moyer,+1-555-0004425
CAND-4426,joshua.davis.4426@example.com,Joshua,Davis,+1-555-0004426
CAND-4427,wanda.white.4427@example.com,Wanda,White,+1-555-0004427
CAND-4428,paul.flores.4428@example.com,Paul,Flores,+1-555-0004428
CAND-4429,rodney.steele.4429@example.com,Rodney,Steele,+1-555-0004429
CAND-4430,robert.leon.4430@example.com,Robert,Leon,+1-555-0004430
CAND-4431,mathew.pham.4431@example.com,Mathew,Pham,+1-555-0004431
CAND-4432,desiree.sanchez.4432@example.com,Desiree,Sanchez,+1-555-0004432
CAND-4433,robert.crawford.4433@example.com,Robert,Crawford,+1-555-0004433
CAND-4434,amanda.patel.4434@example.com,Amanda,Patel,+1-555-0004434
CAND-4435,lori.cruz.4435@example.com,Lori,Cruz,+1-555-0004435
CAND-4436,bianca.fisher.4436@example.com,Bianca,Fisher,+1-555-0004436
CAND-4437,becky.steele.4437@example.com,Becky,Steele,+1-555-0004437
CAND-4438,kaitlin.warner.4438@example.com,Kaitlin,Warner,+1-555-0004438
CAND-4439,joe.smith.4439@example.com,Joe,Smith,+1-555-0004439
CAND-4440,victoria.smith.4440@example.com,Victoria,Smith,+1-555-0004440
CAND-4441,angela.rosario.4441@example.com,Angela,Rosario,+1-555-0004441
CAND-4442,samantha.brown.4442@example.com,Samantha,Brown,+1-555-0004442
CAND-4443,michael.allison.4443@example.com,Michael,Allison,+1-555-0004443
CAND-4444,michelle.fuentes.4444@example.com,Michelle,Fuentes,+1-555-0004444
CAND-4445,kenneth.thomas.4445@example.com,Kenneth,Thomas,+1-555-0004445
CAND-4446,melissa.bonilla.4446@example.com,Melissa,Bonilla,+1-555-0004446
CAND-4447,robin.sanchez.4447@example.com,Robin,Sanchez,+1-555-0004447
CAND-4448,maria.brown.4448@example.com,Maria,Brown,+1-555-0004448
CAND-4449,devin.hayden.4449@example.com,Devin,Hayden,+1-555-0004449
CAND-4450,jane.bennett.4450@example.com,Jane,Bennett,+1-555-0004450
CAND-4451,anthony.hanna.4451@example.com,Anthony,Hanna,+1-555-0004451
CAND-4452,nathan.miles.4452@example.com,Nathan,Miles,+1-555-0004452
CAND-4453,elizabeth.jones.4453@example.com,Elizabeth,Jones,+1-555-0004453
CAND-4454,mary.harrell.4454@example.com,Mary,Harrell,+1-555-0004454
CAND-4455,anthony.diaz.4455@example.com,Anthony,Diaz,+1-555-0004455
CAND-4456,christian.jones.4456@example.com,Christian,Jones,+1-555-0004456
CAND-4457,ashley.cervantes.4457@example.com,Ashley,Cervantes,+1-555-0004457
CAND-4458,edward.white.4458@example.com,Edward,White,+1-555-0004458
CAND-4459,julia.adkins.4459@example.com,Julia,Adkins,+1-555-0004459
CAND-4460,holly.evans.4460@example.com,Holly,Evans,+1-555-0004460
CAND-4461,robert.rogers.4461@example.com,Robert,Rogers,+1-555-0004461
CAND-4462,kimberly.dominguez.4462@example.com,Kimberly,Dominguez,+1-555-0004462
CAND-4463,justin.moore.4463@example.com,Justin,Moore,+1-555-0004463
CAND-4464,nicole.johnson.4464@example.com,Nicole,Johnson,+1-555-0004464
CAND-4465,karen.gordon.4465@example.com,Karen,Gordon,+1-555-0004465
CAND-4466,alex.wall.4466@example.com,Alex,Wall,+1-555-0004466
CAND-4467,erin.liu.4467@example.com,Erin,Liu,+1-555-0004467
CAND-4468,angela.gallegos.4468@example.com,Angela,Gallegos,+1-555-0004468
CAND-4469,samantha.shaw.4469@example.com,Samantha,Shaw,+1-555-0004469
CAND-4470,jenna.henderson.4470@example.com,Jenna,Henderson,+1-555-0004470
CAND-4471,eric.dudley.4471@example.com,Eric,Dudley,+1-555-0004471
CAND-4472,adrienne.spence.4472@example.com,Adrienne,Spence,+1-555-0004472
CAND-4473,david.lewis.4473@example.com,David,Lewis,+1-555-0004473
CAND-4474,christine.robinson.4474@example.com,Christine,Robinson,+1-555-0004474
CAND-4475,isaiah.reese.4475@example.com,Isaiah,Reese,+1-555-0004475
CAND-4476,anita.skinner.4476@example.com,Anita,Skinner,+1-555-0004476
CAND-4477,lisa.mcdonald.4477@example.com,Lisa,Mcdonald,+1-555-0004477
CAND-4478,lawrence.may.4478@example.com,Lawrence,May,+1-555-0004478
CAND-4479,margaret.martin.4479@example.com,Margaret,Martin,+1-555-0004479
CAND-4480,linda.lucas.4480@example.com,Linda,Lucas,+1-555-0004480
CAND-4481,james.rodriguez.4481@example.com,James,Rodriguez,+1-555-0004481
CAND-4482,christian.morrison.4482@example.com,Christian,Morrison,+1-555-0004482
CAND-4483,melanie.johnson.4483@example.com,Melanie,Johnson,+1-555-0004483
CAND-4484,julian.weaver.4484@example.com,Julian,Weaver,+1-555-0004484
CAND-4485,cameron.harper.4485@example.com,Cameron,Harper,+1-555-0004485
CAND-4486,katherine.parker.4486@example.com,Katherine,Parker,+1-555-0004486
CAND-4487,andrea.little.4487@example.com,Andrea,Little,+1-555-0004487
CAND-4488,antonio.adams.4488@example.com,Antonio,Adams,+1-555-0004488
CAND-4489,tiffany.cunningham.4489@example.com,Tiffany,Cunningham,+1-555-0004489
CAND-4490,anne.tyler.4490@example.com,Anne,Tyler,+1-555-0004490
CAND-4491,brandon.edwards.4491@example.com,Brandon,Edwards,+1-555-0004491
CAND-4492,sherry.smith.4492@example.com,Sherry,Smith,+1-555-0004492
CAND-4493,michael.campbell.4493@example.com,Michael,Campbell,+1-555-0004493
CAND-4494,raymond.lee.4494@example.com,Raymond,Lee,+1-555-0004494
CAND-4495,karen.swanson.4495@example.com,Karen,Swanson,+1-555-0004495
CAND-4496,terri.park.4496@example.com,Terri,Park,+1-555-0004496
CAND-4497,connor.russell.4497@example.com,Connor,Russell,+1-555-0004497
CAND-4498,judith.garcia.4498@example.com,Judith,Garcia,+1-555-0004498
CAND-4499,lindsey.hernandez.4499@example.com,Lindsey,Hernandez,+1-555-0004499
CAND-4500,brenda.reyes.4500@example.com,Brenda,Reyes,+1-555-0004500
CAND-4501,brenda.christian.4501@example.com,Brenda,Christian,+1-555-0004501
CAND-4502,kelly.hernandez.4502@example.com,Kelly,Hernandez,+1-555-0004502
CAND-4503,steven.mcclure.4503@example.com,Steven,Mcclure,+1-555-0004503
CAND-4504,christopher.higgins.4504@example.com,Christopher,Higgins,+1-555-0004504
CAND-4505,nicole.aguirre.4505@example.com,Nicole,Aguirre,+1-555-0004505
CAND-4506,destiny.mack.4506@example.com,Destiny,Mack,+1-555-0004506
CAND-4507,eugene.stuart.4507@example.com,Eugene,Stuart,+1-555-0004507
CAND-4508,zachary.chandler.4508@example.com,Zachary,Chandler,+1-555-0004508
CAND-4509,denise.conrad.4509@example.com,Denise,Conrad,+1-555-0004509
CAND-4510,matthew.floyd.4510@example.com,Matthew,Floyd,+1-555-0004510
CAND-4511,matthew.ward.4511@example.com,Matthew,Ward,+1-555-0004511
CAND-4512,melissa.jordan.4512@example.com,Melissa,Jordan,+1-555-0004512
CAND-4513,pamela.schroeder.4513@example.com,Pamela,Schroeder,+1-555-0004513
CAND-4514,paul.clark.4514@example.com,Paul,Clark,+1-555-0004514
CAND-4515,cheryl.jones.4515@example.com,Cheryl,Jones,+1-555-0004515
CAND-4516,elijah.burton.4516@example.com,Elijah,Burton,+1-555-0004516
CAND-4517,tyler.ballard.4517@example.com,Tyler,Ballard,+1-555-0004517
CAND-4518,douglas.harrell.4518@example.com,Douglas,Harrell,+1-555-0004518
CAND-4519,amy.novak.4519@example.com,Amy,Novak,+1-555-0004519
CAND-4520,kimberly.miller.4520@example.com,Kimberly,Miller,+1-555-0004520
CAND-4521,clinton.edwards.4521@example.com,Clinton,Edwards,+1-555-0004521
CAND-4522,sarah.martin.4522@example.com,Sarah,Martin,+1-555-0004522
CAND-4523,joshua.cox.4523@example.com,Joshua,Cox,+1-555-0004523
CAND-4524,christopher.white.4524@example.com,Christopher,White,+1-555-0004524
CAND-4525,kelsey.scott.4525@example.com,Kelsey,Scott,+1-555-0004525
CAND-4526,thomas.scott.4526@example.com,Thomas,Scott,+1-555-0004526
CAND-4527,nancy.santos.4527@example.com,Nancy,Santos,+1-555-0004527
CAND-4528,donald.martinez.4528@example.com,Donald,Martinez,+1-555-0004528
CAND-4529,ashley.williams.4529@example.com,Ashley,Williams,+1-555-0004529
CAND-4530,michele.morales.4530@example.com,Michele,Morales,+1-555-0004530
CAND-4531,melody.stark.4531@example.com,Melody,Stark,+1-555-0004531
CAND-4532,david.richardson.4532@example.com,David,Richardson,+1-555-0004532
CAND-4533,megan.crane.4533@example.com,Megan,Crane,+1-555-0004533
CAND-4534,nathaniel.fleming.4534@example.com,Nathaniel,Fleming,+1-555-0004534
CAND-4535,william.baker.4535@example.com,William,Baker,+1-555-0004535
CAND-4536,nancy.fleming.4536@example.com,Nancy,Fleming,+1-555-0004536
CAND-4537,christine.schneider.4537@example.com,Christine,Schneider,+1-555-0004537
CAND-4538,joyce.sanchez.4538@example.com,Joyce,Sanchez,+1-555-0004538
CAND-4539,lori.smith.4539@example.com,Lori,Smith,+1-555-0004539
CAND-4540,melissa.roberts.4540@example.com,Melissa,Roberts,+1-555-0004540
CAND-4541,eric.ross.4541@example.com,Eric,Ross,+1-555-0004541
CAND-4542,charles.price.4542@example.com,Charles,Price,+1-555-0004542
CAND-4543,steven.davis.4543@example.com,Steven,Davis,+1-555-0004543
CAND-4544,steven.day.4544@example.com,Steven,Day,+1-555-0004544
CAND-4545,rachel.marshall.4545@example.com,Rachel,Marshall,+1-555-0004545
CAND-4546,christopher.dennis.4546@example.com,Christopher,Dennis,+1-555-0004546
CAND-4547,samantha.nielsen.4547@example.com,Samantha,Nielsen,+1-555-0004547
CAND-4548,kayla.gonzalez.4548@example.com,Kayla,Gonzalez,+1-555-0004548
CAND-4549,mark.stewart.4549@example.com,Mark,Stewart,+1-555-0004549
CAND-4550,wendy.tucker.4550@example.com,Wendy,Tucker,+1-555-0004550
CAND-4551,jacqueline.alvarez.4551@example.com,Jacqueline,Alvarez,+1-555-0004551
CAND-4552,joshua.johnson.4552@example.com,Joshua,Johnson,+1-555-0004552
CAND-4553,eric.harrison.4553@example.com,Eric,Harrison,+1-555-0004553
CAND-4554,danielle.flores.4554@example.com,Danielle,Flores,+1-555-0004554
CAND-4555,anthony.burke.4555@example.com,Anthony,Burke,+1-555-0004555
CAND-4556,omar.mayer.4556@example.com,Omar,Mayer,+1-555-0004556
CAND-4557,michael.jordan.4557@example.com,Michael,Jordan,+1-555-0004557
CAND-4558,thomas.brown.4558@example.com,Thomas,Brown,+1-555-0004558
CAND-4559,miranda.cisneros.4559@example.com,Miranda,Cisneros,+1-555-0004559
CAND-4560,gabriela.nelson.4560@example.com,Gabriela,Nelson,+1-555-0004560
CAND-4561,cynthia.miller.4561@example.com,Cynthia,Miller,+1-555-0004561
CAND-4562,chad.sullivan.4562@example.com,Chad,Sullivan,+1-555-0004562
CAND-4563,kenneth.joseph.4563@example.com,Kenneth,Joseph,+1-555-0004563
CAND-4564,monica.warren.4564@example.com,Monica,Warren,+1-555-0004564
CAND-4565,elizabeth.green.4565@example.com,Elizabeth,Green,+1-555-0004565
CAND-4566,maria.davis.4566@example.com,Maria,Davis,+1-555-0004566
CAND-4567,rachel.peterson.4567@example.com,Rachel,Peterson,+1-555-0004567
CAND-4568,karen.martin.4568@example.com,Karen,Martin,+1-555-0004568
CAND-4569,michael.barnes.4569@example.com,Michael,Barnes,+1-555-0004569
CAND-4570,thomas.barker.4570@example.com,Thomas,Barker,+1-555-0004570
CAND-4571,ethan.horton.4571@example.com,Ethan,Horton,+1-555-0004571
CAND-4572,michael.schwartz.4572@example.com,Michael,Schwartz,+1-555-0004572
CAND-4573,paul.smith.4573@example.com,Paul,Smith,+1-555-0004573
CAND-4574,krista.harper.4574@example.com,Krista,Harper,+1-555-0004574
CAND-4575,christian.contreras.4575@example.com,Christian,Contreras,+1-555-0004575
CAND-4576,christina.morris.4576@example.com,Christina,Morris,+1-555-0004576
CAND-4577,valerie.mcmillan.4577@example.com,Valerie,Mcmillan,+1-555-0004577
CAND-4578,julia.doyle.4578@example.com,Julia,Doyle,+1-555-0004578
CAND-4579,leslie.hernandez.4579@example.com,Leslie,Hernandez,+1-555-0004579
CAND-4580,stephen.hernandez.4580@example.com,Stephen,Hernandez,+1-555-0004580
CAND-4581,michelle.wilson.4581@example.com,Michelle,Wilson,+1-555-0004581
CAND-4582,tara.russell.4582@example.com,Tara,Russell,+1-555-0004582
CAND-4583,abigail.smith.4583@example.com,Abigail,Smith,+1-555-0004583
CAND-4584,shannon.wall.4584@example.com,Shannon,Wall,+1-555-0004584
CAND-4585,david.cole.4585@example.com,David,Cole,+1-555-0004585
CAND-4586,tara.davis.4586@example.com,Tara,Davis,+1-555-0004586
CAND-4587,jeffery.werner.4587@example.com,Jeffery,Werner,+1-555-0004587
CAND-4588,robert.payne.4588@example.com,Robert,Payne,+1-555-0004588
CAND-4589,gabriel.gray.4589@example.com,Gabriel,Gray,+1-555-0004589
CAND-4590,michael.farley.4590@example.com,Michael,Farley,+1-555-0004590
CAND-4591,teresa.ray.4591@example.com,Teresa,Ray,+1-555-0004591
CAND-4592,alexis.cervantes.4592@example.com,Alexis,Cervantes,+1-555-0004592
CAND-4593,allen.mosley.4593@example.com,Allen,Mosley,+1-555-0004593
CAND-4594,wayne.parrish.4594@example.com,Wayne,Parrish,+1-555-0004594
CAND-4595,holly.banks.4595@example.com,Holly,Banks,+1-555-0004595
CAND-4596,stephen.jenkins.4596@example.com,Stephen,Jenkins,+1-555-0004596
CAND-4597,michael.daniels.4597@example.com,Michael,Daniels,+1-555-0004597
CAND-4598,alexandra.hubbard.4598@example.com,Alexandra,Hubbard,+1-555-0004598
CAND-4599,daniel.thompson.4599@example.com,Daniel,Thompson,+1-555-0004599
CAND-4600,ross.thompson.4600@example.com,Ross,Thompson,+1-555-0004600
CAND-4601,brooke.daniels.4601@example.com,Brooke,Daniels,+1-555-0004601
CAND-4602,patrick.bruce.4602@example.com,Patrick,Bruce,+1-555-0004602
CAND-4603,haley.kim.4603@example.com,Haley,Kim,+1-555-0004603
CAND-4604,justin.oliver.4604@example.com,Justin,Oliver,+1-555-0004604
CAND-4605,sara.vincent.4605@example.com,Sara,Vincent,+1-555-0004605
CAND-4606,wanda.shaffer.4606@example.com,Wanda,Shaffer,+1-555-0004606
CAND-4607,dale.banks.4607@example.com,Dale,Banks,+1-555-0004607
CAND-4608,christina.jenkins.4608@example.com,Christina,Jenkins,+1-555-0004608
CAND-4609,tyler.walton.4609@example.com,Tyler,Walton,+1-555-0004609
CAND-4610,sara.garcia.4610@example.com,Sara,Garcia,+1-555-0004610
CAND-4611,sean.perkins.4611@example.com,Sean,Perkins,+1-555-0004611
CAND-4612,antonio.roberts.4612@example.com,Antonio,Roberts,+1-555-0004612
CAND-4613,robert.walker.4613@example.com,Robert,Walker,+1-555-0004613
CAND-4614,shawn.james.4614@example.com,Shawn,James,+1-555-0004614
CAND-4615,james.harrison.4615@example.com,James,Harrison,+1-555-0004615
CAND-4616,david.ponce.4616@example.com,David,Ponce,+1-555-0004616
CAND-4617,robin.gutierrez.4617@example.com,Robin,Gutierrez,+1-555-0004617
CAND-4618,lori.padilla.4618@example.com,Lori,Padilla,+1-555-0004618
CAND-4619,joyce.smith.4619@example.com,Joyce,Smith,+1-555-0004619
CAND-4620,nicholas.walker.4620@example.com,Nicholas,Walker,+1-555-0004620
CAND-4621,justin.hobbs.4621@example.com,Justin,Hobbs,+1-555-0004621
CAND-4622,joseph.roberson.4622@example.com,Joseph,Roberson,+1-555-0004622
CAND-4623,laura.perry.4623@example.com,Laura,Perry,+1-555-0004623
CAND-4624,john.mccullough.4624@example.com,John,Mccullough,+1-555-0004624
CAND-4625,robert.smith.4625@example.com,Robert,Smith,+1-555-0004625
CAND-4626,eric.brooks.4626@example.com,Eric,Brooks,+1-555-0004626
CAND-4627,lisa.wilkins.4627@example.com,Lisa,Wilkins,+1-555-0004627
CAND-4628,carol.rogers.4628@example.com,Carol,Rogers,+1-555-0004628
CAND-4629,susan.haney.4629@example.com,Susan,Haney,+1-555-0004629
CAND-4630,john.beltran.4630@example.com,John,Beltran,+1-555-0004630
CAND-4631,james.newman.4631@example.com,James,Newman,+1-555-0004631
CAND-4632,maria.solis.4632@example.com,Maria,Solis,+1-555-0004632
CAND-4633,becky.anderson.4633@example.com,Becky,Anderson,+1-555-0004633
CAND-4634,daisy.madden.4634@example.com,Daisy,Madden,+1-555-0004634
CAND-4635,glenn.strong.4635@example.com,Glenn,Strong,+1-555-0004635
CAND-4636,zachary.kim.4636@example.com,Zachary,Kim,+1-555-0004636
CAND-4637,cory.owen.4637@example.com,Cory,Owen,+1-555-0004637
CAND-4638,william.welch.4638@example.com,William,Welch,+1-555-0004638
CAND-4639,kristen.cameron.4639@example.com,Kristen,Cameron,+1-555-0004639
CAND-4640,courtney.green.4640@example.com,Courtney,Green,+1-555-0004640
CAND-4641,angela.fry.4641@example.com,Angela,Fry,+1-555-0004641
CAND-4642,james.davis.4642@example.com,James,Davis,+1-555-0004642
CAND-4643,samuel.fuller.4643@example.com,Samuel,Fuller,+1-555-0004643
CAND-4644,brittney.johnson.4644@example.com,Brittney,Johnson,+1-555-0004644
CAND-4645,jasmine.knapp.4645@example.com,Jasmine,Knapp,+1-555-0004645
CAND-4646,christian.reyes.4646@example.com,Christian,Reyes,+1-555-0004646
CAND-4647,julia.anderson.4647@example.com,Julia,Anderson,+1-555-0004647
CAND-4648,shawn.welch.4648@example.com,Shawn,Welch,+1-555-0004648
CAND-4649,michael.allen.4649@example.com,Michael,Allen,+1-555-0004649
CAND-4650,rachael.phillips.4650@example.com,Rachael,Phillips,+1-555-0004650
CAND-4651,amanda.sanchez.4651@example.com,Amanda,Sanchez,+1-555-0004651
CAND-4652,kimberly.hartman.4652@example.com,Kimberly,Hartman,+1-555-0004652
CAND-4653,kaylee.hopkins.4653@example.com,Kaylee,Hopkins,+1-555-0004653
CAND-4654,joshua.donovan.4654@example.com,Joshua,Donovan,+1-555-0004654
CAND-4655,courtney.little.4655@example.com,Courtney,Little,+1-555-0004655
CAND-4656,beth.garcia.4656@example.com,Beth,Garcia,+1-555-0004656
CAND-4657,stephen.carlson.4657@example.com,Stephen,Carlson,+1-555-0004657
CAND-4658,daniel.campbell.4658@example.com,Daniel,Campbell,+1-555-0004658
CAND-4659,patricia.davis.4659@example.com,Patricia,Davis,+1-555-0004659
CAND-4660,troy.ward.4660@example.com,Troy,Ward,+1-555-0004660
CAND-4661,mary.myers.4661@example.com,Mary,Myers,+1-555-0004661
CAND-4662,travis.johnson.4662@example.com,Travis,Johnson,+1-555-0004662
CAND-4663,charles.chung.4663@example.com,Charles,Chung,+1-555-0004663
CAND-4664,charles.mcdaniel.4664@example.com,Charles,Mcdaniel,+1-555-0004664
CAND-4665,nicholas.edwards.4665@example.com,Nicholas,Edwards,+1-555-0004665
CAND-4666,rebekah.stokes.4666@example.com,Rebekah,Stokes,+1-555-0004666
CAND-4667,hector.smith.4667@example.com,Hector,Smith,+1-555-0004667
CAND-4668,guy.bradley.4668@example.com,Guy,Bradley,+1-555-0004668
CAND-4669,catherine.johnson.4669@example.com,Catherine,Johnson,+1-555-0004669
CAND-4670,theresa.chaney.4670@example.com,Theresa,Chaney,+1-555-0004670
CAND-4671,timothy.mendez.4671@example.com,Timothy,Mendez,+1-555-0004671
CAND-4672,amy.moore.4672@example.com,Amy,Moore,+1-555-0004672
CAND-4673,judy.house.4673@example.com,Judy,House,+1-555-0004673
CAND-4674,james.johnson.4674@example.com,James,Johnson,+1-555-0004674
CAND-4675,andrew.hunt.4675@example.com,Andrew,Hunt,+1-555-0004675
CAND-4676,edwin.camacho.4676@example.com,Edwin,Camacho,+1-555-0004676
CAND-4677,danny.robinson.4677@example.com,Danny,Robinson,+1-555-0004677
CAND-4678,mark.robinson.4678@example.com,Mark,Robinson,+1-555-0004678
CAND-4679,jessica.case.4679@example.com,Jessica,Case,+1-555-0004679
CAND-4680,joseph.olson.4680@example.com,Joseph,Olson,+1-555-0004680
CAND-4681,stephanie.bailey.4681@example.com,Stephanie,Bailey,+1-555-0004681
CAND-4682,andrea.phillips.4682@example.com,Andrea,Phillips,+1-555-0004682
CAND-4683,julie.simpson.4683@example.com,Julie,Simpson,+1-555-0004683
CAND-4684,william.ross.4684@example.com,William,Ross,+1-555-0004684
CAND-4685,james.thompson.4685@example.com,James,Thompson,+1-555-0004685
CAND-4686,gloria.clay.4686@example.com,Gloria,Clay,+1-555-0004686
CAND-4687,juan.long.4687@example.com,Juan,Long,+1-555-0004687
CAND-4688,brandy.miranda.4688@example.com,Brandy,Miranda,+1-555-0004688
CAND-4689,larry.bauer.4689@example.com,Larry,Bauer,+1-555-0004689
CAND-4690,stephanie.freeman.4690@example.com,Stephanie,Freeman,+1-555-0004690
CAND-4691,nicole.henderson.4691@example.com,Nicole,Henderson,+1-555-0004691
CAND-4692,julie.cabrera.4692@example.com,Julie,Cabrera,+1-555-0004692
CAND-4693,cindy.lawson.4693@example.com,Cindy,Lawson,+1-555-0004693
CAND-4694,ruben.bradley.4694@example.com,Ruben,Bradley,+1-555-0004694
CAND-4695,nathaniel.chen.4695@example.com,Nathaniel,Chen,+1-555-0004695
CAND-4696,caleb.jackson.4696@example.com,Caleb,Jackson,+1-555-0004696
CAND-4697,arthur.dixon.4697@example.com,Arthur,Dixon,+1-555-0004697
CAND-4698,brenda.carter.4698@example.com,Brenda,Carter,+1-555-0004698
CAND-4699,margaret.newman.4699@example.com,Margaret,Newman,+1-555-0004699
CAND-4700,tammy.bell.4700@example.com,Tammy,Bell,+1-555-0004700
CAND-4701,anthony.white.4701@example.com,Anthony,White,+1-555-0004701
CAND-4702,marcus.gibbs.4702@example.com,Marcus,Gibbs,+1-555-0004702
CAND-4703,michael.jones.4703@example.com,Michael,Jones,+1-555-0004703
CAND-4704,diane.watson.4704@example.com,Diane,Watson,+1-555-0004704
CAND-4705,kimberly.martinez.4705@example.com,Kimberly,Martinez,+1-555-0004705
CAND-4706,lucas.smith.4706@example.com,Lucas,Smith,+1-555-0004706
CAND-4707,mark.marshall.4707@example.com,Mark,Marshall,+1-555-0004707
CAND-4708,laura.roach.4708@example.com,Laura,Roach,+1-555-0004708
CAND-4709,anna.cruz.4709@example.com,Anna,Cruz,+1-555-0004709
CAND-4710,carolyn.rose.4710@example.com,Carolyn,Rose,+1-555-0004710
CAND-4711,dakota.ramirez.4711@example.com,Dakota,Ramirez,+1-555-0004711
CAND-4712,cathy.ware.4712@example.com,Cathy,Ware,+1-555-0004712
CAND-4713,michelle.jones.4713@example.com,Michelle,Jones,+1-555-0004713
CAND-4714,patricia.fisher.4714@example.com,Patricia,Fisher,+1-555-0004714
CAND-4715,katelyn.stewart.4715@example.com,Katelyn,Stewart,+1-555-0004715
CAND-4716,luke.gonzalez.4716@example.com,Luke,Gonzalez,+1-555-0004716
CAND-4717,leah.jimenez.4717@example.com,Leah,Jimenez,+1-555-0004717
CAND-4718,veronica.fisher.4718@example.com,Veronica,Fisher,+1-555-0004718
CAND-4719,david.jackson.4719@example.com,David,Jackson,+1-555-0004719
CAND-4720,mark.reyes.4720@example.com,Mark,Reyes,+1-555-0004720
CAND-4721,barbara.mitchell.4721@example.com,Barbara,Mitchell,+1-555-0004721
CAND-4722,dawn.chase.4722@example.com,Dawn,Chase,+1-555-0004722
CAND-4723,vanessa.buck.4723@example.com,Vanessa,Buck,+1-555-0004723
CAND-4724,justin.skinner.4724@example.com,Justin,Skinner,+1-555-0004724
CAND-4725,richard.huang.4725@example.com,Richard,Huang,+1-555-0004725
CAND-4726,samantha.williams.4726@example.com,Samantha,Williams,+1-555-0004726
CAND-4727,deanna.jones.4727@example.com,Deanna,Jones,+1-555-0004727
CAND-4728,cody.lang.4728@example.com,Cody,Lang,+1-555-0004728
CAND-4729,jennifer.hill.4729@example.com,Jennifer,Hill,+1-555-0004729
CAND-4730,karen.ross.4730@example.com,Karen,Ross,+1-555-0004730
CAND-4731,angela.edwards.4731@example.com,Angela,Edwards,+1-555-0004731
CAND-4732,cheryl.long.4732@example.com,Cheryl,Long,+1-555-0004732
CAND-4733,heather.gibson.4733@example.com,Heather,Gibson,+1-555-0004733
CAND-4734,melinda.coffey.4734@example.com,Melinda,Coffey,+1-555-0004734
CAND-4735,david.brooks.4735@example.com,David,Brooks,+1-555-0004735
CAND-4736,christine.johnson.4736@example.com,Christine,Johnson,+1-555-0004736
CAND-4737,brandon.smith.4737@example.com,Brandon,Smith,+1-555-0004737
CAND-4738,daniel.morris.4738@example.com,Daniel,Morris,+1-555-0004738
CAND-4739,grace.graham.4739@example.com,Grace,Graham,+1-555-0004739
CAND-4740,george.lee.4740@example.com,George,Lee,+1-555-0004740
CAND-4741,rachel.wood.4741@example.com,Rachel,Wood,+1-555-0004741
CAND-4742,rebecca.mayo.4742@example.com,Rebecca,Mayo,+1-555-0004742
CAND-4743,sarah.parrish.4743@example.com,Sarah,Parrish,+1-555-0004743
CAND-4744,jordan.glover.4744@example.com,Jordan,Glover,+1-555-0004744
CAND-4745,daniel.valentine.4745@example.com,Daniel,Valentine,+1-555-0004745
CAND-4746,charles.murphy.4746@example.com,Charles,Murphy,+1-555-0004746
CAND-4747,cheyenne.burnett.4747@example.com,Cheyenne,Burnett,+1-555-0004747
CAND-4748,joseph.jackson.4748@example.com,Joseph,Jackson,+1-555-0004748
CAND-4749,devin.murray.4749@example.com,Devin,Murray,+1-555-0004749
CAND-4750,david.atkins.4750@example.com,David,Atkins,+1-555-0004750
CAND-4751,karen.barron.4751@example.com,Karen,Barron,+1-555-0004751
CAND-4752,tammy.gutierrez.4752@example.com,Tammy,Gutierrez,+1-555-0004752
CAND-4753,sean.martinez.4753@example.com,Sean,Martinez,+1-555-0004753
CAND-4754,allison.lane.4754@example.com,Allison,Lane,+1-555-0004754
CAND-4755,donna.bray.4755@example.com,Donna,Bray,+1-555-0004755
CAND-4756,marc.simon.4756@example.com,Marc,Simon,+1-555-0004756
CAND-4757,jeremiah.baker.4757@example.com,Jeremiah,Baker,+1-555-0004757
CAND-4758,kenneth.miller.4758@example.com,Kenneth,Miller,+1-555-0004758
CAND-4759,angelica.salas.4759@example.com,Angelica,Salas,+1-555-0004759
CAND-4760,donna.moss.4760@example.com,Donna,Moss,+1-555-0004760
CAND-4761,jamie.miller.4761@example.com,Jamie,Miller,+1-555-0004761
CAND-4762,teresa.brown.4762@example.com,Teresa,Brown,+1-555-0004762
CAND-4763,alexander.robinson.4763@example.com,Alexander,Robinson,+1-555-0004763
CAND-4764,lori.lopez.4764@example.com,Lori,Lopez,+1-555-0004764
CAND-4765,dan.clark.4765@example.com,Dan,Clark,+1-555-0004765
CAND-4766,brittany.rose.4766@example.com,Brittany,Rose,+1-555-0004766
CAND-4767,michele.hodges.4767@example.com,Michele,Hodges,+1-555-0004767
CAND-4768,larry.gibson.4768@example.com,Larry,Gibson,+1-555-0004768
CAND-4769,eric.wagner.4769@example.com,Eric,Wagner,+1-555-0004769
CAND-4770,robin.robinson.4770@example.com,Robin,Robinson,+1-555-0004770
CAND-4771,michael.hester.4771@example.com,Michael,Hester,+1-555-0004771
CAND-4772,miranda.palmer.4772@example.com,Miranda,Palmer,+1-555-0004772
CAND-4773,kimberly.lopez.4773@example.com,Kimberly,Lopez,+1-555-0004773
CAND-4774,joshua.martin.4774@example.com,Joshua,Martin,+1-555-0004774
CAND-4775,kurt.kane.4775@example.com,Kurt,Kane,+1-555-0004775
CAND-4776,deborah.thomas.4776@example.com,Deborah,Thomas,+1-555-0004776
CAND-4777,nancy.mcgee.4777@example.com,Nancy,Mcgee,+1-555-0004777
CAND-4778,john.shannon.4778@example.com,John,Shannon,+1-555-0004778
CAND-4779,jacob.johnson.4779@example.com,Jacob,Johnson,+1-555-0004779
CAND-4780,dorothy.chavez.4780@example.com,Dorothy,Chavez,+1-555-0004780
CAND-4781,joseph.mcintosh.4781@example.com,Joseph,Mcintosh,+1-555-0004781
CAND-4782,christopher.reynolds.4782@example.com,Christopher,Reynolds,+1-555-0004782
CAND-4783,edward.shaw.4783@example.com,Edward,Shaw,+1-555-0004783
CAND-4784,william.brown.4784@example.com,William,Brown,+1-555-0004784
CAND-4785,joseph.davis.4785@example.com,Joseph,Davis,+1-555-0004785
CAND-4786,deborah.dennis.4786@example.com,Deborah,Dennis,+1-555-0004786
CAND-4787,roberto.carter.4787@example.com,Roberto,Carter,+1-555-0004787
CAND-4788,richard.wheeler.4788@example.com,Richard,Wheeler,+1-555-0004788
CAND-4789,alyssa.snyder.4789@example.com,Alyssa,Snyder,+1-555-0004789
CAND-4790,ryan.maldonado.4790@example.com,Ryan,Maldonado,+1-555-0004790
CAND-4791,debbie.haley.4791@example.com,Debbie,Haley,+1-555-0004791
CAND-4792,jeffrey.brown.4792@example.com,Jeffrey,Brown,+1-555-0004792
CAND-4793,austin.adams.4793@example.com,Austin,Adams,+1-555-0004793
CAND-4794,cameron.garcia.4794@example.com,Cameron,Garcia,+1-555-0004794
CAND-4795,jeremy.oliver.4795@example.com,Jeremy,Oliver,+1-555-0004795
CAND-4796,jennifer.myers.4796@example.com,Jennifer,Myers,+1-555-0004796
CAND-4797,craig.gross.4797@example.com,Craig,Gross,+1-555-0004797
CAND-4798,natasha.adams.4798@example.com,Natasha,Adams,+1-555-0004798
CAND-4799,jamie.floyd.4799@example.com,Jamie,Floyd,+1-555-0004799
CAND-4800,michael.roberts.4800@example.com,Michael,Roberts,+1-555-0004800
CAND-4801,caitlyn.gross.4801@example.com,Caitlyn,Gross,+1-555-0004801
CAND-4802,clinton.gordon.4802@example.com,Clinton,Gordon,+1-555-0004802
CAND-4803,jackie.woods.4803@example.com,Jackie,Woods,+1-555-0004803
CAND-4804,kevin.knox.4804@example.com,Kevin,Knox,+1-555-0004804
CAND-4805,john.edwards.4805@example.com,John,Edwards,+1-555-0004805
CAND-4806,chad.lopez.4806@example.com,Chad,Lopez,+1-555-0004806
CAND-4807,rachel.thomas.4807@example.com,Rachel,Thomas,+1-555-0004807
CAND-4808,alexander.wells.4808@example.com,Alexander,Wells,+1-555-0004808
CAND-4809,matthew.thompson.4809@example.com,Matthew,Thompson,+1-555-0004809
CAND-4810,joseph.jones.4810@example.com,Joseph,Jones,+1-555-0004810
CAND-4811,erin.castaneda.4811@example.com,Erin,Castaneda,+1-555-0004811
CAND-4812,brooke.montes.4812@example.com,Brooke,Montes,+1-555-0004812
CAND-4813,brandy.freeman.4813@example.com,Brandy,Freeman,+1-555-0004813
CAND-4814,john.rodriguez.4814@example.com,John,Rodriguez,+1-555-0004814
CAND-4815,lori.bradley.4815@example.com,Lori,Bradley,+1-555-0004815
CAND-4816,veronica.conley.4816@example.com,Veronica,Conley,+1-555-0004816
CAND-4817,alicia.jackson.4817@example.com,Alicia,Jackson,+1-555-0004817
CAND-4818,dwayne.davis.4818@example.com,Dwayne,Davis,+1-555-0004818
CAND-4819,kevin.fitzgerald.4819@example.com,Kevin,Fitzgerald,+1-555-0004819
CAND-4820,shaun.navarro.4820@example.com,Shaun,Navarro,+1-555-0004820
CAND-4821,veronica.scott.4821@example.com,Veronica,Scott,+1-555-0004821
CAND-4822,tom.diaz.4822@example.com,Tom,Diaz,+1-555-0004822
CAND-4823,alexander.gomez.4823@example.com,Alexander,Gomez,+1-555-0004823
CAND-4824,jennifer.vance.4824@example.com,Jennifer,Vance,+1-555-0004824
CAND-4825,kim.vincent.4825@example.com,Kim,Vincent,+1-555-0004825
CAND-4826,rachel.larson.4826@example.com,Rachel,Larson,+1-555-0004826
CAND-4827,daniel.jennings.4827@example.com,Daniel,Jennings,+1-555-0004827
CAND-4828,jessica.smith.4828@example.com,Jessica,Smith,+1-555-0004828
CAND-4829,tiffany.chase.4829@example.com,Tiffany,Chase,+1-555-0004829
CAND-4830,donna.thomas.4830@example.com,Donna,Thomas,+1-555-0004830
CAND-4831,tyler.sanchez.4831@example.com,Tyler,Sanchez,+1-555-0004831
CAND-4832,joyce.mcpherson.4832@example.com,Joyce,Mcpherson,+1-555-0004832
CAND-4833,michael.garner.4833@example.com,Michael,Garner,+1-555-0004833
CAND-4834,james.blevins.4834@example.com,James,Blevins,+1-555-0004834
CAND-4835,danielle.sheppard.4835@example.com,Danielle,Sheppard,+1-555-0004835
CAND-4836,natalie.shelton.4836@example.com,Natalie,Shelton,+1-555-0004836
CAND-4837,rachel.cole.4837@example.com,Rachel,Cole,+1-555-0004837
CAND-4838,susan.rose.4838@example.com,Susan,Rose,+1-555-0004838
CAND-4839,joseph.shelton.4839@example.com,Joseph,Shelton,+1-555-0004839
CAND-4840,pamela.myers.4840@example.com,Pamela,Myers,+1-555-0004840
CAND-4841,robert.mcknight.4841@example.com,Robert,Mcknight,+1-555-0004841
CAND-4842,kyle.williams.4842@example.com,Kyle,Williams,+1-555-0004842
CAND-4843,abigail.cooper.4843@example.com,Abigail,Cooper,+1-555-0004843
CAND-4844,cheryl.hamilton.4844@example.com,Cheryl,Hamilton,+1-555-0004844
CAND-4845,spencer.donaldson.4845@example.com,Spencer,Donaldson,+1-555-0004845
CAND-4846,laura.roberts.4846@example.com,Laura,Roberts,+1-555-0004846
CAND-4847,tara.porter.4847@example.com,Tara,Porter,+1-555-0004847
CAND-4848,gina.owens.4848@example.com,Gina,Owens,+1-555-0004848
CAND-4849,edward.levy.4849@example.com,Edward,Levy,+1-555-0004849
CAND-4850,cindy.beck.4850@example.com,Cindy,Beck,+1-555-0004850
CAND-4851,kevin.roberts.4851@example.com,Kevin,Roberts,+1-555-0004851
CAND-4852,lauren.smith.4852@example.com,Lauren,Smith,+1-555-0004852
CAND-4853,blake.campbell.4853@example.com,Blake,Campbell,+1-555-0004853
CAND-4854,brittany.brown.4854@example.com,Brittany,Brown,+1-555-0004854
CAND-4855,kevin.jordan.4855@example.com,Kevin,Jordan,+1-555-0004855
CAND-4856,donna.smith.4856@example.com,Donna,Smith,+1-555-0004856
CAND-4857,john.bell.4857@example.com,John,Bell,+1-555-0004857
CAND-4858,justin.trevino.4858@example.com,Justin,Trevino,+1-555-0004858
CAND-4859,elizabeth.mack.4859@example.com,Elizabeth,Mack,+1-555-0004859
CAND-4860,eric.miller.4860@example.com,Eric,Miller,+1-555-0004860
CAND-4861,joseph.ferrell.4861@example.com,Joseph,Ferrell,+1-555-0004861
CAND-4862,james.richards.4862@example.com,James,Richards,+1-555-0004862
CAND-4863,christopher.robinson.4863@example.com,Christopher,Robinson,+1-555-0004863
CAND-4864,thomas.gomez.4864@example.com,Thomas,Gomez,+1-555-0004864
CAND-4865,lisa.walsh.4865@example.com,Lisa,Walsh,+1-555-0004865
CAND-4866,roberto.rasmussen.4866@example.com,Roberto,Rasmussen,+1-555-0004866
CAND-4867,corey.green.4867@example.com,Corey,Green,+1-555-0004867
CAND-4868,kevin.collins.4868@example.com,Kevin,Collins,+1-555-0004868
CAND-4869,anne.shelton.4869@example.com,Anne,Shelton,+1-555-0004869
CAND-4870,marcus.lane.4870@example.com,Marcus,Lane,+1-555-0004870
CAND-4871,felicia.gonzalez.4871@example.com,Felicia,Gonzalez,+1-555-0004871
CAND-4872,derek.spencer.4872@example.com,Derek,Spencer,+1-555-0004872
CAND-4873,kevin.miller.4873@example.com,Kevin,Miller,+1-555-0004873
CAND-4874,ashley.fuller.4874@example.com,Ashley,Fuller,+1-555-0004874
CAND-4875,amy.bennett.4875@example.com,Amy,Bennett,+1-555-0004875
CAND-4876,nancy.kim.4876@example.com,Nancy,Kim,+1-555-0004876
CAND-4877,dillon.ramos.4877@example.com,Dillon,Ramos,+1-555-0004877
CAND-4878,lawrence.donovan.4878@example.com,Lawrence,Donovan,+1-555-0004878
CAND-4879,jennifer.mcdonald.4879@example.com,Jennifer,Mcdonald,+1-555-0004879
CAND-4880,ronald.fisher.4880@example.com,Ronald,Fisher,+1-555-0004880
CAND-4881,robert.johnson.4881@example.com,Robert,Johnson,+1-555-0004881
CAND-4882,angelica.bernard.4882@example.com,Angelica,Bernard,+1-555-0004882
CAND-4883,robert.campos.4883@example.com,Robert,Campos,+1-555-0004883
CAND-4884,christina.turner.4884@example.com,Christina,Turner,+1-555-0004884
CAND-4885,john.hunt.4885@example.com,John,Hunt,+1-555-0004885
CAND-4886,david.daniels.4886@example.com,David,Daniels,+1-555-0004886
CAND-4887,ariana.carter.4887@example.com,Ariana,Carter,+1-555-0004887
CAND-4888,karina.long.4888@example.com,Karina,Long,+1-555-0004888
CAND-4889,richard.smith.4889@example.com,Richard,Smith,+1-555-0004889
CAND-4890,lindsey.golden.4890@example.com,Lindsey,Golden,+1-555-0004890
CAND-4891,steve.brown.4891@example.com,Steve,Brown,+1-555-0004891
CAND-4892,brian.gallegos.4892@example.com,Brian,Gallegos,+1-555-0004892
CAND-4893,debra.cook.4893@example.com,Debra,Cook,+1-555-0004893
CAND-4894,connor.roberts.4894@example.com,Connor,Roberts,+1-555-0004894
CAND-4895,timothy.rivera.4895@example.com,Timothy,Rivera,+1-555-0004895
CAND-4896,bruce.yang.4896@example.com,Bruce,Yang,+1-555-0004896
CAND-4897,emily.stevenson.4897@example.com,Emily,Stevenson,+1-555-0004897
CAND-4898,brian.harris.4898@example.com,Brian,Harris,+1-555-0004898
CAND-4899,douglas.yang.4899@example.com,Douglas,Yang,+1-555-0004899
CAND-4900,tyler.walker.4900@example.com,Tyler,Walker,+1-555-0004900
CAND-4901,emma.phelps.4901@example.com,Emma,Phelps,+1-555-0004901
CAND-4902,kevin.collins.4902@example.com,Kevin,Collins,+1-555-0004902
CAND-4903,veronica.smith.4903@example.com,Veronica,Smith,+1-555-0004903
CAND-4904,todd.watts.4904@example.com,Todd,Watts,+1-555-0004904
CAND-4905,danny.smith.4905@example.com,Danny,Smith,+1-555-0004905
CAND-4906,cassandra.martinez.4906@example.com,Cassandra,Martinez,+1-555-0004906
CAND-4907,collin.harris.4907@example.com,Collin,Harris,+1-555-0004907
CAND-4908,thomas.wall.4908@example.com,Thomas,Wall,+1-555-0004908
CAND-4909,scott.brown.4909@example.com,Scott,Brown,+1-555-0004909
CAND-4910,david.sullivan.4910@example.com,David,Sullivan,+1-555-0004910
CAND-4911,toni.wilkins.4911@example.com,Toni,Wilkins,+1-555-0004911
CAND-4912,meagan.payne.4912@example.com,Meagan,Payne,+1-555-0004912
CAND-4913,lorraine.maldonado.4913@example.com,Lorraine,Maldonado,+1-555-0004913
CAND-4914,michele.williamson.4914@example.com,Michele,Williamson,+1-555-0004914
CAND-4915,ryan.fields.4915@example.com,Ryan,Fields,+1-555-0004915
CAND-4916,jack.cardenas.4916@example.com,Jack,Cardenas,+1-555-0004916
CAND-4917,diane.jackson.4917@example.com,Diane,Jackson,+1-555-0004917
CAND-4918,judith.payne.4918@example.com,Judith,Payne,+1-555-0004918
CAND-4919,thomas.roberts.4919@example.com,Thomas,Roberts,+1-555-0004919
CAND-4920,elizabeth.haley.4920@example.com,Elizabeth,Haley,+1-555-0004920
CAND-4921,trevor.contreras.4921@example.com,Trevor,Contreras,+1-555-0004921
CAND-4922,peter.wolfe.4922@example.com,Peter,Wolfe,+1-555-0004922
CAND-4923,daniel.butler.4923@example.com,Daniel,Butler,+1-555-0004923
CAND-4924,roger.johnson.4924@example.com,Roger,Johnson,+1-555-0004924
CAND-4925,stephen.elliott.4925@example.com,Stephen,Elliott,+1-555-0004925
CAND-4926,alex.turner.4926@example.com,Alex,Turner,+1-555-0004926
CAND-4927,deanna.barry.4927@example.com,Deanna,Barry,+1-555-0004927
CAND-4928,christine.williams.4928@example.com,Christine,Williams,+1-555-0004928
CAND-4929,rebecca.estes.4929@example.com,Rebecca,Estes,+1-555-0004929
CAND-4930,taylor.sharp.4930@example.com,Taylor,Sharp,+1-555-0004930
CAND-4931,joshua.holden.4931@example.com,Joshua,Holden,+1-555-0004931
CAND-4932,michael.foley.4932@example.com,Michael,Foley,+1-555-0004932
CAND-4933,wesley.bailey.4933@example.com,Wesley,Bailey,+1-555-0004933
CAND-4934,jasmin.myers.4934@example.com,Jasmin,Myers,+1-555-0004934
CAND-4935,bryan.rios.4935@example.com,Bryan,Rios,+1-555-0004935
CAND-4936,michael.ball.4936@example.com,Michael,Ball,+1-555-0004936
CAND-4937,matthew.espinoza.4937@example.com,Matthew,Espinoza,+1-555-0004937
CAND-4938,kristin.ramirez.4938@example.com,Kristin,Ramirez,+1-555-0004938
CAND-4939,kathryn.turner.4939@example.com,Kathryn,Turner,+1-555-0004939
CAND-4940,phillip.hendricks.4940@example.com,Phillip,Hendricks,+1-555-0004940
CAND-4941,deanna.bennett.4941@example.com,Deanna,Bennett,+1-555-0004941
CAND-4942,thomas.hopkins.4942@example.com,Thomas,Hopkins,+1-555-0004942
CAND-4943,barbara.pennington.4943@example.com,Barbara,Pennington,+1-555-0004943
CAND-4944,kimberly.fox.4944@example.com,Kimberly,Fox,+1-555-0004944
CAND-4945,david.nguyen.4945@example.com,David,Nguyen,+1-555-0004945
CAND-4946,stephanie.bailey.4946@example.com,Stephanie,Bailey,+1-555-0004946
CAND-4947,christina.powell.4947@example.com,Christina,Powell,+1-555-0004947
CAND-4948,brady.christian.4948@example.com,Brady,Christian,+1-555-0004948
CAND-4949,erik.davis.4949@example.com,Erik,Davis,+1-555-0004949
CAND-4950,daniel.villa.4950@example.com,Daniel,Villa,+1-555-0004950
CAND-4951,thomas.wolf.4951@example.com,Thomas,Wolf,+1-555-0004951
CAND-4952,tina.stokes.4952@example.com,Tina,Stokes,+1-555-0004952
CAND-4953,jessica.young.4953@example.com,Jessica,Young,+1-555-0004953
CAND-4954,rachel.thompson.4954@example.com,Rachel,Thompson,+1-555-0004954
CAND-4955,patricia.campos.4955@example.com,Patricia,Campos,+1-555-0004955
CAND-4956,robert.brown.4956@example.com,Robert,Brown,+1-555-0004956
CAND-4957,cheryl.wilson.4957@example.com,Cheryl,Wilson,+1-555-0004957
CAND-4958,melanie.jones.4958@example.com,Melanie,Jones,+1-555-0004958
CAND-4959,kathryn.obrien.4959@example.com,Kathryn,Obrien,+1-555-0004959
CAND-4960,mary.mclean.4960@example.com,Mary,Mclean,+1-555-0004960
CAND-4961,manuel.hale.4961@example.com,Manuel,Hale,+1-555-0004961
CAND-4962,nicholas.zhang.4962@example.com,Nicholas,Zhang,+1-555-0004962
CAND-4963,audrey.gonzalez.4963@example.com,Audrey,Gonzalez,+1-555-0004963
CAND-4964,johnny.kim.4964@example.com,Johnny,Kim,+1-555-0004964
CAND-4965,justin.harris.4965@example.com,Justin,Harris,+1-555-0004965
CAND-4966,fernando.cervantes.4966@example.com,Fernando,Cervantes,+1-555-0004966
CAND-4967,lindsey.lee.4967@example.com,Lindsey,Lee,+1-555-0004967
CAND-4968,brandi.soto.4968@example.com,Brandi,Soto,+1-555-0004968
CAND-4969,elizabeth.harris.4969@example.com,Elizabeth,Harris,+1-555-0004969
CAND-4970,lisa.barry.4970@example.com,Lisa,Barry,+1-555-0004970
CAND-4971,michael.russell.4971@example.com,Michael,Russell,+1-555-0004971
CAND-4972,amy.jones.4972@example.com,Amy,Jones,+1-555-0004972
CAND-4973,jacob.blair.4973@example.com,Jacob,Blair,+1-555-0004973
CAND-4974,rhonda.may.4974@example.com,Rhonda,May,+1-555-0004974
CAND-4975,tyler.collier.4975@example.com,Tyler,Collier,+1-555-0004975
CAND-4976,ashley.wells.4976@example.com,Ashley,Wells,+1-555-0004976
CAND-4977,michael.montgomery.4977@example.com,Michael,Montgomery,+1-555-0004977
CAND-4978,angelica.taylor.4978@example.com,Angelica,Taylor,+1-555-0004978
CAND-4979,carlos.patterson.4979@example.com,Carlos,Patterson,+1-555-0004979
CAND-4980,nicholas.jones.4980@example.com,Nicholas,Jones,+1-555-0004980
CAND-4981,christian.patton.4981@example.com,Christian,Patton,+1-555-0004981
CAND-4982,kenneth.wilson.4982@example.com,Kenneth,Wilson,+1-555-0004982
CAND-4983,jerry.guzman.4983@example.com,Jerry,Guzman,+1-555-0004983
CAND-4984,mark.walker.4984@example.com,Mark,Walker,+1-555-0004984
CAND-4985,shelia.nielsen.4985@example.com,Shelia,Nielsen,+1-555-0004985
CAND-4986,john.warner.4986@example.com,John,Warner,+1-555-0004986
CAND-4987,carlos.savage.4987@example.com,Carlos,Savage,+1-555-0004987
CAND-4988,tammy.jones.4988@example.com,Tammy,Jones,+1-555-0004988
CAND-4989,barbara.castaneda.4989@example.com,Barbara,Castaneda,+1-555-0004989
CAND-4990,sarah.porter.4990@example.com,Sarah,Porter,+1-555-0004990
CAND-4991,reginald.brown.4991@example.com,Reginald,Brown,+1-555-0004991
CAND-4992,heidi.rodriguez.4992@example.com,Heidi,Rodriguez,+1-555-0004992
CAND-4993,thomas.lowery.4993@example.com,Thomas,Lowery,+1-555-0004993
CAND-4994,jose.johnson.4994@example.com,Jose,Johnson,+1-555-0004994
CAND-4995,matthew.green.4995@example.com,Matthew,Green,+1-555-0004995
CAND-4996,matthew.hubbard.4996@example.com,Matthew,Hubbard,+1-555-0004996
CAND-4997,donald.payne.4997@example.com,Donald,Payne,+1-555-0004997
CAND-4998,jessica.glass.4998@example.com,Jessica,Glass,+1-555-0004998
CAND-4999,elizabeth.johns.4999@example.com,Elizabeth,Johns,+1-555-0004999
CAND-5000,joe.jones.5000@example.com,Joe,Jones,+1-555-0005000
