candidate_id,email,first_name,last_name,phone
CAND-0001,danielle.johnson@example.com,Danielle,Johnson,533-521-8196x00
CAND-0002,william.johnson@example.com,William,Johnson,886.737.9402
CAND-0003,joshua.lewis@example.com,Joshua,Lewis,001-851-316-155
CAND-0004,andrea.calderon@example.com,Andrea,Calderon,+1-659-931-0341
CAND-0005,cynthia.diaz@example.com,Cynthia,Diaz,(653)541-9283x2
CAND-0006,gabrielle.cameron@example.com,Gabrielle,Cameron,001-903-405-641
CAND-0007,joseph.wright@example.com,Joseph,Wright,+1-484-996-9653
CAND-0008,christopher.williams@example.com,Christopher,Williams,922-669-1669
CAND-0009,tasha.valencia@example.com,Tasha,Valencia,9182451462
CAND-0010,stephanie.liu@example.com,Stephanie,Liu,282-781-4893x25
CAND-0011,tracy.rodriguez@example.com,Tracy,Rodriguez,(443)903-9117x1
CAND-0012,stacey.martin@example.com,Stacey,Martin,596.338.3465x78
CAND-0013,matthew.chapman@example.com,Matthew,Chapman,793.301.0310
CAND-0014,willie.ramirez@example.com,Willie,Ramirez,838.729.9737x63
CAND-0015,rodney.owens@example.com,Rodney,Owens,001-801-406-513
CAND-0016,joshua.wright@example.com,Joshua,Wright,478-810-8013
CAND-0017,todd.lewis@example.com,Todd,Lewis,(502)660-6474x6
CAND-0018,jeff.brown@example.com,Jeff,Brown,001-380-450-097
CAND-0019,casey.jones@example.com,Casey,Jones,361.893.9909
CAND-0020,diane.cunningham@example.com,Diane,Cunningham,343-353-4624x75
CAND-0021,amanda.wagner@example.com,Amanda,Wagner,(651)235-4278
CAND-0022,elizabeth.spencer@example.com,Elizabeth,Spencer,+1-612-941-1824
CAND-0023,john.odonnell@example.com,John,Odonnell,4169400524
CAND-0024,andrea.patterson@example.com,Andrea,Patterson,4118280598
CAND-0025,david.parker@example.com,David,Parker,4535315869
CAND-0026,michelle.cherry@example.com,Michelle,Cherry,(360)825-6342
CAND-0027,monica.garrison@example.com,Monica,Garrison,837.754.3303
CAND-0028,joshua.jones@example.com,Joshua,Jones,001-345-886-850
CAND-0029,michael.hartman@example.com,Michael,Hartman,(798)816-9340x6
CAND-0030,chad.beck@example.com,Chad,Beck,895-814-8465x64
CAND-0031,erica.orr@example.com,Erica,Orr,+1-794-968-0443
CAND-0032,scott.lowe@example.com,Scott,Lowe,272.214.8951x34
CAND-0033,john.alvarez@example.com,John,Alvarez,001-517-469-367
CAND-0034,linda.dominguez@example.com,Linda,Dominguez,908.831.7278x89
CAND-0035,maria.kelley@example.com,Maria,Kelley,(677)943-4873
CAND-0036,chris.mitchell@example.com,Chris,Mitchell,855-881-2236x23
CAND-0037,mark.owens@example.com,Mark,Owens,2367690967
CAND-0038,kenneth.price@example.com,Kenneth,Price,(488)993-7346x7
CAND-0039,samantha.hooper@example.com,Samantha,Hooper,+1-906-499-0162
CAND-0040,brent.gray@example.com,Brent,Gray,975.256.4641
CAND-0041,kaitlyn.williams@example.com,Kaitlyn,Williams,(931)300-3309x2
CAND-0042,anne.robinson@example.com,Anne,Robinson,001-645-829-912
CAND-0043,randy.espinoza@example.com,Randy,Espinoza,793-814-9190
CAND-0044,doris.jones@example.com,Doris,Jones,+1-650-967-1657
CAND-0045,steven.petersen@example.com,Steven,Petersen,001-845-731-473
CAND-0046,anthony.rosales@example.com,Anthony,Rosales,(273)554-5494
CAND-0047,christopher.cortez@example.com,Christopher,Cortez,783.977.7014x36
CAND-0048,angela.cooper@example.com,Angela,Cooper,001-485-557-444
CAND-0049,javier.washington@example.com,Javier,Washington,001-498-694-134
CAND-0050,brandon.brown@example.com,Brandon,Brown,627-910-9477x75
CAND-0051,danny.jones@example.com,Danny,Jones,519.802.2941x31
CAND-0052,shannon.ramos@example.com,Shannon,Ramos,001-564-699-091
CAND-0053,donna.moore@example.com,Donna,Moore,(681)220-6797
CAND-0054,jesse.mann@example.com,Jesse,Mann,001-671-434-936
CAND-0055,charles.martin@example.com,Charles,Martin,999-347-1746x48
CAND-0056,carly.preston@example.com,Carly,Preston,001-459-940-139
CAND-0057,april.ramos@example.com,April,Ramos,429-767-1756x55
CAND-0058,robert.simpson@example.com,Robert,Simpson,+1-968-807-1545
CAND-0059,brian.stone@example.com,Brian,Stone,+1-277-503-4824
CAND-0060,jennifer.collins@example.com,Jennifer,Collins,9866131712
CAND-0061,william.hill@example.com,William,Hill,873.778.2639x82
CAND-0062,sarah.romero@example.com,Sarah,Romero,9447997278
CAND-0063,martin.hines@example.com,Martin,Hines,(875)433-9636x0
CAND-0064,tyler.johnson@example.com,Tyler,Johnson,695.717.1870x26
CAND-0065,cindy.sanders@example.com,Cindy,Sanders,358-565-7809
CAND-0066,crystal.mccall@example.com,Crystal,Mccall,216.711.7240
CAND-0067,laura.carter@example.com,Laura,Carter,(862)538-6922x2
CAND-0068,tyler.aguilar@example.com,Tyler,Aguilar,474.374.0748
CAND-0069,scott.reed@example.com,Scott,Reed,001-346-547-436
CAND-0070,patrick.howard@example.com,Patrick,Howard,740-564-0909x74
CAND-0071,dana.oliver@example.com,Dana,Oliver,+1-421-504-7095
CAND-0072,david.ryan@example.com,David,Ryan,(488)542-4745x1
CAND-0073,michelle.ramsey@example.com,Michelle,Ramsey,(885)716-0481x7
CAND-0074,daniel.hall@example.com,Daniel,Hall,8983593174
CAND-0075,donald.shah@example.com,Donald,Shah,471-813-8267x58
CAND-0076,diana.bass@example.com,Diana,Bass,+1-764-205-3773
CAND-0077,raymond.lopez@example.com,Raymond,Lopez,471-539-0053
CAND-0078,casey.hubbard@example.com,Casey,Hubbard,493.435.2904
CAND-0079,amber.lindsey@example.com,Amber,Lindsey,402-605-3950
CAND-0080,brian.harmon@example.com,Brian,Harmon,611.977.5891x78
CAND-0081,dawn.johnson@example.com,Dawn,Johnson,666.717.7115x92
CAND-0082,oscar.harper@example.com,Oscar,Harper,778-996-1183x67
CAND-0083,raymond.blair@example.com,Raymond,Blair,465-245-2711x11
CAND-0084,brenda.hoffman@example.com,Brenda,Hoffman,416-956-0494x51
CAND-0085,jeffrey.rodriguez@example.com,Jeffrey,Rodriguez,+1-251-649-3689
CAND-0086,anthony.nelson@example.com,Anthony,Nelson,001-545-850-229
CAND-0087,robert.peterson@example.com,Robert,Peterson,(645)999-1022x9
CAND-0088,ebony.tucker@example.com,Ebony,Tucker,664.238.1561x49
CAND-0089,jeffrey.joyce@example.com,Jeffrey,Joyce,3032432445
CAND-0090,tyler.jordan@example.com,Tyler,Jordan,(268)838-8516
CAND-0091,andrew.morse@example.com,Andrew,Morse,796-396-6416x05
CAND-0092,samuel.rodriguez@example.com,Samuel,Rodriguez,(596)781-6453x5
CAND-0093,michael.mullen@example.com,Michael,Mullen,+1-923-912-4329
CAND-0094,erin.macias@example.com,Erin,Macias,+1-795-352-7177
CAND-0095,lance.hayes@example.com,Lance,Hayes,9542119986
CAND-0096,shannon.pacheco@example.com,Shannon,Pacheco,+1-435-297-8207
CAND-0097,john.kim@example.com,John,Kim,288.792.5546x65
CAND-0098,cameron.davis@example.com,Cameron,Davis,+1-364-649-2519
CAND-0099,angelica.schneider@example.com,Angelica,Schneider,528-516-8505x42
CAND-0100,zoe.moore@example.com,Zoe,Moore,418-488-0592x96
CAND-0101,jennifer.williams@example.com,Jennifer,Williams,(737)994-7383x4
CAND-0102,steven.campbell@example.com,Steven,Campbell,(388)362-3924x0
CAND-0103,justin.hines@example.com,Justin,Hines,878-726-1375x06
CAND-0104,joe.vang@example.com,Joe,Vang,(930)951-5220x4
CAND-0105,christina.bullock@example.com,Christina,Bullock,6435289861
CAND-0106,kevin.williams@example.com,Kevin,Williams,(897)211-7980x8
CAND-0107,christina.allen@example.com,Christina,Allen,(221)885-1888x8
CAND-0108,tina.king@example.com,Tina,King,2517531952
CAND-0109,amy.li@example.com,Amy,Li,(577)222-1704
CAND-0110,kylie.blackwell@example.com,Kylie,Blackwell,348-768-7403x45
CAND-0111,samuel.ross@example.com,Samuel,Ross,865.427.7584x16
CAND-0112,amy.morris@example.com,Amy,Morris,754-947-9627
CAND-0113,bobby.berg@example.com,Bobby,Berg,(996)240-1658x2
CAND-0114,david.young@example.com,David,Young,+1-455-769-0927
CAND-0115,raymond.banks@example.com,Raymond,Banks,610.627.8681
CAND-0116,jane.lewis@example.com,Jane,Lewis,+1-747-331-2172
CAND-0117,andrea.roberts@example.com,Andrea,Roberts,722-958-3132x37
CAND-0118,linda.arnold@example.com,Linda,Arnold,+1-711-346-7866
CAND-0119,shannon.frazier@example.com,Shannon,Frazier,(628)492-2680x1
CAND-0120,fernando.donovan@example.com,Fernando,Donovan,458.641.4384
CAND-0121,christina.davis@example.com,Christina,Davis,+1-229-692-2995
CAND-0122,debra.wang@example.com,Debra,Wang,(490)978-4473x6
CAND-0123,robert.marshall@example.com,Robert,Marshall,992-355-5625x88
CAND-0124,joseph.wright@example.com,Joseph,Wright,704-569-6325
CAND-0125,kathryn.jimenez@example.com,Kathryn,Jimenez,277.247.0168x73
CAND-0126,juan.harper@example.com,Juan,Harper,+1-874-280-1624
CAND-0127,ashley.lee@example.com,Ashley,Lee,+1-341-468-7849
CAND-0128,theresa.long@example.com,Theresa,Long,985-923-9868x00
CAND-0129,eduardo.barry@example.com,Eduardo,Barry,(759)952-6949
CAND-0130,jeanne.evans@example.com,Jeanne,Evans,9556169409
CAND-0131,tammy.patton@example.com,Tammy,Patton,001-399-530-972
CAND-0132,andrew.edwards@example.com,Andrew,Edwards,(563)768-9702
CAND-0133,whitney.mendoza@example.com,Whitney,Mendoza,(652)678-5854x9
CAND-0134,jeffrey.dudley@example.com,Jeffrey,Dudley,843-875-7584x41
CAND-0135,loretta.blevins@example.com,Loretta,Blevins,(540)541-5747
CAND-0136,maria.nelson@example.com,Maria,Nelson,+1-542-519-9330
CAND-0137,brian.gutierrez@example.com,Brian,Gutierrez,001-771-620-826
CAND-0138,debbie.velez@example.com,Debbie,Velez,893-980-2620
CAND-0139,jacob.curry@example.com,Jacob,Curry,400-949-9154x78
CAND-0140,joshua.lamb@example.com,Joshua,Lamb,727-342-0549x32
CAND-0141,richard.davis@example.com,Richard,Davis,(675)730-4637
CAND-0142,kevin.sharp@example.com,Kevin,Sharp,8456301742
CAND-0143,hannah.fowler@example.com,Hannah,Fowler,959-533-2727x95
CAND-0144,kathleen.becker@example.com,Kathleen,Becker,+1-518-478-5191
CAND-0145,franklin.bond@example.com,Franklin,Bond,813.997.1870x72
CAND-0146,anne.hansen@example.com,Anne,Hansen,+1-240-364-0391
CAND-0147,valerie.kennedy@example.com,Valerie,Kennedy,762-326-5676x61
CAND-0148,gregory.medina@example.com,Gregory,Medina,723.400.4786x86
CAND-0149,joshua.pineda@example.com,Joshua,Pineda,001-210-569-033
CAND-0150,joy.morales@example.com,Joy,Morales,783.702.8439
CAND-0151,joel.walter@example.com,Joel,Walter,+1-783-864-4089
CAND-0152,kristi.flores@example.com,Kristi,Flores,(862)846-2873x3
CAND-0153,angela.anderson@example.com,Angela,Anderson,543.251.7518
CAND-0154,joseph.nunez@example.com,Joseph,Nunez,+1-501-539-8373
CAND-0155,suzanne.wilson@example.com,Suzanne,Wilson,001-673-693-638
CAND-0156,michael.andrade@example.com,Michael,Andrade,217.653.5560x93
CAND-0157,angela.silva@example.com,Angela,Silva,001-664-923-536
CAND-0158,tammy.may@example.com,Tammy,May,372.252.2872x80
CAND-0159,kathy.gutierrez@example.com,Kathy,Gutierrez,+1-931-220-3875
CAND-0160,adam.arnold@example.com,Adam,Arnold,4083484086
CAND-0161,samantha.warren@example.com,Samantha,Warren,739.884.5461
CAND-0162,stephen.sanchez@example.com,Stephen,Sanchez,001-234-410-166
CAND-0163,christopher.bruce@example.com,Christopher,Bruce,+1-659-218-0339
CAND-0164,harry.jefferson@example.com,Harry,Jefferson,5398261429
CAND-0165,erica.fernandez@example.com,Erica,Fernandez,(821)785-0163x1
CAND-0166,anthony.nelson@example.com,Anthony,Nelson,673.558.6629x61
CAND-0167,jennifer.miller@example.com,Jennifer,Miller,(662)965-5110
CAND-0168,michael.nelson@example.com,Michael,Nelson,(312)267-8886
CAND-0169,christopher.spencer@example.com,Christopher,Spencer,+1-495-860-4661
CAND-0170,gavin.adams@example.com,Gavin,Adams,672-512-6464x71
CAND-0171,jennifer.simpson@example.com,Jennifer,Simpson,+1-937-712-4065
CAND-0172,ryan.colon@example.com,Ryan,Colon,+1-992-545-9375
CAND-0173,mark.ramirez@example.com,Mark,Ramirez,(651)393-9828x0
CAND-0174,lori.flynn@example.com,Lori,Flynn,(872)843-4266x1
CAND-0175,amy.gibbs@example.com,Amy,Gibbs,(789)811-3529x0
CAND-0176,daniel.garcia@example.com,Daniel,Garcia,888.989.9375
CAND-0177,kelsey.chapman@example.com,Kelsey,Chapman,925.507.1461x12
CAND-0178,adriana.bailey@example.com,Adriana,Bailey,777-351-4010
CAND-0179,erica.martin@example.com,Erica,Martin,001-438-828-258
CAND-0180,randall.mclaughlin@example.com,Randall,Mclaughlin,379.366.0334
CAND-0181,lauren.herrera@example.com,Lauren,Herrera,(853)371-4785x9
CAND-0182,michael.bruce@example.com,Michael,Bruce,+1-424-799-1251
CAND-0183,heather.dixon@example.com,Heather,Dixon,(492)496-6278x2
CAND-0184,leonard.hayes@example.com,Leonard,Hayes,9508723688
CAND-0185,gail.perry@example.com,Gail,Perry,672.419.0340x43
CAND-0186,kimberly.cunningham@example.com,Kimberly,Cunningham,001-578-881-914
CAND-0187,curtis.greer@example.com,Curtis,Greer,001-834-407-451
CAND-0188,christina.glover@example.com,Christina,Glover,709.658.4982
CAND-0189,keith.adams@example.com,Keith,Adams,412.660.4223x25
CAND-0190,courtney.brooks@example.com,Courtney,Brooks,216-384-5775
CAND-0191,jessica.ellis@example.com,Jessica,Ellis,+1-451-986-3637
CAND-0192,kristina.shannon@example.com,Kristina,Shannon,001-600-417-012
CAND-0193,nancy.mcdowell@example.com,Nancy,Mcdowell,554-815-2064
CAND-0194,diana.padilla@example.com,Diana,Padilla,2372129387
CAND-0195,heather.montoya@example.com,Heather,Montoya,(427)413-6111x5
CAND-0196,casey.elliott@example.com,Casey,Elliott,+1-427-353-2697
CAND-0197,brittany.cruz@example.com,Brittany,Cruz,(552)534-1389x9
CAND-0198,julie.phillips@example.com,Julie,Phillips,2377613791
CAND-0199,sarah.anderson@example.com,Sarah,Anderson,001-365-282-710
CAND-0200,jose.williams@example.com,Jose,Williams,4686486661
CAND-0201,christopher.miller@example.com,Christopher,Miller,528.256.9146
CAND-0202,john.middleton@example.com,John,Middleton,479-290-4210
CAND-0203,frank.benton@example.com,Frank,Benton,684.325.2410x56
CAND-0204,tyler.dixon@example.com,Tyler,Dixon,3795252419
CAND-0205,joyce.smith@example.com,Joyce,Smith,8305756220
CAND-0206,marc.butler@example.com,Marc,Butler,001-854-319-518
CAND-0207,natalie.cline@example.com,Natalie,Cline,001-945-718-705
CAND-0208,brittany.snyder@example.com,Brittany,Snyder,001-838-632-060
CAND-0209,dalton.moreno@example.com,Dalton,Moreno,867.702.4103
CAND-0210,stephen.adkins@example.com,Stephen,Adkins,001-818-426-199
CAND-0211,joel.green@example.com,Joel,Green,465-957-4313x29
CAND-0212,steven.russell@example.com,Steven,Russell,+1-453-674-7411
CAND-0213,margaret.terry@example.com,Margaret,Terry,2356213568
CAND-0214,jorge.ewing@example.com,Jorge,Ewing,4673883171
CAND-0215,alexander.greer@example.com,Alexander,Greer,323.265.1994
CAND-0216,wendy.gonzalez@example.com,Wendy,Gonzalez,+1-972-215-1070
CAND-0217,patrick.simmons@example.com,Patrick,Simmons,(632)944-7209x9
CAND-0218,robert.pierce@example.com,Robert,Pierce,2148626383
CAND-0219,kimberly.howard@example.com,Kimberly,Howard,+1-275-798-5642
CAND-0220,carla.johnson@example.com,Carla,Johnson,001-240-578-593
CAND-0221,barbara.mcgrath@example.com,Barbara,Mcgrath,(452)523-9559x0
CAND-0222,mary.cochran@example.com,Mary,Cochran,984.227.0103x93
CAND-0223,martin.mendez@example.com,Martin,Mendez,(352)750-0292
CAND-0224,susan.brooks@example.com,Susan,Brooks,+1-769-515-4522
CAND-0225,elizabeth.olsen@example.com,Elizabeth,Olsen,(544)322-0969x0
CAND-0226,sharon.taylor@example.com,Sharon,Taylor,001-313-755-215
CAND-0227,jonathan.rodriguez@example.com,Jonathan,Rodriguez,7068762676
CAND-0228,craig.mendoza@example.com,Craig,Mendoza,001-632-371-040
CAND-0229,charles.jackson@example.com,Charles,Jackson,(821)481-5997x0
CAND-0230,brian.rivera@example.com,Brian,Rivera,268.884.4431
CAND-0231,ashley.larsen@example.com,Ashley,Larsen,(505)306-1497
CAND-0232,anthony.jackson@example.com,Anthony,Jackson,717-814-6774x18
CAND-0233,mike.griffin@example.com,Mike,Griffin,877-543-4902x11
CAND-0234,angela.randall@example.com,Angela,Randall,468.379.3741x60
CAND-0235,stacy.cole@example.com,Stacy,Cole,(433)620-6163
CAND-0236,luis.acosta@example.com,Luis,Acosta,916-286-8548
CAND-0237,kristin.dean@example.com,Kristin,Dean,761.862.2999x11
CAND-0238,joseph.pena@example.com,Joseph,Pena,001-897-202-462
CAND-0239,randy.koch@example.com,Randy,Koch,001-330-574-505
CAND-0240,dennis.mccann@example.com,Dennis,Mccann,754.269.1373x67
CAND-0241,zachary.moore@example.com,Zachary,Moore,986-228-9023x30
CAND-0242,samantha.bush@example.com,Samantha,Bush,457-986-1035x79
CAND-0243,brenda.bailey@example.com,Brenda,Bailey,(541)540-6029
CAND-0244,deborah.byrd@example.com,Deborah,Byrd,668-600-7229x03
CAND-0245,rodney.bennett@example.com,Rodney,Bennett,(774)637-4896x9
CAND-0246,kenneth.rodriguez@example.com,Kenneth,Rodriguez,554-254-4432
CAND-0247,linda.lang@example.com,Linda,Lang,+1-565-720-7446
CAND-0248,jessica.walker@example.com,Jessica,Walker,+1-375-984-2824
CAND-0249,david.green@example.com,David,Green,+1-725-713-5346
CAND-0250,jorge.carter@example.com,Jorge,Carter,370-899-9173
CAND-0251,alyssa.gutierrez@example.com,Alyssa,Gutierrez,(423)356-9725
CAND-0252,tony.welch@example.com,Tony,Welch,(450)907-4329
CAND-0253,kristen.chan@example.com,Kristen,Chan,(296)566-6760
CAND-0254,jessica.dodson@example.com,Jessica,Dodson,683-400-3354x21
CAND-0255,cameron.williams@example.com,Cameron,Williams,878-298-5625x75
CAND-0256,jeremy.acosta@example.com,Jeremy,Acosta,(830)698-2150
CAND-0257,kelsey.dean@example.com,Kelsey,Dean,+1-901-400-1676
CAND-0258,jamie.jennings@example.com,Jamie,Jennings,8463184992
CAND-0259,william.williamson@example.com,William,Williamson,411-273-9348x35
CAND-0260,amy.lozano@example.com,Amy,Lozano,001-375-330-011
CAND-0261,rebecca.newman@example.com,Rebecca,Newman,344.370.1204x55
CAND-0262,melissa.zamora@example.com,Melissa,Zamora,7227557941
CAND-0263,ian.morales@example.com,Ian,Morales,946.976.2120x21
CAND-0264,howard.james@example.com,Howard,James,(790)227-7167x0
CAND-0265,janet.gregory@example.com,Janet,Gregory,001-499-235-889
CAND-0266,alexander.michael@example.com,Alexander,Michael,877.821.7535x40
CAND-0267,lisa.miller@example.com,Lisa,Miller,897.217.7517x01
CAND-0268,angela.smith@example.com,Angela,Smith,799-248-8375
CAND-0269,lisa.richard@example.com,Lisa,Richard,789-397-5711x30
CAND-0270,brandon.martin@example.com,Brandon,Martin,(561)949-3316
CAND-0271,makayla.lee@example.com,Makayla,Lee,216-809-1779x82
CAND-0272,mary.webb@example.com,Mary,Webb,529.622.1699x58
CAND-0273,raymond.cooper@example.com,Raymond,Cooper,572-626-9848x58
CAND-0274,glenda.morse@example.com,Glenda,Morse,(828)685-1587
CAND-0275,natalie.henderson@example.com,Natalie,Henderson,6814062003
CAND-0276,tonya.vega@example.com,Tonya,Vega,(504)838-0571
CAND-0277,john.mueller@example.com,John,Mueller,001-940-566-658
CAND-0278,rhonda.bush@example.com,Rhonda,Bush,+1-359-889-3347
CAND-0279,billy.ramirez@example.com,Billy,Ramirez,222-694-0572x02
CAND-0280,tracy.armstrong@example.com,Tracy,Armstrong,(815)383-2818x2
CAND-0281,michael.ware@example.com,Michael,Ware,+1-555-554-3987
CAND-0282,susan.fleming@example.com,Susan,Fleming,261-664-8408x58
CAND-0283,rachel.lee@example.com,Rachel,Lee,811.328.8013x36
CAND-0284,julie.hernandez@example.com,Julie,Hernandez,650.811.0248x19
CAND-0285,paul.mccoy@example.com,Paul,Mccoy,(350)661-8091x9
CAND-0286,kristin.turner@example.com,Kristin,Turner,547-466-0728
CAND-0287,julie.robles@example.com,Julie,Robles,+1-342-245-0882
CAND-0288,adam.carlson@example.com,Adam,Carlson,+1-481-443-5368
CAND-0289,jack.jensen@example.com,Jack,Jensen,631-329-0878x14
CAND-0290,james.carpenter@example.com,James,Carpenter,652-431-4913x57
CAND-0291,ariana.diaz@example.com,Ariana,Diaz,962-705-3364x52
CAND-0292,kim.tucker@example.com,Kim,Tucker,329-314-2834
CAND-0293,patricia.atkinson@example.com,Patricia,Atkinson,+1-409-796-9308
CAND-0294,philip.vance@example.com,Philip,Vance,001-242-578-816
CAND-0295,melanie.drake@example.com,Melanie,Drake,+1-228-527-2299
CAND-0296,kathleen.hall@example.com,Kathleen,Hall,753-303-8567x70
CAND-0297,jane.boyd@example.com,Jane,Boyd,649-889-2665x91
CAND-0298,teresa.walker@example.com,Teresa,Walker,(655)577-9082x7
CAND-0299,edward.moore@example.com,Edward,Moore,+1-813-265-1777
CAND-0300,john.anderson@example.com,John,Anderson,001-622-480-920
CAND-0301,zachary.sullivan@example.com,Zachary,Sullivan,001-404-513-797
CAND-0302,maria.burke@example.com,Maria,Burke,001-329-584-257
CAND-0303,nicholas.anderson@example.com,Nicholas,Anderson,9382862912
CAND-0304,natalie.schmidt@example.com,Natalie,Schmidt,001-811-572-980
CAND-0305,shawna.olson@example.com,Shawna,Olson,001-865-699-162
CAND-0306,jacob.fletcher@example.com,Jacob,Fletcher,8987180635
CAND-0307,daniel.simmons@example.com,Daniel,Simmons,001-844-586-959
CAND-0308,robert.bowers@example.com,Robert,Bowers,525.988.7449x56
CAND-0309,krista.avery@example.com,Krista,Avery,838-265-8902
CAND-0310,linda.morrow@example.com,Linda,Morrow,696.211.4351x90
CAND-0311,sonya.wilkins@example.com,Sonya,Wilkins,+1-477-203-8430
CAND-0312,michael.pena@example.com,Michael,Pena,(214)365-6693
CAND-0313,samantha.dunn@example.com,Samantha,Dunn,001-689-455-439
CAND-0314,richard.rodriguez@example.com,Richard,Rodriguez,684-951-8489
CAND-0315,tammy.hart@example.com,Tammy,Hart,001-735-877-907
CAND-0316,stephanie.black@example.com,Stephanie,Black,4439416518
CAND-0317,lee.robinson@example.com,Lee,Robinson,001-542-537-333
CAND-0318,james.wright@example.com,James,Wright,+1-752-711-1790
CAND-0319,travis.galloway@example.com,Travis,Galloway,001-447-228-463
CAND-0320,alicia.henderson@example.com,Alicia,Henderson,+1-908-756-2718
CAND-0321,hannah.smith@example.com,Hannah,Smith,669.515.5942
CAND-0322,joseph.mullen@example.com,Joseph,Mullen,452-576-3655x64
CAND-0323,lisa.le@example.com,Lisa,Le,486.863.2270
CAND-0324,victor.cowan@example.com,Victor,Cowan,+1-288-557-4489
CAND-0325,lisa.woods@example.com,Lisa,Woods,+1-317-754-5588
CAND-0326,michelle.mccarty@example.com,Michelle,Mccarty,999.982.4558
CAND-0327,pamela.james@example.com,Pamela,James,572-725-6996x11
CAND-0328,logan.carter@example.com,Logan,Carter,296-447-5987x62
CAND-0329,jessica.stanley@example.com,Jessica,Stanley,001-313-326-111
CAND-0330,jose.moore@example.com,Jose,Moore,+1-764-733-4722
CAND-0331,michelle.mcdonald@example.com,Michelle,Mcdonald,+1-948-872-8299
CAND-0332,alexandra.fowler@example.com,Alexandra,Fowler,257-283-1745x64
CAND-0333,alexandra.chang@example.com,Alexandra,Chang,(254)878-0774
CAND-0334,lauren.harper@example.com,Lauren,Harper,4858368663
CAND-0335,maria.walker@example.com,Maria,Walker,863-589-4484
CAND-0336,melissa.white@example.com,Melissa,White,217-497-4973x50
CAND-0337,teresa.campbell@example.com,Teresa,Campbell,(770)831-2073
CAND-0338,larry.lloyd@example.com,Larry,Lloyd,(470)551-2046x1
CAND-0339,paula.wright@example.com,Paula,Wright,(901)836-7303x7
CAND-0340,erin.collins@example.com,Erin,Collins,520-888-1474x35
CAND-0341,mark.jackson@example.com,Mark,Jackson,391-563-0097x92
CAND-0342,eric.davis@example.com,Eric,Davis,+1-750-905-2812
CAND-0343,jessica.smith@example.com,Jessica,Smith,(452)740-7784x8
CAND-0344,mario.mcdonald@example.com,Mario,Mcdonald,+1-282-818-2744
CAND-0345,jessica.andrade@example.com,Jessica,Andrade,+1-459-635-1863
CAND-0346,marcus.davidson@example.com,Marcus,Davidson,318-910-2203
CAND-0347,james.johnson@example.com,James,Johnson,+1-567-989-9405
CAND-0348,sarah.collier@example.com,Sarah,Collier,605.386.5094x80
CAND-0349,shirley.yu@example.com,Shirley,Yu,413-886-3383
CAND-0350,julie.miranda@example.com,Julie,Miranda,001-757-461-228
CAND-0351,amanda.greene@example.com,Amanda,Greene,(558)855-6659x3
CAND-0352,katie.howe@example.com,Katie,Howe,657-276-0049x08
CAND-0353,kevin.walker@example.com,Kevin,Walker,404-688-8992x10
CAND-0354,michael.perkins@example.com,Michael,Perkins,744.919.6931
CAND-0355,gerald.petersen@example.com,Gerald,Petersen,001-891-894-096
CAND-0356,sarah.martinez@example.com,Sarah,Martinez,001-539-406-048
CAND-0357,brent.dennis@example.com,Brent,Dennis,(379)998-1364x6
CAND-0358,ashley.williams@example.com,Ashley,Williams,(541)568-6227x8
CAND-0359,john.adams@example.com,John,Adams,(659)411-6655x3
CAND-0360,vanessa.jensen@example.com,Vanessa,Jensen,592.470.3352x11
CAND-0361,misty.wilkins@example.com,Misty,Wilkins,5515477053
CAND-0362,amy.christensen@example.com,Amy,Christensen,+1-679-420-6980
CAND-0363,brian.gonzalez@example.com,Brian,Gonzalez,001-694-807-016
CAND-0364,jerry.james@example.com,Jerry,James,001-215-279-812
CAND-0365,john.moreno@example.com,John,Moreno,876-220-5554x38
CAND-0366,sherry.avery@example.com,Sherry,Avery,525.862.1689
CAND-0367,john.hernandez@example.com,John,Hernandez,495-878-2329x83
CAND-0368,wendy.daugherty@example.com,Wendy,Daugherty,(792)451-8812
CAND-0369,jessica.cannon@example.com,Jessica,Cannon,(564)574-2312x2
CAND-0370,jerry.johnson@example.com,Jerry,Johnson,972-989-7526
CAND-0371,devin.lee@example.com,Devin,Lee,4609463331
CAND-0372,michelle.burns@example.com,Michelle,Burns,273-366-0965x69
CAND-0373,shannon.wilcox@example.com,Shannon,Wilcox,2385860868
CAND-0374,kelly.sanders@example.com,Kelly,Sanders,347-426-4908x27
CAND-0375,kimberly.pace@example.com,Kimberly,Pace,001-982-366-570
CAND-0376,john.holt@example.com,John,Holt,001-421-811-751
CAND-0377,andrea.williams@example.com,Andrea,Williams,(659)622-2206
CAND-0378,jessica.woodward@example.com,Jessica,Woodward,221-923-0940x77
CAND-0379,john.chapman@example.com,John,Chapman,576.271.9903x84
CAND-0380,jack.brown@example.com,Jack,Brown,(402)409-9451x0
CAND-0381,emily.carr@example.com,Emily,Carr,001-799-882-795
CAND-0382,lori.chang@example.com,Lori,Chang,+1-814-572-1458
CAND-0383,heather.salazar@example.com,Heather,Salazar,798-617-9469
CAND-0384,alicia.carney@example.com,Alicia,Carney,(529)297-8772x9
CAND-0385,david.marshall@example.com,David,Marshall,539-266-0558
CAND-0386,danielle.vaughn@example.com,Danielle,Vaughn,214-448-8501x55
CAND-0387,james.bass@example.com,James,Bass,+1-677-702-7278
CAND-0388,angela.smith@example.com,Angela,Smith,001-455-812-405
CAND-0389,jacob.wilson@example.com,Jacob,Wilson,001-645-404-617
CAND-0390,daniel.glover@example.com,Daniel,Glover,001-731-478-078
CAND-0391,kayla.garcia@example.com,Kayla,Garcia,923.207.6810x40
CAND-0392,dakota.miranda@example.com,Dakota,Miranda,001-940-394-353
CAND-0393,joseph.moore@example.com,Joseph,Moore,709-688-1385
CAND-0394,donald.bush@example.com,Donald,Bush,993-221-4958x70
CAND-0395,daniel.brown@example.com,Daniel,Brown,(462)399-7954x5
CAND-0396,lisa.gillespie@example.com,Lisa,Gillespie,817.447.7332x94
CAND-0397,holly.ortega@example.com,Holly,Ortega,477-301-7157x72
CAND-0398,richard.klein@example.com,Richard,Klein,858-514-8769
CAND-0399,christine.kelley@example.com,Christine,Kelley,361.953.9669x58
CAND-0400,danny.carlson@example.com,Danny,Carlson,281-372-4619x19
CAND-0401,jeff.taylor@example.com,Jeff,Taylor,001-902-527-846
CAND-0402,jamie.rich@example.com,Jamie,Rich,294-765-1909x86
CAND-0403,rachel.faulkner@example.com,Rachel,Faulkner,8857140369
CAND-0404,jennifer.sullivan@example.com,Jennifer,Sullivan,(483)227-2386x5
CAND-0405,charles.smith@example.com,Charles,Smith,001-876-921-267
CAND-0406,paul.perez@example.com,Paul,Perez,(990)797-3846x8
CAND-0407,daniel.olson@example.com,Daniel,Olson,001-912-384-781
CAND-0408,gabriella.ryan@example.com,Gabriella,Ryan,001-949-705-807
CAND-0409,robert.yu@example.com,Robert,Yu,242-609-4940x79
CAND-0410,lisa.weber@example.com,Lisa,Weber,271-328-1442x94
CAND-0411,cassandra.kent@example.com,Cassandra,Kent,001-427-452-437
CAND-0412,mary.mullins@example.com,Mary,Mullins,(863)972-3950x4
CAND-0413,kevin.reese@example.com,Kevin,Reese,001-783-266-742
CAND-0414,connor.schmidt@example.com,Connor,Schmidt,(569)545-4414x9
CAND-0415,april.byrd@example.com,April,Byrd,(358)900-1061
CAND-0416,michael.hardy@example.com,Michael,Hardy,330-409-1093x91
CAND-0417,nicholas.gallagher@example.com,Nicholas,Gallagher,+1-692-412-4471
CAND-0418,kimberly.ramirez@example.com,Kimberly,Ramirez,3669504427
CAND-0419,tiffany.gonzalez@example.com,Tiffany,Gonzalez,(227)312-8639x1
CAND-0420,chad.luna@example.com,Chad,Luna,001-970-972-006
CAND-0421,ryan.anthony@example.com,Ryan,Anthony,001-218-330-671
CAND-0422,michael.castaneda@example.com,Michael,Castaneda,917-343-2806x34
CAND-0423,nicole.kim@example.com,Nicole,Kim,320.630.9376
CAND-0424,victor.hanna@example.com,Victor,Hanna,400.550.5061x38
CAND-0425,sandy.johnson@example.com,Sandy,Johnson,(470)279-0320
CAND-0426,rebecca.hoover@example.com,Rebecca,Hoover,579-329-1117
CAND-0427,linda.simmons@example.com,Linda,Simmons,001-365-319-825
CAND-0428,joshua.todd@example.com,Joshua,Todd,(358)827-3902
CAND-0429,kimberly.smith@example.com,Kimberly,Smith,610.902.1946x72
CAND-0430,robert.hurley@example.com,Robert,Hurley,+1-509-527-9145
CAND-0431,david.moreno@example.com,David,Moreno,295-588-3734
CAND-0432,daniel.hernandez@example.com,Daniel,Hernandez,972.220.0543x64
CAND-0433,dan.williams@example.com,Dan,Williams,+1-922-707-8113
CAND-0434,robert.burgess@example.com,Robert,Burgess,931-253-1363x63
CAND-0435,pamela.thomas@example.com,Pamela,Thomas,+1-472-265-2735
CAND-0436,heather.brown@example.com,Heather,Brown,(417)476-2534
CAND-0437,belinda.tran@example.com,Belinda,Tran,616.287.3977
CAND-0438,jessica.fitzgerald@example.com,Jessica,Fitzgerald,235.869.3929
CAND-0439,tina.williams@example.com,Tina,Williams,280.868.6717x73
CAND-0440,stephanie.anderson@example.com,Stephanie,Anderson,431-807-4279x90
CAND-0441,jackson.savage@example.com,Jackson,Savage,+1-570-316-5804
CAND-0442,christine.rogers@example.com,Christine,Rogers,2857016579
CAND-0443,michael.wong@example.com,Michael,Wong,001-518-732-538
CAND-0444,michael.adams@example.com,Michael,Adams,+1-664-901-5577
CAND-0445,christine.marsh@example.com,Christine,Marsh,001-613-371-162
CAND-0446,heidi.crawford@example.com,Heidi,Crawford,880.946.8275
CAND-0447,joan.smith@example.com,Joan,Smith,710.938.5695
CAND-0448,brittney.terry@example.com,Brittney,Terry,+1-577-949-2424
CAND-0449,nathan.roberts@example.com,Nathan,Roberts,6254472928
CAND-0450,teresa.franco@example.com,Teresa,Franco,001-422-531-059
CAND-0451,anna.johnson@example.com,Anna,Johnson,952-757-8284x10
CAND-0452,eric.cordova@example.com,Eric,Cordova,+1-985-747-4929
CAND-0453,hannah.dennis@example.com,Hannah,Dennis,9287140693
CAND-0454,christopher.brown@example.com,Christopher,Brown,+1-839-583-4301
CAND-0455,tracy.morrison@example.com,Tracy,Morrison,905.362.6565x04
CAND-0456,jason.barron@example.com,Jason,Barron,001-667-942-662
CAND-0457,vanessa.fox@example.com,Vanessa,Fox,519-461-0646x28
CAND-0458,marisa.roberts@example.com,Marisa,Roberts,604.994.7873x00
CAND-0459,david.wade@example.com,David,Wade,962-873-0147x19
CAND-0460,miranda.burton@example.com,Miranda,Burton,415.789.0429x02
CAND-0461,frank.nelson@example.com,Frank,Nelson,(750)744-8183x2
CAND-0462,margaret.cohen@example.com,Margaret,Cohen,945-818-9520x28
CAND-0463,matthew.bartlett@example.com,Matthew,Bartlett,332-883-3898
CAND-0464,steven.jones@example.com,Steven,Jones,(707)454-5279
CAND-0465,jennifer.johnson@example.com,Jennifer,Johnson,332-823-4232
CAND-0466,hannah.bowers@example.com,Hannah,Bowers,207-960-3108
CAND-0467,david.king@example.com,David,King,440-711-9393
CAND-0468,anthony.thomas@example.com,Anthony,Thomas,001-249-555-289
CAND-0469,jennifer.brandt@example.com,Jennifer,Brandt,(480)913-8759
CAND-0470,emily.rodriguez@example.com,Emily,Rodriguez,(466)938-3615x1
CAND-0471,kathryn.bush@example.com,Kathryn,Bush,+1-601-957-1647
CAND-0472,jeremiah.russell@example.com,Jeremiah,Russell,(431)875-2071x6
CAND-0473,richard.garza@example.com,Richard,Garza,321-553-5396
CAND-0474,mary.hardy@example.com,Mary,Hardy,499-946-5796x78
CAND-0475,daniel.king@example.com,Daniel,King,432.601.0170x26
CAND-0476,christy.davis@example.com,Christy,Davis,687-773-4778
CAND-0477,lisa.fernandez@example.com,Lisa,Fernandez,9062167567
CAND-0478,antonio.hawkins@example.com,Antonio,Hawkins,001-942-976-246
CAND-0479,anna.moore@example.com,Anna,Moore,7642796954
CAND-0480,anthony.williams@example.com,Anthony,Williams,(259)505-6165x5
CAND-0481,john.wong@example.com,John,Wong,001-711-241-520
CAND-0482,steven.boyer@example.com,Steven,Boyer,001-886-840-790
CAND-0483,marcus.davis@example.com,Marcus,Davis,913.357.8529x45
CAND-0484,mary.herrera@example.com,Mary,Herrera,640-349-6391x91
CAND-0485,ashley.schmidt@example.com,Ashley,Schmidt,(935)414-8468x5
CAND-0486,nicole.burton@example.com,Nicole,Burton,729.973.7489x69
CAND-0487,dylan.hernandez@example.com,Dylan,Hernandez,+1-846-565-1364
CAND-0488,daniel.lee@example.com,Daniel,Lee,447.678.6603
CAND-0489,derek.green@example.com,Derek,Green,882-707-0015x94
CAND-0490,emily.blackwell@example.com,Emily,Blackwell,(523)319-8189x8
CAND-0491,kerri.edwards@example.com,Kerri,Edwards,001-663-963-212
CAND-0492,ricky.roy@example.com,Ricky,Roy,5786515867
CAND-0493,natasha.giles@example.com,Natasha,Giles,(675)740-9003x4
CAND-0494,rebecca.jennings@example.com,Rebecca,Jennings,+1-537-660-6441
CAND-0495,jason.zamora@example.com,Jason,Zamora,456.604.1776x56
CAND-0496,william.bell@example.com,William,Bell,+1-685-770-0272
CAND-0497,barbara.rodriguez@example.com,Barbara,Rodriguez,682.496.5772
CAND-0498,grace.serrano@example.com,Grace,Serrano,531-365-2669x30
CAND-0499,terri.gonzalez@example.com,Terri,Gonzalez,001-320-269-694
CAND-0500,jennifer.graham@example.com,Jennifer,Graham,571.533.3447x62
CAND-0501,wanda.campbell@example.com,Wanda,Campbell,+1-936-326-2044
CAND-0502,alex.anderson@example.com,Alex,Anderson,963-766-9411x80
CAND-0503,wendy.crosby@example.com,Wendy,Crosby,+1-200-448-9646
CAND-0504,jorge.gordon@example.com,Jorge,Gordon,672-715-8624x15
CAND-0505,sara.campbell@example.com,Sara,Campbell,294-585-6257x28
CAND-0506,edgar.hall@example.com,Edgar,Hall,9747276170
CAND-0507,vanessa.hoffman@example.com,Vanessa,Hoffman,671.521.5134x22
CAND-0508,brandy.bonilla@example.com,Brandy,Bonilla,392.761.3715x04
CAND-0509,eric.miller@example.com,Eric,Miller,001-477-549-050
CAND-0510,michelle.solis@example.com,Michelle,Solis,350-218-9616x42
CAND-0511,melissa.martin@example.com,Melissa,Martin,001-564-921-476
CAND-0512,sean.hughes@example.com,Sean,Hughes,299-761-6592x66
CAND-0513,teresa.rhodes@example.com,Teresa,Rhodes,+1-427-688-1476
CAND-0514,mckenzie.mills@example.com,Mckenzie,Mills,690-781-0818x66
CAND-0515,jonathan.miller@example.com,Jonathan,Miller,901.672.2601x64
CAND-0516,matthew.hull@example.com,Matthew,Hull,(232)219-4168
CAND-0517,randall.smith@example.com,Randall,Smith,+1-477-469-7499
CAND-0518,alexander.rodriguez@example.com,Alexander,Rodriguez,5303372368
CAND-0519,kevin.ford@example.com,Kevin,Ford,560.612.2777x07
CAND-0520,ashley.bass@example.com,Ashley,Bass,6502166799
CAND-0521,tony.tucker@example.com,Tony,Tucker,001-797-330-806
CAND-0522,joseph.wong@example.com,Joseph,Wong,917.595.7602x43
CAND-0523,william.matthews@example.com,William,Matthews,+1-359-972-4665
CAND-0524,david.gonzalez@example.com,David,Gonzalez,+1-671-767-4338
CAND-0525,erica.thompson@example.com,Erica,Thompson,701.256.1931x83
CAND-0526,kayla.hawkins@example.com,Kayla,Hawkins,(389)210-7711
CAND-0527,william.jackson@example.com,William,Jackson,435-724-7871
CAND-0528,matthew.taylor@example.com,Matthew,Taylor,476.303.7548
CAND-0529,joseph.espinoza@example.com,Joseph,Espinoza,(253)928-6326x6
CAND-0530,dustin.smith@example.com,Dustin,Smith,611.855.6260x60
CAND-0531,richard.becker@example.com,Richard,Becker,+1-845-950-4892
CAND-0532,dawn.clay@example.com,Dawn,Clay,+1-497-656-3410
CAND-0533,jason.hunt@example.com,Jason,Hunt,385-220-0894x34
CAND-0534,mckenzie.green@example.com,Mckenzie,Green,551.701.7490x75
CAND-0535,kevin.estrada@example.com,Kevin,Estrada,001-992-368-315
CAND-0536,dwayne.simmons@example.com,Dwayne,Simmons,(811)606-2737x1
CAND-0537,breanna.fields@example.com,Breanna,Fields,376.522.8277x28
CAND-0538,stanley.johnson@example.com,Stanley,Johnson,(685)219-6115
CAND-0539,alexandra.wilson@example.com,Alexandra,Wilson,554-447-0229x60
CAND-0540,lori.burns@example.com,Lori,Burns,985-710-6794
CAND-0541,kimberly.alvarez@example.com,Kimberly,Alvarez,001-892-828-777
CAND-0542,jesse.foster@example.com,Jesse,Foster,+1-307-341-2094
CAND-0543,james.montgomery@example.com,James,Montgomery,001-409-283-780
CAND-0544,joshua.harris@example.com,Joshua,Harris,001-797-818-956
CAND-0545,henry.johnson@example.com,Henry,Johnson,456.641.1182x42
CAND-0546,stephanie.gregory@example.com,Stephanie,Gregory,7954200461
CAND-0547,robert.nguyen@example.com,Robert,Nguyen,(610)233-9937x8
CAND-0548,lucas.tran@example.com,Lucas,Tran,370-563-0489
CAND-0549,kathryn.pearson@example.com,Kathryn,Pearson,(749)467-1832
CAND-0550,kimberly.medina@example.com,Kimberly,Medina,(687)800-7942x0
CAND-0551,yvette.kirby@example.com,Yvette,Kirby,698.340.2891
CAND-0552,randall.martinez@example.com,Randall,Martinez,(684)963-9855
CAND-0553,joshua.bates@example.com,Joshua,Bates,853-979-5020x97
CAND-0554,kathryn.medina@example.com,Kathryn,Medina,+1-318-907-1569
CAND-0555,mitchell.lee@example.com,Mitchell,Lee,5305453194
CAND-0556,tina.coffey@example.com,Tina,Coffey,6479930361
CAND-0557,george.lee@example.com,George,Lee,001-699-592-192
CAND-0558,melanie.johnson@example.com,Melanie,Johnson,001-689-348-706
CAND-0559,erin.owens@example.com,Erin,Owens,(580)730-4687x5
CAND-0560,christopher.armstrong@example.com,Christopher,Armstrong,3363133254
CAND-0561,anthony.reynolds@example.com,Anthony,Reynolds,2957431735
CAND-0562,april.young@example.com,April,Young,299-271-7911
CAND-0563,nicholas.wu@example.com,Nicholas,Wu,001-212-607-049
CAND-0564,melissa.morales@example.com,Melissa,Morales,+1-363-799-0767
CAND-0565,debra.lowe@example.com,Debra,Lowe,3785593110
CAND-0566,rebecca.martinez@example.com,Rebecca,Martinez,845.767.9723x20
CAND-0567,larry.mcclure@example.com,Larry,Mcclure,001-522-274-954
CAND-0568,robert.gonzalez@example.com,Robert,Gonzalez,731.653.7795
CAND-0569,robert.martin@example.com,Robert,Martin,707.830.3379x33
CAND-0570,jamie.lopez@example.com,Jamie,Lopez,6509150812
CAND-0571,james.willis@example.com,James,Willis,001-450-503-342
CAND-0572,andrew.cameron@example.com,Andrew,Cameron,502-761-5347
CAND-0573,lisa.guerrero@example.com,Lisa,Guerrero,896.511.2233x86
CAND-0574,samantha.hines@example.com,Samantha,Hines,001-438-942-530
CAND-0575,jason.miller@example.com,Jason,Miller,791.928.6857x87
CAND-0576,jennifer.simpson@example.com,Jennifer,Simpson,696-890-3337x36
CAND-0577,pamela.duncan@example.com,Pamela,Duncan,(248)912-1478x5
CAND-0578,william.rogers@example.com,William,Rogers,576.665.7546x02
CAND-0579,deanna.howard@example.com,Deanna,Howard,348-388-1431
CAND-0580,michael.payne@example.com,Michael,Payne,735-844-4392x84
CAND-0581,sonya.underwood@example.com,Sonya,Underwood,001-907-982-633
CAND-0582,matthew.miller@example.com,Matthew,Miller,466.437.7805
CAND-0583,kevin.rojas@example.com,Kevin,Rojas,255.436.6684x59
CAND-0584,eric.cisneros@example.com,Eric,Cisneros,399-799-6636x18
CAND-0585,ashley.hayes@example.com,Ashley,Hayes,812-618-2097x02
CAND-0586,jamie.carter@example.com,Jamie,Carter,817.905.8025x66
CAND-0587,julia.price@example.com,Julia,Price,623.546.7299
CAND-0588,wayne.cohen@example.com,Wayne,Cohen,930-927-1693x85
CAND-0589,steven.williams@example.com,Steven,Williams,547-454-6926
CAND-0590,rachel.quinn@example.com,Rachel,Quinn,362.591.6032x48
CAND-0591,regina.jenkins@example.com,Regina,Jenkins,001-281-951-185
CAND-0592,anthony.fowler@example.com,Anthony,Fowler,+1-976-956-3600
CAND-0593,carlos.kelley@example.com,Carlos,Kelley,372.474.2209
CAND-0594,kelly.nichols@example.com,Kelly,Nichols,(921)204-2752x3
CAND-0595,mary.cain@example.com,Mary,Cain,+1-516-547-0900
CAND-0596,christopher.fisher@example.com,Christopher,Fisher,8533131220
CAND-0597,lisa.morris@example.com,Lisa,Morris,+1-439-238-6613
CAND-0598,richard.stewart@example.com,Richard,Stewart,(937)331-4950x1
CAND-0599,jennifer.moody@example.com,Jennifer,Moody,001-424-719-562
CAND-0600,tiffany.estrada@example.com,Tiffany,Estrada,250-599-7683
CAND-0601,andrew.blake@example.com,Andrew,Blake,743-963-9102
CAND-0602,kenneth.hernandez@example.com,Kenneth,Hernandez,203.897.5245
CAND-0603,deborah.roberts@example.com,Deborah,Roberts,5358533803
CAND-0604,adrienne.white@example.com,Adrienne,White,+1-501-571-3023
CAND-0605,william.simmons@example.com,William,Simmons,942.533.6293x44
CAND-0606,joseph.harrington@example.com,Joseph,Harrington,856-462-7768
CAND-0607,lori.leon@example.com,Lori,Leon,4666149828
CAND-0608,oscar.torres@example.com,Oscar,Torres,268-797-1527x32
CAND-0609,travis.frost@example.com,Travis,Frost,(556)874-9160x1
CAND-0610,susan.wise@example.com,Susan,Wise,001-458-675-066
CAND-0611,catherine.blackburn@example.com,Catherine,Blackburn,(843)899-2011
CAND-0612,janice.mccann@example.com,Janice,Mccann,883-662-6448
CAND-0613,jessica.goodwin@example.com,Jessica,Goodwin,001-211-395-243
CAND-0614,chad.horton@example.com,Chad,Horton,964.562.2522x37
CAND-0615,jacob.brown@example.com,Jacob,Brown,(634)367-9121
CAND-0616,nicholas.hill@example.com,Nicholas,Hill,509-237-7100x40
CAND-0617,nicholas.meyer@example.com,Nicholas,Meyer,001-847-275-965
CAND-0618,theresa.marks@example.com,Theresa,Marks,607-562-0918
CAND-0619,miguel.montgomery@example.com,Miguel,Montgomery,+1-978-863-0505
CAND-0620,jocelyn.bauer@example.com,Jocelyn,Bauer,(267)416-4932x8
CAND-0621,tyler.miller@example.com,Tyler,Miller,+1-887-227-1783
CAND-0622,ethan.hickman@example.com,Ethan,Hickman,(343)747-1287x1
CAND-0623,nicholas.love@example.com,Nicholas,Love,001-568-363-341
CAND-0624,ashley.anderson@example.com,Ashley,Anderson,569-304-0983x66
CAND-0625,randall.medina@example.com,Randall,Medina,752.643.7729x42
CAND-0626,wayne.barker@example.com,Wayne,Barker,297-437-4605x23
CAND-0627,melissa.luna@example.com,Melissa,Luna,620-686-5675x66
CAND-0628,heather.lee@example.com,Heather,Lee,+1-461-425-9047
CAND-0629,scott.olson@example.com,Scott,Olson,(833)830-5912
CAND-0630,erin.jackson@example.com,Erin,Jackson,8154720185
CAND-0631,courtney.powell@example.com,Courtney,Powell,3139674926
CAND-0632,michelle.santos@example.com,Michelle,Santos,975-601-1117x83
CAND-0633,heather.davis@example.com,Heather,Davis,001-726-376-492
CAND-0634,jennifer.atkins@example.com,Jennifer,Atkins,+1-326-306-8887
CAND-0635,karen.clark@example.com,Karen,Clark,+1-412-392-0875
CAND-0636,anna.york@example.com,Anna,York,2115845826
CAND-0637,kevin.shah@example.com,Kevin,Shah,348.272.9758x59
CAND-0638,joel.lopez@example.com,Joel,Lopez,632-698-3954x29
CAND-0639,patrick.mckee@example.com,Patrick,Mckee,(471)846-2831x4
CAND-0640,lorraine.stewart@example.com,Lorraine,Stewart,(360)793-1418x1
CAND-0641,regina.strickland@example.com,Regina,Strickland,(334)401-6361
CAND-0642,alisha.hutchinson@example.com,Alisha,Hutchinson,001-371-285-948
CAND-0643,george.potts@example.com,George,Potts,(425)488-9679x2
CAND-0644,douglas.bradley@example.com,Douglas,Bradley,605-639-6727x57
CAND-0645,stephanie.meyer@example.com,Stephanie,Meyer,001-434-214-651
CAND-0646,christopher.mitchell@example.com,Christopher,Mitchell,506.282.7788x16
CAND-0647,jennifer.park@example.com,Jennifer,Park,001-753-489-097
CAND-0648,willie.farley@example.com,Willie,Farley,(676)525-1538x1
CAND-0649,aaron.welch@example.com,Aaron,Welch,(734)680-7970x5
CAND-0650,michael.smith@example.com,Michael,Smith,001-826-350-167
CAND-0651,robin.smith@example.com,Robin,Smith,001-943-476-545
CAND-0652,donald.burgess@example.com,Donald,Burgess,8537134026
CAND-0653,rachel.martin@example.com,Rachel,Martin,774.816.7872
CAND-0654,warren.mclean@example.com,Warren,Mclean,(821)210-2258x0
CAND-0655,ryan.roberts@example.com,Ryan,Roberts,816.539.2823x41
CAND-0656,thomas.patton@example.com,Thomas,Patton,489-823-9231
CAND-0657,benjamin.mooney@example.com,Benjamin,Mooney,(660)593-1066
CAND-0658,jeffrey.simmons@example.com,Jeffrey,Simmons,7868041454
CAND-0659,john.jacobson@example.com,John,Jacobson,(300)805-3474
CAND-0660,jack.vaughan@example.com,Jack,Vaughan,(754)511-0825x5
CAND-0661,debra.clark@example.com,Debra,Clark,(711)629-1093x3
CAND-0662,jessica.mayo@example.com,Jessica,Mayo,782.702.3684
CAND-0663,shane.love@example.com,Shane,Love,(217)568-8029x4
CAND-0664,joy.sanders@example.com,Joy,Sanders,+1-488-212-7868
CAND-0665,ernest.robinson@example.com,Ernest,Robinson,001-308-478-844
CAND-0666,jeffrey.ferguson@example.com,Jeffrey,Ferguson,702-742-4033x81
CAND-0667,christopher.thornton@example.com,Christopher,Thornton,+1-742-569-4500
CAND-0668,jessica.ramirez@example.com,Jessica,Ramirez,708-691-6498x37
CAND-0669,james.soto@example.com,James,Soto,001-462-573-652
CAND-0670,ashley.harding@example.com,Ashley,Harding,(340)442-2693
CAND-0671,charles.sanchez@example.com,Charles,Sanchez,+1-261-482-0916
CAND-0672,john.miller@example.com,John,Miller,(490)901-8513
CAND-0673,kathleen.stafford@example.com,Kathleen,Stafford,(345)272-3084
CAND-0674,mallory.garcia@example.com,Mallory,Garcia,618-562-0303x66
CAND-0675,sandra.cohen@example.com,Sandra,Cohen,+1-317-221-3145
CAND-0676,cassandra.thompson@example.com,Cassandra,Thompson,659.326.2494x51
CAND-0677,kristina.hensley@example.com,Kristina,Hensley,(825)626-7711
CAND-0678,duane.morris@example.com,Duane,Morris,(726)455-7676
CAND-0679,leah.valdez@example.com,Leah,Valdez,566.887.8878
CAND-0680,christopher.espinoza@example.com,Christopher,Espinoza,293.713.5030x58
CAND-0681,michael.atkinson@example.com,Michael,Atkinson,001-824-272-863
CAND-0682,heather.coleman@example.com,Heather,Coleman,7194179202
CAND-0683,christian.jones@example.com,Christian,Jones,001-862-727-284
CAND-0684,scott.newman@example.com,Scott,Newman,4412200928
CAND-0685,randy.henderson@example.com,Randy,Henderson,884.498.4362x41
CAND-0686,julia.morales@example.com,Julia,Morales,7368289177
CAND-0687,margaret.martin@example.com,Margaret,Martin,(663)441-1159x5
CAND-0688,amber.jones@example.com,Amber,Jones,+1-204-938-3034
CAND-0689,brandon.edwards@example.com,Brandon,Edwards,805-346-8356x52
CAND-0690,wayne.hampton@example.com,Wayne,Hampton,9963790422
CAND-0691,nicole.davis@example.com,Nicole,Davis,001-733-622-889
CAND-0692,michael.chase@example.com,Michael,Chase,(606)333-9912x9
CAND-0693,victor.gibson@example.com,Victor,Gibson,(342)414-9551
CAND-0694,jennifer.murray@example.com,Jennifer,Murray,447.921.9705x46
CAND-0695,michael.kirk@example.com,Michael,Kirk,351-668-7409x03
CAND-0696,nicholas.hudson@example.com,Nicholas,Hudson,936-371-5778
CAND-0697,christopher.dennis@example.com,Christopher,Dennis,(663)965-1559x7
CAND-0698,benjamin.moore@example.com,Benjamin,Moore,223.559.0960x56
CAND-0699,miranda.cisneros@example.com,Miranda,Cisneros,+1-564-642-1214
CAND-0700,jack.brown@example.com,Jack,Brown,(854)223-5677x8
CAND-0701,ann.english@example.com,Ann,English,919.492.5502
CAND-0702,victor.stewart@example.com,Victor,Stewart,+1-464-880-7279
CAND-0703,javier.clark@example.com,Javier,Clark,390.955.0448
CAND-0704,deborah.bryant@example.com,Deborah,Bryant,(455)886-8512x7
CAND-0705,patrick.bruce@example.com,Patrick,Bruce,001-964-391-111
CAND-0706,cynthia.gordon@example.com,Cynthia,Gordon,5469337861
CAND-0707,stephanie.bell@example.com,Stephanie,Bell,566.205.3844x44
CAND-0708,rachel.perry@example.com,Rachel,Perry,8025589552
CAND-0709,angela.myers@example.com,Angela,Myers,+1-860-596-2626
CAND-0710,cory.owen@example.com,Cory,Owen,419.264.8253x11
CAND-0711,christine.stephens@example.com,Christine,Stephens,596-602-7523
CAND-0712,james.pittman@example.com,James,Pittman,001-364-304-120
CAND-0713,donald.green@example.com,Donald,Green,(211)875-3617
CAND-0714,charles.chung@example.com,Charles,Chung,236-465-7224
CAND-0715,donna.welch@example.com,Donna,Welch,4156579980
CAND-0716,sara.lee@example.com,Sara,Lee,5802882351
CAND-0717,mark.robinson@example.com,Mark,Robinson,001-824-547-315
CAND-0718,john.gonzalez@example.com,John,Gonzalez,001-846-619-942
CAND-0719,lisa.dean@example.com,Lisa,Dean,+1-666-839-5517
CAND-0720,kelly.serrano@example.com,Kelly,Serrano,+1-585-760-1256
CAND-0721,nathan.chan@example.com,Nathan,Chan,505-305-3795
CAND-0722,paul.guzman@example.com,Paul,Guzman,231.984.9196x65
CAND-0723,victor.mooney@example.com,Victor,Mooney,(211)972-9596x3
CAND-0724,justin.skinner@example.com,Justin,Skinner,(708)780-5017x1
CAND-0725,richard.hawkins@example.com,Richard,Hawkins,279-206-4771x59
CAND-0726,dominic.holder@example.com,Dominic,Holder,001-363-221-358
CAND-0727,stacey.jones@example.com,Stacey,Jones,996-342-2971x25
CAND-0728,aimee.allen@example.com,Aimee,Allen,574.357.3144x15
CAND-0729,charles.simpson@example.com,Charles,Simpson,503.776.3715
CAND-0730,kathleen.collins@example.com,Kathleen,Collins,828.512.3567x98
CAND-0731,casey.henderson@example.com,Casey,Henderson,+1-949-912-7113
CAND-0732,michael.wilson@example.com,Michael,Wilson,+1-715-263-2686
CAND-0733,scott.wood@example.com,Scott,Wood,6669343629
CAND-0734,april.rodriguez@example.com,April,Rodriguez,5313310094
CAND-0735,amanda.hill@example.com,Amanda,Hill,+1-666-661-3473
CAND-0736,jessica.davis@example.com,Jessica,Davis,997.843.2512x25
CAND-0737,matthew.thompson@example.com,Matthew,Thompson,312-209-5790x73
CAND-0738,lori.bradley@example.com,Lori,Bradley,638-982-2114x57
CAND-0739,jon.ellis@example.com,Jon,Ellis,(545)489-7148x0
CAND-0740,michael.johnson@example.com,Michael,Johnson,001-965-431-361
CAND-0741,joseph.shelton@example.com,Joseph,Shelton,969-764-4309x85
CAND-0742,keith.montes@example.com,Keith,Montes,627.228.4982x47
CAND-0743,shawn.robinson@example.com,Shawn,Robinson,001-210-674-065
CAND-0744,devin.koch@example.com,Devin,Koch,782.514.2369x14
CAND-0745,lisa.walsh@example.com,Lisa,Walsh,(661)444-9429x6
CAND-0746,robert.gonzalez@example.com,Robert,Gonzalez,714-797-8266x12
CAND-0747,taylor.patterson@example.com,Taylor,Patterson,(767)408-0612x9
CAND-0748,christine.yoder@example.com,Christine,Yoder,306-726-0787x01
CAND-0749,brooke.short@example.com,Brooke,Short,001-475-901-980
CAND-0750,derek.jacobson@example.com,Derek,Jacobson,+1-324-340-7931
CAND-0751,john.garcia@example.com,John,Garcia,4875601467
CAND-0752,meagan.payne@example.com,Meagan,Payne,+1-579-916-2022
CAND-0753,timothy.roberts@example.com,Timothy,Roberts,897-854-6617
CAND-0754,eddie.campbell@example.com,Eddie,Campbell,296-709-4097
CAND-0755,sydney.mcdonald@example.com,Sydney,Mcdonald,001-374-402-588
CAND-0756,diana.bell@example.com,Diana,Bell,001-495-672-446
CAND-0757,david.nguyen@example.com,David,Nguyen,001-559-396-100
CAND-0758,elizabeth.porter@example.com,Elizabeth,Porter,+1-275-333-1266
CAND-0759,scott.brooks@example.com,Scott,Brooks,+1-902-951-7629
CAND-0760,erika.perez@example.com,Erika,Perez,001-726-883-190
CAND-0761,ashley.lin@example.com,Ashley,Lin,328-973-3978x55
CAND-0762,ronald.bennett@example.com,Ronald,Bennett,591-228-4117
CAND-0763,carolyn.rivera@example.com,Carolyn,Rivera,544.665.1241
CAND-0764,reginald.brown@example.com,Reginald,Brown,001-219-474-005
CAND-0765,james.montoya@example.com,James,Montoya,903-471-9905x16
CAND-0766,joseph.williams@example.com,Joseph,Williams,2782356743
CAND-0767,anthony.casey@example.com,Anthony,Casey,889.460.8706
CAND-0768,russell.simmons@example.com,Russell,Simmons,(817)219-5535
CAND-0769,john.davis@example.com,John,Davis,3362890030
CAND-0770,david.white@example.com,David,White,9553934296
CAND-0771,diane.jones@example.com,Diane,Jones,+1-637-553-7458
CAND-0772,alison.adams@example.com,Alison,Adams,001-488-510-569
CAND-0773,kevin.tran@example.com,Kevin,Tran,952-203-7710
CAND-0774,joseph.chapman@example.com,Joseph,Chapman,510-849-6706x67
CAND-0775,jack.jordan@example.com,Jack,Jordan,5402850954
CAND-0776,matthew.calderon@example.com,Matthew,Calderon,(460)818-6487x6
CAND-0777,tanner.riddle@example.com,Tanner,Riddle,720.844.1384
CAND-0778,benjamin.hill@example.com,Benjamin,Hill,249-901-4954x27
CAND-0779,alan.johnson@example.com,Alan,Johnson,(378)936-0914x9
CAND-0780,hector.miranda@example.com,Hector,Miranda,447-923-2290x31
CAND-0781,bethany.williams@example.com,Bethany,Williams,001-330-344-058
CAND-0782,william.wilson@example.com,William,Wilson,633-459-5616
CAND-0783,angel.lawson@example.com,Angel,Lawson,(456)257-4902x5
CAND-0784,daniel.lewis@example.com,Daniel,Lewis,888-395-3690x26
CAND-0785,melanie.rose@example.com,Melanie,Rose,6975887543
CAND-0786,mark.lloyd@example.com,Mark,Lloyd,(337)751-3765x1
CAND-0787,denise.jacobs@example.com,Denise,Jacobs,663.792.8369x29
CAND-0788,lee.miller@example.com,Lee,Miller,(982)397-3270x2
CAND-0789,david.johnson@example.com,David,Johnson,(602)312-8866x5
CAND-0790,matthew.summers@example.com,Matthew,Summers,499-491-0157x67
CAND-0791,jennifer.lawrence@example.com,Jennifer,Lawrence,612.309.9576x57
CAND-0792,jesse.snyder@example.com,Jesse,Snyder,8987898645
CAND-0793,katherine.mckay@example.com,Katherine,Mckay,7366849951
CAND-0794,gabriel.roberts@example.com,Gabriel,Roberts,473.224.4913x42
CAND-0795,carmen.williams@example.com,Carmen,Williams,+1-883-907-0534
CAND-0796,abigail.guerra@example.com,Abigail,Guerra,511-376-7412x41
CAND-0797,mark.hunter@example.com,Mark,Hunter,278-215-0618x53
CAND-0798,john.willis@example.com,John,Willis,434.572.7274
CAND-0799,cynthia.davis@example.com,Cynthia,Davis,830.561.7893x20
CAND-0800,dana.washington@example.com,Dana,Washington,+1-524-334-7769
CAND-0801,sydney.prince@example.com,Sydney,Prince,001-446-975-361
CAND-0802,mary.shields@example.com,Mary,Shields,+1-663-704-4836
CAND-0803,robert.lamb@example.com,Robert,Lamb,(464)504-7350x4
CAND-0804,kimberly.rodriguez@example.com,Kimberly,Rodriguez,+1-395-229-8006
CAND-0805,april.cox@example.com,April,Cox,828.563.4255
CAND-0806,angela.wright@example.com,Angela,Wright,4006818670
CAND-0807,kevin.hall@example.com,Kevin,Hall,001-230-241-662
CAND-0808,julia.weaver@example.com,Julia,Weaver,(219)663-9456
CAND-0809,joshua.harris@example.com,Joshua,Harris,697-564-6136x84
CAND-0810,patrick.kaiser@example.com,Patrick,Kaiser,001-965-381-739
CAND-0811,dawn.cook@example.com,Dawn,Cook,+1-911-582-3793
CAND-0812,brian.snyder@example.com,Brian,Snyder,(945)720-5996x0
CAND-0813,susan.young@example.com,Susan,Young,378.481.1616x20
CAND-0814,james.kane@example.com,James,Kane,806-872-8728
CAND-0815,albert.wilson@example.com,Albert,Wilson,748-659-5922x48
CAND-0816,thomas.clark@example.com,Thomas,Clark,522-587-0562x27
CAND-0817,heather.medina@example.com,Heather,Medina,610-697-9215x83
CAND-0818,lori.parrish@example.com,Lori,Parrish,001-345-496-488
CAND-0819,dakota.robinson@example.com,Dakota,Robinson,(649)912-8965
CAND-0820,jason.smith@example.com,Jason,Smith,731.392.2270
CAND-0821,paula.williams@example.com,Paula,Williams,776.675.4813x86
CAND-0822,mary.stewart@example.com,Mary,Stewart,993-624-2687
CAND-0823,gina.grant@example.com,Gina,Grant,(452)205-7563x9
CAND-0824,james.ward@example.com,James,Ward,209.645.1548
CAND-0825,arthur.hill@example.com,Arthur,Hill,960.344.0907x97
CAND-0826,benjamin.johnson@example.com,Benjamin,Johnson,001-622-521-610
CAND-0827,diana.mclaughlin@example.com,Diana,Mclaughlin,652-395-8066x01
CAND-0828,gerald.williams@example.com,Gerald,Williams,+1-938-362-0448
CAND-0829,ashlee.ford@example.com,Ashlee,Ford,212-512-5902
CAND-0830,dana.stevens@example.com,Dana,Stevens,001-734-832-406
CAND-0831,jeremy.lopez@example.com,Jeremy,Lopez,724.747.4175
CAND-0832,kelsey.mills@example.com,Kelsey,Mills,+1-720-696-2893
CAND-0833,christopher.ayala@example.com,Christopher,Ayala,737-740-1827x27
CAND-0834,anne.barrett@example.com,Anne,Barrett,7513502675
CAND-0835,jacob.howard@example.com,Jacob,Howard,(878)820-7979
CAND-0836,thomas.sanchez@example.com,Thomas,Sanchez,001-659-857-640
CAND-0837,brittany.martin@example.com,Brittany,Martin,(249)383-9225
CAND-0838,kyle.cannon@example.com,Kyle,Cannon,(476)527-0232x4
CAND-0839,michaela.kim@example.com,Michaela,Kim,001-532-985-072
CAND-0840,elizabeth.guerra@example.com,Elizabeth,Guerra,001-831-362-526
CAND-0841,michael.santiago@example.com,Michael,Santiago,001-203-892-355
CAND-0842,robin.brewer@example.com,Robin,Brewer,(873)403-4615
CAND-0843,ronald.mitchell@example.com,Ronald,Mitchell,(370)846-2268x1
CAND-0844,linda.smith@example.com,Linda,Smith,329-986-7076x60
CAND-0845,wayne.norman@example.com,Wayne,Norman,001-758-651-268
CAND-0846,james.hess@example.com,James,Hess,001-776-607-401
CAND-0847,ronald.leonard@example.com,Ronald,Leonard,001-308-742-456
CAND-0848,jessica.schmidt@example.com,Jessica,Schmidt,(532)918-1227x6
CAND-0849,billy.nguyen@example.com,Billy,Nguyen,8298168154
CAND-0850,andrew.clements@example.com,Andrew,Clements,216-713-9449x88
CAND-0851,ashley.lewis@example.com,Ashley,Lewis,(242)848-0962x4
CAND-0852,diane.hill@example.com,Diane,Hill,995.813.3053x19
CAND-0853,cynthia.murphy@example.com,Cynthia,Murphy,(478)805-5557x2
CAND-0854,jonathan.johnson@example.com,Jonathan,Johnson,001-617-685-138
CAND-0855,karen.hayes@example.com,Karen,Hayes,602.999.2959x66
CAND-0856,veronica.brooks@example.com,Veronica,Brooks,+1-326-691-1633
CAND-0857,gregory.moore@example.com,Gregory,Moore,001-868-565-369
CAND-0858,michele.simpson@example.com,Michele,Simpson,347.822.6408x57
CAND-0859,betty.barnes@example.com,Betty,Barnes,(263)709-3299x8
CAND-0860,chelsea.jackson@example.com,Chelsea,Jackson,+1-571-450-9688
CAND-0861,thomas.marquez@example.com,Thomas,Marquez,952.541.0397
CAND-0862,gabriela.wallace@example.com,Gabriela,Wallace,927.381.9523
CAND-0863,adam.johnson@example.com,Adam,Johnson,+1-968-276-1648
CAND-0864,kelly.ross@example.com,Kelly,Ross,001-405-768-761
CAND-0865,robert.morgan@example.com,Robert,Morgan,573.641.5177
CAND-0866,matthew.norris@example.com,Matthew,Norris,774-694-9022x84
CAND-0867,kristopher.baldwin@example.com,Kristopher,Baldwin,001-647-874-222
CAND-0868,jonathan.perez@example.com,Jonathan,Perez,894.929.0458
CAND-0869,christine.jackson@example.com,Christine,Jackson,(429)985-8567x2
CAND-0870,penny.smith@example.com,Penny,Smith,353-543-3249
CAND-0871,michael.stevens@example.com,Michael,Stevens,+1-308-233-5061
CAND-0872,sean.mills@example.com,Sean,Mills,642.633.7209
CAND-0873,christopher.lee@example.com,Christopher,Lee,928-940-3339
CAND-0874,corey.keith@example.com,Corey,Keith,5513371717
CAND-0875,amy.lewis@example.com,Amy,Lewis,649.809.6173x99
CAND-0876,carolyn.vasquez@example.com,Carolyn,Vasquez,(558)778-4448
CAND-0877,joshua.hoffman@example.com,Joshua,Hoffman,871-627-0587x72
CAND-0878,cody.atkins@example.com,Cody,Atkins,682-531-3348x45
CAND-0879,ashley.moore@example.com,Ashley,Moore,(936)822-9258
CAND-0880,kimberly.adams@example.com,Kimberly,Adams,874-852-4555x74
CAND-0881,adam.case@example.com,Adam,Case,6656274033
CAND-0882,marissa.johnson@example.com,Marissa,Johnson,(465)788-3398x7
CAND-0883,jennifer.david@example.com,Jennifer,David,001-870-267-349
CAND-0884,craig.bowman@example.com,Craig,Bowman,485-674-1721x56
CAND-0885,audrey.hoffman@example.com,Audrey,Hoffman,735.798.4884x02
CAND-0886,rebecca.griffin@example.com,Rebecca,Griffin,625.673.7553
CAND-0887,cassandra.cantu@example.com,Cassandra,Cantu,(716)266-7080
CAND-0888,ariel.forbes@example.com,Ariel,Forbes,458.374.9511x91
CAND-0889,audrey.mcdonald@example.com,Audrey,Mcdonald,+1-931-864-7725
CAND-0890,pamela.morales@example.com,Pamela,Morales,709-960-0356x24
CAND-0891,desiree.gonzalez@example.com,Desiree,Gonzalez,001-359-223-234
CAND-0892,amanda.blackburn@example.com,Amanda,Blackburn,5286515533
CAND-0893,frank.ritter@example.com,Frank,Ritter,935.502.7160
CAND-0894,omar.griffin@example.com,Omar,Griffin,(533)369-1128x9
CAND-0895,shelia.yang@example.com,Shelia,Yang,(956)233-1857x4
CAND-0896,adrian.lara@example.com,Adrian,Lara,(615)754-1643x1
CAND-0897,brandon.boone@example.com,Brandon,Boone,(290)528-2270
CAND-0898,michelle.guerrero@example.com,Michelle,Guerrero,(496)226-2282x2
CAND-0899,tyler.torres@example.com,Tyler,Torres,+1-254-895-0050
CAND-0900,kathryn.sharp@example.com,Kathryn,Sharp,(321)905-3161
CAND-0901,steven.perry@example.com,Steven,Perry,+1-472-790-4774
CAND-0902,diana.diaz@example.com,Diana,Diaz,+1-317-379-3238
CAND-0903,jennifer.campbell@example.com,Jennifer,Campbell,+1-613-434-2457
CAND-0904,mark.brooks@example.com,Mark,Brooks,(290)560-3202
CAND-0905,fernando.morris@example.com,Fernando,Morris,001-977-653-967
CAND-0906,amy.wilson@example.com,Amy,Wilson,685-352-4578x71
CAND-0907,kimberly.simmons@example.com,Kimberly,Simmons,6824137118
CAND-0908,morgan.parker@example.com,Morgan,Parker,(481)282-6832x3
CAND-0909,lauren.cox@example.com,Lauren,Cox,482.852.1293
CAND-0910,michele.ramirez@example.com,Michele,Ramirez,(646)586-7752x4
CAND-0911,sandra.austin@example.com,Sandra,Austin,406-822-7236
CAND-0912,peter.lee@example.com,Peter,Lee,(613)742-6192x3
CAND-0913,alex.wilson@example.com,Alex,Wilson,381-797-3741x89
CAND-0914,nancy.herring@example.com,Nancy,Herring,6645176927
CAND-0915,alexandra.davis@example.com,Alexandra,Davis,001-799-853-766
CAND-0916,elizabeth.king@example.com,Elizabeth,King,(310)917-3973x9
CAND-0917,ann.monroe@example.com,Ann,Monroe,(798)860-9191x9
CAND-0918,lisa.higgins@example.com,Lisa,Higgins,2575798066
CAND-0919,ashley.johnson@example.com,Ashley,Johnson,714-960-7455x53
CAND-0920,holly.walters@example.com,Holly,Walters,001-523-788-565
CAND-0921,maria.garcia@example.com,Maria,Garcia,001-916-759-726
CAND-0922,kari.chung@example.com,Kari,Chung,301-539-4884x88
CAND-0923,clarence.dawson@example.com,Clarence,Dawson,+1-364-725-8562
CAND-0924,yvonne.ramos@example.com,Yvonne,Ramos,5385240733
CAND-0925,scott.cain@example.com,Scott,Cain,(504)830-9776
CAND-0926,jacob.stone@example.com,Jacob,Stone,(396)445-4655x3
CAND-0927,marc.carey@example.com,Marc,Carey,001-538-792-187
CAND-0928,jennifer.newman@example.com,Jennifer,Newman,+1-937-849-0797
CAND-0929,calvin.forbes@example.com,Calvin,Forbes,7873805721
CAND-0930,stephanie.hill@example.com,Stephanie,Hill,709-576-2637x48
CAND-0931,ashley.liu@example.com,Ashley,Liu,(828)495-0905x9
CAND-0932,jessica.wright@example.com,Jessica,Wright,+1-822-807-1511
CAND-0933,heather.taylor@example.com,Heather,Taylor,521-745-2647x12
CAND-0934,valerie.schultz@example.com,Valerie,Schultz,271-284-0908x05
CAND-0935,mark.torres@example.com,Mark,Torres,001-595-712-397
CAND-0936,collin.vega@example.com,Collin,Vega,(995)292-7282
CAND-0937,christy.mcconnell@example.com,Christy,Mcconnell,344-915-2982
CAND-0938,james.moore@example.com,James,Moore,+1-457-586-7181
CAND-0939,susan.henry@example.com,Susan,Henry,(805)507-9181x5
CAND-0940,justin.taylor@example.com,Justin,Taylor,001-934-866-661
CAND-0941,kevin.gay@example.com,Kevin,Gay,001-240-280-314
CAND-0942,tammy.cruz@example.com,Tammy,Cruz,(980)468-8285x0
CAND-0943,patricia.joseph@example.com,Patricia,Joseph,537-339-9006
CAND-0944,sandra.smith@example.com,Sandra,Smith,452.563.5602
CAND-0945,christy.scott@example.com,Christy,Scott,(294)834-6066x6
CAND-0946,bobby.wang@example.com,Bobby,Wang,(731)411-2712
CAND-0947,sherry.scott@example.com,Sherry,Scott,+1-964-584-4941
CAND-0948,david.cowan@example.com,David,Cowan,771.913.0621x13
CAND-0949,joanna.ramos@example.com,Joanna,Ramos,001-908-533-509
CAND-0950,rachel.brown@example.com,Rachel,Brown,(524)681-3235x7
CAND-0951,angela.thomas@example.com,Angela,Thomas,301-516-8809x25
CAND-0952,adam.smith@example.com,Adam,Smith,2699130981
CAND-0953,sharon.newman@example.com,Sharon,Newman,796-573-7945x77
CAND-0954,drew.walsh@example.com,Drew,Walsh,(264)925-0642
CAND-0955,robert.hobbs@example.com,Robert,Hobbs,962.953.6667
CAND-0956,stephanie.ford@example.com,Stephanie,Ford,856-728-3333x93
CAND-0957,dawn.lewis@example.com,Dawn,Lewis,(571)587-4960
CAND-0958,matthew.wu@example.com,Matthew,Wu,+1-868-562-7036
CAND-0959,edward.stewart@example.com,Edward,Stewart,327.359.9801
CAND-0960,andrew.mora@example.com,Andrew,Mora,3517553234
CAND-0961,cindy.stewart@example.com,Cindy,Stewart,375.824.4182x22
CAND-0962,eric.tran@example.com,Eric,Tran,443.212.7102x67
CAND-0963,brenda.huerta@example.com,Brenda,Huerta,(779)392-7079x5
CAND-0964,gregory.hanson@example.com,Gregory,Hanson,+1-862-413-5415
CAND-0965,michael.king@example.com,Michael,King,248.607.5203x44
CAND-0966,karen.wolf@example.com,Karen,Wolf,515.980.2909x04
CAND-0967,norman.johnson@example.com,Norman,Johnson,+1-946-655-8665
CAND-0968,joseph.gentry@example.com,Joseph,Gentry,+1-515-381-0213
CAND-0969,michelle.smith@example.com,Michelle,Smith,3592129751
CAND-0970,janet.gonzalez@example.com,Janet,Gonzalez,001-512-911-063
CAND-0971,lisa.erickson@example.com,Lisa,Erickson,592.674.9072x80
CAND-0972,douglas.weaver@example.com,Douglas,Weaver,611.832.5326
CAND-0973,william.mitchell@example.com,William,Mitchell,(245)838-0442x1
CAND-0974,christopher.duran@example.com,Christopher,Duran,001-970-715-959
CAND-0975,judy.castillo@example.com,Judy,Castillo,947.758.3392x05
CAND-0976,sandra.mathis@example.com,Sandra,Mathis,(877)772-2660x2
CAND-0977,alexis.moody@example.com,Alexis,Moody,+1-222-992-3106
CAND-0978,philip.torres@example.com,Philip,Torres,+1-443-937-9766
CAND-0979,tanya.brown@example.com,Tanya,Brown,915-579-4238
CAND-0980,robert.smith@example.com,Robert,Smith,725-449-6919x28
CAND-0981,mike.waller@example.com,Mike,Waller,707-956-3353
CAND-0982,kristin.peters@example.com,Kristin,Peters,001-553-525-939
CAND-0983,tracy.harrison@example.com,Tracy,Harrison,9589162951
CAND-0984,carrie.macdonald@example.com,Carrie,Macdonald,001-241-776-342
CAND-0985,michael.oliver@example.com,Michael,Oliver,+1-524-357-5983
CAND-0986,kenneth.brown@example.com,Kenneth,Brown,688.543.6604
CAND-0987,douglas.johnson@example.com,Douglas,Johnson,+1-361-657-2768
CAND-0988,stephen.gonzalez@example.com,Stephen,Gonzalez,+1-974-729-2501
CAND-0989,donald.decker@example.com,Donald,Decker,(280)265-6259x0
CAND-0990,jennifer.reeves@example.com,Jennifer,Reeves,311.822.1823x15
CAND-0991,matthew.jones@example.com,Matthew,Jones,(680)586-6281x3
CAND-0992,john.newman@example.com,John,Newman,+1-400-437-0033
CAND-0993,vincent.morris@example.com,Vincent,Morris,001-560-584-706
CAND-0994,brandi.smith@example.com,Brandi,Smith,001-619-658-263
CAND-0995,angela.dixon@example.com,Angela,Dixon,(339)645-3546
CAND-0996,shannon.griffin@example.com,Shannon,Griffin,+1-586-632-1061
CAND-0997,michael.brown@example.com,Michael,Brown,+1-939-843-8040
CAND-0998,jennifer.ellis@example.com,Jennifer,Ellis,(292)277-8943x1
CAND-0999,mercedes.arroyo@example.com,Mercedes,Arroyo,5475692105
CAND-1000,tasha.harmon@example.com,Tasha,Harmon,(514)360-4014x2
CAND-1001,samantha.garner@example.com,Samantha,Garner,+1-907-320-1137
CAND-1002,jessica.hernandez@example.com,Jessica,Hernandez,466-200-7676
CAND-1003,barbara.williams@example.com,Barbara,Williams,544-973-4043
CAND-1004,lisa.forbes@example.com,Lisa,Forbes,3967873045
CAND-1005,stephen.kennedy@example.com,Stephen,Kennedy,(455)888-2556
CAND-1006,nathan.lucero@example.com,Nathan,Lucero,001-942-978-656
CAND-1007,karen.hensley@example.com,Karen,Hensley,(405)582-9582
CAND-1008,makayla.sanders@example.com,Makayla,Sanders,(918)380-8190x4
CAND-1009,mark.copeland@example.com,Mark,Copeland,(486)586-3956x1
CAND-1010,jennifer.barry@example.com,Jennifer,Barry,217.221.4364x38
CAND-1011,kenneth.clark@example.com,Kenneth,Clark,001-711-547-165
CAND-1012,kevin.harvey@example.com,Kevin,Harvey,399.807.0755x04
CAND-1013,haley.oliver@example.com,Haley,Oliver,(570)360-7174x8
CAND-1014,shawn.curry@example.com,Shawn,Curry,897.305.4873
CAND-1015,alex.anderson@example.com,Alex,Anderson,+1-308-971-8274
CAND-1016,gordon.hayes@example.com,Gordon,Hayes,(504)995-6121
CAND-1017,todd.smith@example.com,Todd,Smith,001-426-404-235
CAND-1018,david.irwin@example.com,David,Irwin,+1-890-977-5608
CAND-1019,arthur.graham@example.com,Arthur,Graham,001-361-211-457
CAND-1020,fernando.hudson@example.com,Fernando,Hudson,+1-237-585-8471
CAND-1021,james.evans@example.com,James,Evans,001-660-450-801
CAND-1022,luis.sanchez@example.com,Luis,Sanchez,433.477.7312x68
CAND-1023,michaela.thomas@example.com,Michaela,Thomas,001-817-281-923
CAND-1024,monica.norman@example.com,Monica,Norman,8354679327
CAND-1025,john.boyd@example.com,John,Boyd,816.690.6181x20
CAND-1026,steven.roman@example.com,Steven,Roman,448-995-4787x69
CAND-1027,matthew.holt@example.com,Matthew,Holt,588-591-4444x98
CAND-1028,michael.torres@example.com,Michael,Torres,786-544-9639x24
CAND-1029,lauren.perkins@example.com,Lauren,Perkins,(714)533-9527
CAND-1030,peter.love@example.com,Peter,Love,001-378-852-491
CAND-1031,lisa.riggs@example.com,Lisa,Riggs,8135477894
CAND-1032,joseph.jarvis@example.com,Joseph,Jarvis,+1-279-217-6651
CAND-1033,melanie.ramirez@example.com,Melanie,Ramirez,+1-284-221-6309
CAND-1034,daniel.davila@example.com,Daniel,Davila,001-544-463-339
CAND-1035,andrew.silva@example.com,Andrew,Silva,001-332-363-890
CAND-1036,john.russell@example.com,John,Russell,579.622.3410
CAND-1037,ryan.valencia@example.com,Ryan,Valencia,(273)631-1677x2
CAND-1038,jamie.nunez@example.com,Jamie,Nunez,(385)850-7896x7
CAND-1039,gary.powell@example.com,Gary,Powell,955.264.3436
CAND-1040,glenda.elliott@example.com,Glenda,Elliott,+1-817-306-9556
CAND-1041,samuel.bailey@example.com,Samuel,Bailey,254-872-2398x98
CAND-1042,michael.hodges@example.com,Michael,Hodges,621-998-0418
CAND-1043,edward.thomas@example.com,Edward,Thomas,(442)636-4281x3
CAND-1044,amy.mcmahon@example.com,Amy,Mcmahon,(430)339-1114
CAND-1045,kimberly.tran@example.com,Kimberly,Tran,(222)882-3052x4
CAND-1046,dennis.williams@example.com,Dennis,Williams,(923)495-9473
CAND-1047,jennifer.reeves@example.com,Jennifer,Reeves,(990)816-2047
CAND-1048,andrea.barber@example.com,Andrea,Barber,278.559.9648x62
CAND-1049,charles.vang@example.com,Charles,Vang,519-866-6450x57
CAND-1050,kimberly.christensen@example.com,Kimberly,Christensen,892.946.3203x74
CAND-1051,jennifer.watson@example.com,Jennifer,Watson,772.260.3214
CAND-1052,michael.blankenship@example.com,Michael,Blankenship,+1-761-594-5887
CAND-1053,kyle.hunter@example.com,Kyle,Hunter,7122840083
CAND-1054,shane.cook@example.com,Shane,Cook,+1-975-895-4508
CAND-1055,kathryn.johnson@example.com,Kathryn,Johnson,001-889-681-265
CAND-1056,preston.williams@example.com,Preston,Williams,502-236-9362x68
CAND-1057,vickie.martin@example.com,Vickie,Martin,3479137271
CAND-1058,lisa.cooper@example.com,Lisa,Cooper,001-657-549-885
CAND-1059,jeremy.johnson@example.com,Jeremy,Johnson,545.584.7609x44
CAND-1060,nicole.wright@example.com,Nicole,Wright,(718)685-6669
CAND-1061,christopher.martin@example.com,Christopher,Martin,315.606.6626x70
CAND-1062,joe.koch@example.com,Joe,Koch,769.836.6343x92
CAND-1063,melissa.garcia@example.com,Melissa,Garcia,202-986-7120
CAND-1064,gregory.anderson@example.com,Gregory,Anderson,(259)210-2451x0
CAND-1065,lori.lee@example.com,Lori,Lee,(367)614-9498
CAND-1066,dillon.ford@example.com,Dillon,Ford,928-917-9340x65
CAND-1067,michael.hicks@example.com,Michael,Hicks,266-334-5337x22
CAND-1068,dylan.bolton@example.com,Dylan,Bolton,(821)845-5937
CAND-1069,david.newman@example.com,David,Newman,+1-289-643-7052
CAND-1070,perry.hess@example.com,Perry,Hess,665.872.5659x20
CAND-1071,christopher.hutchinson@example.com,Christopher,Hutchinson,720-723-8974x32
CAND-1072,lauren.watson@example.com,Lauren,Watson,6178833258
CAND-1073,pamela.chaney@example.com,Pamela,Chaney,+1-693-760-7984
CAND-1074,andrew.lawrence@example.com,Andrew,Lawrence,576-979-9359
CAND-1075,joseph.snow@example.com,Joseph,Snow,2395464083
CAND-1076,stephanie.cole@example.com,Stephanie,Cole,(206)901-4886x0
CAND-1077,vanessa.lewis@example.com,Vanessa,Lewis,+1-784-513-6852
CAND-1078,stacey.smith@example.com,Stacey,Smith,(442)744-6263
CAND-1079,connor.huynh@example.com,Connor,Huynh,988-711-2103x14
CAND-1080,david.miranda@example.com,David,Miranda,001-587-681-794
CAND-1081,jessica.bartlett@example.com,Jessica,Bartlett,+1-211-722-5288
CAND-1082,melissa.sparks@example.com,Melissa,Sparks,(918)863-2397x9
CAND-1083,marco.wood@example.com,Marco,Wood,7078309505
CAND-1084,kara.smith@example.com,Kara,Smith,771-321-9881x92
CAND-1085,colleen.johnson@example.com,Colleen,Johnson,+1-853-448-6401
CAND-1086,juan.atkinson@example.com,Juan,Atkinson,285-617-4460
CAND-1087,mark.joseph@example.com,Mark,Joseph,(789)791-5114
CAND-1088,pamela.white@example.com,Pamela,White,391.630.4488
CAND-1089,rebecca.barrett@example.com,Rebecca,Barrett,460-346-1540
CAND-1090,clinton.duffy@example.com,Clinton,Duffy,6174075681
CAND-1091,brittany.hoffman@example.com,Brittany,Hoffman,515.422.9107
CAND-1092,gary.bernard@example.com,Gary,Bernard,+1-583-860-8493
CAND-1093,james.rose@example.com,James,Rose,(626)996-9443x9
CAND-1094,aaron.wilson@example.com,Aaron,Wilson,001-434-229-291
CAND-1095,jerry.wright@example.com,Jerry,Wright,5163234190
CAND-1096,maria.smith@example.com,Maria,Smith,853-872-2155
CAND-1097,donna.becker@example.com,Donna,Becker,232.636.5337x74
CAND-1098,aaron.ford@example.com,Aaron,Ford,4076843614
CAND-1099,joshua.simmons@example.com,Joshua,Simmons,9785197543
CAND-1100,haley.hill@example.com,Haley,Hill,464.327.3720x37
CAND-1101,joseph.wood@example.com,Joseph,Wood,614-584-6019x13
CAND-1102,katherine.barnett@example.com,Katherine,Barnett,+1-299-782-7802
CAND-1103,kayla.carrillo@example.com,Kayla,Carrillo,(895)707-3214x6
CAND-1104,cody.ruiz@example.com,Cody,Ruiz,735.905.5738
CAND-1105,jeremy.bernard@example.com,Jeremy,Bernard,9118923603
CAND-1106,amanda.rodgers@example.com,Amanda,Rodgers,287-623-3351
CAND-1107,alexander.matthews@example.com,Alexander,Matthews,349-373-1539
CAND-1108,linda.moody@example.com,Linda,Moody,+1-530-874-8207
CAND-1109,paige.garcia@example.com,Paige,Garcia,293.694.0655x78
CAND-1110,james.short@example.com,James,Short,202.933.3247
CAND-1111,jeremiah.taylor@example.com,Jeremiah,Taylor,835-246-2127
CAND-1112,george.johnson@example.com,George,Johnson,(361)812-3126
CAND-1113,jermaine.hess@example.com,Jermaine,Hess,588-989-9572x98
CAND-1114,roger.carr@example.com,Roger,Carr,945.349.3036x46
CAND-1115,nancy.wilson@example.com,Nancy,Wilson,001-420-538-187
CAND-1116,lauren.allen@example.com,Lauren,Allen,7893813881
CAND-1117,jordan.rivera@example.com,Jordan,Rivera,(420)967-3231
CAND-1118,charles.le@example.com,Charles,Le,+1-215-272-4500
CAND-1119,kimberly.vazquez@example.com,Kimberly,Vazquez,001-701-252-911
CAND-1120,kristin.goodman@example.com,Kristin,Goodman,+1-302-455-6184
CAND-1121,caroline.ray@example.com,Caroline,Ray,947.281.2248x90
CAND-1122,william.mcdonald@example.com,William,Mcdonald,3907043655
CAND-1123,jennifer.hill@example.com,Jennifer,Hill,(566)791-3624
CAND-1124,mike.williams@example.com,Mike,Williams,929-760-8070x63
CAND-1125,kristin.smith@example.com,Kristin,Smith,+1-382-221-0401
CAND-1126,jose.quinn@example.com,Jose,Quinn,+1-628-577-3836
CAND-1127,eric.jones@example.com,Eric,Jones,001-569-842-894
CAND-1128,katherine.anderson@example.com,Katherine,Anderson,001-486-731-441
CAND-1129,sophia.brooks@example.com,Sophia,Brooks,902-863-5582x43
CAND-1130,kyle.conner@example.com,Kyle,Conner,489-688-0315x38
CAND-1131,martin.compton@example.com,Martin,Compton,790.550.4043x33
CAND-1132,maria.scott@example.com,Maria,Scott,216-532-1119x78
CAND-1133,john.davis@example.com,John,Davis,+1-937-732-6530
CAND-1134,victoria.davis@example.com,Victoria,Davis,368.480.0230x09
CAND-1135,mary.warren@example.com,Mary,Warren,3368577449
CAND-1136,sabrina.khan@example.com,Sabrina,Khan,+1-636-359-5201
CAND-1137,amber.perez@example.com,Amber,Perez,(487)350-9263x2
CAND-1138,john.hill@example.com,John,Hill,761-514-0428x86
CAND-1139,travis.foster@example.com,Travis,Foster,(808)811-2600x3
CAND-1140,nicole.davis@example.com,Nicole,Davis,001-206-827-153
CAND-1141,william.white@example.com,William,White,001-617-676-829
CAND-1142,kara.williams@example.com,Kara,Williams,548.908.7354
CAND-1143,michelle.durham@example.com,Michelle,Durham,001-982-260-335
CAND-1144,catherine.williams@example.com,Catherine,Williams,(499)814-4920x7
CAND-1145,katelyn.mccarthy@example.com,Katelyn,Mccarthy,+1-669-496-4899
CAND-1146,amanda.diaz@example.com,Amanda,Diaz,(593)425-9140x8
CAND-1147,pamela.rodriguez@example.com,Pamela,Rodriguez,001-434-826-698
CAND-1148,danielle.bryant@example.com,Danielle,Bryant,(507)423-4838x9
CAND-1149,diane.hoffman@example.com,Diane,Hoffman,8407561299
CAND-1150,anthony.ballard@example.com,Anthony,Ballard,(869)858-2641
CAND-1151,melvin.mccoy@example.com,Melvin,Mccoy,708.776.1238
CAND-1152,tina.christensen@example.com,Tina,Christensen,234-468-2394x84
CAND-1153,timothy.walker@example.com,Timothy,Walker,8865966101
CAND-1154,charles.barnett@example.com,Charles,Barnett,+1-350-701-6809
CAND-1155,brian.russell@example.com,Brian,Russell,(583)697-6205
CAND-1156,joseph.huang@example.com,Joseph,Huang,479.746.2072x66
CAND-1157,andrew.lindsey@example.com,Andrew,Lindsey,001-677-360-299
CAND-1158,tara.gonzalez@example.com,Tara,Gonzalez,331.925.5235x61
CAND-1159,alex.atkinson@example.com,Alex,Atkinson,(811)592-0613
CAND-1160,mandy.petty@example.com,Mandy,Petty,627-678-9561x33
CAND-1161,joseph.williams@example.com,Joseph,Williams,(395)802-6480
CAND-1162,joshua.cooley@example.com,Joshua,Cooley,473.941.6781
CAND-1163,joyce.porter@example.com,Joyce,Porter,822.410.2179x82
CAND-1164,ashley.peterson@example.com,Ashley,Peterson,897.236.3831x82
CAND-1165,matthew.armstrong@example.com,Matthew,Armstrong,907.598.6617x70
CAND-1166,rachel.holmes@example.com,Rachel,Holmes,(405)506-8212
CAND-1167,crystal.murphy@example.com,Crystal,Murphy,(616)850-5871
CAND-1168,ashley.oconnor@example.com,Ashley,Oconnor,621.592.5967x90
CAND-1169,russell.lynch@example.com,Russell,Lynch,680-622-0509x38
CAND-1170,deborah.evans@example.com,Deborah,Evans,+1-959-288-1145
CAND-1171,heather.alexander@example.com,Heather,Alexander,(923)686-7673x8
CAND-1172,omar.miller@example.com,Omar,Miller,+1-817-979-8768
CAND-1173,jennifer.moore@example.com,Jennifer,Moore,(258)893-7085
CAND-1174,dawn.fleming@example.com,Dawn,Fleming,750.940.5669
CAND-1175,ashley.johnson@example.com,Ashley,Johnson,424-882-5544
CAND-1176,steven.long@example.com,Steven,Long,(659)842-3289
CAND-1177,maria.walker@example.com,Maria,Walker,789.415.6241
CAND-1178,amanda.morgan@example.com,Amanda,Morgan,725.362.9269x33
CAND-1179,jeffrey.esparza@example.com,Jeffrey,Esparza,718.965.5078x46
CAND-1180,kendra.mitchell@example.com,Kendra,Mitchell,930-434-9189x11
CAND-1181,brandon.boyd@example.com,Brandon,Boyd,001-759-634-015
CAND-1182,shawn.murphy@example.com,Shawn,Murphy,931-732-5936x78
CAND-1183,brandon.moyer@example.com,Brandon,Moyer,321-941-0527x69
CAND-1184,anna.jacobs@example.com,Anna,Jacobs,(770)845-2388
CAND-1185,francisco.taylor@example.com,Francisco,Taylor,486-460-5986x78
CAND-1186,trevor.morgan@example.com,Trevor,Morgan,348-359-6559x42
CAND-1187,lisa.patterson@example.com,Lisa,Patterson,402-300-0245x39
CAND-1188,lauren.oneill@example.com,Lauren,Oneill,830-455-7083
CAND-1189,evelyn.campbell@example.com,Evelyn,Campbell,988-996-6997x27
CAND-1190,jennifer.carter@example.com,Jennifer,Carter,(320)425-8254x3
CAND-1191,james.brown@example.com,James,Brown,292.304.9106
CAND-1192,april.perry@example.com,April,Perry,923.487.5082x76
CAND-1193,kristin.yoder@example.com,Kristin,Yoder,775.445.8472x62
CAND-1194,christine.dixon@example.com,Christine,Dixon,001-376-983-160
CAND-1195,grace.gonzalez@example.com,Grace,Gonzalez,001-539-892-052
CAND-1196,nicole.moses@example.com,Nicole,Moses,001-765-591-438
CAND-1197,kristina.foley@example.com,Kristina,Foley,+1-935-984-4617
CAND-1198,jeffery.morton@example.com,Jeffery,Morton,930-295-4497x91
CAND-1199,jacob.thompson@example.com,Jacob,Thompson,320-553-9787
CAND-1200,tracy.woodard@example.com,Tracy,Woodard,529-488-3220x12
CAND-1201,benjamin.williams@example.com,Benjamin,Williams,001-787-497-888
CAND-1202,joel.nichols@example.com,Joel,Nichols,7033044361
CAND-1203,steve.reed@example.com,Steve,Reed,(739)210-2929
CAND-1204,christopher.gonzalez@example.com,Christopher,Gonzalez,983-309-3096x71
CAND-1205,charlotte.wilson@example.com,Charlotte,Wilson,(302)321-3217x6
CAND-1206,darren.reyes@example.com,Darren,Reyes,722-901-9072
CAND-1207,sarah.gonzalez@example.com,Sarah,Gonzalez,+1-430-949-3665
CAND-1208,debra.ortega@example.com,Debra,Ortega,481-724-2114x08
CAND-1209,michelle.ray@example.com,Michelle,Ray,222-594-6209x35
CAND-1210,jennifer.carroll@example.com,Jennifer,Carroll,(829)770-1371x2
CAND-1211,andrea.fernandez@example.com,Andrea,Fernandez,(342)730-4120x2
CAND-1212,christina.mendoza@example.com,Christina,Mendoza,+1-374-802-9907
CAND-1213,ronald.garza@example.com,Ronald,Garza,(232)524-8155x4
CAND-1214,brian.smith@example.com,Brian,Smith,(767)797-5649x1
CAND-1215,justin.bridges@example.com,Justin,Bridges,347.212.4760
CAND-1216,angela.hammond@example.com,Angela,Hammond,410.830.6831x76
CAND-1217,zachary.stephens@example.com,Zachary,Stephens,215.871.2901x50
CAND-1218,shawn.wright@example.com,Shawn,Wright,835.410.4584x74
CAND-1219,danny.gonzalez@example.com,Danny,Gonzalez,8968258857
CAND-1220,caitlyn.crawford@example.com,Caitlyn,Crawford,418.905.3396
CAND-1221,sandra.massey@example.com,Sandra,Massey,(262)615-9183x2
CAND-1222,richard.coleman@example.com,Richard,Coleman,259-201-1079x77
CAND-1223,kaitlyn.baker@example.com,Kaitlyn,Baker,588.319.4905
CAND-1224,levi.jackson@example.com,Levi,Jackson,999-580-9497x69
CAND-1225,deborah.gonzalez@example.com,Deborah,Gonzalez,001-871-866-984
CAND-1226,stephanie.hernandez@example.com,Stephanie,Hernandez,540.677.9433x25
CAND-1227,brandi.barr@example.com,Brandi,Barr,+1-970-414-2620
CAND-1228,daniel.jenkins@example.com,Daniel,Jenkins,(904)418-1359
CAND-1229,phyllis.miller@example.com,Phyllis,Miller,608.489.4801x86
CAND-1230,eugene.martinez@example.com,Eugene,Martinez,(288)239-7857x0
CAND-1231,jordan.williams@example.com,Jordan,Williams,357.412.3691x49
CAND-1232,william.porter@example.com,William,Porter,001-842-996-882
CAND-1233,elizabeth.williams@example.com,Elizabeth,Williams,3957314196
CAND-1234,ronald.snyder@example.com,Ronald,Snyder,+1-832-774-8835
CAND-1235,daniel.galvan@example.com,Daniel,Galvan,001-862-840-964
CAND-1236,amy.le@example.com,Amy,Le,+1-760-347-8421
CAND-1237,paul.moore@example.com,Paul,Moore,(693)864-8820x8
CAND-1238,amanda.shaw@example.com,Amanda,Shaw,+1-306-824-6728
CAND-1239,andrew.whitaker@example.com,Andrew,Whitaker,441-531-9359
CAND-1240,jennifer.rodriguez@example.com,Jennifer,Rodriguez,776.305.2304
CAND-1241,richard.chan@example.com,Richard,Chan,001-802-754-472
CAND-1242,debra.marks@example.com,Debra,Marks,001-444-609-661
CAND-1243,brooke.berry@example.com,Brooke,Berry,+1-308-680-6782
CAND-1244,christopher.nelson@example.com,Christopher,Nelson,513.859.2664x86
CAND-1245,heather.dunn@example.com,Heather,Dunn,386-494-1559x45
CAND-1246,jennifer.frazier@example.com,Jennifer,Frazier,9753360511
CAND-1247,roberto.chandler@example.com,Roberto,Chandler,898.486.3653
CAND-1248,craig.riley@example.com,Craig,Riley,659-406-7000x99
CAND-1249,brandon.knapp@example.com,Brandon,Knapp,(248)696-6760x5
CAND-1250,leroy.grimes@example.com,Leroy,Grimes,275.880.9745x33
CAND-1251,david.vincent@example.com,David,Vincent,(746)762-2654x0
CAND-1252,jeremy.brown@example.com,Jeremy,Brown,001-962-621-224
CAND-1253,richard.gallagher@example.com,Richard,Gallagher,+1-616-801-1241
CAND-1254,victoria.smith@example.com,Victoria,Smith,+1-401-579-8677
CAND-1255,nancy.thompson@example.com,Nancy,Thompson,+1-457-304-7264
CAND-1256,samantha.brown@example.com,Samantha,Brown,743.475.3659x68
CAND-1257,miguel.baker@example.com,Miguel,Baker,824.621.8385x45
CAND-1258,kevin.richardson@example.com,Kevin,Richardson,+1-975-323-1123
CAND-1259,shannon.santana@example.com,Shannon,Santana,(333)942-7203x8
CAND-1260,michael.smith@example.com,Michael,Smith,+1-501-296-3045
CAND-1261,paul.gamble@example.com,Paul,Gamble,558.682.4935
CAND-1262,alexander.hodge@example.com,Alexander,Hodge,001-718-416-778
CAND-1263,joshua.king@example.com,Joshua,King,+1-554-946-0838
CAND-1264,janet.tran@example.com,Janet,Tran,6538912878
CAND-1265,linda.bradley@example.com,Linda,Bradley,(698)982-9045x7
CAND-1266,erin.king@example.com,Erin,King,401.598.6424
CAND-1267,marie.wong@example.com,Marie,Wong,001-372-983-391
CAND-1268,anthony.mora@example.com,Anthony,Mora,(593)428-8098
CAND-1269,dustin.williams@example.com,Dustin,Williams,802-932-0018
CAND-1270,ryan.wilson@example.com,Ryan,Wilson,3896876108
CAND-1271,jaime.reyes@example.com,Jaime,Reyes,240-938-4531
CAND-1272,joshua.logan@example.com,Joshua,Logan,001-982-835-469
CAND-1273,sabrina.smith@example.com,Sabrina,Smith,859-667-1500x66
CAND-1274,christopher.smith@example.com,Christopher,Smith,+1-865-641-1340
CAND-1275,kelsey.harrison@example.com,Kelsey,Harrison,890.458.3668x34
CAND-1276,paul.stevens@example.com,Paul,Stevens,3839868889
CAND-1277,allison.fleming@example.com,Allison,Fleming,+1-979-815-0596
CAND-1278,andrew.wheeler@example.com,Andrew,Wheeler,(401)826-5789
CAND-1279,alexis.levine@example.com,Alexis,Levine,+1-709-352-1755
CAND-1280,steven.bryant@example.com,Steven,Bryant,001-412-674-692
CAND-1281,christopher.marquez@example.com,Christopher,Marquez,(926)242-2297x5
CAND-1282,lisa.keith@example.com,Lisa,Keith,854-421-8545x70
CAND-1283,aaron.lane@example.com,Aaron,Lane,(557)709-0016
CAND-1284,robert.sampson@example.com,Robert,Sampson,623.224.7282x89
CAND-1285,brian.washington@example.com,Brian,Washington,+1-782-224-7312
CAND-1286,timothy.brown@example.com,Timothy,Brown,(380)711-9509x2
CAND-1287,jacob.miller@example.com,Jacob,Miller,2539709230
CAND-1288,chad.jordan@example.com,Chad,Jordan,900-874-1894x85
CAND-1289,brittany.berry@example.com,Brittany,Berry,(552)694-4716x1
CAND-1290,lisa.miller@example.com,Lisa,Miller,001-910-645-025
CAND-1291,jason.keith@example.com,Jason,Keith,001-857-248-352
CAND-1292,julie.west@example.com,Julie,West,001-683-444-883
CAND-1293,louis.perez@example.com,Louis,Perez,+1-846-728-0550
CAND-1294,shane.rogers@example.com,Shane,Rogers,256-723-9209
CAND-1295,rachel.nguyen@example.com,Rachel,Nguyen,3749091311
CAND-1296,kimberly.pugh@example.com,Kimberly,Pugh,490-425-4760
CAND-1297,cynthia.sullivan@example.com,Cynthia,Sullivan,+1-753-754-1201
CAND-1298,monica.brown@example.com,Monica,Brown,(760)615-1532
CAND-1299,scott.zamora@example.com,Scott,Zamora,707-740-7173x27
CAND-1300,dawn.mcintyre@example.com,Dawn,Mcintyre,+1-610-706-4934
CAND-1301,david.johnson@example.com,David,Johnson,660.389.4118
CAND-1302,stephanie.mooney@example.com,Stephanie,Mooney,899-328-5535x95
CAND-1303,arthur.russell@example.com,Arthur,Russell,999.900.6968x01
CAND-1304,jose.osborne@example.com,Jose,Osborne,678.742.3394
CAND-1305,michelle.smith@example.com,Michelle,Smith,(977)562-5503x2
CAND-1306,tricia.edwards@example.com,Tricia,Edwards,(262)441-7842
CAND-1307,doris.armstrong@example.com,Doris,Armstrong,001-723-534-511
CAND-1308,adam.duran@example.com,Adam,Duran,+1-386-884-3021
CAND-1309,philip.robinson@example.com,Philip,Robinson,(990)745-7598
CAND-1310,meredith.valencia@example.com,Meredith,Valencia,529-596-4260
CAND-1311,robert.brock@example.com,Robert,Brock,(602)975-5821
CAND-1312,tonya.wu@example.com,Tonya,Wu,001-492-507-115
CAND-1313,ryan.bernard@example.com,Ryan,Bernard,992-215-8189
CAND-1314,gina.cunningham@example.com,Gina,Cunningham,(911)986-3855x8
CAND-1315,gary.vazquez@example.com,Gary,Vazquez,(888)400-5378x9
CAND-1316,william.perkins@example.com,William,Perkins,(484)954-0182
CAND-1317,francisco.brown@example.com,Francisco,Brown,+1-239-648-2322
CAND-1318,christopher.ramirez@example.com,Christopher,Ramirez,432-281-1659x93
CAND-1319,david.walters@example.com,David,Walters,4423322775
CAND-1320,john.robbins@example.com,John,Robbins,8285165064
CAND-1321,aaron.joyce@example.com,Aaron,Joyce,3595377756
CAND-1322,david.jones@example.com,David,Jones,2294161746
CAND-1323,brandi.sosa@example.com,Brandi,Sosa,810.843.8419
CAND-1324,francis.bradley@example.com,Francis,Bradley,716.870.8056
CAND-1325,mckenzie.solomon@example.com,Mckenzie,Solomon,206.636.2198x65
CAND-1326,bianca.maxwell@example.com,Bianca,Maxwell,840-776-6349x33
CAND-1327,alan.holland@example.com,Alan,Holland,(627)532-2626x1
CAND-1328,kristi.wade@example.com,Kristi,Wade,001-358-854-218
CAND-1329,dylan.allen@example.com,Dylan,Allen,919-496-4338x53
CAND-1330,pamela.estrada@example.com,Pamela,Estrada,(983)833-4303x1
CAND-1331,anthony.baird@example.com,Anthony,Baird,757-569-4757x69
CAND-1332,michael.allen@example.com,Michael,Allen,(697)446-6986x1
CAND-1333,christian.cooper@example.com,Christian,Cooper,(808)409-5948x1
CAND-1334,marcus.case@example.com,Marcus,Case,001-966-647-213
CAND-1335,derrick.richardson@example.com,Derrick,Richardson,001-591-542-614
CAND-1336,laura.moore@example.com,Laura,Moore,(214)254-3079x6
CAND-1337,amanda.parks@example.com,Amanda,Parks,978-352-2115
CAND-1338,sabrina.hawkins@example.com,Sabrina,Hawkins,923-554-2687x44
CAND-1339,dawn.martin@example.com,Dawn,Martin,+1-808-765-2377
CAND-1340,richard.lee@example.com,Richard,Lee,3142005278
CAND-1341,sara.richardson@example.com,Sara,Richardson,+1-980-500-2722
CAND-1342,david.johnson@example.com,David,Johnson,539-813-6817x20
CAND-1343,cindy.bell@example.com,Cindy,Bell,(586)720-9297
CAND-1344,david.brooks@example.com,David,Brooks,+1-453-232-2273
CAND-1345,justin.farrell@example.com,Justin,Farrell,001-935-832-366
CAND-1346,christopher.williams@example.com,Christopher,Williams,208.326.9718x23
CAND-1347,alexis.martinez@example.com,Alexis,Martinez,(615)883-8821x7
CAND-1348,timothy.nguyen@example.com,Timothy,Nguyen,001-642-423-322
CAND-1349,michael.mooney@example.com,Michael,Mooney,001-792-222-560
CAND-1350,rachel.allen@example.com,Rachel,Allen,+1-273-911-8046
CAND-1351,elizabeth.perez@example.com,Elizabeth,Perez,+1-841-485-2013
CAND-1352,richard.brown@example.com,Richard,Brown,763-697-5615x47
CAND-1353,ashley.lloyd@example.com,Ashley,Lloyd,+1-215-316-4119
CAND-1354,barbara.bennett@example.com,Barbara,Bennett,995.278.7520
CAND-1355,lisa.smith@example.com,Lisa,Smith,(362)401-9712
CAND-1356,kyle.everett@example.com,Kyle,Everett,001-836-296-789
CAND-1357,ashley.mills@example.com,Ashley,Mills,412.467.7319
CAND-1358,samuel.price@example.com,Samuel,Price,001-607-559-889
CAND-1359,darius.davis@example.com,Darius,Davis,001-465-343-089
CAND-1360,brenda.bell@example.com,Brenda,Bell,9572644974
CAND-1361,jennifer.smith@example.com,Jennifer,Smith,(987)664-4867x6
CAND-1362,nicole.davis@example.com,Nicole,Davis,865.560.4500
CAND-1363,michael.hale@example.com,Michael,Hale,330.796.4969x27
CAND-1364,derrick.dominguez@example.com,Derrick,Dominguez,753.705.9702
CAND-1365,daniel.rice@example.com,Daniel,Rice,763.864.3159x48
CAND-1366,michael.campbell@example.com,Michael,Campbell,+1-863-545-4434
CAND-1367,karen.sanchez@example.com,Karen,Sanchez,001-444-497-439
CAND-1368,jeffrey.watkins@example.com,Jeffrey,Watkins,362.297.3988x94
CAND-1369,whitney.wolf@example.com,Whitney,Wolf,520.621.7075x48
CAND-1370,crystal.mueller@example.com,Crystal,Mueller,(857)692-2030x0
CAND-1371,patrick.brown@example.com,Patrick,Brown,001-793-890-025
CAND-1372,michelle.rice@example.com,Michelle,Rice,+1-563-359-5708
CAND-1373,jose.ward@example.com,Jose,Ward,234-556-6311x38
CAND-1374,kenneth.white@example.com,Kenneth,White,(222)603-3474x2
CAND-1375,jesse.hayes@example.com,Jesse,Hayes,001-468-668-008
CAND-1376,patrick.aguilar@example.com,Patrick,Aguilar,5212774174
CAND-1377,kevin.skinner@example.com,Kevin,Skinner,6238850228
CAND-1378,peter.white@example.com,Peter,White,001-752-833-282
CAND-1379,ashley.rodriguez@example.com,Ashley,Rodriguez,903.303.3467
CAND-1380,jessica.martinez@example.com,Jessica,Martinez,(475)607-6279x9
CAND-1381,darlene.clark@example.com,Darlene,Clark,223-598-4723
CAND-1382,joseph.hardin@example.com,Joseph,Hardin,(302)984-7190
CAND-1383,jennifer.rosario@example.com,Jennifer,Rosario,+1-724-605-0764
CAND-1384,robert.dean@example.com,Robert,Dean,+1-424-706-5838
CAND-1385,william.velazquez@example.com,William,Velazquez,(625)690-9566
CAND-1386,robin.hardy@example.com,Robin,Hardy,(337)433-7912
CAND-1387,christopher.krause@example.com,Christopher,Krause,287-380-3586
CAND-1388,shawn.williams@example.com,Shawn,Williams,440.739.2519x99
CAND-1389,jill.merritt@example.com,Jill,Merritt,571-522-2764
CAND-1390,angela.white@example.com,Angela,White,7546221626
CAND-1391,brittany.lucas@example.com,Brittany,Lucas,930.283.3444
CAND-1392,kevin.pittman@example.com,Kevin,Pittman,889.795.0470x20
CAND-1393,charles.miranda@example.com,Charles,Miranda,537-674-9266x32
CAND-1394,jackson.morse@example.com,Jackson,Morse,352.425.9206x16
CAND-1395,lisa.anderson@example.com,Lisa,Anderson,+1-459-722-9411
CAND-1396,leslie.ortega@example.com,Leslie,Ortega,001-663-463-726
CAND-1397,brad.bennett@example.com,Brad,Bennett,249-680-8513x31
CAND-1398,audrey.york@example.com,Audrey,York,721.612.2121
CAND-1399,william.buck@example.com,William,Buck,858-626-8687
CAND-1400,patricia.garcia@example.com,Patricia,Garcia,001-618-654-880
CAND-1401,karen.hood@example.com,Karen,Hood,+1-700-862-9877
CAND-1402,dana.campbell@example.com,Dana,Campbell,(441)496-2342x1
CAND-1403,charles.white@example.com,Charles,White,310-342-9483x14
CAND-1404,thomas.gilbert@example.com,Thomas,Gilbert,(369)499-9498
CAND-1405,willie.gonzalez@example.com,Willie,Gonzalez,001-780-503-666
CAND-1406,julie.ryan@example.com,Julie,Ryan,486.631.0505
CAND-1407,john.moreno@example.com,John,Moreno,280.258.2692
CAND-1408,shannon.ferguson@example.com,Shannon,Ferguson,(927)863-3283x8
CAND-1409,rachel.miller@example.com,Rachel,Miller,318-562-6713x68
CAND-1410,eric.wagner@example.com,Eric,Wagner,(733)492-1883
CAND-1411,steven.greene@example.com,Steven,Greene,387-250-6776
CAND-1412,roberto.soto@example.com,Roberto,Soto,(992)908-8143x1
CAND-1413,sue.wilson@example.com,Sue,Wilson,415.896.9838x45
CAND-1414,nicholas.dominguez@example.com,Nicholas,Dominguez,(486)729-5912x5
CAND-1415,mark.guzman@example.com,Mark,Guzman,+1-860-874-2990
CAND-1416,brittany.shea@example.com,Brittany,Shea,979-696-7080
CAND-1417,gina.jimenez@example.com,Gina,Jimenez,+1-559-694-6418
CAND-1418,daniel.murray@example.com,Daniel,Murray,278-653-6988x16
CAND-1419,kelly.smith@example.com,Kelly,Smith,+1-928-260-5210
CAND-1420,randy.roberts@example.com,Randy,Roberts,+1-200-582-4845
CAND-1421,nancy.ballard@example.com,Nancy,Ballard,574-288-3997x41
CAND-1422,edward.choi@example.com,Edward,Choi,(700)503-0566x1
CAND-1423,andre.donaldson@example.com,Andre,Donaldson,(964)218-4937x8
CAND-1424,wayne.castillo@example.com,Wayne,Castillo,001-301-287-260
CAND-1425,jerry.ellison@example.com,Jerry,Ellison,742-499-0674x56
CAND-1426,kevin.johnson@example.com,Kevin,Johnson,(421)755-9967
CAND-1427,sarah.tate@example.com,Sarah,Tate,(921)290-5334
CAND-1428,jonathan.parker@example.com,Jonathan,Parker,(548)545-5939x6
CAND-1429,larry.burns@example.com,Larry,Burns,224-255-3129
CAND-1430,joyce.foster@example.com,Joyce,Foster,+1-521-717-3277
CAND-1431,angela.joseph@example.com,Angela,Joseph,785-922-9425x25
CAND-1432,micheal.miller@example.com,Micheal,Miller,305-608-0549
CAND-1433,shane.parker@example.com,Shane,Parker,735.635.2478x41
CAND-1434,jacqueline.whitney@example.com,Jacqueline,Whitney,234.549.3053x78
CAND-1435,james.moreno@example.com,James,Moreno,(411)333-8926x0
CAND-1436,michael.thompson@example.com,Michael,Thompson,+1-373-704-8625
CAND-1437,hunter.wallace@example.com,Hunter,Wallace,765-835-3780x18
CAND-1438,gina.lopez@example.com,Gina,Lopez,667-517-7629x69
CAND-1439,jason.foster@example.com,Jason,Foster,001-299-246-645
CAND-1440,daniel.patel@example.com,Daniel,Patel,+1-457-339-0835
CAND-1441,janet.fernandez@example.com,Janet,Fernandez,(784)942-4648x8
CAND-1442,george.bartlett@example.com,George,Bartlett,(475)395-8281x9
CAND-1443,scott.silva@example.com,Scott,Silva,001-289-712-488
CAND-1444,karen.rice@example.com,Karen,Rice,351-443-6728x68
CAND-1445,jessica.little@example.com,Jessica,Little,588.956.8119
CAND-1446,mary.miller@example.com,Mary,Miller,490-809-9217x79
CAND-1447,sandy.richards@example.com,Sandy,Richards,751.558.8070
CAND-1448,david.foster@example.com,David,Foster,001-611-493-910
CAND-1449,debbie.edwards@example.com,Debbie,Edwards,336-309-0858
CAND-1450,brad.murphy@example.com,Brad,Murphy,(943)573-6158
CAND-1451,nicholas.morales@example.com,Nicholas,Morales,213.258.9693x35
CAND-1452,courtney.stephens@example.com,Courtney,Stephens,001-461-754-731
CAND-1453,michael.wiley@example.com,Michael,Wiley,564-936-9028
CAND-1454,todd.bryant@example.com,Todd,Bryant,(689)466-6053
CAND-1455,adriana.gray@example.com,Adriana,Gray,641-861-0197x53
CAND-1456,maria.williams@example.com,Maria,Williams,(410)938-8027x3
CAND-1457,robert.henderson@example.com,Robert,Henderson,814.244.7189x39
CAND-1458,robert.morales@example.com,Robert,Morales,001-690-792-288
CAND-1459,karen.bell@example.com,Karen,Bell,001-835-387-271
CAND-1460,kristina.todd@example.com,Kristina,Todd,903-943-9881x87
CAND-1461,denise.howard@example.com,Denise,Howard,233.336.4770x41
CAND-1462,sheri.bailey@example.com,Sheri,Bailey,460.528.2625x42
CAND-1463,patricia.carr@example.com,Patricia,Carr,001-657-372-044
CAND-1464,annette.moore@example.com,Annette,Moore,(638)910-9794x1
CAND-1465,anthony.cross@example.com,Anthony,Cross,+1-472-764-9632
CAND-1466,christian.crawford@example.com,Christian,Crawford,222-240-4326x11
CAND-1467,james.reyes@example.com,James,Reyes,(216)230-7028x6
CAND-1468,brooke.chan@example.com,Brooke,Chan,266.221.9536
CAND-1469,matthew.alvarez@example.com,Matthew,Alvarez,900-317-3259x00
CAND-1470,jake.osborne@example.com,Jake,Osborne,+1-372-821-1386
CAND-1471,tyler.lopez@example.com,Tyler,Lopez,4453461719
CAND-1472,thomas.smith@example.com,Thomas,Smith,443-360-2344x22
CAND-1473,deborah.smith@example.com,Deborah,Smith,823-294-1209x44
CAND-1474,jared.white@example.com,Jared,White,+1-255-413-2761
CAND-1475,joseph.cooper@example.com,Joseph,Cooper,001-359-785-160
CAND-1476,stephanie.herrera@example.com,Stephanie,Herrera,626-986-4986
CAND-1477,angela.moody@example.com,Angela,Moody,262.537.6008x84
CAND-1478,samuel.sandoval@example.com,Samuel,Sandoval,491-390-7499
CAND-1479,samuel.williams@example.com,Samuel,Williams,(898)636-9235x3
CAND-1480,shane.sampson@example.com,Shane,Sampson,321.439.8654x62
CAND-1481,james.acosta@example.com,James,Acosta,+1-820-555-0330
CAND-1482,laura.manning@example.com,Laura,Manning,(373)691-9008x8
CAND-1483,david.yates@example.com,David,Yates,5919692327
CAND-1484,judy.perkins@example.com,Judy,Perkins,+1-697-390-6085
CAND-1485,sherri.delacruz@example.com,Sherri,Delacruz,+1-667-546-3000
CAND-1486,john.wilson@example.com,John,Wilson,737-611-8151
CAND-1487,mark.thomas@example.com,Mark,Thomas,001-542-703-401
CAND-1488,kathryn.ramirez@example.com,Kathryn,Ramirez,(907)456-9994x4
CAND-1489,jennifer.davis@example.com,Jennifer,Davis,+1-424-502-8182
CAND-1490,william.carlson@example.com,William,Carlson,001-440-926-208
CAND-1491,jeremy.durham@example.com,Jeremy,Durham,+1-336-442-3570
CAND-1492,andrea.rivera@example.com,Andrea,Rivera,+1-616-812-5590
CAND-1493,danny.johnson@example.com,Danny,Johnson,592.430.4660x01
CAND-1494,stephen.johnson@example.com,Stephen,Johnson,001-723-229-615
CAND-1495,tyler.jordan@example.com,Tyler,Jordan,001-853-244-604
CAND-1496,daniel.davis@example.com,Daniel,Davis,505.773.4724
CAND-1497,angela.henderson@example.com,Angela,Henderson,868.822.5127x26
CAND-1498,jane.hughes@example.com,Jane,Hughes,(662)624-1976x8
CAND-1499,thomas.gallegos@example.com,Thomas,Gallegos,+1-929-603-5006
CAND-1500,teresa.martinez@example.com,Teresa,Martinez,843-640-4668x21
CAND-1501,cassandra.potter@example.com,Cassandra,Potter,(354)392-0644
CAND-1502,craig.page@example.com,Craig,Page,538.781.8273x06
CAND-1503,erica.mccormick@example.com,Erica,Mccormick,282.718.8496x80
CAND-1504,melanie.velasquez@example.com,Melanie,Velasquez,4215254341
CAND-1505,michelle.wilson@example.com,Michelle,Wilson,(204)298-6037x2
CAND-1506,james.brown@example.com,James,Brown,001-631-297-899
CAND-1507,shawna.clark@example.com,Shawna,Clark,413.717.1978x60
CAND-1508,gabriela.jensen@example.com,Gabriela,Jensen,001-508-941-947
CAND-1509,matthew.morgan@example.com,Matthew,Morgan,(210)972-8878
CAND-1510,devin.mcdonald@example.com,Devin,Mcdonald,001-403-471-616
CAND-1511,patricia.rhodes@example.com,Patricia,Rhodes,001-896-347-718
CAND-1512,rachel.smith@example.com,Rachel,Smith,580-485-5780x02
CAND-1513,jason.foster@example.com,Jason,Foster,(721)969-0696
CAND-1514,jordan.estrada@example.com,Jordan,Estrada,7674516913
CAND-1515,christopher.brown@example.com,Christopher,Brown,564-526-1070
CAND-1516,michael.krause@example.com,Michael,Krause,+1-684-324-3198
CAND-1517,jeffrey.smith@example.com,Jeffrey,Smith,369-710-5302
CAND-1518,rhonda.bennett@example.com,Rhonda,Bennett,001-358-364-633
CAND-1519,aaron.smith@example.com,Aaron,Smith,847-364-2789
CAND-1520,luke.wright@example.com,Luke,Wright,951-328-1775x12
CAND-1521,matthew.green@example.com,Matthew,Green,(609)872-3602x4
CAND-1522,kendra.mcdonald@example.com,Kendra,Mcdonald,9513710730
CAND-1523,michael.trujillo@example.com,Michael,Trujillo,001-478-937-031
CAND-1524,kenneth.jones@example.com,Kenneth,Jones,885-472-6029x25
CAND-1525,patricia.lopez@example.com,Patricia,Lopez,340.576.6420x76
CAND-1526,sherry.clark@example.com,Sherry,Clark,+1-867-962-5923
CAND-1527,catherine.russell@example.com,Catherine,Russell,+1-204-788-6932
CAND-1528,kristina.mcdaniel@example.com,Kristina,Mcdaniel,+1-227-739-6159
CAND-1529,james.douglas@example.com,James,Douglas,367-207-8977x55
CAND-1530,john.harrington@example.com,John,Harrington,422-473-6273x20
CAND-1531,timothy.rodriguez@example.com,Timothy,Rodriguez,875-476-9171
CAND-1532,brian.phillips@example.com,Brian,Phillips,+1-785-414-4869
CAND-1533,shelby.houston@example.com,Shelby,Houston,001-203-392-202
CAND-1534,wendy.zamora@example.com,Wendy,Zamora,(364)971-0680
CAND-1535,steven.eaton@example.com,Steven,Eaton,2316637050
CAND-1536,brandy.clark@example.com,Brandy,Clark,(872)544-6931x7
CAND-1537,ruth.smith@example.com,Ruth,Smith,790.365.4025
CAND-1538,holly.robinson@example.com,Holly,Robinson,+1-832-572-7281
CAND-1539,michael.williams@example.com,Michael,Williams,001-696-702-667
CAND-1540,tiffany.chapman@example.com,Tiffany,Chapman,899-950-7088x64
CAND-1541,victoria.molina@example.com,Victoria,Molina,2204801929
CAND-1542,jacob.jones@example.com,Jacob,Jones,(443)490-4489x0
CAND-1543,michael.lee@example.com,Michael,Lee,720.723.5102
CAND-1544,maurice.mcpherson@example.com,Maurice,Mcpherson,693-554-5036
CAND-1545,cindy.fischer@example.com,Cindy,Fischer,432.243.6296
CAND-1546,lisa.johnson@example.com,Lisa,Johnson,001-283-912-441
CAND-1547,kimberly.potter@example.com,Kimberly,Potter,(359)999-2012x3
CAND-1548,steve.chapman@example.com,Steve,Chapman,721-306-2941x93
CAND-1549,brenda.white@example.com,Brenda,White,713.417.5362x64
CAND-1550,elizabeth.romero@example.com,Elizabeth,Romero,(446)612-0961x7
CAND-1551,leslie.taylor@example.com,Leslie,Taylor,2327115355
CAND-1552,clinton.clark@example.com,Clinton,Clark,001-621-991-430
CAND-1553,catherine.martinez@example.com,Catherine,Martinez,001-442-221-883
CAND-1554,kevin.daniels@example.com,Kevin,Daniels,806.776.9333x29
CAND-1555,cody.salas@example.com,Cody,Salas,7257784640
CAND-1556,jill.moreno@example.com,Jill,Moreno,001-982-456-726
CAND-1557,dominique.maxwell@example.com,Dominique,Maxwell,(443)755-1962x8
CAND-1558,alan.rodriguez@example.com,Alan,Rodriguez,(556)624-7286
CAND-1559,nicole.lucas@example.com,Nicole,Lucas,422-234-1499
CAND-1560,kristin.jacobs@example.com,Kristin,Jacobs,+1-766-827-0266
CAND-1561,james.jones@example.com,James,Jones,400-439-1019x33
CAND-1562,ethan.huff@example.com,Ethan,Huff,419-936-0060
CAND-1563,todd.johnson@example.com,Todd,Johnson,(746)216-0762x6
CAND-1564,alexis.nguyen@example.com,Alexis,Nguyen,523.846.1762x31
CAND-1565,danny.day@example.com,Danny,Day,+1-644-316-4231
CAND-1566,rose.gonzalez@example.com,Rose,Gonzalez,(877)568-5760
CAND-1567,kristy.munoz@example.com,Kristy,Munoz,(390)946-1755
CAND-1568,andrew.miller@example.com,Andrew,Miller,999.693.2420x24
CAND-1569,joseph.adams@example.com,Joseph,Adams,001-272-434-565
CAND-1570,michael.carter@example.com,Michael,Carter,+1-653-962-6890
CAND-1571,gerald.black@example.com,Gerald,Black,001-441-300-953
CAND-1572,peter.ramirez@example.com,Peter,Ramirez,999-800-9378x14
CAND-1573,jillian.carter@example.com,Jillian,Carter,988.744.3706x61
CAND-1574,natalie.scott@example.com,Natalie,Scott,(272)263-6815x4
CAND-1575,edward.alvarez@example.com,Edward,Alvarez,001-229-610-845
CAND-1576,theresa.cox@example.com,Theresa,Cox,001-260-850-337
CAND-1577,timothy.alexander@example.com,Timothy,Alexander,806.871.8222
CAND-1578,pamela.alvarez@example.com,Pamela,Alvarez,001-841-790-878
CAND-1579,jeffery.wolf@example.com,Jeffery,Wolf,+1-990-867-3963
CAND-1580,andrew.anthony@example.com,Andrew,Anthony,+1-350-849-2217
CAND-1581,felicia.ramos@example.com,Felicia,Ramos,(463)320-1629x0
CAND-1582,emily.knight@example.com,Emily,Knight,+1-527-918-2653
CAND-1583,christopher.mclaughlin@example.com,Christopher,Mclaughlin,6864494269
CAND-1584,anthony.robbins@example.com,Anthony,Robbins,001-383-613-549
CAND-1585,michael.cunningham@example.com,Michael,Cunningham,(670)469-2195x8
CAND-1586,susan.nelson@example.com,Susan,Nelson,+1-384-830-2178
CAND-1587,thomas.dalton@example.com,Thomas,Dalton,2663431589
CAND-1588,noah.rosales@example.com,Noah,Rosales,001-492-881-503
CAND-1589,crystal.williams@example.com,Crystal,Williams,4308880817
CAND-1590,edward.martin@example.com,Edward,Martin,(782)444-8500x7
CAND-1591,darlene.owens@example.com,Darlene,Owens,411-968-0691x96
CAND-1592,richard.anderson@example.com,Richard,Anderson,+1-208-420-3917
CAND-1593,virginia.fisher@example.com,Virginia,Fisher,+1-344-443-5962
CAND-1594,alex.francis@example.com,Alex,Francis,+1-724-525-3690
CAND-1595,albert.arnold@example.com,Albert,Arnold,597-860-3967x02
CAND-1596,lucas.richard@example.com,Lucas,Richard,001-740-655-364
CAND-1597,erin.arellano@example.com,Erin,Arellano,(648)882-1597x7
CAND-1598,robert.duarte@example.com,Robert,Duarte,(836)606-6799
CAND-1599,brenda.anderson@example.com,Brenda,Anderson,001-849-472-204
CAND-1600,gabriel.jenkins@example.com,Gabriel,Jenkins,+1-520-766-6179
CAND-1601,nicholas.galloway@example.com,Nicholas,Galloway,+1-929-998-3358
CAND-1602,shannon.lopez@example.com,Shannon,Lopez,001-360-741-348
CAND-1603,james.rice@example.com,James,Rice,391.622.6000
CAND-1604,kenneth.pearson@example.com,Kenneth,Pearson,+1-376-229-1430
CAND-1605,james.cain@example.com,James,Cain,652.487.2099x86
CAND-1606,julia.estrada@example.com,Julia,Estrada,001-524-205-920
CAND-1607,ashley.washington@example.com,Ashley,Washington,(869)419-4896x2
CAND-1608,natasha.miller@example.com,Natasha,Miller,+1-453-607-9661
CAND-1609,melissa.smith@example.com,Melissa,Smith,547.941.2531
CAND-1610,donna.stewart@example.com,Donna,Stewart,(510)807-7732x1
CAND-1611,christopher.johnston@example.com,Christopher,Johnston,+1-520-925-9991
CAND-1612,billy.evans@example.com,Billy,Evans,(644)947-4890
CAND-1613,ryan.wallace@example.com,Ryan,Wallace,+1-762-335-1076
CAND-1614,kimberly.franklin@example.com,Kimberly,Franklin,708.851.7328x95
CAND-1615,james.scott@example.com,James,Scott,+1-918-658-0558
CAND-1616,joseph.owen@example.com,Joseph,Owen,(553)291-6077x0
CAND-1617,jennifer.flores@example.com,Jennifer,Flores,518-840-3982x21
CAND-1618,phillip.martin@example.com,Phillip,Martin,001-203-485-886
CAND-1619,peter.moore@example.com,Peter,Moore,001-451-564-693
CAND-1620,brian.lee@example.com,Brian,Lee,944.208.8067x08
CAND-1621,candace.williams@example.com,Candace,Williams,+1-319-391-8431
CAND-1622,matthew.hill@example.com,Matthew,Hill,980-452-6321x19
CAND-1623,dwayne.edwards@example.com,Dwayne,Edwards,+1-470-577-4544
CAND-1624,christopher.christensen@example.com,Christopher,Christensen,461-899-5394x67
CAND-1625,hector.murphy@example.com,Hector,Murphy,001-796-905-302
CAND-1626,lisa.solomon@example.com,Lisa,Solomon,5362860506
CAND-1627,randy.allen@example.com,Randy,Allen,3502281640
CAND-1628,michele.willis@example.com,Michele,Willis,001-212-603-025
CAND-1629,matthew.barker@example.com,Matthew,Barker,001-875-297-953
CAND-1630,dean.rasmussen@example.com,Dean,Rasmussen,(674)654-4920x5
CAND-1631,sara.perez@example.com,Sara,Perez,718-708-1896
CAND-1632,alyssa.campbell@example.com,Alyssa,Campbell,256-762-2952x17
CAND-1633,holly.james@example.com,Holly,James,961.262.4860
CAND-1634,kenneth.shields@example.com,Kenneth,Shields,(766)202-3515
CAND-1635,chad.friedman@example.com,Chad,Friedman,+1-901-273-1671
CAND-1636,nathaniel.white@example.com,Nathaniel,White,713-539-5479x40
CAND-1637,colton.cain@example.com,Colton,Cain,001-879-805-719
CAND-1638,tamara.zuniga@example.com,Tamara,Zuniga,001-969-636-561
CAND-1639,courtney.hansen@example.com,Courtney,Hansen,(580)257-0237x7
CAND-1640,linda.garcia@example.com,Linda,Garcia,(520)495-6733
CAND-1641,hannah.munoz@example.com,Hannah,Munoz,532.439.6440x28
CAND-1642,lisa.donovan@example.com,Lisa,Donovan,569.792.4277x39
CAND-1643,denise.williams@example.com,Denise,Williams,520.591.4016
CAND-1644,kathleen.thompson@example.com,Kathleen,Thompson,242-934-7199x82
CAND-1645,mark.morris@example.com,Mark,Morris,854-352-6075
CAND-1646,james.chung@example.com,James,Chung,800-464-3322
CAND-1647,robin.vasquez@example.com,Robin,Vasquez,273.931.6806x64
CAND-1648,adam.hansen@example.com,Adam,Hansen,6364059529
CAND-1649,crystal.miller@example.com,Crystal,Miller,9747027406
CAND-1650,william.patterson@example.com,William,Patterson,(825)690-6200x3
CAND-1651,sonya.daniel@example.com,Sonya,Daniel,997-645-9793x18
CAND-1652,megan.george@example.com,Megan,George,749-286-0995
CAND-1653,michelle.harper@example.com,Michelle,Harper,+1-432-366-4322
CAND-1654,eric.kelley@example.com,Eric,Kelley,001-281-315-948
CAND-1655,ian.cole@example.com,Ian,Cole,001-922-939-847
CAND-1656,caleb.palmer@example.com,Caleb,Palmer,882.223.7887x05
CAND-1657,patrick.jones@example.com,Patrick,Jones,001-234-795-647
CAND-1658,zachary.parks@example.com,Zachary,Parks,+1-849-363-8309
CAND-1659,brent.daniels@example.com,Brent,Daniels,001-826-716-620
CAND-1660,michael.flores@example.com,Michael,Flores,786.345.7865x55
CAND-1661,vickie.jackson@example.com,Vickie,Jackson,464.600.0687x58
CAND-1662,felicia.howard@example.com,Felicia,Howard,(965)645-1224x4
CAND-1663,adam.solis@example.com,Adam,Solis,738.968.6083
CAND-1664,michelle.cross@example.com,Michelle,Cross,803.263.0944x23
CAND-1665,glenn.salinas@example.com,Glenn,Salinas,808-398-3094x13
CAND-1666,madison.alvarez@example.com,Madison,Alvarez,697.224.5284x13
CAND-1667,kent.rocha@example.com,Kent,Rocha,635.267.4809x57
CAND-1668,pamela.silva@example.com,Pamela,Silva,+1-380-726-0294
CAND-1669,rhonda.burke@example.com,Rhonda,Burke,001-925-984-907
CAND-1670,thomas.patel@example.com,Thomas,Patel,559.251.4186x48
CAND-1671,vincent.fischer@example.com,Vincent,Fischer,(895)486-8419
CAND-1672,john.miranda@example.com,John,Miranda,(960)858-6942
CAND-1673,mary.carter@example.com,Mary,Carter,331.973.0662x93
CAND-1674,amber.hernandez@example.com,Amber,Hernandez,001-526-455-946
CAND-1675,steve.thomas@example.com,Steve,Thomas,+1-271-279-8902
CAND-1676,jeanette.hogan@example.com,Jeanette,Hogan,(954)887-0847x7
CAND-1677,tyler.edwards@example.com,Tyler,Edwards,001-981-388-907
CAND-1678,michael.brown@example.com,Michael,Brown,590.689.4589x62
CAND-1679,andrea.ramos@example.com,Andrea,Ramos,580.820.7612
CAND-1680,erin.white@example.com,Erin,White,+1-390-451-8812
CAND-1681,lisa.johnson@example.com,Lisa,Johnson,406.469.0107x92
CAND-1682,paul.lawson@example.com,Paul,Lawson,534.786.4970
CAND-1683,bradley.henry@example.com,Bradley,Henry,989.568.3355x70
CAND-1684,jodi.cannon@example.com,Jodi,Cannon,+1-931-555-5057
CAND-1685,zachary.page@example.com,Zachary,Page,640-945-8831x14
CAND-1686,stephanie.curtis@example.com,Stephanie,Curtis,001-812-335-036
CAND-1687,julia.aguilar@example.com,Julia,Aguilar,679.678.0234x45
CAND-1688,robert.kennedy@example.com,Robert,Kennedy,903-566-4016x32
CAND-1689,katherine.hunter@example.com,Katherine,Hunter,415.997.5729
CAND-1690,jesus.hicks@example.com,Jesus,Hicks,+1-630-429-1585
CAND-1691,wendy.perez@example.com,Wendy,Perez,(541)865-1854
CAND-1692,laura.johnson@example.com,Laura,Johnson,734.646.7462x15
CAND-1693,debra.dorsey@example.com,Debra,Dorsey,349.816.1705x02
CAND-1694,anne.jones@example.com,Anne,Jones,913-644-7609x48
CAND-1695,anthony.davies@example.com,Anthony,Davies,001-828-764-330
CAND-1696,tanya.curry@example.com,Tanya,Curry,001-996-921-836
CAND-1697,david.francis@example.com,David,Francis,(466)510-2563x4
CAND-1698,joseph.chapman@example.com,Joseph,Chapman,7132768367
CAND-1699,clayton.lin@example.com,Clayton,Lin,+1-415-524-4614
CAND-1700,john.garrison@example.com,John,Garrison,274-365-6426
CAND-1701,andrea.sanchez@example.com,Andrea,Sanchez,001-426-931-995
CAND-1702,gina.bennett@example.com,Gina,Bennett,714-390-0385x02
CAND-1703,jessica.irwin@example.com,Jessica,Irwin,244-686-7228x83
CAND-1704,taylor.allen@example.com,Taylor,Allen,614.554.6157
CAND-1705,eduardo.davis@example.com,Eduardo,Davis,697-288-7953x12
CAND-1706,brandy.mitchell@example.com,Brandy,Mitchell,276.361.8308x58
CAND-1707,jennifer.herrera@example.com,Jennifer,Herrera,614.539.1511
CAND-1708,ryan.nichols@example.com,Ryan,Nichols,(210)878-1871
CAND-1709,crystal.flores@example.com,Crystal,Flores,325-770-6802x69
CAND-1710,sheri.white@example.com,Sheri,White,001-730-260-023
CAND-1711,emma.sexton@example.com,Emma,Sexton,(824)911-4206
CAND-1712,benjamin.edwards@example.com,Benjamin,Edwards,459-492-0166x33
CAND-1713,derek.taylor@example.com,Derek,Taylor,7058392220
CAND-1714,donald.johnson@example.com,Donald,Johnson,+1-590-411-3484
CAND-1715,michael.holmes@example.com,Michael,Holmes,732-439-4564
CAND-1716,jay.lopez@example.com,Jay,Lopez,(544)697-6024x9
CAND-1717,gordon.brown@example.com,Gordon,Brown,001-753-467-734
CAND-1718,christy.greer@example.com,Christy,Greer,(961)852-6655x9
CAND-1719,susan.wood@example.com,Susan,Wood,980.796.6414
CAND-1720,jeffrey.powell@example.com,Jeffrey,Powell,001-552-747-466
CAND-1721,jared.carpenter@example.com,Jared,Carpenter,001-462-698-532
CAND-1722,dakota.wells@example.com,Dakota,Wells,(676)838-3543
CAND-1723,amy.porter@example.com,Amy,Porter,(339)806-1682x4
CAND-1724,cole.dalton@example.com,Cole,Dalton,+1-981-416-8371
CAND-1725,noah.ruiz@example.com,Noah,Ruiz,(201)448-9678
CAND-1726,paul.hill@example.com,Paul,Hill,912.814.6394
CAND-1727,ivan.day@example.com,Ivan,Day,(392)964-5633
CAND-1728,dillon.galvan@example.com,Dillon,Galvan,001-340-436-948
CAND-1729,dawn.park@example.com,Dawn,Park,(749)571-9670x6
CAND-1730,carol.johnson@example.com,Carol,Johnson,(212)359-0163x9
CAND-1731,james.hall@example.com,James,Hall,637-367-3481x40
CAND-1732,jessica.friedman@example.com,Jessica,Friedman,(379)230-1481x1
CAND-1733,brandon.collins@example.com,Brandon,Collins,(202)388-6616
CAND-1734,nancy.guzman@example.com,Nancy,Guzman,642.413.4854
CAND-1735,wendy.clark@example.com,Wendy,Clark,316.507.9179
CAND-1736,samantha.reyes@example.com,Samantha,Reyes,357-611-7132
CAND-1737,sara.montoya@example.com,Sara,Montoya,(347)302-8814
CAND-1738,david.ferguson@example.com,David,Ferguson,+1-845-627-1936
CAND-1739,michelle.lopez@example.com,Michelle,Lopez,838-310-7491
CAND-1740,kimberly.lutz@example.com,Kimberly,Lutz,(332)715-4013
CAND-1741,jeff.williams@example.com,Jeff,Williams,+1-462-961-6845
CAND-1742,jodi.barry@example.com,Jodi,Barry,6257471798
CAND-1743,ronald.munoz@example.com,Ronald,Munoz,599.730.0519x56
CAND-1744,michael.wagner@example.com,Michael,Wagner,(727)817-2662
CAND-1745,michael.green@example.com,Michael,Green,2708014413
CAND-1746,william.sosa@example.com,William,Sosa,(624)308-7100x6
CAND-1747,todd.herrera@example.com,Todd,Herrera,4764238115
CAND-1748,jerome.arnold@example.com,Jerome,Arnold,(728)424-0847
CAND-1749,alicia.howard@example.com,Alicia,Howard,+1-399-540-0410
CAND-1750,nathan.casey@example.com,Nathan,Casey,001-413-250-535
CAND-1751,latasha.kim@example.com,Latasha,Kim,257-480-9783
CAND-1752,sara.smith@example.com,Sara,Smith,304-719-4534
CAND-1753,monica.martinez@example.com,Monica,Martinez,001-381-544-786
CAND-1754,andrew.walker@example.com,Andrew,Walker,(978)603-7891x2
CAND-1755,sarah.mckee@example.com,Sarah,Mckee,001-669-290-558
CAND-1756,amy.ramirez@example.com,Amy,Ramirez,001-406-896-904
CAND-1757,alexis.jones@example.com,Alexis,Jones,7659673374
CAND-1758,patricia.miller@example.com,Patricia,Miller,727-561-3681x49
CAND-1759,cynthia.hunt@example.com,Cynthia,Hunt,676.699.2964
CAND-1760,steve.hood@example.com,Steve,Hood,(450)584-2324
CAND-1761,kevin.smith@example.com,Kevin,Smith,5418724155
CAND-1762,caroline.murphy@example.com,Caroline,Murphy,457-749-0627x96
CAND-1763,shannon.allen@example.com,Shannon,Allen,001-433-829-594
CAND-1764,jeremy.ramirez@example.com,Jeremy,Ramirez,(496)362-9917
CAND-1765,todd.bean@example.com,Todd,Bean,+1-522-404-1678
CAND-1766,rachel.reyes@example.com,Rachel,Reyes,370.563.2503
CAND-1767,brenda.porter@example.com,Brenda,Porter,585-502-2061x90
CAND-1768,jason.montgomery@example.com,Jason,Montgomery,397.819.0000x29
CAND-1769,dustin.skinner@example.com,Dustin,Skinner,(447)518-5594x0
CAND-1770,aaron.bauer@example.com,Aaron,Bauer,(832)631-6778x1
CAND-1771,scott.roberts@example.com,Scott,Roberts,370.319.4539
CAND-1772,elizabeth.dickson@example.com,Elizabeth,Dickson,(366)750-5276x1
CAND-1773,thomas.brown@example.com,Thomas,Brown,+1-819-902-2311
CAND-1774,cynthia.harris@example.com,Cynthia,Harris,422.337.1859
CAND-1775,misty.gray@example.com,Misty,Gray,+1-684-585-6371
CAND-1776,andrew.johnson@example.com,Andrew,Johnson,001-637-853-989
CAND-1777,melvin.hopkins@example.com,Melvin,Hopkins,866.793.2784x17
CAND-1778,ashley.khan@example.com,Ashley,Khan,638-420-1140x65
CAND-1779,ryan.glenn@example.com,Ryan,Glenn,551.527.2455
CAND-1780,tracy.davenport@example.com,Tracy,Davenport,+1-465-469-7648
CAND-1781,joshua.pham@example.com,Joshua,Pham,851-704-6250x69
CAND-1782,patrick.mcfarland@example.com,Patrick,Mcfarland,520-762-7672
CAND-1783,jacqueline.austin@example.com,Jacqueline,Austin,001-634-842-129
CAND-1784,misty.douglas@example.com,Misty,Douglas,6227347780
CAND-1785,teresa.sharp@example.com,Teresa,Sharp,425.318.4070x33
CAND-1786,kelly.peters@example.com,Kelly,Peters,(333)872-0945
CAND-1787,tracy.cannon@example.com,Tracy,Cannon,306.436.3286x30
CAND-1788,nicole.petersen@example.com,Nicole,Petersen,5085484264
CAND-1789,victoria.lewis@example.com,Victoria,Lewis,896.208.2896x71
CAND-1790,melissa.bowman@example.com,Melissa,Bowman,294-369-2085x64
CAND-1791,michelle.thomas@example.com,Michelle,Thomas,+1-851-393-5001
CAND-1792,thomas.cobb@example.com,Thomas,Cobb,208.603.8890x44
CAND-1793,john.bailey@example.com,John,Bailey,(685)913-5381x4
CAND-1794,luis.wagner@example.com,Luis,Wagner,609.901.6856
CAND-1795,daniel.randall@example.com,Daniel,Randall,584.901.9027x16
CAND-1796,jacqueline.graham@example.com,Jacqueline,Graham,958-866-8611
CAND-1797,samuel.riley@example.com,Samuel,Riley,001-583-732-617
CAND-1798,jake.kelly@example.com,Jake,Kelly,+1-719-556-5728
CAND-1799,michael.allen@example.com,Michael,Allen,499.382.4266
CAND-1800,taylor.frank@example.com,Taylor,Frank,558.201.5846x68
CAND-1801,lisa.frank@example.com,Lisa,Frank,8288532727
CAND-1802,brittany.shepherd@example.com,Brittany,Shepherd,745.615.0252
CAND-1803,ronald.donaldson@example.com,Ronald,Donaldson,2879308972
CAND-1804,kathy.walker@example.com,Kathy,Walker,001-427-977-711
CAND-1805,denise.dorsey@example.com,Denise,Dorsey,209.400.7121
CAND-1806,jennifer.ramirez@example.com,Jennifer,Ramirez,944.373.0577
CAND-1807,katherine.flowers@example.com,Katherine,Flowers,001-861-899-716
CAND-1808,kayla.russell@example.com,Kayla,Russell,2992683344
CAND-1809,christina.richardson@example.com,Christina,Richardson,(442)465-3793
CAND-1810,mary.riley@example.com,Mary,Riley,001-743-990-705
CAND-1811,kristina.willis@example.com,Kristina,Willis,250-210-1626
CAND-1812,william.taylor@example.com,William,Taylor,(789)634-7597x8
CAND-1813,william.reeves@example.com,William,Reeves,(671)892-1496x7
CAND-1814,john.kemp@example.com,John,Kemp,466.443.2031x72
CAND-1815,lance.ryan@example.com,Lance,Ryan,892-272-4000x20
CAND-1816,christopher.estrada@example.com,Christopher,Estrada,(805)519-0854x3
CAND-1817,jessica.koch@example.com,Jessica,Koch,001-233-256-369
CAND-1818,bridget.fox@example.com,Bridget,Fox,+1-493-518-7810
CAND-1819,matthew.crane@example.com,Matthew,Crane,258-692-9093
CAND-1820,jasmin.schultz@example.com,Jasmin,Schultz,(361)736-6280x8
CAND-1821,melissa.grimes@example.com,Melissa,Grimes,001-347-247-053
CAND-1822,tiffany.becker@example.com,Tiffany,Becker,630.496.7397
CAND-1823,cody.richards@example.com,Cody,Richards,242-369-3765
CAND-1824,richard.tucker@example.com,Richard,Tucker,718.277.6288x36
CAND-1825,christopher.pena@example.com,Christopher,Pena,001-227-562-922
CAND-1826,seth.sanders@example.com,Seth,Sanders,(552)728-9890x7
CAND-1827,ariana.rodriguez@example.com,Ariana,Rodriguez,559-777-7265x97
CAND-1828,susan.patel@example.com,Susan,Patel,301-441-7165x78
CAND-1829,brittany.rush@example.com,Brittany,Rush,(265)218-8711x4
CAND-1830,morgan.ward@example.com,Morgan,Ward,9099244928
CAND-1831,michael.ford@example.com,Michael,Ford,4307293011
CAND-1832,cynthia.brown@example.com,Cynthia,Brown,560.574.2906x95
CAND-1833,ricky.clark@example.com,Ricky,Clark,280-462-0073
CAND-1834,lisa.floyd@example.com,Lisa,Floyd,(362)649-7537x4
CAND-1835,kevin.shah@example.com,Kevin,Shah,+1-656-774-0687
CAND-1836,jeffery.rivera@example.com,Jeffery,Rivera,546-668-8658
CAND-1837,william.buchanan@example.com,William,Buchanan,+1-835-886-2673
CAND-1838,maria.holmes@example.com,Maria,Holmes,620.577.5870
CAND-1839,erik.stephenson@example.com,Erik,Stephenson,(698)734-4369x5
CAND-1840,lauren.ward@example.com,Lauren,Ward,001-609-428-467
CAND-1841,samantha.chang@example.com,Samantha,Chang,001-539-207-737
CAND-1842,bryan.taylor@example.com,Bryan,Taylor,+1-251-450-2045
CAND-1843,susan.davis@example.com,Susan,Davis,553.912.7943
CAND-1844,christine.wall@example.com,Christine,Wall,431-911-2359x04
CAND-1845,lisa.hernandez@example.com,Lisa,Hernandez,(762)651-0857x3
CAND-1846,matthew.miller@example.com,Matthew,Miller,+1-760-791-9351
CAND-1847,katelyn.robinson@example.com,Katelyn,Robinson,906.627.2816x73
CAND-1848,paul.cuevas@example.com,Paul,Cuevas,(315)475-6264
CAND-1849,karen.johnson@example.com,Karen,Johnson,581-387-6209x90
CAND-1850,carrie.reynolds@example.com,Carrie,Reynolds,6397951670
CAND-1851,antonio.rivera@example.com,Antonio,Rivera,+1-598-222-6731
CAND-1852,kyle.cooper@example.com,Kyle,Cooper,642-702-5936
CAND-1853,brandon.frazier@example.com,Brandon,Frazier,+1-723-913-4275
CAND-1854,nicholas.lopez@example.com,Nicholas,Lopez,+1-511-654-9044
CAND-1855,john.andrade@example.com,John,Andrade,(831)402-9771x1
CAND-1856,felicia.wilson@example.com,Felicia,Wilson,+1-379-226-5173
CAND-1857,jessica.burns@example.com,Jessica,Burns,+1-522-919-8369
CAND-1858,ryan.webb@example.com,Ryan,Webb,001-305-729-877
CAND-1859,michelle.brown@example.com,Michelle,Brown,250-502-0268x38
CAND-1860,julie.collins@example.com,Julie,Collins,(602)295-8676x0
CAND-1861,cassandra.higgins@example.com,Cassandra,Higgins,546.875.4182
CAND-1862,amber.davis@example.com,Amber,Davis,338-527-2105
CAND-1863,john.brooks@example.com,John,Brooks,484-722-0138
CAND-1864,laura.thompson@example.com,Laura,Thompson,001-383-916-816
CAND-1865,veronica.rodgers@example.com,Veronica,Rodgers,+1-207-789-4767
CAND-1866,david.scott@example.com,David,Scott,001-210-770-716
CAND-1867,dalton.robinson@example.com,Dalton,Robinson,6857119194
CAND-1868,jordan.cox@example.com,Jordan,Cox,+1-872-996-5561
CAND-1869,christian.gonzales@example.com,Christian,Gonzales,001-818-886-263
CAND-1870,sandra.alexander@example.com,Sandra,Alexander,905.657.3713
CAND-1871,madeline.williams@example.com,Madeline,Williams,001-523-546-144
CAND-1872,aaron.bean@example.com,Aaron,Bean,417-661-4215
CAND-1873,william.rodriguez@example.com,William,Rodriguez,(886)936-4704x6
CAND-1874,sara.robinson@example.com,Sara,Robinson,+1-583-800-4837
CAND-1875,jessica.vaughn@example.com,Jessica,Vaughn,259-822-9127
CAND-1876,mark.walker@example.com,Mark,Walker,904-406-2911
CAND-1877,david.moore@example.com,David,Moore,718.930.1817x96
CAND-1878,alicia.daniel@example.com,Alicia,Daniel,001-484-497-499
CAND-1879,daniel.martinez@example.com,Daniel,Martinez,286-856-5818x98
CAND-1880,chase.lewis@example.com,Chase,Lewis,+1-456-831-6312
CAND-1881,dale.carlson@example.com,Dale,Carlson,+1-263-878-8119
CAND-1882,alyssa.gould@example.com,Alyssa,Gould,001-301-830-716
CAND-1883,jeffrey.terrell@example.com,Jeffrey,Terrell,661.231.7985
CAND-1884,karen.williams@example.com,Karen,Williams,001-590-737-295
CAND-1885,heather.mckee@example.com,Heather,Mckee,499.481.2743
CAND-1886,renee.waters@example.com,Renee,Waters,317-441-9258x14
CAND-1887,jasmine.sullivan@example.com,Jasmine,Sullivan,6183639945
CAND-1888,mallory.cummings@example.com,Mallory,Cummings,+1-545-231-5630
CAND-1889,patricia.owen@example.com,Patricia,Owen,+1-968-459-0964
CAND-1890,crystal.melendez@example.com,Crystal,Melendez,7893921773
CAND-1891,robert.romero@example.com,Robert,Romero,933-497-3670
CAND-1892,david.sandoval@example.com,David,Sandoval,001-540-224-222
CAND-1893,robert.gaines@example.com,Robert,Gaines,(636)654-0181
CAND-1894,joseph.phillips@example.com,Joseph,Phillips,+1-642-902-4350
CAND-1895,robert.miles@example.com,Robert,Miles,618-361-5640
CAND-1896,kyle.bell@example.com,Kyle,Bell,+1-389-213-7054
CAND-1897,william.summers@example.com,William,Summers,(411)203-5659x4
CAND-1898,cynthia.thompson@example.com,Cynthia,Thompson,866.369.6922x95
CAND-1899,ashley.davis@example.com,Ashley,Davis,683-490-9342
CAND-1900,kelly.gray@example.com,Kelly,Gray,+1-628-534-6334
CAND-1901,thomas.garcia@example.com,Thomas,Garcia,001-586-469-408
CAND-1902,patrick.oliver@example.com,Patrick,Oliver,(285)750-7435
CAND-1903,frank.malone@example.com,Frank,Malone,+1-889-859-4703
CAND-1904,justin.clark@example.com,Justin,Clark,+1-217-265-0471
CAND-1905,kathleen.yates@example.com,Kathleen,Yates,842-988-7344x96
CAND-1906,brianna.carr@example.com,Brianna,Carr,970-361-7069x01
CAND-1907,christopher.richmond@example.com,Christopher,Richmond,884.871.5675
CAND-1908,jessica.smith@example.com,Jessica,Smith,618-586-0167x44
CAND-1909,tara.richardson@example.com,Tara,Richardson,+1-569-985-0450
CAND-1910,matthew.williams@example.com,Matthew,Williams,001-342-686-178
CAND-1911,susan.richard@example.com,Susan,Richard,603-585-7626x48
CAND-1912,katherine.russell@example.com,Katherine,Russell,+1-306-235-8530
CAND-1913,kayla.horn@example.com,Kayla,Horn,(578)296-9519
CAND-1914,katherine.day@example.com,Katherine,Day,452.277.5867x03
CAND-1915,sierra.burgess@example.com,Sierra,Burgess,844.543.9468
CAND-1916,jesse.medina@example.com,Jesse,Medina,+1-623-635-7617
CAND-1917,michelle.murray@example.com,Michelle,Murray,(926)926-3678x5
CAND-1918,joseph.simpson@example.com,Joseph,Simpson,001-959-644-348
CAND-1919,natalie.booth@example.com,Natalie,Booth,001-837-967-687
CAND-1920,michael.parker@example.com,Michael,Parker,253.241.1573x30
CAND-1921,dawn.williams@example.com,Dawn,Williams,506-756-5823x44
CAND-1922,diana.henderson@example.com,Diana,Henderson,252.632.6600
CAND-1923,steven.foley@example.com,Steven,Foley,001-311-303-495
CAND-1924,carol.cannon@example.com,Carol,Cannon,899.865.1181x58
CAND-1925,charles.cross@example.com,Charles,Cross,876.818.6870x47
CAND-1926,amy.thomas@example.com,Amy,Thomas,+1-305-625-6599
CAND-1927,jennifer.miles@example.com,Jennifer,Miles,001-930-529-276
CAND-1928,cindy.henderson@example.com,Cindy,Henderson,(814)805-1318
CAND-1929,antonio.washington@example.com,Antonio,Washington,933.689.1478x52
CAND-1930,michelle.carey@example.com,Michelle,Carey,5359944102
CAND-1931,deanna.massey@example.com,Deanna,Massey,586-364-7741
CAND-1932,tara.sellers@example.com,Tara,Sellers,683-802-5853
CAND-1933,kelsey.nichols@example.com,Kelsey,Nichols,953-798-8521
CAND-1934,matthew.dean@example.com,Matthew,Dean,+1-309-884-1286
CAND-1935,steven.chang@example.com,Steven,Chang,(338)231-9348
CAND-1936,jessica.haney@example.com,Jessica,Haney,+1-614-463-4292
CAND-1937,curtis.franklin@example.com,Curtis,Franklin,(997)530-9121x8
CAND-1938,kenneth.branch@example.com,Kenneth,Branch,561-233-1555x30
CAND-1939,james.stokes@example.com,James,Stokes,607-778-1109x65
CAND-1940,luis.russell@example.com,Luis,Russell,001-463-845-418
CAND-1941,sheila.mathews@example.com,Sheila,Mathews,+1-345-820-6419
CAND-1942,tina.james@example.com,Tina,James,+1-410-808-2242
CAND-1943,madison.buckley@example.com,Madison,Buckley,(817)456-2699
CAND-1944,anthony.lee@example.com,Anthony,Lee,479-410-0593x25
CAND-1945,andrea.bryant@example.com,Andrea,Bryant,001-432-620-074
CAND-1946,linda.hawkins@example.com,Linda,Hawkins,729-251-4520
CAND-1947,jasmine.hernandez@example.com,Jasmine,Hernandez,+1-886-706-0480
CAND-1948,melanie.tanner@example.com,Melanie,Tanner,776-895-0904x18
CAND-1949,philip.watts@example.com,Philip,Watts,901.965.5623
CAND-1950,jessica.james@example.com,Jessica,James,(399)531-3606x2
CAND-1951,angela.smith@example.com,Angela,Smith,579-747-1990x38
CAND-1952,david.le@example.com,David,Le,389-653-8294x41
CAND-1953,steve.elliott@example.com,Steve,Elliott,7533472839
CAND-1954,susan.ortiz@example.com,Susan,Ortiz,609.853.2670
CAND-1955,lisa.rice@example.com,Lisa,Rice,001-265-362-925
CAND-1956,alison.moore@example.com,Alison,Moore,(830)968-8568x4
CAND-1957,wayne.bishop@example.com,Wayne,Bishop,(445)383-7449x5
CAND-1958,jerry.fields@example.com,Jerry,Fields,975-655-9289
CAND-1959,amanda.ellis@example.com,Amanda,Ellis,911-848-6267x51
CAND-1960,jonathan.walker@example.com,Jonathan,Walker,+1-865-551-5641
CAND-1961,savannah.smith@example.com,Savannah,Smith,5932582016
CAND-1962,christopher.doyle@example.com,Christopher,Doyle,001-572-624-228
CAND-1963,kelsey.greene@example.com,Kelsey,Greene,666.280.9846x01
CAND-1964,laura.gonzalez@example.com,Laura,Gonzalez,380-715-3735x86
CAND-1965,mark.nelson@example.com,Mark,Nelson,9536926096
CAND-1966,sarah.summers@example.com,Sarah,Summers,(427)720-5364x9
CAND-1967,riley.rodgers@example.com,Riley,Rodgers,+1-928-750-2155
CAND-1968,nancy.dunn@example.com,Nancy,Dunn,826-926-4395
CAND-1969,danielle.adams@example.com,Danielle,Adams,001-360-978-907
CAND-1970,timothy.wood@example.com,Timothy,Wood,(594)341-4925
CAND-1971,ruben.hill@example.com,Ruben,Hill,+1-928-938-5974
CAND-1972,ryan.gray@example.com,Ryan,Gray,990-970-5549x43
CAND-1973,curtis.heath@example.com,Curtis,Heath,001-822-509-490
CAND-1974,kenneth.rodriguez@example.com,Kenneth,Rodriguez,359.777.1001
CAND-1975,dawn.ford@example.com,Dawn,Ford,449.443.1487
CAND-1976,michael.diaz@example.com,Michael,Diaz,756.941.3547x41
CAND-1977,jason.ortega@example.com,Jason,Ortega,(732)985-5580
CAND-1978,julie.turner@example.com,Julie,Turner,458.516.6028x41
CAND-1979,jason.fitzgerald@example.com,Jason,Fitzgerald,+1-647-904-0714
CAND-1980,elizabeth.burns@example.com,Elizabeth,Burns,001-934-618-559
CAND-1981,nathan.wang@example.com,Nathan,Wang,3179039610
CAND-1982,michael.byrd@example.com,Michael,Byrd,+1-401-770-6794
CAND-1983,lee.garcia@example.com,Lee,Garcia,001-721-559-389
CAND-1984,krystal.tucker@example.com,Krystal,Tucker,955.489.6070
CAND-1985,dean.medina@example.com,Dean,Medina,213-935-1390x14
CAND-1986,renee.collins@example.com,Renee,Collins,649.236.6357x96
CAND-1987,james.saunders@example.com,James,Saunders,+1-700-473-5658
CAND-1988,stacy.caldwell@example.com,Stacy,Caldwell,879.341.2886
CAND-1989,christopher.martinez@example.com,Christopher,Martinez,(332)314-2526
CAND-1990,brenda.clarke@example.com,Brenda,Clarke,+1-692-659-4657
CAND-1991,nicholas.watson@example.com,Nicholas,Watson,325.754.4118
CAND-1992,christopher.reyes@example.com,Christopher,Reyes,538.905.2038x81
CAND-1993,mary.bowen@example.com,Mary,Bowen,541.584.7146x22
CAND-1994,john.adams@example.com,John,Adams,2115272836
CAND-1995,aaron.olson@example.com,Aaron,Olson,001-964-877-090
CAND-1996,drew.munoz@example.com,Drew,Munoz,4762716217
CAND-1997,julian.mills@example.com,Julian,Mills,668.704.1869x30
CAND-1998,laura.scott@example.com,Laura,Scott,(674)219-9160x5
CAND-1999,tammy.ball@example.com,Tammy,Ball,001-770-334-251
CAND-2000,jacob.holder@example.com,Jacob,Holder,(796)570-7421
CAND-2001,carl.wright@example.com,Carl,Wright,(925)726-0221x6
CAND-2002,laura.robertson@example.com,Laura,Robertson,(593)335-8384
CAND-2003,adam.cox@example.com,Adam,Cox,551.774.5469
CAND-2004,david.liu@example.com,David,Liu,001-914-201-283
CAND-2005,sarah.morgan@example.com,Sarah,Morgan,001-997-217-717
CAND-2006,patricia.turner@example.com,Patricia,Turner,(546)705-1648
CAND-2007,jason.west@example.com,Jason,West,+1-241-287-6776
CAND-2008,paul.walker@example.com,Paul,Walker,997-731-7303x32
CAND-2009,rita.terrell@example.com,Rita,Terrell,551-304-8480x94
CAND-2010,amber.ewing@example.com,Amber,Ewing,(905)842-7079x9
CAND-2011,marilyn.garcia@example.com,Marilyn,Garcia,7798764754
CAND-2012,matthew.hernandez@example.com,Matthew,Hernandez,001-772-626-934
CAND-2013,sherry.frazier@example.com,Sherry,Frazier,001-439-809-846
CAND-2014,carlos.stone@example.com,Carlos,Stone,(887)409-7777x9
CAND-2015,nicholas.crawford@example.com,Nicholas,Crawford,001-327-411-073
CAND-2016,angela.barnes@example.com,Angela,Barnes,(506)582-4323
CAND-2017,brett.thomas@example.com,Brett,Thomas,+1-593-244-6060
CAND-2018,raymond.cooper@example.com,Raymond,Cooper,(635)378-6529
CAND-2019,derrick.cooper@example.com,Derrick,Cooper,500.364.4885x48
CAND-2020,darren.lane@example.com,Darren,Lane,001-880-642-554
CAND-2021,tara.diaz@example.com,Tara,Diaz,2784688786
CAND-2022,bobby.bowen@example.com,Bobby,Bowen,(721)831-7019
CAND-2023,tamara.nielsen@example.com,Tamara,Nielsen,001-992-587-987
CAND-2024,margaret.lyons@example.com,Margaret,Lyons,624-695-6291x79
CAND-2025,danny.smith@example.com,Danny,Smith,728.388.0700
CAND-2026,jacqueline.white@example.com,Jacqueline,White,745.612.0220x17
CAND-2027,carl.hill@example.com,Carl,Hill,792.410.4662x75
CAND-2028,richard.becker@example.com,Richard,Becker,544.520.3607x85
CAND-2029,alexander.ponce@example.com,Alexander,Ponce,972.438.3680x60
CAND-2030,jermaine.morales@example.com,Jermaine,Morales,348-758-1970
CAND-2031,bradley.rodriguez@example.com,Bradley,Rodriguez,(479)772-0925x1
CAND-2032,david.perez@example.com,David,Perez,(797)404-9379
CAND-2033,brittney.garcia@example.com,Brittney,Garcia,+1-355-611-6397
CAND-2034,carolyn.beltran@example.com,Carolyn,Beltran,857.441.4248x73
CAND-2035,paul.reed@example.com,Paul,Reed,988-531-2497
CAND-2036,kathleen.brewer@example.com,Kathleen,Brewer,001-977-924-434
CAND-2037,fred.villegas@example.com,Fred,Villegas,(257)515-6438x0
CAND-2038,joseph.ferguson@example.com,Joseph,Ferguson,2426479600
CAND-2039,albert.jones@example.com,Albert,Jones,001-457-737-624
CAND-2040,jose.moore@example.com,Jose,Moore,2363930914
CAND-2041,erika.hernandez@example.com,Erika,Hernandez,611.972.2641
CAND-2042,susan.murphy@example.com,Susan,Murphy,001-500-718-429
CAND-2043,cheryl.mercer@example.com,Cheryl,Mercer,974-922-9835x96
CAND-2044,laura.miller@example.com,Laura,Miller,(739)202-2624x7
CAND-2045,brad.harris@example.com,Brad,Harris,+1-690-490-0647
CAND-2046,shannon.burns@example.com,Shannon,Burns,001-455-240-423
CAND-2047,jessica.ramos@example.com,Jessica,Ramos,(649)739-3439x6
CAND-2048,melissa.stevenson@example.com,Melissa,Stevenson,+1-392-552-8783
CAND-2049,john.villa@example.com,John,Villa,645.333.0236
CAND-2050,megan.hernandez@example.com,Megan,Hernandez,001-274-709-853
CAND-2051,ruth.ross@example.com,Ruth,Ross,(732)751-0715
CAND-2052,amanda.jimenez@example.com,Amanda,Jimenez,001-640-342-245
CAND-2053,christian.oliver@example.com,Christian,Oliver,(351)525-3807x8
CAND-2054,lynn.oconnor@example.com,Lynn,Oconnor,(905)734-9419x7
CAND-2055,michael.avery@example.com,Michael,Avery,(463)328-2463x0
CAND-2056,emily.salas@example.com,Emily,Salas,+1-456-235-2007
CAND-2057,leonard.hart@example.com,Leonard,Hart,(285)269-7714x3
CAND-2058,daniel.miller@example.com,Daniel,Miller,561-203-9278x88
CAND-2059,juan.dickson@example.com,Juan,Dickson,(716)838-8168x7
CAND-2060,sarah.williams@example.com,Sarah,Williams,(209)265-6882x6
CAND-2061,timothy.moore@example.com,Timothy,Moore,620.281.4723x73
CAND-2062,steven.walker@example.com,Steven,Walker,001-308-630-697
CAND-2063,michael.campbell@example.com,Michael,Campbell,+1-236-871-4674
CAND-2064,nicholas.robertson@example.com,Nicholas,Robertson,(775)718-5711x6
CAND-2065,lori.clark@example.com,Lori,Clark,731-880-7392x00
CAND-2066,mark.gibbs@example.com,Mark,Gibbs,977.973.0316
CAND-2067,daniel.patton@example.com,Daniel,Patton,(615)748-7201x2
CAND-2068,manuel.barrett@example.com,Manuel,Barrett,549-908-0998x39
CAND-2069,derek.gray@example.com,Derek,Gray,(630)534-3830x0
CAND-2070,lawrence.gilbert@example.com,Lawrence,Gilbert,+1-830-874-1799
CAND-2071,elijah.harvey@example.com,Elijah,Harvey,001-735-818-962
CAND-2072,brian.martin@example.com,Brian,Martin,902.334.0567
CAND-2073,jack.miller@example.com,Jack,Miller,(889)804-1828x0
CAND-2074,ryan.mckinney@example.com,Ryan,Mckinney,623-992-7884
CAND-2075,cynthia.johnson@example.com,Cynthia,Johnson,+1-763-661-5276
CAND-2076,kevin.moore@example.com,Kevin,Moore,(524)382-4886
CAND-2077,john.murray@example.com,John,Murray,814.350.3118x02
CAND-2078,samantha.french@example.com,Samantha,French,+1-339-360-6104
CAND-2079,lisa.brock@example.com,Lisa,Brock,+1-625-369-2476
CAND-2080,tanya.robinson@example.com,Tanya,Robinson,341-631-8118
CAND-2081,alec.lucero@example.com,Alec,Lucero,632-951-7904
CAND-2082,benjamin.ward@example.com,Benjamin,Ward,9945067148
CAND-2083,chad.gonzalez@example.com,Chad,Gonzalez,656-245-7227x57
CAND-2084,spencer.adams@example.com,Spencer,Adams,937.244.9998
CAND-2085,cassandra.hall@example.com,Cassandra,Hall,+1-813-269-4126
CAND-2086,jeffrey.simmons@example.com,Jeffrey,Simmons,353.218.0576x31
CAND-2087,wendy.morrison@example.com,Wendy,Morrison,+1-254-661-2536
CAND-2088,scott.sampson@example.com,Scott,Sampson,(379)948-6989x4
CAND-2089,alexander.banks@example.com,Alexander,Banks,(610)507-7017x7
CAND-2090,lisa.cabrera@example.com,Lisa,Cabrera,8782111719
CAND-2091,victoria.ramirez@example.com,Victoria,Ramirez,8219444155
CAND-2092,joshua.hall@example.com,Joshua,Hall,+1-584-796-5523
CAND-2093,john.smith@example.com,John,Smith,001-904-999-926
CAND-2094,joe.vang@example.com,Joe,Vang,594.762.4872
CAND-2095,megan.bennett@example.com,Megan,Bennett,539-327-6871x41
CAND-2096,patricia.olson@example.com,Patricia,Olson,+1-767-906-0558
CAND-2097,cathy.wilson@example.com,Cathy,Wilson,001-616-825-069
CAND-2098,kevin.clark@example.com,Kevin,Clark,001-989-270-145
CAND-2099,melanie.hall@example.com,Melanie,Hall,001-734-427-186
CAND-2100,cassandra.phelps@example.com,Cassandra,Phelps,3503926000
CAND-2101,elizabeth.brady@example.com,Elizabeth,Brady,656-616-1973
CAND-2102,tammy.burgess@example.com,Tammy,Burgess,+1-681-821-3008
CAND-2103,marilyn.weber@example.com,Marilyn,Weber,001-986-572-331
CAND-2104,courtney.gutierrez@example.com,Courtney,Gutierrez,(256)819-2218x8
CAND-2105,jason.miller@example.com,Jason,Miller,001-364-817-613
CAND-2106,cathy.henderson@example.com,Cathy,Henderson,259.591.6764
CAND-2107,dylan.harrington@example.com,Dylan,Harrington,+1-519-932-5282
CAND-2108,brandy.jacobs@example.com,Brandy,Jacobs,+1-695-522-5296
CAND-2109,laurie.burgess@example.com,Laurie,Burgess,(286)781-1143x3
CAND-2110,anna.mendoza@example.com,Anna,Mendoza,355-490-6278x79
CAND-2111,alfred.blair@example.com,Alfred,Blair,(737)621-6266x0
CAND-2112,charles.hogan@example.com,Charles,Hogan,(595)959-9977
CAND-2113,tara.hogan@example.com,Tara,Hogan,495.679.5519
CAND-2114,jennifer.adams@example.com,Jennifer,Adams,811-473-6703
CAND-2115,susan.long@example.com,Susan,Long,+1-276-211-2584
CAND-2116,michael.huber@example.com,Michael,Huber,9825924828
CAND-2117,suzanne.roberson@example.com,Suzanne,Roberson,(910)578-8312
CAND-2118,jennifer.jarvis@example.com,Jennifer,Jarvis,001-648-452-207
CAND-2119,amy.king@example.com,Amy,King,+1-716-727-9636
CAND-2120,christopher.fletcher@example.com,Christopher,Fletcher,6514081948
CAND-2121,david.wiley@example.com,David,Wiley,500.736.0722
CAND-2122,benjamin.reese@example.com,Benjamin,Reese,430.234.2437x53
CAND-2123,michelle.rodriguez@example.com,Michelle,Rodriguez,(263)616-6968x7
CAND-2124,nathaniel.browning@example.com,Nathaniel,Browning,206-216-6497
CAND-2125,gina.mitchell@example.com,Gina,Mitchell,001-458-201-517
CAND-2126,brenda.phillips@example.com,Brenda,Phillips,850-350-9699
CAND-2127,jessica.mejia@example.com,Jessica,Mejia,252-755-2322
CAND-2128,wesley.kelley@example.com,Wesley,Kelley,574.735.4047x62
CAND-2129,brandon.rodriguez@example.com,Brandon,Rodriguez,952-455-8627
CAND-2130,richard.walker@example.com,Richard,Walker,948.390.3045x88
CAND-2131,mary.reynolds@example.com,Mary,Reynolds,722-893-5545x92
CAND-2132,scott.wallace@example.com,Scott,Wallace,+1-991-813-7983
CAND-2133,teresa.ramos@example.com,Teresa,Ramos,251-316-0895x89
CAND-2134,natalie.hopkins@example.com,Natalie,Hopkins,(221)233-6896
CAND-2135,rose.gonzalez@example.com,Rose,Gonzalez,661.828.9899x30
CAND-2136,rachel.yang@example.com,Rachel,Yang,001-539-597-992
CAND-2137,abigail.tucker@example.com,Abigail,Tucker,+1-885-328-5898
CAND-2138,amy.wang@example.com,Amy,Wang,001-639-676-309
CAND-2139,kimberly.edwards@example.com,Kimberly,Edwards,+1-644-541-0769
CAND-2140,kenneth.hayes@example.com,Kenneth,Hayes,(791)260-4359x8
CAND-2141,steven.obrien@example.com,Steven,Obrien,001-765-885-783
CAND-2142,elizabeth.salinas@example.com,Elizabeth,Salinas,567-284-3407
CAND-2143,wendy.pearson@example.com,Wendy,Pearson,977-561-3500
CAND-2144,paul.moore@example.com,Paul,Moore,738.454.0336
CAND-2145,stephanie.cook@example.com,Stephanie,Cook,001-302-631-265
CAND-2146,cindy.moore@example.com,Cindy,Moore,+1-703-222-3477
CAND-2147,brenda.page@example.com,Brenda,Page,855-670-2006x17
CAND-2148,joseph.mahoney@example.com,Joseph,Mahoney,(394)476-1218x9
CAND-2149,tim.oconnor@example.com,Tim,Oconnor,4655076122
CAND-2150,diana.chen@example.com,Diana,Chen,(764)746-8530x4
CAND-2151,beverly.williams@example.com,Beverly,Williams,(935)860-7778x9
CAND-2152,michaela.lee@example.com,Michaela,Lee,001-490-846-008
CAND-2153,pamela.hart@example.com,Pamela,Hart,(822)309-7550
CAND-2154,stephen.jacobs@example.com,Stephen,Jacobs,(270)915-1200x3
CAND-2155,samuel.alvarez@example.com,Samuel,Alvarez,(316)421-8333
CAND-2156,becky.gray@example.com,Becky,Gray,+1-292-210-5307
CAND-2157,rachael.martinez@example.com,Rachael,Martinez,(783)677-4270
CAND-2158,christine.nguyen@example.com,Christine,Nguyen,001-288-372-820
CAND-2159,tina.jackson@example.com,Tina,Jackson,001-780-444-665
CAND-2160,joy.nelson@example.com,Joy,Nelson,(509)960-6472x4
CAND-2161,andrea.neal@example.com,Andrea,Neal,978.984.0709x46
CAND-2162,kimberly.brown@example.com,Kimberly,Brown,(212)498-8972x8
CAND-2163,william.zhang@example.com,William,Zhang,(816)241-7005x3
CAND-2164,matthew.chandler@example.com,Matthew,Chandler,(488)903-1664x7
CAND-2165,brandi.lee@example.com,Brandi,Lee,324-828-5354
CAND-2166,latoya.miller@example.com,Latoya,Miller,+1-219-884-8087
CAND-2167,todd.villanueva@example.com,Todd,Villanueva,(520)877-1074x0
CAND-2168,theresa.riley@example.com,Theresa,Riley,001-279-267-246
CAND-2169,brett.harrison@example.com,Brett,Harrison,478-750-2050
CAND-2170,elizabeth.cunningham@example.com,Elizabeth,Cunningham,(939)720-1029
CAND-2171,rebecca.gibbs@example.com,Rebecca,Gibbs,747.453.9659x74
CAND-2172,patrick.gregory@example.com,Patrick,Gregory,+1-642-204-1641
CAND-2173,shelley.buchanan@example.com,Shelley,Buchanan,(913)837-9376x6
CAND-2174,amanda.paul@example.com,Amanda,Paul,(608)855-7174x9
CAND-2175,zachary.miller@example.com,Zachary,Miller,299-708-0358x62
CAND-2176,sean.baker@example.com,Sean,Baker,7995986324
CAND-2177,logan.dickson@example.com,Logan,Dickson,001-891-711-108
CAND-2178,candace.cardenas@example.com,Candace,Cardenas,935-596-1830
CAND-2179,debra.steele@example.com,Debra,Steele,+1-900-422-6425
CAND-2180,alan.york@example.com,Alan,York,682-698-7819x21
CAND-2181,sean.hughes@example.com,Sean,Hughes,829-337-1784x72
CAND-2182,stephen.porter@example.com,Stephen,Porter,+1-804-952-9267
CAND-2183,brittany.weaver@example.com,Brittany,Weaver,675.244.5847x41
CAND-2184,darrell.bishop@example.com,Darrell,Bishop,(993)760-5962
CAND-2185,elizabeth.brown@example.com,Elizabeth,Brown,001-693-646-389
CAND-2186,timothy.sanchez@example.com,Timothy,Sanchez,001-956-211-568
CAND-2187,diane.rogers@example.com,Diane,Rogers,580-553-1602x27
CAND-2188,brian.hood@example.com,Brian,Hood,+1-327-418-6244
CAND-2189,connie.clark@example.com,Connie,Clark,001-707-682-878
CAND-2190,michael.hensley@example.com,Michael,Hensley,486-763-5654x18
CAND-2191,donald.hurley@example.com,Donald,Hurley,+1-688-466-9059
CAND-2192,amanda.zamora@example.com,Amanda,Zamora,001-984-370-520
CAND-2193,laura.fischer@example.com,Laura,Fischer,(632)403-6686
CAND-2194,kristin.noble@example.com,Kristin,Noble,001-878-262-685
CAND-2195,jennifer.hernandez@example.com,Jennifer,Hernandez,677.783.4710x62
CAND-2196,lisa.webster@example.com,Lisa,Webster,+1-657-735-6232
CAND-2197,jason.schmidt@example.com,Jason,Schmidt,001-997-230-273
CAND-2198,larry.martin@example.com,Larry,Martin,902-955-5468x93
CAND-2199,debra.carter@example.com,Debra,Carter,667-888-1596
CAND-2200,molly.stevens@example.com,Molly,Stevens,465.469.0448x46
CAND-2201,cindy.jones@example.com,Cindy,Jones,001-824-489-558
CAND-2202,john.mendez@example.com,John,Mendez,599-242-6407x60
CAND-2203,christopher.raymond@example.com,Christopher,Raymond,9333980138
CAND-2204,michelle.bennett@example.com,Michelle,Bennett,+1-333-256-8905
CAND-2205,amber.smith@example.com,Amber,Smith,953-237-4356
CAND-2206,david.rios@example.com,David,Rios,628.771.5659x69
CAND-2207,susan.peterson@example.com,Susan,Peterson,399-655-0553x62
CAND-2208,willie.hutchinson@example.com,Willie,Hutchinson,418-339-5252x52
CAND-2209,preston.edwards@example.com,Preston,Edwards,792-414-5744
CAND-2210,brian.harris@example.com,Brian,Harris,+1-527-769-4730
CAND-2211,felicia.allen@example.com,Felicia,Allen,001-612-344-029
CAND-2212,gregory.moran@example.com,Gregory,Moran,+1-205-225-7959
CAND-2213,justin.roth@example.com,Justin,Roth,+1-341-323-2546
CAND-2214,james.turner@example.com,James,Turner,001-934-885-713
CAND-2215,amy.miller@example.com,Amy,Miller,334.521.1202x91
CAND-2216,benjamin.roberts@example.com,Benjamin,Roberts,880-829-8908x88
CAND-2217,kevin.ward@example.com,Kevin,Ward,319.519.9082
CAND-2218,james.long@example.com,James,Long,+1-231-672-3667
CAND-2219,terri.dawson@example.com,Terri,Dawson,001-917-610-389
CAND-2220,austin.li@example.com,Austin,Li,7138320344
CAND-2221,anthony.snyder@example.com,Anthony,Snyder,487-565-0775x25
CAND-2222,charles.bennett@example.com,Charles,Bennett,001-231-560-378
CAND-2223,kathleen.berry@example.com,Kathleen,Berry,(830)866-7005x9
CAND-2224,gina.sanchez@example.com,Gina,Sanchez,001-223-937-007
CAND-2225,michelle.jones@example.com,Michelle,Jones,+1-908-663-3234
CAND-2226,justin.dominguez@example.com,Justin,Dominguez,001-988-439-237
CAND-2227,douglas.rosales@example.com,Douglas,Rosales,882-258-5455x13
CAND-2228,tamara.calhoun@example.com,Tamara,Calhoun,423.567.8838x73
CAND-2229,amanda.johnson@example.com,Amanda,Johnson,001-836-947-584
CAND-2230,sherry.baker@example.com,Sherry,Baker,(937)912-0631x7
CAND-2231,reginald.martinez@example.com,Reginald,Martinez,(484)308-1144x1
CAND-2232,jasmine.dawson@example.com,Jasmine,Dawson,001-561-816-861
CAND-2233,charles.black@example.com,Charles,Black,(660)455-5465
CAND-2234,judith.mason@example.com,Judith,Mason,268.543.7714
CAND-2235,kelly.lloyd@example.com,Kelly,Lloyd,354-359-5660x03
CAND-2236,carolyn.gutierrez@example.com,Carolyn,Gutierrez,(627)423-8697
CAND-2237,hannah.pearson@example.com,Hannah,Pearson,001-573-668-385
CAND-2238,anthony.moran@example.com,Anthony,Moran,001-816-650-811
CAND-2239,melissa.molina@example.com,Melissa,Molina,9342848437
CAND-2240,alexis.fisher@example.com,Alexis,Fisher,895.895.1429x54
CAND-2241,barbara.carter@example.com,Barbara,Carter,275-262-7528
CAND-2242,daniel.rasmussen@example.com,Daniel,Rasmussen,001-717-334-479
CAND-2243,lisa.dawson@example.com,Lisa,Dawson,+1-232-264-8971
CAND-2244,christopher.smith@example.com,Christopher,Smith,+1-512-294-5761
CAND-2245,melissa.sawyer@example.com,Melissa,Sawyer,001-594-984-142
CAND-2246,gary.nichols@example.com,Gary,Nichols,656.979.8130x26
CAND-2247,stephanie.kennedy@example.com,Stephanie,Kennedy,658-382-1870
CAND-2248,sarah.boyle@example.com,Sarah,Boyle,391.516.1146x44
CAND-2249,bruce.ray@example.com,Bruce,Ray,(942)647-3885x2
CAND-2250,anita.roberson@example.com,Anita,Roberson,001-777-300-788
CAND-2251,eric.potter@example.com,Eric,Potter,001-880-882-267
CAND-2252,jessica.hernandez@example.com,Jessica,Hernandez,(353)283-9571x6
CAND-2253,maria.lopez@example.com,Maria,Lopez,001-870-890-703
CAND-2254,karen.crosby@example.com,Karen,Crosby,620.470.9834
CAND-2255,emily.holt@example.com,Emily,Holt,748.876.2965x07
CAND-2256,levi.anderson@example.com,Levi,Anderson,965.941.9828x17
CAND-2257,barbara.smith@example.com,Barbara,Smith,4348522026
CAND-2258,cheryl.davila@example.com,Cheryl,Davila,5325645257
CAND-2259,alejandro.lozano@example.com,Alejandro,Lozano,001-607-940-635
CAND-2260,ricardo.mendoza@example.com,Ricardo,Mendoza,225-783-7990
CAND-2261,mary.hobbs@example.com,Mary,Hobbs,(769)833-2763x3
CAND-2262,erik.potts@example.com,Erik,Potts,537.923.7225x93
CAND-2263,makayla.quinn@example.com,Makayla,Quinn,001-200-689-423
CAND-2264,james.hall@example.com,James,Hall,001-231-688-384
CAND-2265,steven.gonzales@example.com,Steven,Gonzales,001-285-817-696
CAND-2266,kenneth.richard@example.com,Kenneth,Richard,(844)621-5783x7
CAND-2267,anthony.clark@example.com,Anthony,Clark,(573)696-8859
CAND-2268,jessica.anderson@example.com,Jessica,Anderson,+1-939-503-9799
CAND-2269,erica.miller@example.com,Erica,Miller,(303)221-9859x6
CAND-2270,david.smith@example.com,David,Smith,(868)560-6734x7
CAND-2271,douglas.silva@example.com,Douglas,Silva,001-491-303-852
CAND-2272,mark.knight@example.com,Mark,Knight,(637)243-9639x9
CAND-2273,james.hart@example.com,James,Hart,246-456-5317x08
CAND-2274,joanna.davis@example.com,Joanna,Davis,+1-527-636-6325
CAND-2275,samantha.hayes@example.com,Samantha,Hayes,001-339-216-601
CAND-2276,carrie.turner@example.com,Carrie,Turner,966.707.3264x47
CAND-2277,christina.mccoy@example.com,Christina,Mccoy,617-760-9093x71
CAND-2278,danielle.hansen@example.com,Danielle,Hansen,6456734669
CAND-2279,robin.mcguire@example.com,Robin,Mcguire,001-838-878-052
CAND-2280,melvin.archer@example.com,Melvin,Archer,+1-537-984-7719
CAND-2281,joshua.ochoa@example.com,Joshua,Ochoa,(709)268-5938x0
CAND-2282,edward.williams@example.com,Edward,Williams,001-696-546-924
CAND-2283,michael.rice@example.com,Michael,Rice,+1-352-212-1560
CAND-2284,adriana.williams@example.com,Adriana,Williams,646-994-6604x90
CAND-2285,joshua.jordan@example.com,Joshua,Jordan,001-211-561-221
CAND-2286,jessica.cabrera@example.com,Jessica,Cabrera,(555)586-8190x0
CAND-2287,jay.anderson@example.com,Jay,Anderson,+1-266-201-3855
CAND-2288,gary.morgan@example.com,Gary,Morgan,338.701.0124x57
CAND-2289,angelica.cruz@example.com,Angelica,Cruz,+1-719-349-9913
CAND-2290,barbara.powers@example.com,Barbara,Powers,001-293-296-871
CAND-2291,dawn.bishop@example.com,Dawn,Bishop,(893)328-5071
CAND-2292,eric.garza@example.com,Eric,Garza,221.634.9522
CAND-2293,blake.williams@example.com,Blake,Williams,871.477.5885
CAND-2294,jennifer.scott@example.com,Jennifer,Scott,5662112620
CAND-2295,virginia.vargas@example.com,Virginia,Vargas,(316)357-1211x8
CAND-2296,rachel.contreras@example.com,Rachel,Contreras,(739)993-3025
CAND-2297,beverly.herman@example.com,Beverly,Herman,3622314596
CAND-2298,nicole.padilla@example.com,Nicole,Padilla,+1-419-268-0450
CAND-2299,megan.sparks@example.com,Megan,Sparks,6818641804
CAND-2300,mary.walter@example.com,Mary,Walter,001-719-671-408
CAND-2301,juan.hutchinson@example.com,Juan,Hutchinson,9606958062
CAND-2302,matthew.reynolds@example.com,Matthew,Reynolds,+1-439-685-9074
CAND-2303,christian.thomas@example.com,Christian,Thomas,+1-604-995-7762
CAND-2304,richard.myers@example.com,Richard,Myers,495-830-1647
CAND-2305,david.hays@example.com,David,Hays,+1-868-859-0262
CAND-2306,derrick.ball@example.com,Derrick,Ball,(960)234-9824x6
CAND-2307,david.wood@example.com,David,Wood,(477)540-2157
CAND-2308,christopher.pace@example.com,Christopher,Pace,624-823-5256x00
CAND-2309,natalie.chavez@example.com,Natalie,Chavez,550-352-0535
CAND-2310,jacob.wilson@example.com,Jacob,Wilson,456-305-9934x23
CAND-2311,adam.miller@example.com,Adam,Miller,(294)943-1414
CAND-2312,william.baker@example.com,William,Baker,377.398.2402
CAND-2313,ronald.schmidt@example.com,Ronald,Schmidt,313.279.9818
CAND-2314,susan.brock@example.com,Susan,Brock,001-862-542-657
CAND-2315,erin.ward@example.com,Erin,Ward,974.452.6348x88
CAND-2316,leonard.phillips@example.com,Leonard,Phillips,(425)235-1178
CAND-2317,mark.mercer@example.com,Mark,Mercer,955-838-8287x20
CAND-2318,thomas.james@example.com,Thomas,James,(208)928-8745x8
CAND-2319,lawrence.jones@example.com,Lawrence,Jones,868.459.3152
CAND-2320,cody.pena@example.com,Cody,Pena,741.444.3010x61
CAND-2321,brittany.camacho@example.com,Brittany,Camacho,(345)774-4331x9
CAND-2322,jeremy.cardenas@example.com,Jeremy,Cardenas,597-629-6970x10
CAND-2323,jeremy.turner@example.com,Jeremy,Turner,+1-975-885-8618
CAND-2324,brian.page@example.com,Brian,Page,(515)999-2794
CAND-2325,samuel.hull@example.com,Samuel,Hull,727.649.0331x22
CAND-2326,angela.noble@example.com,Angela,Noble,604.973.1483x68
CAND-2327,thomas.garrison@example.com,Thomas,Garrison,907-803-6665x60
CAND-2328,suzanne.taylor@example.com,Suzanne,Taylor,+1-821-428-2193
CAND-2329,timothy.tyler@example.com,Timothy,Tyler,001-472-264-393
CAND-2330,rachel.morales@example.com,Rachel,Morales,(604)385-3123x4
CAND-2331,daniel.meyer@example.com,Daniel,Meyer,365-912-4210x63
CAND-2332,katherine.smith@example.com,Katherine,Smith,+1-736-748-1165
CAND-2333,joanna.wilkins@example.com,Joanna,Wilkins,+1-859-542-1937
CAND-2334,renee.long@example.com,Renee,Long,001-972-976-768
CAND-2335,michael.clark@example.com,Michael,Clark,+1-361-734-1749
CAND-2336,jeffrey.cervantes@example.com,Jeffrey,Cervantes,+1-508-584-2672
CAND-2337,cathy.smith@example.com,Cathy,Smith,661.250.0111x39
CAND-2338,kyle.white@example.com,Kyle,White,264.379.2149
CAND-2339,aaron.barber@example.com,Aaron,Barber,(516)247-9049x9
CAND-2340,patrick.austin@example.com,Patrick,Austin,001-867-336-720
CAND-2341,brandon.white@example.com,Brandon,White,872.964.3205
CAND-2342,tina.huang@example.com,Tina,Huang,(297)315-5793x2
CAND-2343,darrell.rogers@example.com,Darrell,Rogers,+1-891-377-3260
CAND-2344,austin.avila@example.com,Austin,Avila,697-935-8679x43
CAND-2345,brent.reyes@example.com,Brent,Reyes,(776)976-5964
CAND-2346,diana.hughes@example.com,Diana,Hughes,+1-749-247-1553
CAND-2347,jennifer.anderson@example.com,Jennifer,Anderson,6538772908
CAND-2348,leslie.perez@example.com,Leslie,Perez,+1-245-703-7548
CAND-2349,jerome.robinson@example.com,Jerome,Robinson,001-685-269-329
CAND-2350,heather.hill@example.com,Heather,Hill,001-607-237-304
CAND-2351,leon.williams@example.com,Leon,Williams,001-826-958-387
CAND-2352,juan.simmons@example.com,Juan,Simmons,001-666-303-327
CAND-2353,matthew.thomas@example.com,Matthew,Thomas,8942101027
CAND-2354,timothy.ferguson@example.com,Timothy,Ferguson,+1-595-516-4849
CAND-2355,michelle.johnson@example.com,Michelle,Johnson,544-735-7547
CAND-2356,andrew.stokes@example.com,Andrew,Stokes,(926)202-7068x7
CAND-2357,timothy.fields@example.com,Timothy,Fields,001-481-529-236
CAND-2358,travis.king@example.com,Travis,King,+1-798-241-3376
CAND-2359,tracy.jones@example.com,Tracy,Jones,2659106407
CAND-2360,allison.juarez@example.com,Allison,Juarez,+1-847-784-8303
CAND-2361,donna.vaughn@example.com,Donna,Vaughn,2445927280
CAND-2362,david.hayes@example.com,David,Hayes,636.243.1678x59
CAND-2363,andrea.hopkins@example.com,Andrea,Hopkins,293-303-2075x60
CAND-2364,julia.moore@example.com,Julia,Moore,+1-502-799-9663
CAND-2365,melissa.ross@example.com,Melissa,Ross,903-507-9915x40
CAND-2366,sandra.johnson@example.com,Sandra,Johnson,(695)431-8500
CAND-2367,james.beck@example.com,James,Beck,+1-320-268-2048
CAND-2368,ashley.kent@example.com,Ashley,Kent,9549847385
CAND-2369,carol.dyer@example.com,Carol,Dyer,001-782-345-538
CAND-2370,amanda.tucker@example.com,Amanda,Tucker,+1-738-926-4295
CAND-2371,gina.schroeder@example.com,Gina,Schroeder,615.659.0308x19
CAND-2372,judy.chavez@example.com,Judy,Chavez,750-248-8491
CAND-2373,william.taylor@example.com,William,Taylor,746-740-3507x69
CAND-2374,carolyn.marsh@example.com,Carolyn,Marsh,455.988.1082
CAND-2375,samuel.rivera@example.com,Samuel,Rivera,577.974.5925x41
CAND-2376,eddie.roberts@example.com,Eddie,Roberts,001-237-697-900
CAND-2377,morgan.orozco@example.com,Morgan,Orozco,+1-548-749-6741
CAND-2378,kristin.hopkins@example.com,Kristin,Hopkins,612.255.9350x27
CAND-2379,nicholas.martinez@example.com,Nicholas,Martinez,(627)727-6531
CAND-2380,stacy.steele@example.com,Stacy,Steele,741.570.0545
CAND-2381,kristy.gomez@example.com,Kristy,Gomez,+1-855-862-1683
CAND-2382,william.castro@example.com,William,Castro,+1-350-949-1086
CAND-2383,christopher.bartlett@example.com,Christopher,Bartlett,+1-278-552-1979
CAND-2384,monica.barnett@example.com,Monica,Barnett,(508)398-8850x1
CAND-2385,christopher.wood@example.com,Christopher,Wood,520.526.4009
CAND-2386,jasmine.shepard@example.com,Jasmine,Shepard,(537)690-2038x8
CAND-2387,justin.crosby@example.com,Justin,Crosby,316.476.6342x08
CAND-2388,kelly.newton@example.com,Kelly,Newton,(564)474-2644x0
CAND-2389,kathleen.greene@example.com,Kathleen,Greene,(463)679-5818x7
CAND-2390,paul.griffin@example.com,Paul,Griffin,544-369-3995
CAND-2391,lisa.rivera@example.com,Lisa,Rivera,(864)623-9402x6
CAND-2392,kathy.lawrence@example.com,Kathy,Lawrence,(868)911-8229x2
CAND-2393,derrick.berger@example.com,Derrick,Berger,373.537.8406
CAND-2394,xavier.vasquez@example.com,Xavier,Vasquez,985-878-3045x59
CAND-2395,denise.wade@example.com,Denise,Wade,(978)868-0055x1
CAND-2396,jose.scott@example.com,Jose,Scott,+1-843-763-2705
CAND-2397,james.king@example.com,James,King,320-704-2186x74
CAND-2398,derrick.wright@example.com,Derrick,Wright,791-398-5056
CAND-2399,joe.stewart@example.com,Joe,Stewart,+1-950-881-4322
CAND-2400,robert.carney@example.com,Robert,Carney,(379)204-2338
CAND-2401,richard.mora@example.com,Richard,Mora,001-689-717-005
CAND-2402,stephen.roberson@example.com,Stephen,Roberson,001-849-365-990
CAND-2403,susan.pham@example.com,Susan,Pham,758.330.4077
CAND-2404,jeffrey.patterson@example.com,Jeffrey,Patterson,6927216897
CAND-2405,linda.harris@example.com,Linda,Harris,914.673.2043x19
CAND-2406,john.miller@example.com,John,Miller,(266)856-0233x6
CAND-2407,kathryn.king@example.com,Kathryn,King,755-326-7203x67
CAND-2408,adrian.small@example.com,Adrian,Small,(468)370-6905x7
CAND-2409,heidi.davis@example.com,Heidi,Davis,(679)632-3539x3
CAND-2410,jessica.haynes@example.com,Jessica,Haynes,465-370-7943
CAND-2411,jasmin.perez@example.com,Jasmin,Perez,(342)264-6855
CAND-2412,douglas.johnson@example.com,Douglas,Johnson,215-548-8051
CAND-2413,james.myers@example.com,James,Myers,(933)263-3057x5
CAND-2414,aaron.weiss@example.com,Aaron,Weiss,916-243-7702x17
CAND-2415,daniel.white@example.com,Daniel,White,001-892-383-397
CAND-2416,shawn.jacobs@example.com,Shawn,Jacobs,(705)791-7393x0
CAND-2417,patricia.lawrence@example.com,Patricia,Lawrence,001-669-683-317
CAND-2418,bradley.bell@example.com,Bradley,Bell,001-745-225-935
CAND-2419,barbara.myers@example.com,Barbara,Myers,4788562271
CAND-2420,anthony.anderson@example.com,Anthony,Anderson,+1-261-318-6801
CAND-2421,brittany.richard@example.com,Brittany,Richard,8814700327
CAND-2422,alison.cooper@example.com,Alison,Cooper,+1-487-377-7014
CAND-2423,daniel.rogers@example.com,Daniel,Rogers,+1-396-446-0773
CAND-2424,edward.gomez@example.com,Edward,Gomez,435-763-9748
CAND-2425,brady.crawford@example.com,Brady,Crawford,367-448-6735
CAND-2426,jessica.burns@example.com,Jessica,Burns,648.574.7793x59
CAND-2427,amanda.watson@example.com,Amanda,Watson,+1-299-871-2520
CAND-2428,patricia.simmons@example.com,Patricia,Simmons,001-812-567-191
CAND-2429,jason.allen@example.com,Jason,Allen,7318387830
CAND-2430,alyssa.robertson@example.com,Alyssa,Robertson,001-675-933-552
CAND-2431,jon.gordon@example.com,Jon,Gordon,728-326-9934
CAND-2432,shannon.duncan@example.com,Shannon,Duncan,(822)793-1778
CAND-2433,rebecca.smith@example.com,Rebecca,Smith,994.975.0557
CAND-2434,kimberly.hart@example.com,Kimberly,Hart,343.312.4345x35
CAND-2435,hannah.simpson@example.com,Hannah,Simpson,2925720948
CAND-2436,oscar.miles@example.com,Oscar,Miles,(875)962-9433x9
CAND-2437,tiffany.drake@example.com,Tiffany,Drake,+1-655-606-9439
CAND-2438,laurie.brown@example.com,Laurie,Brown,001-610-442-797
CAND-2439,danny.rosario@example.com,Danny,Rosario,381-588-9699
CAND-2440,susan.farmer@example.com,Susan,Farmer,+1-793-957-5384
CAND-2441,benjamin.lopez@example.com,Benjamin,Lopez,756.601.6426x24
CAND-2442,robert.martin@example.com,Robert,Martin,(513)654-6922
CAND-2443,adam.copeland@example.com,Adam,Copeland,773-643-4660
CAND-2444,thomas.williams@example.com,Thomas,Williams,+1-506-703-9810
CAND-2445,dennis.green@example.com,Dennis,Green,001-212-702-241
CAND-2446,ryan.beck@example.com,Ryan,Beck,885-741-3336
CAND-2447,jessica.smith@example.com,Jessica,Smith,459.215.6581x79
CAND-2448,jane.thompson@example.com,Jane,Thompson,692-321-9114x29
CAND-2449,kelly.mitchell@example.com,Kelly,Mitchell,001-713-485-699
CAND-2450,adam.martinez@example.com,Adam,Martinez,(601)674-0209
CAND-2451,ryan.petty@example.com,Ryan,Petty,386.565.9481x82
CAND-2452,ebony.bryant@example.com,Ebony,Bryant,+1-259-316-4491
CAND-2453,corey.brown@example.com,Corey,Brown,423-415-6823x42
CAND-2454,nicole.mcdowell@example.com,Nicole,Mcdowell,662-467-1320x25
CAND-2455,john.coleman@example.com,John,Coleman,9778604293
CAND-2456,jeanette.kent@example.com,Jeanette,Kent,208-577-2107x52
CAND-2457,marissa.hale@example.com,Marissa,Hale,(810)797-2472x5
CAND-2458,keith.brown@example.com,Keith,Brown,001-589-339-276
CAND-2459,linda.jackson@example.com,Linda,Jackson,493.563.2786x80
CAND-2460,michael.sloan@example.com,Michael,Sloan,001-431-389-959
CAND-2461,debra.flores@example.com,Debra,Flores,670-650-7077x50
CAND-2462,donna.lynch@example.com,Donna,Lynch,(735)776-8662x1
CAND-2463,charles.harrington@example.com,Charles,Harrington,584-554-2259x55
CAND-2464,jean.newton@example.com,Jean,Newton,+1-815-941-9635
CAND-2465,kyle.rodriguez@example.com,Kyle,Rodriguez,663.365.9050
CAND-2466,travis.crawford@example.com,Travis,Crawford,(223)542-6787
CAND-2467,nicole.mckenzie@example.com,Nicole,Mckenzie,(538)712-8171
CAND-2468,shirley.parker@example.com,Shirley,Parker,552.311.2759x63
CAND-2469,christopher.obrien@example.com,Christopher,Obrien,231.808.8623
CAND-2470,jessica.cook@example.com,Jessica,Cook,001-540-803-818
CAND-2471,kenneth.crane@example.com,Kenneth,Crane,001-310-902-182
CAND-2472,brandon.holmes@example.com,Brandon,Holmes,(916)287-8732x1
CAND-2473,jason.anderson@example.com,Jason,Anderson,6434474334
CAND-2474,dan.jenkins@example.com,Dan,Jenkins,300-546-0104
CAND-2475,david.rogers@example.com,David,Rogers,479-342-0722x39
CAND-2476,tracy.norton@example.com,Tracy,Norton,989-889-8787
CAND-2477,thomas.kim@example.com,Thomas,Kim,(513)987-7123x9
CAND-2478,dawn.marsh@example.com,Dawn,Marsh,6487730451
CAND-2479,matthew.mason@example.com,Matthew,Mason,517.334.1880x79
CAND-2480,michael.washington@example.com,Michael,Washington,685-693-9185x36
CAND-2481,carolyn.saunders@example.com,Carolyn,Saunders,001-527-719-540
CAND-2482,melanie.mosley@example.com,Melanie,Mosley,6204715378
CAND-2483,brian.woodard@example.com,Brian,Woodard,(955)935-4407x8
CAND-2484,holly.gordon@example.com,Holly,Gordon,689.922.1007x20
CAND-2485,kathleen.jones@example.com,Kathleen,Jones,224-661-7578
CAND-2486,cody.barron@example.com,Cody,Barron,001-848-466-718
CAND-2487,kayla.turner@example.com,Kayla,Turner,904.298.6711x01
CAND-2488,jerry.moore@example.com,Jerry,Moore,904.643.0732x46
CAND-2489,caroline.cochran@example.com,Caroline,Cochran,4306438177
CAND-2490,richard.berry@example.com,Richard,Berry,570-448-1130x18
CAND-2491,john.cervantes@example.com,John,Cervantes,(265)218-1275x9
CAND-2492,john.allen@example.com,John,Allen,001-774-332-567
CAND-2493,nancy.powers@example.com,Nancy,Powers,211.454.1119
CAND-2494,anthony.smith@example.com,Anthony,Smith,436-393-0052
CAND-2495,tiffany.parker@example.com,Tiffany,Parker,(767)835-3842
CAND-2496,david.wall@example.com,David,Wall,359-699-4426
CAND-2497,melissa.rivera@example.com,Melissa,Rivera,775.282.6829
CAND-2498,amanda.nelson@example.com,Amanda,Nelson,+1-594-702-3235
CAND-2499,william.steele@example.com,William,Steele,+1-952-588-0507
CAND-2500,michael.kramer@example.com,Michael,Kramer,825-624-7777x44
CAND-2501,laura.sanchez@example.com,Laura,Sanchez,664-800-6069x88
CAND-2502,david.harmon@example.com,David,Harmon,255.337.7938x54
CAND-2503,donald.johnson@example.com,Donald,Johnson,807-225-4539x60
CAND-2504,ashley.frey@example.com,Ashley,Frey,424.770.7926
CAND-2505,elizabeth.orozco@example.com,Elizabeth,Orozco,774-231-6032
CAND-2506,debra.hall@example.com,Debra,Hall,+1-494-539-8844
CAND-2507,ronald.hartman@example.com,Ronald,Hartman,394.496.4549x59
CAND-2508,shane.lee@example.com,Shane,Lee,474-627-1832
CAND-2509,rachel.martin@example.com,Rachel,Martin,+1-236-627-6176
CAND-2510,jessica.price@example.com,Jessica,Price,+1-451-412-8638
CAND-2511,amanda.morrison@example.com,Amanda,Morrison,9748595282
CAND-2512,tracy.norton@example.com,Tracy,Norton,(539)435-4337
CAND-2513,jennifer.meyer@example.com,Jennifer,Meyer,296.492.1510
CAND-2514,nicolas.burns@example.com,Nicolas,Burns,001-721-743-486
CAND-2515,thomas.rodriguez@example.com,Thomas,Rodriguez,9525089831
CAND-2516,anthony.patrick@example.com,Anthony,Patrick,(907)593-3773x1
CAND-2517,pamela.hill@example.com,Pamela,Hill,248-450-2759
CAND-2518,robert.moran@example.com,Robert,Moran,3904722087
CAND-2519,sherry.martinez@example.com,Sherry,Martinez,001-245-423-959
CAND-2520,jimmy.jones@example.com,Jimmy,Jones,599-287-5175x79
CAND-2521,lori.pierce@example.com,Lori,Pierce,+1-206-409-4175
CAND-2522,stephanie.navarro@example.com,Stephanie,Navarro,730-907-8867
CAND-2523,mark.vega@example.com,Mark,Vega,809-859-1450x49
CAND-2524,christy.byrd@example.com,Christy,Byrd,(672)486-5181
CAND-2525,benjamin.mcguire@example.com,Benjamin,Mcguire,984.850.4621
CAND-2526,jose.lee@example.com,Jose,Lee,893-794-1667x40
CAND-2527,amanda.griffin@example.com,Amanda,Griffin,+1-911-506-6726
CAND-2528,denise.cole@example.com,Denise,Cole,+1-853-677-0124
CAND-2529,michael.santiago@example.com,Michael,Santiago,524.837.8047x04
CAND-2530,melvin.pham@example.com,Melvin,Pham,556.792.6920x32
CAND-2531,kimberly.wilson@example.com,Kimberly,Wilson,(767)321-2300x8
CAND-2532,michael.thomas@example.com,Michael,Thomas,525-866-0098x05
CAND-2533,denise.williams@example.com,Denise,Williams,403.741.3653
CAND-2534,ryan.mayer@example.com,Ryan,Mayer,699-877-0706x00
CAND-2535,cory.ramirez@example.com,Cory,Ramirez,637.600.4917
CAND-2536,james.castro@example.com,James,Castro,963-987-6215
CAND-2537,lauren.wall@example.com,Lauren,Wall,001-654-358-661
CAND-2538,joshua.burns@example.com,Joshua,Burns,(631)441-9887x2
CAND-2539,christopher.martin@example.com,Christopher,Martin,239.298.2159
CAND-2540,steven.short@example.com,Steven,Short,920.944.8456
CAND-2541,chad.greer@example.com,Chad,Greer,+1-341-376-6045
CAND-2542,richard.fuentes@example.com,Richard,Fuentes,957-867-7657x66
CAND-2543,brandon.gomez@example.com,Brandon,Gomez,4853296455
CAND-2544,travis.brown@example.com,Travis,Brown,001-998-487-829
CAND-2545,taylor.evans@example.com,Taylor,Evans,922-506-1850x69
CAND-2546,deanna.reynolds@example.com,Deanna,Reynolds,+1-440-306-7246
CAND-2547,jonathan.brown@example.com,Jonathan,Brown,383-693-3011
CAND-2548,elizabeth.morales@example.com,Elizabeth,Morales,488-855-8755x24
CAND-2549,damon.jones@example.com,Damon,Jones,769.374.5783
CAND-2550,sharon.rosario@example.com,Sharon,Rosario,+1-838-871-3556
CAND-2551,teresa.wright@example.com,Teresa,Wright,489.758.6417
CAND-2552,shirley.hughes@example.com,Shirley,Hughes,8196991624
CAND-2553,cynthia.fisher@example.com,Cynthia,Fisher,(793)368-4268
CAND-2554,todd.lawrence@example.com,Todd,Lawrence,967.399.0102
CAND-2555,catherine.brown@example.com,Catherine,Brown,+1-352-203-8721
CAND-2556,cynthia.nolan@example.com,Cynthia,Nolan,001-862-544-622
CAND-2557,crystal.young@example.com,Crystal,Young,450.782.4326
CAND-2558,john.ryan@example.com,John,Ryan,403-207-5598x41
CAND-2559,donald.campbell@example.com,Donald,Campbell,235-907-4509x33
CAND-2560,andrew.baker@example.com,Andrew,Baker,3434109077
CAND-2561,joe.murphy@example.com,Joe,Murphy,001-832-377-376
CAND-2562,samuel.wallace@example.com,Samuel,Wallace,835.354.8147x12
CAND-2563,matthew.vega@example.com,Matthew,Vega,001-439-329-427
CAND-2564,michael.peck@example.com,Michael,Peck,934-733-9062
CAND-2565,william.snow@example.com,William,Snow,373.339.1299x03
CAND-2566,earl.alexander@example.com,Earl,Alexander,+1-439-455-7142
CAND-2567,arthur.howe@example.com,Arthur,Howe,(659)610-0443x6
CAND-2568,john.colon@example.com,John,Colon,001-996-891-422
CAND-2569,jennifer.allen@example.com,Jennifer,Allen,(378)208-7857
CAND-2570,carolyn.robinson@example.com,Carolyn,Robinson,+1-853-500-0900
CAND-2571,cynthia.taylor@example.com,Cynthia,Taylor,667.975.4658x61
CAND-2572,destiny.allen@example.com,Destiny,Allen,763-632-4656x84
CAND-2573,kaitlyn.navarro@example.com,Kaitlyn,Navarro,817-757-3518x51
CAND-2574,jane.knight@example.com,Jane,Knight,001-765-460-033
CAND-2575,ian.cameron@example.com,Ian,Cameron,001-648-742-109
CAND-2576,michael.hardin@example.com,Michael,Hardin,+1-453-872-3766
CAND-2577,kurt.brown@example.com,Kurt,Brown,+1-370-281-3722
CAND-2578,christine.gonzalez@example.com,Christine,Gonzalez,+1-824-439-2295
CAND-2579,angela.johnson@example.com,Angela,Johnson,(295)239-0878x3
CAND-2580,stephanie.gonzales@example.com,Stephanie,Gonzales,(544)866-6694
CAND-2581,sarah.weiss@example.com,Sarah,Weiss,+1-494-738-6825
CAND-2582,kristin.simmons@example.com,Kristin,Simmons,001-772-966-923
CAND-2583,jessica.moore@example.com,Jessica,Moore,946.489.2704
CAND-2584,james.powers@example.com,James,Powers,344.666.6105
CAND-2585,carol.manning@example.com,Carol,Manning,880-968-6288
CAND-2586,sherri.jensen@example.com,Sherri,Jensen,(344)894-0395
CAND-2587,christy.nguyen@example.com,Christy,Nguyen,334-540-8833
CAND-2588,amy.martinez@example.com,Amy,Martinez,001-934-976-912
CAND-2589,carrie.glover@example.com,Carrie,Glover,+1-798-401-2201
CAND-2590,anthony.burton@example.com,Anthony,Burton,891.552.3133
CAND-2591,erika.carter@example.com,Erika,Carter,5983212702
CAND-2592,andrea.herman@example.com,Andrea,Herman,720.812.9590x31
CAND-2593,rebecca.terry@example.com,Rebecca,Terry,5004191765
CAND-2594,sheila.horn@example.com,Sheila,Horn,334.338.7151x54
CAND-2595,steven.sims@example.com,Steven,Sims,001-287-502-728
CAND-2596,diane.oconnor@example.com,Diane,Oconnor,708.534.9123x21
CAND-2597,gregory.wolfe@example.com,Gregory,Wolfe,+1-432-252-7625
CAND-2598,nicole.davis@example.com,Nicole,Davis,516-479-5428
CAND-2599,pamela.snyder@example.com,Pamela,Snyder,9118678116
CAND-2600,jillian.benton@example.com,Jillian,Benton,4258153864
CAND-2601,scott.chan@example.com,Scott,Chan,(520)299-4175
CAND-2602,justin.nunez@example.com,Justin,Nunez,(731)298-4105x0
CAND-2603,allison.shaw@example.com,Allison,Shaw,(684)867-7037
CAND-2604,shannon.vasquez@example.com,Shannon,Vasquez,001-708-730-764
CAND-2605,jennifer.smith@example.com,Jennifer,Smith,327.527.9732x82
CAND-2606,david.ward@example.com,David,Ward,221-334-0636
CAND-2607,nina.carlson@example.com,Nina,Carlson,(302)340-6511x7
CAND-2608,steven.barnett@example.com,Steven,Barnett,685-279-6886x31
CAND-2609,seth.keller@example.com,Seth,Keller,2443813881
CAND-2610,cory.mullins@example.com,Cory,Mullins,656-876-7761x95
CAND-2611,joan.davis@example.com,Joan,Davis,9929176451
CAND-2612,katherine.williams@example.com,Katherine,Williams,(438)904-5347
CAND-2613,steven.taylor@example.com,Steven,Taylor,920.595.9284
CAND-2614,michael.shaw@example.com,Michael,Shaw,(272)499-3357
CAND-2615,holly.scott@example.com,Holly,Scott,+1-639-686-6398
CAND-2616,derek.gibson@example.com,Derek,Gibson,001-383-856-523
CAND-2617,doris.sullivan@example.com,Doris,Sullivan,(473)253-3406
CAND-2618,melissa.jenkins@example.com,Melissa,Jenkins,834.501.4215
CAND-2619,jonathan.barker@example.com,Jonathan,Barker,226-636-2886x23
CAND-2620,joshua.cox@example.com,Joshua,Cox,001-614-634-421
CAND-2621,kelly.bradley@example.com,Kelly,Bradley,742.318.8424x63
CAND-2622,evan.rodriguez@example.com,Evan,Rodriguez,(647)992-4642x9
CAND-2623,jessica.morris@example.com,Jessica,Morris,+1-799-387-5915
CAND-2624,jose.jarvis@example.com,Jose,Jarvis,+1-418-634-7923
CAND-2625,mark.gonzalez@example.com,Mark,Gonzalez,908-812-4643
CAND-2626,shelby.parker@example.com,Shelby,Parker,001-801-546-066
CAND-2627,karen.gentry@example.com,Karen,Gentry,+1-312-618-7906
CAND-2628,samuel.bell@example.com,Samuel,Bell,8112250231
CAND-2629,aaron.king@example.com,Aaron,King,5274289868
CAND-2630,daniel.thompson@example.com,Daniel,Thompson,+1-261-949-8425
CAND-2631,christine.hines@example.com,Christine,Hines,+1-697-484-2001
CAND-2632,jonathan.smith@example.com,Jonathan,Smith,737.623.8615x95
CAND-2633,stephen.morris@example.com,Stephen,Morris,963.979.8293x05
CAND-2634,donna.burke@example.com,Donna,Burke,+1-236-776-0741
CAND-2635,brenda.jacobs@example.com,Brenda,Jacobs,001-481-750-439
CAND-2636,katrina.chen@example.com,Katrina,Chen,+1-966-709-6354
CAND-2637,megan.robles@example.com,Megan,Robles,801-684-2622
CAND-2638,mary.mitchell@example.com,Mary,Mitchell,780-524-5940
CAND-2639,marc.brooks@example.com,Marc,Brooks,524-937-7950x76
CAND-2640,nancy.king@example.com,Nancy,King,001-252-351-225
CAND-2641,donna.trujillo@example.com,Donna,Trujillo,001-822-979-294
CAND-2642,jonathan.marks@example.com,Jonathan,Marks,001-290-920-385
CAND-2643,aaron.castro@example.com,Aaron,Castro,001-715-391-242
CAND-2644,jasmine.harris@example.com,Jasmine,Harris,+1-876-435-2946
CAND-2645,andrew.brown@example.com,Andrew,Brown,(920)963-3461x1
CAND-2646,jacob.thomas@example.com,Jacob,Thomas,(365)393-3804
CAND-2647,timothy.brock@example.com,Timothy,Brock,(503)833-0854x4
CAND-2648,denise.hancock@example.com,Denise,Hancock,2204931378
CAND-2649,gabrielle.jones@example.com,Gabrielle,Jones,001-536-876-777
CAND-2650,matthew.finley@example.com,Matthew,Finley,(745)654-5903x4
CAND-2651,james.ingram@example.com,James,Ingram,001-211-402-693
CAND-2652,james.wright@example.com,James,Wright,+1-813-651-4855
CAND-2653,andre.taylor@example.com,Andre,Taylor,(306)874-1514x4
CAND-2654,susan.hart@example.com,Susan,Hart,642.279.7302
CAND-2655,samuel.murphy@example.com,Samuel,Murphy,325.420.2358x93
CAND-2656,nicholas.white@example.com,Nicholas,White,788-391-9949x51
CAND-2657,kara.graves@example.com,Kara,Graves,256-644-6452x39
CAND-2658,charles.wood@example.com,Charles,Wood,928-967-8554x70
CAND-2659,carol.reed@example.com,Carol,Reed,9144670936
CAND-2660,katherine.benton@example.com,Katherine,Benton,2289004177
CAND-2661,john.haynes@example.com,John,Haynes,(803)616-1340x7
CAND-2662,michael.morris@example.com,Michael,Morris,(875)942-8328
CAND-2663,grace.shaw@example.com,Grace,Shaw,750-966-8815
CAND-2664,daniel.nguyen@example.com,Daniel,Nguyen,(661)866-8940x9
CAND-2665,danielle.peterson@example.com,Danielle,Peterson,(451)461-1339x5
CAND-2666,jose.watson@example.com,Jose,Watson,482-356-9619
CAND-2667,stacy.davidson@example.com,Stacy,Davidson,(897)548-6978x4
CAND-2668,christopher.coleman@example.com,Christopher,Coleman,405.427.0436
CAND-2669,kathleen.cervantes@example.com,Kathleen,Cervantes,001-216-342-301
CAND-2670,tony.harris@example.com,Tony,Harris,791-798-6370
CAND-2671,jeremy.price@example.com,Jeremy,Price,(722)830-6356x7
CAND-2672,christine.roberts@example.com,Christine,Roberts,001-598-441-040
CAND-2673,kyle.mills@example.com,Kyle,Mills,001-474-263-523
CAND-2674,tammy.davenport@example.com,Tammy,Davenport,+1-706-595-8621
CAND-2675,samantha.faulkner@example.com,Samantha,Faulkner,211-528-1779
CAND-2676,dana.coleman@example.com,Dana,Coleman,(636)794-7281x3
CAND-2677,alejandro.harris@example.com,Alejandro,Harris,+1-379-502-9403
CAND-2678,eric.king@example.com,Eric,King,927-256-7195x03
CAND-2679,stephen.jones@example.com,Stephen,Jones,001-465-524-948
CAND-2680,william.lam@example.com,William,Lam,8156149777
CAND-2681,autumn.sanchez@example.com,Autumn,Sanchez,001-716-657-652
CAND-2682,jeanette.elliott@example.com,Jeanette,Elliott,6297484943
CAND-2683,stephen.bass@example.com,Stephen,Bass,(761)838-8655x0
CAND-2684,julie.robertson@example.com,Julie,Robertson,(639)359-3601
CAND-2685,eric.stevens@example.com,Eric,Stevens,(261)485-3608x7
CAND-2686,anthony.hodge@example.com,Anthony,Hodge,838.881.1209
CAND-2687,melissa.patterson@example.com,Melissa,Patterson,572.803.7344
CAND-2688,michael.webb@example.com,Michael,Webb,919.905.6574x39
CAND-2689,austin.green@example.com,Austin,Green,839.931.6490x95
CAND-2690,julie.allen@example.com,Julie,Allen,+1-405-888-6810
CAND-2691,mary.barnes@example.com,Mary,Barnes,847-380-0958x04
CAND-2692,marilyn.franklin@example.com,Marilyn,Franklin,700.601.9007x38
CAND-2693,philip.hardin@example.com,Philip,Hardin,001-634-374-369
CAND-2694,jason.andrews@example.com,Jason,Andrews,696-471-8321x30
CAND-2695,michael.jones@example.com,Michael,Jones,690-435-9409
CAND-2696,dorothy.campbell@example.com,Dorothy,Campbell,(459)579-9903
CAND-2697,angela.mckinney@example.com,Angela,Mckinney,+1-267-566-0628
CAND-2698,anne.meyers@example.com,Anne,Meyers,883.587.4430x81
CAND-2699,eugene.avila@example.com,Eugene,Avila,+1-739-670-2663
CAND-2700,anita.pierce@example.com,Anita,Pierce,733-911-7860
CAND-2701,maria.sullivan@example.com,Maria,Sullivan,471.992.8892x03
CAND-2702,luis.kim@example.com,Luis,Kim,2588923036
CAND-2703,samuel.moreno@example.com,Samuel,Moreno,792-949-7265
CAND-2704,caleb.mclean@example.com,Caleb,Mclean,796-974-5145x37
CAND-2705,jennifer.kaufman@example.com,Jennifer,Kaufman,388-325-2699x01
CAND-2706,lori.edwards@example.com,Lori,Edwards,(773)238-5157x6
CAND-2707,donna.potter@example.com,Donna,Potter,+1-509-683-8319
CAND-2708,ryan.park@example.com,Ryan,Park,(875)586-0345
CAND-2709,hailey.dickerson@example.com,Hailey,Dickerson,001-389-723-495
CAND-2710,michelle.russo@example.com,Michelle,Russo,001-978-326-388
CAND-2711,nicholas.ortega@example.com,Nicholas,Ortega,001-262-586-974
CAND-2712,gabrielle.cooper@example.com,Gabrielle,Cooper,478-472-6819x31
CAND-2713,jennifer.bean@example.com,Jennifer,Bean,523-628-0625
CAND-2714,mikayla.davis@example.com,Mikayla,Davis,354.655.4189x25
CAND-2715,katie.williams@example.com,Katie,Williams,856.930.3282
CAND-2716,james.contreras@example.com,James,Contreras,+1-804-479-8657
CAND-2717,christopher.hernandez@example.com,Christopher,Hernandez,001-650-986-286
CAND-2718,paul.jennings@example.com,Paul,Jennings,882.930.9258x72
CAND-2719,sarah.beck@example.com,Sarah,Beck,(431)863-3084x6
CAND-2720,tammy.hernandez@example.com,Tammy,Hernandez,001-303-836-490
CAND-2721,lindsay.allen@example.com,Lindsay,Allen,+1-430-631-0166
CAND-2722,michael.flores@example.com,Michael,Flores,440-785-7962
CAND-2723,charles.monroe@example.com,Charles,Monroe,+1-808-248-6106
CAND-2724,kenneth.garza@example.com,Kenneth,Garza,+1-617-349-5389
CAND-2725,tamara.butler@example.com,Tamara,Butler,+1-478-684-5732
CAND-2726,eric.lewis@example.com,Eric,Lewis,793.254.4071x10
CAND-2727,gary.stanley@example.com,Gary,Stanley,7505667148
CAND-2728,sarah.sandoval@example.com,Sarah,Sandoval,001-417-614-795
CAND-2729,karen.riley@example.com,Karen,Riley,(702)488-1520
CAND-2730,daniel.alexander@example.com,Daniel,Alexander,(980)512-6962x5
CAND-2731,valerie.taylor@example.com,Valerie,Taylor,001-991-639-430
CAND-2732,caroline.cervantes@example.com,Caroline,Cervantes,883.784.4037
CAND-2733,jonathan.carlson@example.com,Jonathan,Carlson,001-242-885-803
CAND-2734,danielle.nicholson@example.com,Danielle,Nicholson,986-332-9085x05
CAND-2735,matthew.johnson@example.com,Matthew,Johnson,618-623-7721x09
CAND-2736,thomas.vazquez@example.com,Thomas,Vazquez,001-511-671-740
CAND-2737,michael.rice@example.com,Michael,Rice,248.965.7374x49
CAND-2738,derek.long@example.com,Derek,Long,001-804-574-120
CAND-2739,walter.moore@example.com,Walter,Moore,(789)340-4393
CAND-2740,richard.taylor@example.com,Richard,Taylor,+1-557-375-2668
CAND-2741,ronald.morales@example.com,Ronald,Morales,417.552.4813x53
CAND-2742,katelyn.robinson@example.com,Katelyn,Robinson,795.539.5260
CAND-2743,henry.shaffer@example.com,Henry,Shaffer,734.601.1499x74
CAND-2744,jessica.harris@example.com,Jessica,Harris,+1-677-704-9909
CAND-2745,mackenzie.price@example.com,Mackenzie,Price,597-873-9610x34
CAND-2746,amber.sweeney@example.com,Amber,Sweeney,001-810-680-417
CAND-2747,pamela.johnson@example.com,Pamela,Johnson,001-821-788-771
CAND-2748,william.white@example.com,William,White,(434)811-0485x7
CAND-2749,mark.woods@example.com,Mark,Woods,(781)482-9127
CAND-2750,jonathan.moses@example.com,Jonathan,Moses,001-719-760-841
CAND-2751,james.reeves@example.com,James,Reeves,7438763185
CAND-2752,tasha.johnson@example.com,Tasha,Johnson,269-244-8144
CAND-2753,brian.navarro@example.com,Brian,Navarro,8756602310
CAND-2754,tanya.williams@example.com,Tanya,Williams,001-997-529-682
CAND-2755,julia.green@example.com,Julia,Green,001-579-892-519
CAND-2756,ricky.holloway@example.com,Ricky,Holloway,447-758-7837x10
CAND-2757,deborah.lawrence@example.com,Deborah,Lawrence,(677)218-5360x1
CAND-2758,sylvia.moore@example.com,Sylvia,Moore,(900)241-3166x7
CAND-2759,samuel.ewing@example.com,Samuel,Ewing,997.417.6350x64
CAND-2760,ashley.lawson@example.com,Ashley,Lawson,8434881767
CAND-2761,sarah.jackson@example.com,Sarah,Jackson,602.854.3163x91
CAND-2762,joseph.olson@example.com,Joseph,Olson,360-746-7820x36
CAND-2763,jennifer.warner@example.com,Jennifer,Warner,5263134097
CAND-2764,michelle.moore@example.com,Michelle,Moore,001-406-367-665
CAND-2765,heather.jenkins@example.com,Heather,Jenkins,001-943-253-286
CAND-2766,michael.preston@example.com,Michael,Preston,880.957.3213
CAND-2767,meredith.todd@example.com,Meredith,Todd,+1-986-245-5526
CAND-2768,victoria.bailey@example.com,Victoria,Bailey,(670)652-9508x6
CAND-2769,christopher.barton@example.com,Christopher,Barton,799-889-6258x69
CAND-2770,angel.reyes@example.com,Angel,Reyes,(755)315-1797
CAND-2771,michelle.gonzalez@example.com,Michelle,Gonzalez,349.953.1273x44
CAND-2772,rodney.moore@example.com,Rodney,Moore,446.816.4615
CAND-2773,kayla.wright@example.com,Kayla,Wright,(624)370-8101
CAND-2774,gary.le@example.com,Gary,Le,598-984-0894
CAND-2775,kayla.fry@example.com,Kayla,Fry,+1-212-268-1793
CAND-2776,adriana.smith@example.com,Adriana,Smith,689.290.5808x14
CAND-2777,matthew.johnson@example.com,Matthew,Johnson,001-310-556-358
CAND-2778,yvonne.davis@example.com,Yvonne,Davis,001-869-646-021
CAND-2779,douglas.wilson@example.com,Douglas,Wilson,001-659-783-620
CAND-2780,carol.boone@example.com,Carol,Boone,(909)320-3314x6
CAND-2781,katherine.myers@example.com,Katherine,Myers,881.630.4995x04
CAND-2782,debra.sanders@example.com,Debra,Sanders,(908)462-9532x2
CAND-2783,victoria.barry@example.com,Victoria,Barry,+1-776-741-2613
CAND-2784,tracy.flores@example.com,Tracy,Flores,(718)605-8393x4
CAND-2785,cynthia.schaefer@example.com,Cynthia,Schaefer,(478)285-9881
CAND-2786,ryan.reyes@example.com,Ryan,Reyes,(893)525-9627x6
CAND-2787,christopher.thompson@example.com,Christopher,Thompson,434-218-3995x57
CAND-2788,christopher.gibson@example.com,Christopher,Gibson,806-629-4502
CAND-2789,joseph.walker@example.com,Joseph,Walker,(334)814-3910x3
CAND-2790,mary.goodman@example.com,Mary,Goodman,390.266.7477x20
CAND-2791,kenneth.arnold@example.com,Kenneth,Arnold,743.578.2601x87
CAND-2792,jacob.fitzpatrick@example.com,Jacob,Fitzpatrick,922-953-9392x24
CAND-2793,shannon.white@example.com,Shannon,White,345.375.0218x85
CAND-2794,shari.campbell@example.com,Shari,Campbell,660-436-3839x68
CAND-2795,lisa.smith@example.com,Lisa,Smith,001-247-859-835
CAND-2796,barbara.farley@example.com,Barbara,Farley,792.685.3202
CAND-2797,richard.phelps@example.com,Richard,Phelps,001-879-546-778
CAND-2798,jennifer.francis@example.com,Jennifer,Francis,339-359-4592
CAND-2799,jennifer.rogers@example.com,Jennifer,Rogers,823.450.1947x37
CAND-2800,richard.gonzalez@example.com,Richard,Gonzalez,001-365-949-977
CAND-2801,angela.welch@example.com,Angela,Welch,(400)881-0014
CAND-2802,elizabeth.carlson@example.com,Elizabeth,Carlson,(825)915-7595x1
CAND-2803,corey.terry@example.com,Corey,Terry,+1-608-800-4587
CAND-2804,rodney.padilla@example.com,Rodney,Padilla,(394)983-0517
CAND-2805,eric.rivera@example.com,Eric,Rivera,(734)933-5367
CAND-2806,erin.jimenez@example.com,Erin,Jimenez,542.365.8750
CAND-2807,albert.fletcher@example.com,Albert,Fletcher,001-479-214-077
CAND-2808,stephanie.gutierrez@example.com,Stephanie,Gutierrez,+1-399-907-4666
CAND-2809,david.walls@example.com,David,Walls,735-466-8303x25
CAND-2810,nicole.nguyen@example.com,Nicole,Nguyen,567.635.0781x07
CAND-2811,lisa.randall@example.com,Lisa,Randall,361-826-1499x36
CAND-2812,gregory.hayden@example.com,Gregory,Hayden,756.844.3909x51
CAND-2813,pamela.morales@example.com,Pamela,Morales,3068362105
CAND-2814,jonathon.griffin@example.com,Jonathon,Griffin,804.781.1353x73
CAND-2815,sarah.webb@example.com,Sarah,Webb,+1-629-259-8677
CAND-2816,thomas.odom@example.com,Thomas,Odom,001-299-269-915
CAND-2817,diane.berry@example.com,Diane,Berry,613.826.8937
CAND-2818,andrew.brown@example.com,Andrew,Brown,(488)741-5771x2
CAND-2819,bryan.garza@example.com,Bryan,Garza,(717)965-5892x2
CAND-2820,elizabeth.kane@example.com,Elizabeth,Kane,(930)322-8293x3
CAND-2821,nicholas.english@example.com,Nicholas,English,(696)747-2684x7
CAND-2822,manuel.gibson@example.com,Manuel,Gibson,(283)910-1850
CAND-2823,leslie.singh@example.com,Leslie,Singh,(805)981-0580x1
CAND-2824,brooke.lara@example.com,Brooke,Lara,547-861-9378x86
CAND-2825,kristi.phillips@example.com,Kristi,Phillips,001-453-433-477
CAND-2826,laura.velazquez@example.com,Laura,Velazquez,(928)519-1502x3
CAND-2827,keith.edwards@example.com,Keith,Edwards,921-894-0504x72
CAND-2828,frank.jones@example.com,Frank,Jones,(397)373-6609x8
CAND-2829,scott.evans@example.com,Scott,Evans,001-636-765-397
CAND-2830,rebecca.wiggins@example.com,Rebecca,Wiggins,813.519.8444x96
CAND-2831,megan.flores@example.com,Megan,Flores,674-977-7437x21
CAND-2832,sean.reyes@example.com,Sean,Reyes,991-589-8755
CAND-2833,david.lopez@example.com,David,Lopez,+1-500-805-9054
CAND-2834,marc.diaz@example.com,Marc,Diaz,6598193442
CAND-2835,david.sandoval@example.com,David,Sandoval,512.739.3306x53
CAND-2836,cheyenne.kennedy@example.com,Cheyenne,Kennedy,001-880-296-282
CAND-2837,alicia.castro@example.com,Alicia,Castro,001-957-588-273
CAND-2838,bianca.hess@example.com,Bianca,Hess,001-236-266-097
CAND-2839,gina.carter@example.com,Gina,Carter,(507)429-6290x1
CAND-2840,hannah.hernandez@example.com,Hannah,Hernandez,(627)382-5463x0
CAND-2841,joann.coleman@example.com,Joann,Coleman,417-675-3987
CAND-2842,laurie.stewart@example.com,Laurie,Stewart,998-770-8840
CAND-2843,jennifer.hubbard@example.com,Jennifer,Hubbard,001-580-753-659
CAND-2844,arthur.chavez@example.com,Arthur,Chavez,001-405-313-069
CAND-2845,lonnie.kelley@example.com,Lonnie,Kelley,+1-470-327-8537
CAND-2846,keith.horne@example.com,Keith,Horne,001-224-813-717
CAND-2847,haley.knight@example.com,Haley,Knight,958.430.6848x36
CAND-2848,james.foster@example.com,James,Foster,360-267-7559x57
CAND-2849,lucas.mcgee@example.com,Lucas,Mcgee,+1-377-225-0402
CAND-2850,courtney.barr@example.com,Courtney,Barr,287-423-5784x57
CAND-2851,keith.wilson@example.com,Keith,Wilson,315-807-4931x66
CAND-2852,katie.short@example.com,Katie,Short,655-966-1340
CAND-2853,elizabeth.kelly@example.com,Elizabeth,Kelly,4044584089
CAND-2854,connie.johnson@example.com,Connie,Johnson,001-790-864-949
CAND-2855,debra.stevenson@example.com,Debra,Stevenson,+1-680-736-3836
CAND-2856,mark.hicks@example.com,Mark,Hicks,001-817-808-335
CAND-2857,jacqueline.lambert@example.com,Jacqueline,Lambert,6008453980
CAND-2858,tyler.martin@example.com,Tyler,Martin,314-909-6170x99
CAND-2859,makayla.farley@example.com,Makayla,Farley,316.468.8130x38
CAND-2860,andrea.diaz@example.com,Andrea,Diaz,964-554-6625
CAND-2861,daniel.cline@example.com,Daniel,Cline,861.427.6987
CAND-2862,kayla.martin@example.com,Kayla,Martin,001-995-379-474
CAND-2863,steven.hall@example.com,Steven,Hall,815.371.6042
CAND-2864,joseph.odonnell@example.com,Joseph,Odonnell,671-665-0441x52
CAND-2865,tanya.fleming@example.com,Tanya,Fleming,229.669.4541x91
CAND-2866,brooke.washington@example.com,Brooke,Washington,(420)993-8373x9
CAND-2867,elizabeth.smith@example.com,Elizabeth,Smith,541.646.4402x61
CAND-2868,eric.gomez@example.com,Eric,Gomez,(718)332-6213x8
CAND-2869,megan.johnston@example.com,Megan,Johnston,(242)652-7505x6
CAND-2870,deborah.fox@example.com,Deborah,Fox,(507)627-1263
CAND-2871,antonio.beck@example.com,Antonio,Beck,+1-493-878-1326
CAND-2872,david.west@example.com,David,West,001-967-946-958
CAND-2873,karen.silva@example.com,Karen,Silva,(894)949-9313
CAND-2874,michael.dyer@example.com,Michael,Dyer,(866)884-9053
CAND-2875,priscilla.lucas@example.com,Priscilla,Lucas,920.931.6131
CAND-2876,candice.peterson@example.com,Candice,Peterson,303-888-3331x51
CAND-2877,richard.fernandez@example.com,Richard,Fernandez,5237628019
CAND-2878,stephanie.jones@example.com,Stephanie,Jones,(743)397-8157x3
CAND-2879,andrew.gray@example.com,Andrew,Gray,(408)462-3650x4
CAND-2880,larry.crane@example.com,Larry,Crane,+1-392-525-1826
CAND-2881,matthew.moses@example.com,Matthew,Moses,(910)284-0157
CAND-2882,ralph.fletcher@example.com,Ralph,Fletcher,510.899.7526x86
CAND-2883,andrea.farmer@example.com,Andrea,Farmer,+1-221-940-7373
CAND-2884,christopher.ramirez@example.com,Christopher,Ramirez,290.739.0920
CAND-2885,megan.stevenson@example.com,Megan,Stevenson,(426)307-0247x4
CAND-2886,jerry.murray@example.com,Jerry,Murray,+1-915-422-9322
CAND-2887,tamara.murphy@example.com,Tamara,Murphy,6145938475
CAND-2888,danielle.wagner@example.com,Danielle,Wagner,(845)594-7800x7
CAND-2889,ricardo.benitez@example.com,Ricardo,Benitez,237.255.5045x83
CAND-2890,nancy.porter@example.com,Nancy,Porter,709.290.3172x11
CAND-2891,justin.clark@example.com,Justin,Clark,356-696-4010
CAND-2892,richard.davis@example.com,Richard,Davis,+1-533-352-0622
CAND-2893,veronica.paul@example.com,Veronica,Paul,(266)433-1614
CAND-2894,james.smith@example.com,James,Smith,717.219.9457x40
CAND-2895,angela.harper@example.com,Angela,Harper,001-700-356-735
CAND-2896,thomas.reynolds@example.com,Thomas,Reynolds,(224)813-0228x6
CAND-2897,robert.newton@example.com,Robert,Newton,9246923577
CAND-2898,christopher.turner@example.com,Christopher,Turner,9579175322
CAND-2899,heather.byrd@example.com,Heather,Byrd,(826)515-8789x8
CAND-2900,corey.arellano@example.com,Corey,Arellano,811-914-2412x48
CAND-2901,jay.herman@example.com,Jay,Herman,871.774.1906
CAND-2902,kyle.raymond@example.com,Kyle,Raymond,+1-308-957-0340
CAND-2903,anthony.garcia@example.com,Anthony,Garcia,+1-401-212-7383
CAND-2904,sharon.hanna@example.com,Sharon,Hanna,496.856.4001x91
CAND-2905,jennifer.mckinney@example.com,Jennifer,Mckinney,382.341.1643x42
CAND-2906,jon.lutz@example.com,Jon,Lutz,346-362-4822x30
CAND-2907,roberto.dixon@example.com,Roberto,Dixon,(803)789-5159x2
CAND-2908,dylan.bruce@example.com,Dylan,Bruce,846.245.3316x49
CAND-2909,kimberly.brewer@example.com,Kimberly,Brewer,211-937-1346x31
CAND-2910,amanda.ray@example.com,Amanda,Ray,+1-657-960-1883
CAND-2911,kirk.jimenez@example.com,Kirk,Jimenez,943.259.7369
CAND-2912,clayton.simmons@example.com,Clayton,Simmons,001-252-353-175
CAND-2913,rhonda.wilson@example.com,Rhonda,Wilson,796-289-7409x52
CAND-2914,carol.webb@example.com,Carol,Webb,001-828-218-472
CAND-2915,randy.harris@example.com,Randy,Harris,+1-892-441-6119
CAND-2916,jodi.hunt@example.com,Jodi,Hunt,+1-908-780-6831
CAND-2917,carrie.humphrey@example.com,Carrie,Humphrey,(923)431-2567
CAND-2918,michael.summers@example.com,Michael,Summers,001-538-656-162
CAND-2919,kylie.crawford@example.com,Kylie,Crawford,001-673-423-573
CAND-2920,alexander.king@example.com,Alexander,King,9793374158
CAND-2921,christina.jensen@example.com,Christina,Jensen,(750)759-2530
CAND-2922,hannah.stevenson@example.com,Hannah,Stevenson,+1-977-599-3642
CAND-2923,steven.bailey@example.com,Steven,Bailey,(338)516-1292
CAND-2924,malik.garcia@example.com,Malik,Garcia,+1-613-830-1075
CAND-2925,terri.ramirez@example.com,Terri,Ramirez,741.923.2223x20
CAND-2926,brian.tate@example.com,Brian,Tate,001-594-939-137
CAND-2927,christine.martinez@example.com,Christine,Martinez,568-922-6080
CAND-2928,carlos.rodriguez@example.com,Carlos,Rodriguez,517.284.4988
CAND-2929,james.little@example.com,James,Little,+1-873-481-1337
CAND-2930,kevin.diaz@example.com,Kevin,Diaz,507-670-0535x58
CAND-2931,andrea.garcia@example.com,Andrea,Garcia,280-482-9385
CAND-2932,jessica.nichols@example.com,Jessica,Nichols,879.682.5875x37
CAND-2933,craig.henson@example.com,Craig,Henson,230.870.6667
CAND-2934,jason.whitehead@example.com,Jason,Whitehead,719-516-1195
CAND-2935,anthony.sanchez@example.com,Anthony,Sanchez,313.940.3779
CAND-2936,alan.gould@example.com,Alan,Gould,493.206.1892x00
CAND-2937,thomas.drake@example.com,Thomas,Drake,(724)774-2468x4
CAND-2938,bruce.coleman@example.com,Bruce,Coleman,429-290-5367x91
CAND-2939,christine.woods@example.com,Christine,Woods,+1-690-735-5081
CAND-2940,ryan.bean@example.com,Ryan,Bean,381.774.4205x40
CAND-2941,sandra.wade@example.com,Sandra,Wade,(274)209-2016x7
CAND-2942,charles.henson@example.com,Charles,Henson,+1-614-805-8067
CAND-2943,michael.stone@example.com,Michael,Stone,6007040046
CAND-2944,johnathan.murray@example.com,Johnathan,Murray,434.687.5256x04
CAND-2945,randy.taylor@example.com,Randy,Taylor,360.413.8079x51
CAND-2946,elizabeth.rodriguez@example.com,Elizabeth,Rodriguez,(552)350-8159x5
CAND-2947,matthew.smith@example.com,Matthew,Smith,574-316-4776
CAND-2948,connie.vazquez@example.com,Connie,Vazquez,423.719.7670
CAND-2949,kyle.bennett@example.com,Kyle,Bennett,(684)344-6964x5
CAND-2950,shelly.daniels@example.com,Shelly,Daniels,(981)413-7244
CAND-2951,kimberly.ellis@example.com,Kimberly,Ellis,001-659-814-489
CAND-2952,matthew.hodges@example.com,Matthew,Hodges,+1-946-239-2488
CAND-2953,dawn.woods@example.com,Dawn,Woods,976.276.4973
CAND-2954,marc.hill@example.com,Marc,Hill,(451)991-8716
CAND-2955,kristopher.graham@example.com,Kristopher,Graham,466.860.9191x93
CAND-2956,mary.martinez@example.com,Mary,Martinez,001-793-817-697
CAND-2957,karen.west@example.com,Karen,West,001-210-656-396
CAND-2958,melissa.glover@example.com,Melissa,Glover,771.740.5770x25
CAND-2959,sydney.scott@example.com,Sydney,Scott,609-698-5752x56
CAND-2960,sarah.dunn@example.com,Sarah,Dunn,(755)276-6335x4
CAND-2961,yvonne.roach@example.com,Yvonne,Roach,907.827.7282
CAND-2962,ashley.chambers@example.com,Ashley,Chambers,+1-270-589-4266
CAND-2963,robert.henderson@example.com,Robert,Henderson,+1-580-727-6448
CAND-2964,brandon.horne@example.com,Brandon,Horne,+1-661-965-3777
CAND-2965,daniel.chaney@example.com,Daniel,Chaney,001-219-916-369
CAND-2966,leah.cooper@example.com,Leah,Cooper,(950)216-9156
CAND-2967,timothy.hicks@example.com,Timothy,Hicks,607.200.8133
CAND-2968,donald.arroyo@example.com,Donald,Arroyo,343.826.9249x41
CAND-2969,emily.fowler@example.com,Emily,Fowler,+1-391-412-9464
CAND-2970,angela.holder@example.com,Angela,Holder,246-559-5112
CAND-2971,margaret.hart@example.com,Margaret,Hart,001-505-596-669
CAND-2972,jennifer.howard@example.com,Jennifer,Howard,+1-242-588-4637
CAND-2973,alec.zavala@example.com,Alec,Zavala,(877)421-7931
CAND-2974,michael.rush@example.com,Michael,Rush,453-826-7992x44
CAND-2975,stephanie.higgins@example.com,Stephanie,Higgins,001-479-938-894
CAND-2976,timothy.jimenez@example.com,Timothy,Jimenez,+1-469-810-4076
CAND-2977,michelle.krueger@example.com,Michelle,Krueger,(652)241-5731x8
CAND-2978,joseph.bush@example.com,Joseph,Bush,5719912943
CAND-2979,brian.frost@example.com,Brian,Frost,(557)781-4963x5
CAND-2980,jason.brown@example.com,Jason,Brown,501-358-4567
CAND-2981,lisa.woods@example.com,Lisa,Woods,001-901-574-931
CAND-2982,adam.acevedo@example.com,Adam,Acevedo,001-673-473-397
CAND-2983,robert.jones@example.com,Robert,Jones,+1-592-824-0061
CAND-2984,matthew.mathis@example.com,Matthew,Mathis,001-766-202-514
CAND-2985,mary.poole@example.com,Mary,Poole,718-500-4501
CAND-2986,sandra.zimmerman@example.com,Sandra,Zimmerman,001-559-660-276
CAND-2987,laura.zavala@example.com,Laura,Zavala,979.766.0548x56
CAND-2988,alan.nelson@example.com,Alan,Nelson,(846)340-6948
CAND-2989,kimberly.wolf@example.com,Kimberly,Wolf,241-782-7711x48
CAND-2990,tamara.smith@example.com,Tamara,Smith,897-955-7082
CAND-2991,joann.james@example.com,Joann,James,204-244-1442x94
CAND-2992,holly.charles@example.com,Holly,Charles,651-937-8626
CAND-2993,bradley.thomas@example.com,Bradley,Thomas,869-381-4207
CAND-2994,scott.smith@example.com,Scott,Smith,(881)343-6597x2
CAND-2995,felicia.edwards@example.com,Felicia,Edwards,371-950-0760
CAND-2996,michael.nixon@example.com,Michael,Nixon,001-780-907-784
CAND-2997,samuel.moreno@example.com,Samuel,Moreno,(677)306-6721x9
CAND-2998,jonathon.smith@example.com,Jonathon,Smith,+1-592-815-2725
CAND-2999,stephanie.marshall@example.com,Stephanie,Marshall,908-891-2059x94
CAND-3000,brittany.boone@example.com,Brittany,Boone,+1-501-822-5620
CAND-3001,cody.smith@example.com,Cody,Smith,+1-480-225-7016
CAND-3002,jill.sanders@example.com,Jill,Sanders,370.735.5959
CAND-3003,david.kim@example.com,David,Kim,(416)762-9658x6
CAND-3004,john.hensley@example.com,John,Hensley,873.620.9225x45
CAND-3005,andrew.gonzales@example.com,Andrew,Gonzales,838.871.8341x00
CAND-3006,marcus.carter@example.com,Marcus,Carter,939-230-0460x35
CAND-3007,patrick.cunningham@example.com,Patrick,Cunningham,+1-237-659-0447
CAND-3008,terry.martinez@example.com,Terry,Martinez,+1-789-202-7645
CAND-3009,penny.wilson@example.com,Penny,Wilson,+1-685-475-4738
CAND-3010,todd.johnson@example.com,Todd,Johnson,(782)585-0725
CAND-3011,ivan.wood@example.com,Ivan,Wood,(785)415-5013
CAND-3012,johnny.miller@example.com,Johnny,Miller,688.375.0513x91
CAND-3013,william.howard@example.com,William,Howard,641-720-0740
CAND-3014,carlos.patterson@example.com,Carlos,Patterson,+1-633-927-6926
CAND-3015,jeremy.owens@example.com,Jeremy,Owens,+1-730-892-5239
CAND-3016,james.shepherd@example.com,James,Shepherd,412.741.3739x49
CAND-3017,amanda.olsen@example.com,Amanda,Olsen,001-536-869-436
CAND-3018,michael.steele@example.com,Michael,Steele,745-294-5681
CAND-3019,karen.silva@example.com,Karen,Silva,946-831-8798
CAND-3020,kimberly.allen@example.com,Kimberly,Allen,+1-802-230-4233
CAND-3021,kayla.nguyen@example.com,Kayla,Nguyen,+1-827-604-0043
CAND-3022,tanner.cain@example.com,Tanner,Cain,+1-826-202-7578
CAND-3023,michael.maddox@example.com,Michael,Maddox,338.408.8233x09
CAND-3024,kenneth.porter@example.com,Kenneth,Porter,+1-875-918-6210
CAND-3025,alison.galloway@example.com,Alison,Galloway,(881)868-9600
CAND-3026,melissa.gordon@example.com,Melissa,Gordon,212.879.0425x28
CAND-3027,amy.jones@example.com,Amy,Jones,592.324.1997x97
CAND-3028,blake.brown@example.com,Blake,Brown,948.209.8544
CAND-3029,sherry.yates@example.com,Sherry,Yates,283-434-6586x72
CAND-3030,craig.jones@example.com,Craig,Jones,906.266.4059x97
CAND-3031,meagan.lewis@example.com,Meagan,Lewis,725.737.1268x87
CAND-3032,tommy.sampson@example.com,Tommy,Sampson,737-831-4217
CAND-3033,tina.nelson@example.com,Tina,Nelson,+1-294-743-3178
CAND-3034,debra.jensen@example.com,Debra,Jensen,(762)908-4078x4
CAND-3035,shane.sullivan@example.com,Shane,Sullivan,(621)499-7856x5
CAND-3036,jose.hart@example.com,Jose,Hart,(667)229-2990x7
CAND-3037,ryan.johnson@example.com,Ryan,Johnson,441-538-2738x68
CAND-3038,mary.estrada@example.com,Mary,Estrada,+1-886-822-5468
CAND-3039,tonya.brown@example.com,Tonya,Brown,(665)474-8084x3
CAND-3040,robert.castillo@example.com,Robert,Castillo,+1-850-360-0126
CAND-3041,justin.logan@example.com,Justin,Logan,001-710-609-166
CAND-3042,matthew.collins@example.com,Matthew,Collins,001-230-701-784
CAND-3043,henry.klein@example.com,Henry,Klein,889-387-3073x21
CAND-3044,brandon.west@example.com,Brandon,West,+1-286-811-7134
CAND-3045,joseph.hernandez@example.com,Joseph,Hernandez,264.734.9465x26
CAND-3046,teresa.mitchell@example.com,Teresa,Mitchell,941.716.0285x95
CAND-3047,michael.fowler@example.com,Michael,Fowler,+1-775-492-0415
CAND-3048,suzanne.brandt@example.com,Suzanne,Brandt,001-923-601-643
CAND-3049,kenneth.hampton@example.com,Kenneth,Hampton,932.694.5786
CAND-3050,natalie.brown@example.com,Natalie,Brown,272.846.4972x83
CAND-3051,shannon.hurst@example.com,Shannon,Hurst,+1-510-309-9784
CAND-3052,nicolas.green@example.com,Nicolas,Green,928-226-5859
CAND-3053,tammy.delacruz@example.com,Tammy,Delacruz,(348)791-0557
CAND-3054,katie.calderon@example.com,Katie,Calderon,001-643-245-651
CAND-3055,jennifer.mcdonald@example.com,Jennifer,Mcdonald,6805631395
CAND-3056,marcus.cole@example.com,Marcus,Cole,001-345-490-731
CAND-3057,phillip.walsh@example.com,Phillip,Walsh,581-954-4788
CAND-3058,cynthia.bryant@example.com,Cynthia,Bryant,405.907.0950x62
CAND-3059,richard.huynh@example.com,Richard,Huynh,001-632-965-720
CAND-3060,billy.palmer@example.com,Billy,Palmer,001-837-598-775
CAND-3061,paul.trujillo@example.com,Paul,Trujillo,445.844.1983x85
CAND-3062,lindsey.newton@example.com,Lindsey,Newton,4169515995
CAND-3063,sarah.griffin@example.com,Sarah,Griffin,+1-971-555-3331
CAND-3064,charles.ortega@example.com,Charles,Ortega,+1-447-356-1961
CAND-3065,leah.pham@example.com,Leah,Pham,9272864995
CAND-3066,kayla.bell@example.com,Kayla,Bell,+1-925-838-0631
CAND-3067,valerie.clark@example.com,Valerie,Clark,001-987-792-746
CAND-3068,james.jones@example.com,James,Jones,(524)338-7207x5
CAND-3069,lance.curtis@example.com,Lance,Curtis,694-519-9645x96
CAND-3070,angela.smith@example.com,Angela,Smith,001-727-271-573
CAND-3071,deborah.brown@example.com,Deborah,Brown,+1-218-925-1103
CAND-3072,michael.garcia@example.com,Michael,Garcia,756-261-9667x60
CAND-3073,jennifer.young@example.com,Jennifer,Young,6109265576
CAND-3074,mitchell.richard@example.com,Mitchell,Richard,001-865-773-297
CAND-3075,christina.sparks@example.com,Christina,Sparks,001-823-330-946
CAND-3076,mary.sampson@example.com,Mary,Sampson,337-830-5342x89
CAND-3077,eduardo.harris@example.com,Eduardo,Harris,001-861-350-710
CAND-3078,ray.brown@example.com,Ray,Brown,(870)559-0411x7
CAND-3079,dalton.johnston@example.com,Dalton,Johnston,367-409-9608x74
CAND-3080,edward.roy@example.com,Edward,Roy,430.687.8847x79
CAND-3081,kimberly.gibson@example.com,Kimberly,Gibson,+1-268-268-6274
CAND-3082,ashley.alexander@example.com,Ashley,Alexander,347-759-5013x36
CAND-3083,patrick.hubbard@example.com,Patrick,Hubbard,914.308.2824x64
CAND-3084,robert.nguyen@example.com,Robert,Nguyen,001-942-331-596
CAND-3085,laura.wilson@example.com,Laura,Wilson,+1-991-251-8136
CAND-3086,kevin.gross@example.com,Kevin,Gross,494-905-8151x93
CAND-3087,anita.tanner@example.com,Anita,Tanner,001-219-826-890
CAND-3088,margaret.mills@example.com,Margaret,Mills,441-266-6117x72
CAND-3089,robert.grimes@example.com,Robert,Grimes,2806585824
CAND-3090,cindy.castillo@example.com,Cindy,Castillo,001-795-372-400
CAND-3091,julie.meyer@example.com,Julie,Meyer,(817)659-8962x2
CAND-3092,deanna.garcia@example.com,Deanna,Garcia,295-483-2519x90
CAND-3093,michelle.pacheco@example.com,Michelle,Pacheco,234.792.2777
CAND-3094,barbara.jefferson@example.com,Barbara,Jefferson,(568)623-9554
CAND-3095,jonathan.french@example.com,Jonathan,French,838-601-1557
CAND-3096,kimberly.chambers@example.com,Kimberly,Chambers,(213)598-5532x3
CAND-3097,chelsea.allen@example.com,Chelsea,Allen,552.752.3243x42
CAND-3098,lauren.olson@example.com,Lauren,Olson,001-565-762-807
CAND-3099,andrew.fisher@example.com,Andrew,Fisher,455-880-4829x40
CAND-3100,jacob.navarro@example.com,Jacob,Navarro,272.293.7062x58
CAND-3101,michael.ryan@example.com,Michael,Ryan,+1-426-923-1675
CAND-3102,julie.mcneil@example.com,Julie,Mcneil,841.547.7568
CAND-3103,jill.davis@example.com,Jill,Davis,399.487.0805x38
CAND-3104,janet.pena@example.com,Janet,Pena,001-439-765-753
CAND-3105,sara.moore@example.com,Sara,Moore,(420)883-4644
CAND-3106,david.holmes@example.com,David,Holmes,718.360.6993x99
CAND-3107,benjamin.cruz@example.com,Benjamin,Cruz,438.929.2162x98
CAND-3108,william.haynes@example.com,William,Haynes,703-863-0569
CAND-3109,robin.stewart@example.com,Robin,Stewart,4962941235
CAND-3110,erica.harding@example.com,Erica,Harding,886.208.1107x14
CAND-3111,john.mcpherson@example.com,John,Mcpherson,408.858.8444x37
CAND-3112,michele.klein@example.com,Michele,Klein,676.538.3191x80
CAND-3113,brandon.garza@example.com,Brandon,Garza,397.956.8421x81
CAND-3114,joshua.martin@example.com,Joshua,Martin,631-812-6597
CAND-3115,adrian.brown@example.com,Adrian,Brown,+1-931-721-7817
CAND-3116,alicia.arnold@example.com,Alicia,Arnold,685-392-0630
CAND-3117,parker.anderson@example.com,Parker,Anderson,226.218.9109x53
CAND-3118,teresa.petersen@example.com,Teresa,Petersen,392.551.3622x38
CAND-3119,elaine.friedman@example.com,Elaine,Friedman,(609)881-9401
CAND-3120,christina.miller@example.com,Christina,Miller,001-236-207-727
CAND-3121,ryan.kirby@example.com,Ryan,Kirby,453.833.5016
CAND-3122,david.mccann@example.com,David,Mccann,7493461730
CAND-3123,lisa.meza@example.com,Lisa,Meza,233-420-9673
CAND-3124,kelly.smith@example.com,Kelly,Smith,813-559-6653x39
CAND-3125,donna.holmes@example.com,Donna,Holmes,(274)633-9195x8
CAND-3126,curtis.thomas@example.com,Curtis,Thomas,(275)201-4683x1
CAND-3127,jeffrey.scott@example.com,Jeffrey,Scott,+1-255-484-6420
CAND-3128,jason.smith@example.com,Jason,Smith,(751)298-8906x0
CAND-3129,stephen.cooper@example.com,Stephen,Cooper,001-492-667-750
CAND-3130,victoria.quinn@example.com,Victoria,Quinn,+1-365-268-8720
CAND-3131,maria.reyes@example.com,Maria,Reyes,+1-953-647-6414
CAND-3132,matthew.brown@example.com,Matthew,Brown,759-655-0800x29
CAND-3133,thomas.dickson@example.com,Thomas,Dickson,(442)672-9436x1
CAND-3134,marcus.newman@example.com,Marcus,Newman,246-947-0236
CAND-3135,kenneth.vasquez@example.com,Kenneth,Vasquez,(802)425-2553x1
CAND-3136,victoria.payne@example.com,Victoria,Payne,001-854-517-540
CAND-3137,tiffany.cole@example.com,Tiffany,Cole,5585482817
CAND-3138,jason.abbott@example.com,Jason,Abbott,001-269-810-829
CAND-3139,justin.ramirez@example.com,Justin,Ramirez,(276)347-8562x5
CAND-3140,deborah.lutz@example.com,Deborah,Lutz,839-399-2570x99
CAND-3141,alan.meyer@example.com,Alan,Meyer,+1-851-743-8255
CAND-3142,marissa.wilson@example.com,Marissa,Wilson,001-819-980-528
CAND-3143,jeffrey.smith@example.com,Jeffrey,Smith,+1-483-303-8840
CAND-3144,bonnie.lucas@example.com,Bonnie,Lucas,001-605-707-197
CAND-3145,sharon.ramirez@example.com,Sharon,Ramirez,(791)743-8767x3
CAND-3146,robert.coleman@example.com,Robert,Coleman,697-592-9626x32
CAND-3147,tracy.williams@example.com,Tracy,Williams,+1-591-290-5665
CAND-3148,patricia.sanders@example.com,Patricia,Sanders,+1-332-998-7681
CAND-3149,laura.moore@example.com,Laura,Moore,323-563-7437x38
CAND-3150,tara.fox@example.com,Tara,Fox,334-313-5716x82
CAND-3151,daniel.lutz@example.com,Daniel,Lutz,662.307.3478x73
CAND-3152,juan.brandt@example.com,Juan,Brandt,(464)873-1168x8
CAND-3153,richard.kennedy@example.com,Richard,Kennedy,001-700-988-943
CAND-3154,william.cowan@example.com,William,Cowan,365-260-8804
CAND-3155,karen.lambert@example.com,Karen,Lambert,246-928-8261x73
CAND-3156,jeff.stokes@example.com,Jeff,Stokes,914.493.1813
CAND-3157,kathryn.lawrence@example.com,Kathryn,Lawrence,580.645.0308
CAND-3158,ashley.pena@example.com,Ashley,Pena,(547)564-9273x8
CAND-3159,sara.alvarez@example.com,Sara,Alvarez,(527)481-8155
CAND-3160,michael.gordon@example.com,Michael,Gordon,202.513.6716
CAND-3161,john.collins@example.com,John,Collins,001-478-876-028
CAND-3162,robin.jennings@example.com,Robin,Jennings,581.905.0391x67
CAND-3163,chelsea.walker@example.com,Chelsea,Walker,+1-885-793-0822
CAND-3164,john.stewart@example.com,John,Stewart,001-369-782-320
CAND-3165,ryan.preston@example.com,Ryan,Preston,001-323-606-780
CAND-3166,jane.jones@example.com,Jane,Jones,(580)844-7120
CAND-3167,david.dunn@example.com,David,Dunn,485-962-3788x61
CAND-3168,stephen.russell@example.com,Stephen,Russell,001-863-795-136
CAND-3169,kendra.carter@example.com,Kendra,Carter,001-869-384-366
CAND-3170,rebecca.hunter@example.com,Rebecca,Hunter,(635)777-7785x9
CAND-3171,william.gutierrez@example.com,William,Gutierrez,+1-583-874-4892
CAND-3172,benjamin.anderson@example.com,Benjamin,Anderson,450-725-6702x17
CAND-3173,kristine.matthews@example.com,Kristine,Matthews,+1-416-610-3763
CAND-3174,aaron.flowers@example.com,Aaron,Flowers,704.737.4126x98
CAND-3175,michele.smith@example.com,Michele,Smith,(619)297-0783x9
CAND-3176,garrett.ruiz@example.com,Garrett,Ruiz,(794)925-0165x7
CAND-3177,kevin.gray@example.com,Kevin,Gray,+1-528-610-7056
CAND-3178,darrell.armstrong@example.com,Darrell,Armstrong,3069616153
CAND-3179,nicholas.smith@example.com,Nicholas,Smith,001-624-545-697
CAND-3180,jerry.vaughn@example.com,Jerry,Vaughn,(697)457-5546x0
CAND-3181,robert.watson@example.com,Robert,Watson,888.824.9969
CAND-3182,jessica.payne@example.com,Jessica,Payne,001-818-575-880
CAND-3183,sharon.fox@example.com,Sharon,Fox,451-526-1937x90
CAND-3184,natasha.burke@example.com,Natasha,Burke,001-244-231-213
CAND-3185,thomas.cooper@example.com,Thomas,Cooper,(987)323-0636x5
CAND-3186,deborah.wood@example.com,Deborah,Wood,9417367776
CAND-3187,linda.douglas@example.com,Linda,Douglas,+1-932-724-9673
CAND-3188,mark.hayes@example.com,Mark,Hayes,620-694-5402
CAND-3189,james.frost@example.com,James,Frost,826.897.6941x36
CAND-3190,carrie.smith@example.com,Carrie,Smith,001-678-263-914
CAND-3191,gloria.tyler@example.com,Gloria,Tyler,474-927-0725x44
CAND-3192,ann.brown@example.com,Ann,Brown,+1-554-372-8740
CAND-3193,sarah.reyes@example.com,Sarah,Reyes,8373828035
CAND-3194,erica.smith@example.com,Erica,Smith,+1-558-477-7075
CAND-3195,tracie.long@example.com,Tracie,Long,497.846.3177x18
CAND-3196,richard.gonzales@example.com,Richard,Gonzales,001-586-416-338
CAND-3197,julie.ortiz@example.com,Julie,Ortiz,998-964-0946x65
CAND-3198,anthony.edwards@example.com,Anthony,Edwards,(444)234-9541x2
CAND-3199,rebecca.pearson@example.com,Rebecca,Pearson,228-293-4828
CAND-3200,kristy.lawrence@example.com,Kristy,Lawrence,8538650456
CAND-3201,carol.johnson@example.com,Carol,Johnson,292-633-1524
CAND-3202,patricia.martinez@example.com,Patricia,Martinez,575-584-2768x61
CAND-3203,jeremy.calderon@example.com,Jeremy,Calderon,(894)420-1844x5
CAND-3204,nicole.randall@example.com,Nicole,Randall,001-950-564-103
CAND-3205,elizabeth.little@example.com,Elizabeth,Little,(523)646-5546x1
CAND-3206,joan.jenkins@example.com,Joan,Jenkins,+1-626-544-0198
CAND-3207,margaret.hendrix@example.com,Margaret,Hendrix,642-956-2860x78
CAND-3208,laura.bradford@example.com,Laura,Bradford,240.774.9185
CAND-3209,holly.nichols@example.com,Holly,Nichols,(440)255-4651
CAND-3210,richard.johnson@example.com,Richard,Johnson,+1-261-519-5973
CAND-3211,david.nichols@example.com,David,Nichols,(443)594-4280x5
CAND-3212,daniel.kelly@example.com,Daniel,Kelly,2782730539
CAND-3213,john.nelson@example.com,John,Nelson,001-432-692-620
CAND-3214,catherine.watson@example.com,Catherine,Watson,(278)733-9399x4
CAND-3215,christopher.ryan@example.com,Christopher,Ryan,557.987.8280x95
CAND-3216,april.smith@example.com,April,Smith,889-286-5984
CAND-3217,marissa.molina@example.com,Marissa,Molina,762-956-7032x71
CAND-3218,lynn.brown@example.com,Lynn,Brown,001-680-820-752
CAND-3219,laura.richards@example.com,Laura,Richards,6749390648
CAND-3220,wendy.lee@example.com,Wendy,Lee,(302)944-4073
CAND-3221,christopher.weaver@example.com,Christopher,Weaver,+1-801-612-0367
CAND-3222,sarah.barry@example.com,Sarah,Barry,566-764-7107
CAND-3223,ian.peterson@example.com,Ian,Peterson,(520)483-1300x1
CAND-3224,christopher.moore@example.com,Christopher,Moore,001-500-274-166
CAND-3225,andrea.johnson@example.com,Andrea,Johnson,628-931-6723x24
CAND-3226,darrell.james@example.com,Darrell,James,(306)373-7788x9
CAND-3227,benjamin.stevens@example.com,Benjamin,Stevens,+1-708-847-9801
CAND-3228,joseph.little@example.com,Joseph,Little,+1-765-685-7579
CAND-3229,kayla.huynh@example.com,Kayla,Huynh,609-899-9378
CAND-3230,leonard.robinson@example.com,Leonard,Robinson,2806453343
CAND-3231,cheryl.stephens@example.com,Cheryl,Stephens,7706002675
CAND-3232,sean.harris@example.com,Sean,Harris,001-996-441-638
CAND-3233,lori.walters@example.com,Lori,Walters,5355821726
CAND-3234,michelle.stephens@example.com,Michelle,Stephens,4487088611
CAND-3235,wayne.turner@example.com,Wayne,Turner,001-330-865-772
CAND-3236,zachary.smith@example.com,Zachary,Smith,917.366.3521x52
CAND-3237,charles.hayes@example.com,Charles,Hayes,3686686464
CAND-3238,thomas.young@example.com,Thomas,Young,+1-746-989-5374
CAND-3239,sean.james@example.com,Sean,James,001-897-273-951
CAND-3240,jeffrey.martin@example.com,Jeffrey,Martin,+1-837-501-4095
CAND-3241,donald.brown@example.com,Donald,Brown,577-625-9611x59
CAND-3242,christopher.martinez@example.com,Christopher,Martinez,001-290-762-881
CAND-3243,shelly.fowler@example.com,Shelly,Fowler,843.249.3635
CAND-3244,heather.cantu@example.com,Heather,Cantu,479.334.7244x16
CAND-3245,lauren.henry@example.com,Lauren,Henry,530-696-4742x93
CAND-3246,alexandra.johnson@example.com,Alexandra,Johnson,001-629-451-628
CAND-3247,nicholas.kim@example.com,Nicholas,Kim,931.825.8128
CAND-3248,tonya.walker@example.com,Tonya,Walker,7414974476
CAND-3249,melissa.anderson@example.com,Melissa,Anderson,(996)385-1692x1
CAND-3250,john.watts@example.com,John,Watts,(284)754-7050
CAND-3251,linda.gonzales@example.com,Linda,Gonzales,+1-558-307-6648
CAND-3252,harold.graham@example.com,Harold,Graham,683.335.9482x24
CAND-3253,paul.smith@example.com,Paul,Smith,853.341.7654
CAND-3254,lindsay.garcia@example.com,Lindsay,Garcia,+1-591-701-4739
CAND-3255,april.campbell@example.com,April,Campbell,001-801-727-712
CAND-3256,james.bass@example.com,James,Bass,2912744794
CAND-3257,diane.johnson@example.com,Diane,Johnson,001-689-222-906
CAND-3258,eric.cunningham@example.com,Eric,Cunningham,464.552.6587x28
CAND-3259,andrea.cruz@example.com,Andrea,Cruz,(226)200-8059x8
CAND-3260,holly.smith@example.com,Holly,Smith,937-382-8687x22
CAND-3261,bryan.trevino@example.com,Bryan,Trevino,869-422-3976
CAND-3262,daniel.adams@example.com,Daniel,Adams,(619)480-7027x2
CAND-3263,eileen.ortiz@example.com,Eileen,Ortiz,783-749-2638x98
CAND-3264,chelsea.brown@example.com,Chelsea,Brown,(433)555-8857
CAND-3265,jose.pena@example.com,Jose,Pena,+1-589-216-1905
CAND-3266,helen.hernandez@example.com,Helen,Hernandez,(214)499-0941x6
CAND-3267,steven.norman@example.com,Steven,Norman,691.745.4811x89
CAND-3268,krista.turner@example.com,Krista,Turner,001-874-794-009
CAND-3269,jessica.pittman@example.com,Jessica,Pittman,520.708.0570x19
CAND-3270,sean.jennings@example.com,Sean,Jennings,+1-292-355-5680
CAND-3271,matthew.valdez@example.com,Matthew,Valdez,623-962-4249
CAND-3272,erika.smith@example.com,Erika,Smith,(719)906-7244x6
CAND-3273,hannah.merritt@example.com,Hannah,Merritt,487-274-7630x83
CAND-3274,shirley.davis@example.com,Shirley,Davis,+1-400-463-4741
CAND-3275,james.stewart@example.com,James,Stewart,001-975-873-368
CAND-3276,max.cole@example.com,Max,Cole,001-855-825-868
CAND-3277,joseph.faulkner@example.com,Joseph,Faulkner,782.764.8713x00
CAND-3278,jose.davidson@example.com,Jose,Davidson,933-247-9852x94
CAND-3279,justin.wilson@example.com,Justin,Wilson,001-745-305-633
CAND-3280,melissa.mills@example.com,Melissa,Mills,001-761-638-759
CAND-3281,frank.andrews@example.com,Frank,Andrews,933-324-1997
CAND-3282,christopher.smith@example.com,Christopher,Smith,267-774-3604
CAND-3283,cassandra.gonzales@example.com,Cassandra,Gonzales,536-894-7493x47
CAND-3284,christopher.welch@example.com,Christopher,Welch,687-576-4580
CAND-3285,christopher.montgomery@example.com,Christopher,Montgomery,+1-252-717-9005
CAND-3286,lucas.singleton@example.com,Lucas,Singleton,702-384-5958x76
CAND-3287,danielle.perry@example.com,Danielle,Perry,530-778-3731
CAND-3288,bonnie.parker@example.com,Bonnie,Parker,(234)459-2325
CAND-3289,keith.flores@example.com,Keith,Flores,811.562.7435x14
CAND-3290,dennis.haynes@example.com,Dennis,Haynes,(231)874-0281
CAND-3291,aaron.welch@example.com,Aaron,Welch,563.744.3346x02
CAND-3292,raymond.jones@example.com,Raymond,Jones,(529)787-0252x1
CAND-3293,melissa.davis@example.com,Melissa,Davis,(736)485-0448
CAND-3294,paul.schultz@example.com,Paul,Schultz,001-823-354-722
CAND-3295,susan.holder@example.com,Susan,Holder,+1-600-245-8927
CAND-3296,william.johnson@example.com,William,Johnson,(368)433-5556x3
CAND-3297,angela.andrade@example.com,Angela,Andrade,+1-997-548-6980
CAND-3298,margaret.randall@example.com,Margaret,Randall,707.292.6609x40
CAND-3299,curtis.aguirre@example.com,Curtis,Aguirre,2568655899
CAND-3300,marcus.mahoney@example.com,Marcus,Mahoney,001-672-523-242
CAND-3301,andrew.ross@example.com,Andrew,Ross,001-719-310-697
CAND-3302,kathleen.robles@example.com,Kathleen,Robles,442-502-8612
CAND-3303,eric.jenkins@example.com,Eric,Jenkins,001-614-502-454
CAND-3304,andrew.hall@example.com,Andrew,Hall,(400)401-3278
CAND-3305,joseph.young@example.com,Joseph,Young,7978913532
CAND-3306,darryl.everett@example.com,Darryl,Everett,(929)748-4676x4
CAND-3307,jason.jones@example.com,Jason,Jones,808-230-7090x63
CAND-3308,david.fry@example.com,David,Fry,856-472-6173
CAND-3309,briana.carter@example.com,Briana,Carter,+1-489-377-7382
CAND-3310,joshua.martin@example.com,Joshua,Martin,(522)728-3381
CAND-3311,gregory.martin@example.com,Gregory,Martin,490-662-7094x01
CAND-3312,matthew.martin@example.com,Matthew,Martin,001-524-556-708
CAND-3313,rebecca.terry@example.com,Rebecca,Terry,(504)762-9337x4
CAND-3314,angela.burnett@example.com,Angela,Burnett,238.778.9591
CAND-3315,john.johnson@example.com,John,Johnson,+1-445-587-5950
CAND-3316,hunter.wolfe@example.com,Hunter,Wolfe,800.670.8618
CAND-3317,wesley.evans@example.com,Wesley,Evans,+1-274-875-2914
CAND-3318,ashley.beck@example.com,Ashley,Beck,(370)225-2541
CAND-3319,patricia.sawyer@example.com,Patricia,Sawyer,(662)241-2667x6
CAND-3320,joanne.carroll@example.com,Joanne,Carroll,870-733-6424x53
CAND-3321,joseph.barber@example.com,Joseph,Barber,926.314.3403
CAND-3322,michael.preston@example.com,Michael,Preston,001-743-510-915
CAND-3323,jessica.vaughan@example.com,Jessica,Vaughan,001-222-852-649
CAND-3324,samuel.garrett@example.com,Samuel,Garrett,(244)328-6307x0
CAND-3325,jessica.rodriguez@example.com,Jessica,Rodriguez,648-205-6942x11
CAND-3326,anthony.scott@example.com,Anthony,Scott,400-272-3149
CAND-3327,justin.burke@example.com,Justin,Burke,9642041210
CAND-3328,emily.hill@example.com,Emily,Hill,910.755.0315
CAND-3329,benjamin.perry@example.com,Benjamin,Perry,001-267-751-414
CAND-3330,david.ball@example.com,David,Ball,370.321.5386x11
CAND-3331,christian.fletcher@example.com,Christian,Fletcher,(371)243-5934
CAND-3332,philip.holland@example.com,Philip,Holland,(350)447-2553x1
CAND-3333,dustin.gonzales@example.com,Dustin,Gonzales,408-745-2408x86
CAND-3334,katie.hall@example.com,Katie,Hall,360.310.9993
CAND-3335,sherry.thornton@example.com,Sherry,Thornton,400-499-8129x71
CAND-3336,zachary.west@example.com,Zachary,West,415-894-9254x34
CAND-3337,ronald.newman@example.com,Ronald,Newman,338.469.6648x11
CAND-3338,ariana.blair@example.com,Ariana,Blair,001-572-843-067
CAND-3339,stanley.romero@example.com,Stanley,Romero,5707824089
CAND-3340,christopher.neal@example.com,Christopher,Neal,431.557.9208
CAND-3341,lacey.cruz@example.com,Lacey,Cruz,001-862-201-729
CAND-3342,nicole.hart@example.com,Nicole,Hart,(996)811-0840x3
CAND-3343,rachael.robinson@example.com,Rachael,Robinson,(908)863-3399x5
CAND-3344,alan.baldwin@example.com,Alan,Baldwin,(808)400-5090x8
CAND-3345,michael.holt@example.com,Michael,Holt,001-680-355-644
CAND-3346,megan.green@example.com,Megan,Green,(316)305-0299x9
CAND-3347,judy.mccullough@example.com,Judy,Mccullough,+1-983-967-8490
CAND-3348,joshua.bass@example.com,Joshua,Bass,001-911-776-755
CAND-3349,darlene.gonzalez@example.com,Darlene,Gonzalez,557-852-2950
CAND-3350,barry.gonzalez@example.com,Barry,Gonzalez,001-703-867-486
CAND-3351,thomas.richardson@example.com,Thomas,Richardson,451.953.4743
CAND-3352,aaron.garcia@example.com,Aaron,Garcia,2783003781
CAND-3353,aaron.walters@example.com,Aaron,Walters,2829341609
CAND-3354,michael.padilla@example.com,Michael,Padilla,+1-851-666-1907
CAND-3355,larry.huang@example.com,Larry,Huang,4434946162
CAND-3356,tracie.norris@example.com,Tracie,Norris,626.810.5402x60
CAND-3357,michael.rivera@example.com,Michael,Rivera,(618)595-6886
CAND-3358,melissa.barnett@example.com,Melissa,Barnett,945.839.1802x38
CAND-3359,christopher.fowler@example.com,Christopher,Fowler,743-537-3609x08
CAND-3360,kimberly.mcdonald@example.com,Kimberly,Mcdonald,676-431-8342x90
CAND-3361,dawn.medina@example.com,Dawn,Medina,823-246-1512x16
CAND-3362,christopher.gray@example.com,Christopher,Gray,(558)797-8242x5
CAND-3363,john.fowler@example.com,John,Fowler,5445503986
CAND-3364,julie.bennett@example.com,Julie,Bennett,(890)781-4498x6
CAND-3365,vanessa.white@example.com,Vanessa,White,+1-331-253-0707
CAND-3366,laura.thornton@example.com,Laura,Thornton,001-778-360-150
CAND-3367,harry.rose@example.com,Harry,Rose,+1-645-941-8337
CAND-3368,karen.erickson@example.com,Karen,Erickson,(550)774-3820
CAND-3369,margaret.brown@example.com,Margaret,Brown,001-507-786-775
CAND-3370,timothy.velez@example.com,Timothy,Velez,+1-960-636-7336
CAND-3371,christopher.kelly@example.com,Christopher,Kelly,663-429-5661
CAND-3372,susan.baker@example.com,Susan,Baker,964.785.1782
CAND-3373,julie.wells@example.com,Julie,Wells,3618460174
CAND-3374,kristopher.villanueva@example.com,Kristopher,Villanueva,8094256835
CAND-3375,sean.wright@example.com,Sean,Wright,+1-577-676-5402
CAND-3376,sheila.ruiz@example.com,Sheila,Ruiz,445-813-7402
CAND-3377,lori.salinas@example.com,Lori,Salinas,+1-665-729-3675
CAND-3378,emily.green@example.com,Emily,Green,749.789.3975
CAND-3379,joel.douglas@example.com,Joel,Douglas,+1-722-509-4705
CAND-3380,cheryl.good@example.com,Cheryl,Good,001-701-487-692
CAND-3381,michelle.stone@example.com,Michelle,Stone,958-534-4302
CAND-3382,andrea.collins@example.com,Andrea,Collins,(840)829-4804
CAND-3383,jacqueline.wu@example.com,Jacqueline,Wu,+1-689-908-7634
CAND-3384,linda.garcia@example.com,Linda,Garcia,(478)373-7815x6
CAND-3385,joy.lewis@example.com,Joy,Lewis,813.887.3140x31
CAND-3386,robert.hampton@example.com,Robert,Hampton,862-946-9889
CAND-3387,nichole.long@example.com,Nichole,Long,001-818-922-479
CAND-3388,bobby.mcdaniel@example.com,Bobby,Mcdaniel,467-714-8957
CAND-3389,stephen.wood@example.com,Stephen,Wood,(535)629-8009
CAND-3390,katherine.walker@example.com,Katherine,Walker,434.454.2471x15
CAND-3391,stacy.grant@example.com,Stacy,Grant,001-851-971-907
CAND-3392,thomas.simmons@example.com,Thomas,Simmons,+1-693-413-1645
CAND-3393,michael.huerta@example.com,Michael,Huerta,753.632.1012
CAND-3394,helen.hayes@example.com,Helen,Hayes,001-991-249-995
CAND-3395,michael.patel@example.com,Michael,Patel,001-825-583-201
CAND-3396,kristen.golden@example.com,Kristen,Golden,+1-388-236-8636
CAND-3397,dorothy.galvan@example.com,Dorothy,Galvan,226.673.9206
CAND-3398,donald.gay@example.com,Donald,Gay,729-292-1192x47
CAND-3399,ryan.alvarado@example.com,Ryan,Alvarado,+1-320-399-3872
CAND-3400,devon.smith@example.com,Devon,Smith,729.698.3990x15
CAND-3401,tracy.simmons@example.com,Tracy,Simmons,(280)368-0304x0
CAND-3402,linda.mack@example.com,Linda,Mack,543-436-0574
CAND-3403,curtis.khan@example.com,Curtis,Khan,354-995-9929
CAND-3404,caitlin.novak@example.com,Caitlin,Novak,+1-769-409-1364
CAND-3405,andrew.randall@example.com,Andrew,Randall,(294)383-6090x1
CAND-3406,katelyn.peterson@example.com,Katelyn,Peterson,+1-936-509-6439
CAND-3407,david.smith@example.com,David,Smith,001-760-515-353
CAND-3408,harold.wise@example.com,Harold,Wise,(624)788-8804x9
CAND-3409,marcus.jarvis@example.com,Marcus,Jarvis,669-332-4057
CAND-3410,christopher.bowman@example.com,Christopher,Bowman,353.891.0389
CAND-3411,lisa.morales@example.com,Lisa,Morales,609.552.1858x68
CAND-3412,catherine.thomas@example.com,Catherine,Thomas,9085892585
CAND-3413,chelsea.fuentes@example.com,Chelsea,Fuentes,+1-303-470-3773
CAND-3414,brett.coffey@example.com,Brett,Coffey,+1-669-948-5307
CAND-3415,stacey.jones@example.com,Stacey,Jones,240.395.1405
CAND-3416,angela.sanchez@example.com,Angela,Sanchez,001-461-570-004
CAND-3417,elizabeth.hunter@example.com,Elizabeth,Hunter,809-445-2553
CAND-3418,marcus.ward@example.com,Marcus,Ward,344-212-9870
CAND-3419,cheryl.stanley@example.com,Cheryl,Stanley,352-394-1761
CAND-3420,nicole.parker@example.com,Nicole,Parker,324.409.6526
CAND-3421,david.meyers@example.com,David,Meyers,(894)981-0011x2
CAND-3422,bethany.james@example.com,Bethany,James,(667)532-3836x8
CAND-3423,kyle.long@example.com,Kyle,Long,(528)207-4905
CAND-3424,matthew.austin@example.com,Matthew,Austin,8944281683
CAND-3425,mark.griffin@example.com,Mark,Griffin,(210)787-2741
CAND-3426,brandy.hendricks@example.com,Brandy,Hendricks,(779)781-5551x8
CAND-3427,gary.coleman@example.com,Gary,Coleman,652.421.7328
CAND-3428,joseph.warren@example.com,Joseph,Warren,+1-729-380-2029
CAND-3429,desiree.sanchez@example.com,Desiree,Sanchez,820-445-7813x14
CAND-3430,jennifer.perez@example.com,Jennifer,Perez,302.541.3001
CAND-3431,cameron.coleman@example.com,Cameron,Coleman,421-943-7780x55
CAND-3432,tammy.johnson@example.com,Tammy,Johnson,+1-426-704-9769
CAND-3433,richard.vargas@example.com,Richard,Vargas,+1-941-413-5076
CAND-3434,jackie.mann@example.com,Jackie,Mann,339.668.0071
CAND-3435,victor.williams@example.com,Victor,Williams,001-552-520-112
CAND-3436,deborah.browning@example.com,Deborah,Browning,881.843.3161
CAND-3437,joanna.howell@example.com,Joanna,Howell,+1-774-346-9707
CAND-3438,latoya.wilson@example.com,Latoya,Wilson,887.223.9037x15
CAND-3439,hunter.turner@example.com,Hunter,Turner,562.945.8846
CAND-3440,chad.campbell@example.com,Chad,Campbell,+1-687-650-8057
CAND-3441,joshua.brown@example.com,Joshua,Brown,001-874-889-424
CAND-3442,ronald.williams@example.com,Ronald,Williams,986-971-1881x61
CAND-3443,deanna.phillips@example.com,Deanna,Phillips,574.396.7845x27
CAND-3444,danielle.gallegos@example.com,Danielle,Gallegos,915.267.5413x54
CAND-3445,jennifer.burke@example.com,Jennifer,Burke,001-507-370-455
CAND-3446,kimberly.baker@example.com,Kimberly,Baker,(772)859-2129
CAND-3447,seth.martinez@example.com,Seth,Martinez,6557525177
CAND-3448,ryan.moore@example.com,Ryan,Moore,+1-464-424-3742
CAND-3449,brett.jones@example.com,Brett,Jones,(949)860-7265x2
CAND-3450,brandon.jenkins@example.com,Brandon,Jenkins,372.750.0932
CAND-3451,peter.franco@example.com,Peter,Franco,+1-332-705-0650
CAND-3452,rose.meyer@example.com,Rose,Meyer,452-236-4941x10
CAND-3453,amanda.brooks@example.com,Amanda,Brooks,(304)806-2321x5
CAND-3454,thomas.sparks@example.com,Thomas,Sparks,001-660-558-653
CAND-3455,joseph.thompson@example.com,Joseph,Thompson,4704431077
CAND-3456,douglas.owens@example.com,Douglas,Owens,+1-295-389-3674
CAND-3457,todd.myers@example.com,Todd,Myers,001-278-773-880
CAND-3458,george.villa@example.com,George,Villa,(938)735-2237
CAND-3459,bradley.mitchell@example.com,Bradley,Mitchell,606.332.4489x68
CAND-3460,sara.marquez@example.com,Sara,Marquez,(216)455-4279x3
CAND-3461,david.henson@example.com,David,Henson,+1-761-669-0476
CAND-3462,kelly.matthews@example.com,Kelly,Matthews,9432770296
CAND-3463,mark.harris@example.com,Mark,Harris,(323)372-4645x6
CAND-3464,brenda.johnson@example.com,Brenda,Johnson,(756)332-2679x1
CAND-3465,hector.morrison@example.com,Hector,Morrison,(472)491-6942
CAND-3466,nicole.lawson@example.com,Nicole,Lawson,(838)741-8757x6
CAND-3467,erin.martin@example.com,Erin,Martin,+1-645-288-3660
CAND-3468,willie.quinn@example.com,Willie,Quinn,878.836.1592
CAND-3469,alexandra.reyes@example.com,Alexandra,Reyes,408.907.9565x30
CAND-3470,yolanda.smith@example.com,Yolanda,Smith,260.547.0928
CAND-3471,patricia.chavez@example.com,Patricia,Chavez,942-513-7472
CAND-3472,beth.mccoy@example.com,Beth,Mccoy,+1-568-894-9542
CAND-3473,jessica.brennan@example.com,Jessica,Brennan,832.340.7281x95
CAND-3474,elizabeth.johnson@example.com,Elizabeth,Johnson,409.688.0409x33
CAND-3475,kimberly.murphy@example.com,Kimberly,Murphy,(527)459-4267
CAND-3476,hannah.page@example.com,Hannah,Page,522.421.5532x50
CAND-3477,ashley.velez@example.com,Ashley,Velez,651-716-5160x86
CAND-3478,natasha.walker@example.com,Natasha,Walker,001-866-805-752
CAND-3479,julia.knox@example.com,Julia,Knox,311.681.3207x23
CAND-3480,teresa.rivera@example.com,Teresa,Rivera,(706)736-9851x6
CAND-3481,christine.crosby@example.com,Christine,Crosby,001-419-466-976
CAND-3482,james.hill@example.com,James,Hill,699-351-4370x43
CAND-3483,melissa.moore@example.com,Melissa,Moore,417.377.4422
CAND-3484,michaela.frazier@example.com,Michaela,Frazier,(519)673-8190
CAND-3485,scott.garcia@example.com,Scott,Garcia,410-929-5838x50
CAND-3486,craig.evans@example.com,Craig,Evans,351.935.6343
CAND-3487,sylvia.jacobs@example.com,Sylvia,Jacobs,+1-416-733-5471
CAND-3488,kevin.washington@example.com,Kevin,Washington,(289)422-0682x9
CAND-3489,sarah.velazquez@example.com,Sarah,Velazquez,(771)686-9198x1
CAND-3490,candice.gonzalez@example.com,Candice,Gonzalez,953-665-1338x61
CAND-3491,melinda.miller@example.com,Melinda,Miller,960-554-3370
CAND-3492,patrick.miller@example.com,Patrick,Miller,647.206.9531x21
CAND-3493,elizabeth.hughes@example.com,Elizabeth,Hughes,001-572-396-720
CAND-3494,christina.levine@example.com,Christina,Levine,+1-467-787-5864
CAND-3495,melvin.wiley@example.com,Melvin,Wiley,655.204.6161x43
CAND-3496,jeremy.marks@example.com,Jeremy,Marks,(267)654-5769
CAND-3497,christopher.anderson@example.com,Christopher,Anderson,+1-409-556-3603
CAND-3498,darrell.clark@example.com,Darrell,Clark,+1-396-978-3435
CAND-3499,nicole.owens@example.com,Nicole,Owens,685.586.9225
CAND-3500,tony.russell@example.com,Tony,Russell,(762)787-1171x6
CAND-3501,tiffany.jacobs@example.com,Tiffany,Jacobs,(806)598-9582x9
CAND-3502,kimberly.brown@example.com,Kimberly,Brown,001-572-685-541
CAND-3503,rita.miller@example.com,Rita,Miller,001-814-921-544
CAND-3504,megan.thomas@example.com,Megan,Thomas,(485)974-0405
CAND-3505,dana.marshall@example.com,Dana,Marshall,9359476630
CAND-3506,ashley.lawson@example.com,Ashley,Lawson,610-890-6519x40
CAND-3507,curtis.barber@example.com,Curtis,Barber,411-770-8292x20
CAND-3508,christopher.graves@example.com,Christopher,Graves,+1-900-429-5011
CAND-3509,christina.brown@example.com,Christina,Brown,(955)723-7839x0
CAND-3510,timothy.carrillo@example.com,Timothy,Carrillo,868-744-2633x33
CAND-3511,carl.ellison@example.com,Carl,Ellison,548.230.8241
CAND-3512,david.norton@example.com,David,Norton,(544)590-3593x4
CAND-3513,justin.mcdaniel@example.com,Justin,Mcdaniel,307.818.2182
CAND-3514,ellen.wilkerson@example.com,Ellen,Wilkerson,+1-239-423-1867
CAND-3515,sara.young@example.com,Sara,Young,+1-983-769-7025
CAND-3516,john.howard@example.com,John,Howard,841-419-3547x28
CAND-3517,kevin.smith@example.com,Kevin,Smith,(938)749-2031
CAND-3518,cindy.green@example.com,Cindy,Green,4908903957
CAND-3519,christina.mendez@example.com,Christina,Mendez,491.906.7333
CAND-3520,patrick.downs@example.com,Patrick,Downs,448.502.4966
CAND-3521,sydney.cox@example.com,Sydney,Cox,(652)901-0154x4
CAND-3522,brooke.smith@example.com,Brooke,Smith,905-718-7032x21
CAND-3523,christina.brown@example.com,Christina,Brown,(349)283-9103x2
CAND-3524,jerome.tucker@example.com,Jerome,Tucker,810.529.7295x75
CAND-3525,steven.schneider@example.com,Steven,Schneider,896.433.0225x17
CAND-3526,david.martin@example.com,David,Martin,762-813-3459x58
CAND-3527,sharon.sanders@example.com,Sharon,Sanders,692-695-9099
CAND-3528,charles.evans@example.com,Charles,Evans,(737)863-7825x6
CAND-3529,renee.carney@example.com,Renee,Carney,(869)955-7705x1
CAND-3530,carol.schroeder@example.com,Carol,Schroeder,(945)211-5905x9
CAND-3531,lance.martin@example.com,Lance,Martin,269-879-5080x46
CAND-3532,jeffrey.padilla@example.com,Jeffrey,Padilla,(785)204-1627
CAND-3533,michele.soto@example.com,Michele,Soto,(509)222-5212
CAND-3534,greg.montoya@example.com,Greg,Montoya,001-644-962-763
CAND-3535,crystal.edwards@example.com,Crystal,Edwards,729-554-5893
CAND-3536,priscilla.fritz@example.com,Priscilla,Fritz,858.749.9991
CAND-3537,jeffrey.bailey@example.com,Jeffrey,Bailey,001-395-922-875
CAND-3538,elizabeth.webster@example.com,Elizabeth,Webster,331.211.4963x36
CAND-3539,leonard.smith@example.com,Leonard,Smith,+1-559-661-9740
CAND-3540,rhonda.gay@example.com,Rhonda,Gay,(494)821-0420x8
CAND-3541,luke.hudson@example.com,Luke,Hudson,287.525.5054x15
CAND-3542,stephen.conley@example.com,Stephen,Conley,001-770-379-606
CAND-3543,george.weaver@example.com,George,Weaver,+1-436-995-5958
CAND-3544,steven.brown@example.com,Steven,Brown,(899)222-6915x6
CAND-3545,melissa.newman@example.com,Melissa,Newman,761.800.2351x20
CAND-3546,brandy.cook@example.com,Brandy,Cook,001-673-349-438
CAND-3547,john.fernandez@example.com,John,Fernandez,787.401.8811x13
CAND-3548,jared.davis@example.com,Jared,Davis,924.917.0712
CAND-3549,kelsey.butler@example.com,Kelsey,Butler,487.290.8132
CAND-3550,maria.hurley@example.com,Maria,Hurley,(904)348-4351
CAND-3551,robert.scott@example.com,Robert,Scott,(671)404-2599x0
CAND-3552,dean.hubbard@example.com,Dean,Hubbard,501.283.1377x43
CAND-3553,mary.rodgers@example.com,Mary,Rodgers,892.451.7333x58
CAND-3554,kathleen.williams@example.com,Kathleen,Williams,+1-352-897-9685
CAND-3555,stephanie.smith@example.com,Stephanie,Smith,2629082124
CAND-3556,mary.douglas@example.com,Mary,Douglas,(545)636-2921x3
CAND-3557,jonathan.obrien@example.com,Jonathan,Obrien,+1-695-609-2918
CAND-3558,michael.barnett@example.com,Michael,Barnett,001-694-697-254
CAND-3559,victoria.shelton@example.com,Victoria,Shelton,656.639.4904x65
CAND-3560,jonathan.fisher@example.com,Jonathan,Fisher,(874)681-4525x2
CAND-3561,nicholas.hancock@example.com,Nicholas,Hancock,+1-693-404-3178
CAND-3562,charles.crosby@example.com,Charles,Crosby,536-599-7548
CAND-3563,tony.webb@example.com,Tony,Webb,(471)754-2241
CAND-3564,tara.mcneil@example.com,Tara,Mcneil,4384341247
CAND-3565,jerome.hancock@example.com,Jerome,Hancock,220.874.1975x37
CAND-3566,joel.young@example.com,Joel,Young,+1-788-577-3352
CAND-3567,tammy.stevens@example.com,Tammy,Stevens,(282)763-2189x4
CAND-3568,kathy.elliott@example.com,Kathy,Elliott,001-398-918-119
CAND-3569,lisa.page@example.com,Lisa,Page,742.706.4339
CAND-3570,jacob.parker@example.com,Jacob,Parker,649.271.9720
CAND-3571,maria.savage@example.com,Maria,Savage,+1-832-542-4300
CAND-3572,jeffrey.carter@example.com,Jeffrey,Carter,508.272.4478
CAND-3573,sandra.wilson@example.com,Sandra,Wilson,(312)257-9896
CAND-3574,dwayne.york@example.com,Dwayne,York,001-482-272-449
CAND-3575,scott.duncan@example.com,Scott,Duncan,+1-715-328-3119
CAND-3576,ronald.howard@example.com,Ronald,Howard,4189005440
CAND-3577,samuel.brown@example.com,Samuel,Brown,+1-823-816-2575
CAND-3578,karen.bailey@example.com,Karen,Bailey,339-873-8471x84
CAND-3579,jeremy.williams@example.com,Jeremy,Williams,(512)991-8236
CAND-3580,teresa.rivera@example.com,Teresa,Rivera,412-898-0310
CAND-3581,eric.alexander@example.com,Eric,Alexander,(706)674-8252x2
CAND-3582,melinda.solis@example.com,Melinda,Solis,547-863-1691x45
CAND-3583,matthew.kelly@example.com,Matthew,Kelly,001-842-937-246
CAND-3584,peter.snyder@example.com,Peter,Snyder,+1-879-604-5522
CAND-3585,tara.thomas@example.com,Tara,Thomas,597-680-6437x19
CAND-3586,melissa.lara@example.com,Melissa,Lara,+1-773-411-6015
CAND-3587,sara.davis@example.com,Sara,Davis,001-254-824-015
CAND-3588,mary.johnson@example.com,Mary,Johnson,735.985.5836x45
CAND-3589,autumn.ingram@example.com,Autumn,Ingram,001-474-925-429
CAND-3590,mark.robertson@example.com,Mark,Robertson,001-478-750-786
CAND-3591,jesse.malone@example.com,Jesse,Malone,658-708-6789
CAND-3592,daniel.mathis@example.com,Daniel,Mathis,+1-732-446-7199
CAND-3593,javier.yoder@example.com,Javier,Yoder,3029959635
CAND-3594,michael.brown@example.com,Michael,Brown,320.693.6130
CAND-3595,larry.russell@example.com,Larry,Russell,897-929-4103
CAND-3596,mark.benton@example.com,Mark,Benton,(293)528-9401x1
CAND-3597,stefanie.washington@example.com,Stefanie,Washington,+1-571-984-6790
CAND-3598,javier.walsh@example.com,Javier,Walsh,(892)975-9274x6
CAND-3599,thomas.williams@example.com,Thomas,Williams,+1-270-818-3256
CAND-3600,clayton.rose@example.com,Clayton,Rose,437-800-7001x02
CAND-3601,anita.robinson@example.com,Anita,Robinson,+1-605-310-1181
CAND-3602,adam.reyes@example.com,Adam,Reyes,369.887.1014x94
CAND-3603,jerome.white@example.com,Jerome,White,(725)819-6429
CAND-3604,david.griffin@example.com,David,Griffin,817-702-5449
CAND-3605,mark.stanton@example.com,Mark,Stanton,001-742-718-254
CAND-3606,aaron.beard@example.com,Aaron,Beard,624-926-3352x31
CAND-3607,tyler.martinez@example.com,Tyler,Martinez,+1-832-902-0613
CAND-3608,ronald.dennis@example.com,Ronald,Dennis,244.282.2878x07
CAND-3609,samantha.roach@example.com,Samantha,Roach,+1-863-209-6667
CAND-3610,cynthia.valentine@example.com,Cynthia,Valentine,001-696-749-910
CAND-3611,michelle.archer@example.com,Michelle,Archer,684-446-5771x37
CAND-3612,steven.francis@example.com,Steven,Francis,828.773.2276
CAND-3613,jonathan.gross@example.com,Jonathan,Gross,+1-242-274-9464
CAND-3614,eric.garcia@example.com,Eric,Garcia,436-565-9453x88
CAND-3615,kevin.huber@example.com,Kevin,Huber,001-933-756-682
CAND-3616,kevin.valenzuela@example.com,Kevin,Valenzuela,(903)898-0133
CAND-3617,charles.carr@example.com,Charles,Carr,(877)401-4111x5
CAND-3618,jason.gomez@example.com,Jason,Gomez,+1-342-881-1587
CAND-3619,james.greene@example.com,James,Greene,+1-350-257-9215
CAND-3620,anthony.lane@example.com,Anthony,Lane,743-800-2773x20
CAND-3621,ariel.thomas@example.com,Ariel,Thomas,+1-563-380-8263
CAND-3622,christopher.wright@example.com,Christopher,Wright,001-807-653-987
CAND-3623,dennis.walker@example.com,Dennis,Walker,(446)714-3838x1
CAND-3624,rebekah.wiggins@example.com,Rebekah,Wiggins,(984)474-3894x7
CAND-3625,denise.cook@example.com,Denise,Cook,+1-279-689-8224
CAND-3626,edward.smith@example.com,Edward,Smith,749-696-1177
CAND-3627,nathan.knight@example.com,Nathan,Knight,+1-505-779-8662
CAND-3628,laurie.house@example.com,Laurie,House,001-900-925-539
CAND-3629,elizabeth.robinson@example.com,Elizabeth,Robinson,(552)345-8701
CAND-3630,joann.wilson@example.com,Joann,Wilson,451.373.3583x62
CAND-3631,matthew.morgan@example.com,Matthew,Morgan,001-944-338-787
CAND-3632,jerry.tapia@example.com,Jerry,Tapia,+1-835-489-1054
CAND-3633,jennifer.webb@example.com,Jennifer,Webb,+1-464-833-1612
CAND-3634,donna.stanley@example.com,Donna,Stanley,001-978-442-775
CAND-3635,brandon.lawrence@example.com,Brandon,Lawrence,001-750-666-991
CAND-3636,kelly.fisher@example.com,Kelly,Fisher,001-733-611-156
CAND-3637,tamara.jackson@example.com,Tamara,Jackson,001-321-780-603
CAND-3638,michelle.thomas@example.com,Michelle,Thomas,+1-616-656-1307
CAND-3639,erin.ashley@example.com,Erin,Ashley,830-707-4577x74
CAND-3640,mindy.mason@example.com,Mindy,Mason,563-232-5336
CAND-3641,marvin.navarro@example.com,Marvin,Navarro,886.860.7025x07
CAND-3642,bradley.hughes@example.com,Bradley,Hughes,+1-750-785-2610
CAND-3643,michele.moss@example.com,Michele,Moss,(664)274-1412
CAND-3644,emily.monroe@example.com,Emily,Monroe,896.284.8359
CAND-3645,adrian.macias@example.com,Adrian,Macias,+1-320-587-1638
CAND-3646,jennifer.perkins@example.com,Jennifer,Perkins,+1-927-419-1899
CAND-3647,cole.cook@example.com,Cole,Cook,281-875-7601
CAND-3648,jennifer.sutton@example.com,Jennifer,Sutton,322-862-4915x28
CAND-3649,monica.rogers@example.com,Monica,Rogers,001-317-573-131
CAND-3650,mark.reeves@example.com,Mark,Reeves,001-476-725-593
CAND-3651,samuel.rich@example.com,Samuel,Rich,+1-551-863-9172
CAND-3652,george.davis@example.com,George,Davis,001-634-813-503
CAND-3653,megan.ali@example.com,Megan,Ali,957.544.6544x82
CAND-3654,christina.grant@example.com,Christina,Grant,(612)255-8877
CAND-3655,rachel.bell@example.com,Rachel,Bell,815.713.4650
CAND-3656,heather.harvey@example.com,Heather,Harvey,(538)574-4771x3
CAND-3657,joseph.guerra@example.com,Joseph,Guerra,8657729976
CAND-3658,robert.moore@example.com,Robert,Moore,001-906-670-393
CAND-3659,larry.davis@example.com,Larry,Davis,001-684-239-711
CAND-3660,cindy.sanchez@example.com,Cindy,Sanchez,001-882-871-732
CAND-3661,juan.graham@example.com,Juan,Graham,(618)747-8879x7
CAND-3662,melissa.garrett@example.com,Melissa,Garrett,001-679-857-971
CAND-3663,carl.dillon@example.com,Carl,Dillon,5694239510
CAND-3664,kathleen.lambert@example.com,Kathleen,Lambert,(468)868-9984x2
CAND-3665,sheila.rivera@example.com,Sheila,Rivera,+1-730-352-4114
CAND-3666,yesenia.walker@example.com,Yesenia,Walker,629-449-5760x39
CAND-3667,karina.garza@example.com,Karina,Garza,3454386876
CAND-3668,heather.bradley@example.com,Heather,Bradley,(776)521-3545x6
CAND-3669,sarah.hendricks@example.com,Sarah,Hendricks,+1-734-289-9531
CAND-3670,larry.compton@example.com,Larry,Compton,4245170364
CAND-3671,lauren.sharp@example.com,Lauren,Sharp,313.942.4147
CAND-3672,monica.long@example.com,Monica,Long,277-394-2921
CAND-3673,troy.simpson@example.com,Troy,Simpson,582-315-1750x79
CAND-3674,jeffrey.hill@example.com,Jeffrey,Hill,8498619651
CAND-3675,george.davis@example.com,George,Davis,(770)965-8686x2
CAND-3676,steven.lowe@example.com,Steven,Lowe,912.219.9939x17
CAND-3677,elizabeth.goodwin@example.com,Elizabeth,Goodwin,900.622.7962x44
CAND-3678,stacy.smith@example.com,Stacy,Smith,8397878064
CAND-3679,martha.parker@example.com,Martha,Parker,+1-418-268-4987
CAND-3680,jason.perkins@example.com,Jason,Perkins,(768)768-7037
CAND-3681,tara.rojas@example.com,Tara,Rojas,885.645.7653x09
CAND-3682,jamie.bartlett@example.com,Jamie,Bartlett,632-322-5750
CAND-3683,devin.fisher@example.com,Devin,Fisher,435-809-4557x31
CAND-3684,robert.thomas@example.com,Robert,Thomas,+1-247-476-0382
CAND-3685,jonathan.fox@example.com,Jonathan,Fox,001-986-541-793
CAND-3686,diane.sherman@example.com,Diane,Sherman,+1-539-833-8338
CAND-3687,alejandra.gibbs@example.com,Alejandra,Gibbs,(358)817-3868
CAND-3688,michael.newton@example.com,Michael,Newton,950.579.9378
CAND-3689,jessica.ward@example.com,Jessica,Ward,899-280-6849
CAND-3690,elizabeth.noble@example.com,Elizabeth,Noble,429-395-0867x22
CAND-3691,rachel.cole@example.com,Rachel,Cole,277.786.7397x18
CAND-3692,denise.kim@example.com,Denise,Kim,(689)493-3053x7
CAND-3693,paul.brown@example.com,Paul,Brown,732.348.7736
CAND-3694,allison.hill@example.com,Allison,Hill,+1-819-586-6132
CAND-3695,sheryl.bonilla@example.com,Sheryl,Bonilla,(447)863-9857
CAND-3696,donna.mills@example.com,Donna,Mills,2072284385
CAND-3697,beth.cain@example.com,Beth,Cain,966.592.4505x14
CAND-3698,melvin.lawson@example.com,Melvin,Lawson,(243)945-3649x9
CAND-3699,victor.hull@example.com,Victor,Hull,+1-577-522-2264
CAND-3700,stephanie.smith@example.com,Stephanie,Smith,202.775.0769x76
CAND-3701,daniel.howard@example.com,Daniel,Howard,+1-269-901-6812
CAND-3702,matthew.smith@example.com,Matthew,Smith,5694915585
CAND-3703,michelle.delacruz@example.com,Michelle,Delacruz,655-665-2322x14
CAND-3704,katie.lopez@example.com,Katie,Lopez,001-399-751-769
CAND-3705,ryan.murphy@example.com,Ryan,Murphy,8705569510
CAND-3706,robert.rodriguez@example.com,Robert,Rodriguez,928-574-0811
CAND-3707,tina.mcdaniel@example.com,Tina,Mcdaniel,001-993-882-145
CAND-3708,dennis.johnston@example.com,Dennis,Johnston,702.284.0521
CAND-3709,luke.lin@example.com,Luke,Lin,+1-731-891-2604
CAND-3710,mark.austin@example.com,Mark,Austin,+1-818-744-0938
CAND-3711,veronica.stevens@example.com,Veronica,Stevens,+1-727-805-4874
CAND-3712,oscar.walker@example.com,Oscar,Walker,001-405-560-944
CAND-3713,sally.williams@example.com,Sally,Williams,(956)860-5059x0
CAND-3714,mark.medina@example.com,Mark,Medina,001-937-693-919
CAND-3715,jeremiah.hernandez@example.com,Jeremiah,Hernandez,001-290-335-219
CAND-3716,anthony.bryant@example.com,Anthony,Bryant,271-442-4321x11
CAND-3717,samuel.butler@example.com,Samuel,Butler,+1-323-677-3813
CAND-3718,mitchell.martin@example.com,Mitchell,Martin,780.834.6332x87
CAND-3719,luis.brandt@example.com,Luis,Brandt,+1-266-780-5800
CAND-3720,rebecca.johnston@example.com,Rebecca,Johnston,(738)915-7501x5
CAND-3721,amber.castro@example.com,Amber,Castro,3777949148
CAND-3722,elizabeth.cameron@example.com,Elizabeth,Cameron,644-366-1995
CAND-3723,shawn.johnson@example.com,Shawn,Johnson,(856)526-6688x5
CAND-3724,tyler.lang@example.com,Tyler,Lang,(565)399-5990x2
CAND-3725,mary.white@example.com,Mary,White,(564)884-9186x1
CAND-3726,jeffery.rogers@example.com,Jeffery,Rogers,5537315131
CAND-3727,ryan.ochoa@example.com,Ryan,Ochoa,502.978.4734x47
CAND-3728,george.thompson@example.com,George,Thompson,001-791-676-196
CAND-3729,doris.wilson@example.com,Doris,Wilson,+1-957-440-8747
CAND-3730,autumn.barnes@example.com,Autumn,Barnes,001-575-665-779
CAND-3731,jose.murphy@example.com,Jose,Murphy,480-695-4551
CAND-3732,dan.weeks@example.com,Dan,Weeks,363.648.4016x17
CAND-3733,kevin.lewis@example.com,Kevin,Lewis,375.620.1569
CAND-3734,ryan.nunez@example.com,Ryan,Nunez,(341)557-3376x8
CAND-3735,joseph.soto@example.com,Joseph,Soto,610.790.7195x71
CAND-3736,corey.aguilar@example.com,Corey,Aguilar,001-455-883-873
CAND-3737,ronald.miller@example.com,Ronald,Miller,408.543.8816x84
CAND-3738,denise.johnson@example.com,Denise,Johnson,+1-290-270-4644
CAND-3739,nicholas.smith@example.com,Nicholas,Smith,(219)490-8187x3
CAND-3740,trevor.holloway@example.com,Trevor,Holloway,727.222.3736
CAND-3741,jose.clark@example.com,Jose,Clark,+1-460-859-0473
CAND-3742,katherine.sandoval@example.com,Katherine,Sandoval,(349)530-5397x3
CAND-3743,erica.reed@example.com,Erica,Reed,+1-996-442-6060
CAND-3744,stuart.khan@example.com,Stuart,Khan,001-351-543-164
CAND-3745,ryan.barnes@example.com,Ryan,Barnes,001-402-454-260
CAND-3746,jaime.green@example.com,Jaime,Green,(479)493-8959x4
CAND-3747,mark.davidson@example.com,Mark,Davidson,775-329-4977x56
CAND-3748,francisco.singleton@example.com,Francisco,Singleton,595.363.8367x66
CAND-3749,jill.miller@example.com,Jill,Miller,(413)338-7534
CAND-3750,kevin.mclaughlin@example.com,Kevin,Mclaughlin,554.857.4988
CAND-3751,nicole.waller@example.com,Nicole,Waller,+1-525-725-4309
CAND-3752,hannah.frederick@example.com,Hannah,Frederick,421-651-7346x60
CAND-3753,theodore.rivers@example.com,Theodore,Rivers,356.410.8010x30
CAND-3754,jason.morgan@example.com,Jason,Morgan,(712)616-9832x3
CAND-3755,corey.cherry@example.com,Corey,Cherry,(763)526-2144
CAND-3756,rebekah.rodriguez@example.com,Rebekah,Rodriguez,+1-204-351-9678
CAND-3757,erika.fowler@example.com,Erika,Fowler,001-791-632-684
CAND-3758,robert.becker@example.com,Robert,Becker,336.993.1057
CAND-3759,john.gonzalez@example.com,John,Gonzalez,+1-915-845-5278
CAND-3760,danielle.martin@example.com,Danielle,Martin,(802)335-6409x3
CAND-3761,carol.watson@example.com,Carol,Watson,386.679.6999x93
CAND-3762,anna.meyers@example.com,Anna,Meyers,+1-774-761-2319
CAND-3763,daniel.charles@example.com,Daniel,Charles,886-837-3533x27
CAND-3764,sydney.mason@example.com,Sydney,Mason,+1-358-243-1162
CAND-3765,jennifer.benson@example.com,Jennifer,Benson,(314)294-7396x5
CAND-3766,matthew.gonzales@example.com,Matthew,Gonzales,203-702-7596
CAND-3767,amy.bishop@example.com,Amy,Bishop,+1-635-784-3423
CAND-3768,gary.garcia@example.com,Gary,Garcia,(686)206-2098x1
CAND-3769,denise.salas@example.com,Denise,Salas,001-799-215-141
CAND-3770,elizabeth.padilla@example.com,Elizabeth,Padilla,+1-647-942-9636
CAND-3771,derek.holt@example.com,Derek,Holt,001-639-224-539
CAND-3772,amanda.miller@example.com,Amanda,Miller,442-253-9685x27
CAND-3773,ashley.kelley@example.com,Ashley,Kelley,+1-412-224-6614
CAND-3774,catherine.freeman@example.com,Catherine,Freeman,(709)379-0963
CAND-3775,mariah.parks@example.com,Mariah,Parks,+1-511-575-3317
CAND-3776,victor.wells@example.com,Victor,Wells,+1-960-443-7758
CAND-3777,kayla.gonzalez@example.com,Kayla,Gonzalez,272-201-5333
CAND-3778,james.melton@example.com,James,Melton,869-564-7413x31
CAND-3779,chelsey.benitez@example.com,Chelsey,Benitez,001-242-526-631
CAND-3780,dawn.delgado@example.com,Dawn,Delgado,591-831-5653x66
CAND-3781,kevin.keith@example.com,Kevin,Keith,001-735-514-522
CAND-3782,mariah.hunt@example.com,Mariah,Hunt,529-579-9349x65
CAND-3783,michael.wilson@example.com,Michael,Wilson,+1-770-664-0641
CAND-3784,blake.parker@example.com,Blake,Parker,283.507.5016x32
CAND-3785,debra.duncan@example.com,Debra,Duncan,910-452-6963x64
CAND-3786,jessica.lopez@example.com,Jessica,Lopez,(645)843-6768x7
CAND-3787,timothy.foley@example.com,Timothy,Foley,(569)586-3013
CAND-3788,david.gilbert@example.com,David,Gilbert,+1-382-817-0267
CAND-3789,chad.gates@example.com,Chad,Gates,591-685-1475x61
CAND-3790,brandy.nguyen@example.com,Brandy,Nguyen,001-826-306-822
CAND-3791,kurt.miller@example.com,Kurt,Miller,5964615929
CAND-3792,jessica.ashley@example.com,Jessica,Ashley,289.508.8506x90
CAND-3793,justin.goodman@example.com,Justin,Goodman,711.320.2730x23
CAND-3794,heather.taylor@example.com,Heather,Taylor,+1-520-572-2303
CAND-3795,barbara.williamson@example.com,Barbara,Williamson,(411)913-9977x3
CAND-3796,andrea.mcdonald@example.com,Andrea,Mcdonald,882.736.0842x29
CAND-3797,dalton.scott@example.com,Dalton,Scott,386-657-4306x20
CAND-3798,erica.beltran@example.com,Erica,Beltran,+1-249-491-9872
CAND-3799,megan.palmer@example.com,Megan,Palmer,330-608-4339
CAND-3800,rachel.riley@example.com,Rachel,Riley,+1-711-279-6330
CAND-3801,yolanda.mullins@example.com,Yolanda,Mullins,295-404-4327x19
CAND-3802,jasmin.campbell@example.com,Jasmin,Campbell,+1-741-361-6936
CAND-3803,sheryl.pena@example.com,Sheryl,Pena,(532)938-1370x5
CAND-3804,robert.moore@example.com,Robert,Moore,(559)741-5258x3
CAND-3805,trevor.jones@example.com,Trevor,Jones,364-546-6847
CAND-3806,george.lozano@example.com,George,Lozano,3103291585
CAND-3807,andrea.fox@example.com,Andrea,Fox,501-746-0235
CAND-3808,cynthia.vargas@example.com,Cynthia,Vargas,(782)889-0140x8
CAND-3809,jeremy.miller@example.com,Jeremy,Miller,666.902.7168x92
CAND-3810,william.parks@example.com,William,Parks,718.319.3834x77
CAND-3811,alexander.meyers@example.com,Alexander,Meyers,001-347-630-802
CAND-3812,mary.thompson@example.com,Mary,Thompson,+1-614-430-4446
CAND-3813,laura.hart@example.com,Laura,Hart,549.500.1976
CAND-3814,joshua.smith@example.com,Joshua,Smith,819-351-1303x07
CAND-3815,thomas.hughes@example.com,Thomas,Hughes,266-984-6482
CAND-3816,david.collins@example.com,David,Collins,218.718.6969x23
CAND-3817,mitchell.thomas@example.com,Mitchell,Thomas,377-821-3963x62
CAND-3818,adrian.guerrero@example.com,Adrian,Guerrero,294-817-2319x01
CAND-3819,rodney.colon@example.com,Rodney,Colon,(237)621-8589x3
CAND-3820,timothy.maxwell@example.com,Timothy,Maxwell,(771)826-5656x4
CAND-3821,peter.ellis@example.com,Peter,Ellis,571-711-2070x18
CAND-3822,ashley.henry@example.com,Ashley,Henry,001-826-325-525
CAND-3823,michael.dawson@example.com,Michael,Dawson,835.398.4808
CAND-3824,william.chambers@example.com,William,Chambers,+1-583-404-3422
CAND-3825,margaret.martinez@example.com,Margaret,Martinez,001-601-233-989
CAND-3826,brandon.burns@example.com,Brandon,Burns,(758)949-0140x5
CAND-3827,amy.johnson@example.com,Amy,Johnson,001-890-595-902
CAND-3828,randall.trevino@example.com,Randall,Trevino,001-899-818-386
CAND-3829,christopher.graves@example.com,Christopher,Graves,(877)317-7529x6
CAND-3830,michael.nelson@example.com,Michael,Nelson,+1-697-788-1412
CAND-3831,marissa.norton@example.com,Marissa,Norton,001-670-350-875
CAND-3832,amy.farley@example.com,Amy,Farley,001-588-967-895
CAND-3833,bryan.mccall@example.com,Bryan,Mccall,001-414-320-134
CAND-3834,selena.collins@example.com,Selena,Collins,462-947-8635x72
CAND-3835,ruth.hall@example.com,Ruth,Hall,290.734.5446x84
CAND-3836,kenneth.burke@example.com,Kenneth,Burke,+1-261-377-3079
CAND-3837,heather.griffith@example.com,Heather,Griffith,+1-384-367-6170
CAND-3838,karen.lewis@example.com,Karen,Lewis,(262)757-6210x9
CAND-3839,shawn.herman@example.com,Shawn,Herman,001-355-700-044
CAND-3840,ronald.cameron@example.com,Ronald,Cameron,001-363-905-727
CAND-3841,luis.carroll@example.com,Luis,Carroll,+1-539-905-3701
CAND-3842,jeanne.park@example.com,Jeanne,Park,5724032489
CAND-3843,jeremy.owens@example.com,Jeremy,Owens,656.377.9466x85
CAND-3844,tammy.carter@example.com,Tammy,Carter,826-789-8807x75
CAND-3845,alyssa.rhodes@example.com,Alyssa,Rhodes,585.664.5192x42
CAND-3846,paul.maldonado@example.com,Paul,Maldonado,+1-398-351-6522
CAND-3847,andrea.castillo@example.com,Andrea,Castillo,(534)914-4877x7
CAND-3848,donna.jones@example.com,Donna,Jones,8312887277
CAND-3849,nancy.contreras@example.com,Nancy,Contreras,486.474.2050x57
CAND-3850,mackenzie.sullivan@example.com,Mackenzie,Sullivan,365-618-6515x31
CAND-3851,patricia.rhodes@example.com,Patricia,Rhodes,882.898.7908
CAND-3852,leslie.rodriguez@example.com,Leslie,Rodriguez,+1-946-260-1705
CAND-3853,daniel.merritt@example.com,Daniel,Merritt,001-755-422-641
CAND-3854,haley.mcconnell@example.com,Haley,Mcconnell,+1-257-487-3516
CAND-3855,erik.stephenson@example.com,Erik,Stephenson,001-211-231-800
CAND-3856,jennifer.cantrell@example.com,Jennifer,Cantrell,475-555-7734x32
CAND-3857,nicole.jones@example.com,Nicole,Jones,(518)736-6949
CAND-3858,briana.davidson@example.com,Briana,Davidson,846.498.7329x75
CAND-3859,thomas.lester@example.com,Thomas,Lester,670.724.4698
CAND-3860,anne.madden@example.com,Anne,Madden,001-809-406-609
CAND-3861,sandra.simmons@example.com,Sandra,Simmons,(558)389-9872x4
CAND-3862,douglas.moreno@example.com,Douglas,Moreno,320-392-7493x90
CAND-3863,douglas.johnson@example.com,Douglas,Johnson,001-615-312-851
CAND-3864,jennifer.caldwell@example.com,Jennifer,Caldwell,(737)300-8777
CAND-3865,christina.potter@example.com,Christina,Potter,622.560.7347
CAND-3866,eugene.mcdonald@example.com,Eugene,Mcdonald,784-664-3103x23
CAND-3867,john.espinoza@example.com,John,Espinoza,830.458.5821x96
CAND-3868,dillon.harris@example.com,Dillon,Harris,(512)455-8898
CAND-3869,hannah.smith@example.com,Hannah,Smith,+1-914-212-5706
CAND-3870,stephen.decker@example.com,Stephen,Decker,001-524-345-475
CAND-3871,nathaniel.fischer@example.com,Nathaniel,Fischer,(587)631-0242x6
CAND-3872,tammy.rice@example.com,Tammy,Rice,(983)410-9035x8
CAND-3873,nicholas.maldonado@example.com,Nicholas,Maldonado,001-375-202-719
CAND-3874,gilbert.pierce@example.com,Gilbert,Pierce,228.880.7366x49
CAND-3875,deborah.holloway@example.com,Deborah,Holloway,001-790-819-643
CAND-3876,douglas.perkins@example.com,Douglas,Perkins,2212118700
CAND-3877,amanda.taylor@example.com,Amanda,Taylor,(505)732-2089
CAND-3878,patrick.miranda@example.com,Patrick,Miranda,498.604.6617x10
CAND-3879,lisa.summers@example.com,Lisa,Summers,001-891-717-390
CAND-3880,brian.powell@example.com,Brian,Powell,285.476.0273x16
CAND-3881,haley.yoder@example.com,Haley,Yoder,706-832-7052x41
CAND-3882,phyllis.james@example.com,Phyllis,James,(267)264-6914x2
CAND-3883,mary.rodriguez@example.com,Mary,Rodriguez,001-574-437-847
CAND-3884,dylan.boone@example.com,Dylan,Boone,+1-783-637-6223
CAND-3885,david.snyder@example.com,David,Snyder,(378)366-1000x0
CAND-3886,alyssa.james@example.com,Alyssa,James,+1-247-493-9334
CAND-3887,ralph.chapman@example.com,Ralph,Chapman,+1-763-915-5580
CAND-3888,mark.arroyo@example.com,Mark,Arroyo,618.638.2370
CAND-3889,jonathan.herrera@example.com,Jonathan,Herrera,+1-650-413-8138
CAND-3890,christina.martin@example.com,Christina,Martin,(245)870-1773x3
CAND-3891,michael.morales@example.com,Michael,Morales,(449)871-2793x1
CAND-3892,frederick.wong@example.com,Frederick,Wong,856.899.9060x41
CAND-3893,alex.montes@example.com,Alex,Montes,(861)618-2892x1
CAND-3894,jeffrey.hart@example.com,Jeffrey,Hart,309.675.3363
CAND-3895,belinda.holden@example.com,Belinda,Holden,(989)769-1861
CAND-3896,deborah.gardner@example.com,Deborah,Gardner,245.849.6422
CAND-3897,lisa.tate@example.com,Lisa,Tate,001-992-755-830
CAND-3898,richard.odom@example.com,Richard,Odom,544.691.0885
CAND-3899,tina.melendez@example.com,Tina,Melendez,519.627.2778
CAND-3900,brandon.aguilar@example.com,Brandon,Aguilar,+1-232-581-8167
CAND-3901,justin.thompson@example.com,Justin,Thompson,636.217.4574x17
CAND-3902,andrew.brown@example.com,Andrew,Brown,001-301-333-021
CAND-3903,jessica.merritt@example.com,Jessica,Merritt,001-592-915-819
CAND-3904,jennifer.sampson@example.com,Jennifer,Sampson,761-984-6891x58
CAND-3905,kyle.henson@example.com,Kyle,Henson,+1-591-448-7192
CAND-3906,megan.bennett@example.com,Megan,Bennett,(319)878-9681x2
CAND-3907,jessica.andrews@example.com,Jessica,Andrews,001-927-670-866
CAND-3908,sara.quinn@example.com,Sara,Quinn,(297)275-9776x7
CAND-3909,rachel.flores@example.com,Rachel,Flores,001-668-323-373
CAND-3910,sara.higgins@example.com,Sara,Higgins,(278)786-5707x3
CAND-3911,eric.dudley@example.com,Eric,Dudley,421.233.0587
CAND-3912,tonya.bird@example.com,Tonya,Bird,001-929-255-769
CAND-3913,samuel.dennis@example.com,Samuel,Dennis,001-319-906-231
CAND-3914,kyle.horn@example.com,Kyle,Horn,4846867117
CAND-3915,chelsea.welch@example.com,Chelsea,Welch,001-663-343-650
CAND-3916,robert.thomas@example.com,Robert,Thomas,001-267-324-089
CAND-3917,pamela.wright@example.com,Pamela,Wright,956-367-0191
CAND-3918,steven.smith@example.com,Steven,Smith,399-592-0718x98
CAND-3919,daniel.peters@example.com,Daniel,Peters,+1-360-950-3461
CAND-3920,rachel.scott@example.com,Rachel,Scott,546-555-4512
CAND-3921,sarah.peterson@example.com,Sarah,Peterson,001-516-249-156
CAND-3922,hannah.reyes@example.com,Hannah,Reyes,986.648.6500
CAND-3923,jose.nguyen@example.com,Jose,Nguyen,801-991-6536x47
CAND-3924,todd.weber@example.com,Todd,Weber,841.645.2448
CAND-3925,kelli.brown@example.com,Kelli,Brown,535-409-0435x18
CAND-3926,carolyn.scott@example.com,Carolyn,Scott,001-365-413-271
CAND-3927,ruben.mckay@example.com,Ruben,Mckay,001-243-384-709
CAND-3928,victoria.trevino@example.com,Victoria,Trevino,492.836.2593
CAND-3929,michael.francis@example.com,Michael,Francis,519-224-9128
CAND-3930,nicole.patterson@example.com,Nicole,Patterson,381.883.9245
CAND-3931,troy.davis@example.com,Troy,Davis,461.596.0791x17
CAND-3932,jeremy.bird@example.com,Jeremy,Bird,991-433-5315x35
CAND-3933,jennifer.jarvis@example.com,Jennifer,Jarvis,001-404-409-414
CAND-3934,chris.santos@example.com,Chris,Santos,546-882-1636x29
CAND-3935,melissa.mitchell@example.com,Melissa,Mitchell,001-973-522-322
CAND-3936,philip.reese@example.com,Philip,Reese,(654)914-5287
CAND-3937,michael.smith@example.com,Michael,Smith,774-917-6434x41
CAND-3938,brenda.contreras@example.com,Brenda,Contreras,4656253293
CAND-3939,kent.adams@example.com,Kent,Adams,+1-234-951-9955
CAND-3940,timothy.weeks@example.com,Timothy,Weeks,272-381-5706x62
CAND-3941,janice.mcmillan@example.com,Janice,Mcmillan,(604)937-7149
CAND-3942,frederick.holmes@example.com,Frederick,Holmes,001-726-815-283
CAND-3943,andrea.chandler@example.com,Andrea,Chandler,+1-408-420-7809
CAND-3944,whitney.carpenter@example.com,Whitney,Carpenter,(752)610-9423
CAND-3945,travis.miller@example.com,Travis,Miller,7273929902
CAND-3946,andrew.pope@example.com,Andrew,Pope,(527)798-2579
CAND-3947,kristina.vazquez@example.com,Kristina,Vazquez,001-943-926-032
CAND-3948,darlene.smith@example.com,Darlene,Smith,281.771.5068x52
CAND-3949,lydia.martin@example.com,Lydia,Martin,+1-908-651-5122
CAND-3950,becky.hull@example.com,Becky,Hull,971-559-0364
CAND-3951,thomas.terry@example.com,Thomas,Terry,+1-601-525-9968
CAND-3952,holly.odom@example.com,Holly,Odom,+1-978-367-1542
CAND-3953,kristin.turner@example.com,Kristin,Turner,+1-570-707-1910
CAND-3954,claire.wilson@example.com,Claire,Wilson,523.340.5155x88
CAND-3955,tonya.banks@example.com,Tonya,Banks,+1-738-670-6115
CAND-3956,carla.kline@example.com,Carla,Kline,+1-826-659-5173
CAND-3957,ana.ramirez@example.com,Ana,Ramirez,237-340-0198
CAND-3958,margaret.smith@example.com,Margaret,Smith,(338)322-4432x6
CAND-3959,darlene.freeman@example.com,Darlene,Freeman,+1-255-517-9154
CAND-3960,joseph.morrison@example.com,Joseph,Morrison,389-230-4940x80
CAND-3961,stephanie.butler@example.com,Stephanie,Butler,469-881-9833x31
CAND-3962,lauren.roberts@example.com,Lauren,Roberts,001-330-275-059
CAND-3963,nicholas.rodriguez@example.com,Nicholas,Rodriguez,001-417-296-510
CAND-3964,amber.murphy@example.com,Amber,Murphy,001-774-894-558
CAND-3965,paul.love@example.com,Paul,Love,393-247-8126x88
CAND-3966,taylor.nielsen@example.com,Taylor,Nielsen,+1-386-932-0197
CAND-3967,joanna.anderson@example.com,Joanna,Anderson,001-925-858-811
CAND-3968,corey.cox@example.com,Corey,Cox,880-978-4424
CAND-3969,ryan.graves@example.com,Ryan,Graves,9043259765
CAND-3970,isaiah.scott@example.com,Isaiah,Scott,(284)379-5196x1
CAND-3971,valerie.hopkins@example.com,Valerie,Hopkins,409-305-4449x62
CAND-3972,robert.sanchez@example.com,Robert,Sanchez,+1-673-690-7666
CAND-3973,hunter.coffey@example.com,Hunter,Coffey,715.379.9706
CAND-3974,curtis.anderson@example.com,Curtis,Anderson,(207)378-3635x0
CAND-3975,ashley.braun@example.com,Ashley,Braun,316.962.3935x26
CAND-3976,wendy.rubio@example.com,Wendy,Rubio,(365)558-1326
CAND-3977,matthew.bauer@example.com,Matthew,Bauer,(270)218-2332
CAND-3978,gabriel.atkins@example.com,Gabriel,Atkins,+1-330-346-7407
CAND-3979,matthew.phillips@example.com,Matthew,Phillips,535.862.8753x18
CAND-3980,keith.hernandez@example.com,Keith,Hernandez,(529)264-5871x6
CAND-3981,jared.anderson@example.com,Jared,Anderson,468-380-7018
CAND-3982,marie.colon@example.com,Marie,Colon,657-241-2512x18
CAND-3983,melissa.miller@example.com,Melissa,Miller,001-819-844-557
CAND-3984,edward.harris@example.com,Edward,Harris,311.971.2034x57
CAND-3985,matthew.cooper@example.com,Matthew,Cooper,+1-323-800-2242
CAND-3986,victoria.collins@example.com,Victoria,Collins,335.319.9972
CAND-3987,casey.anderson@example.com,Casey,Anderson,+1-427-209-9306
CAND-3988,cynthia.klein@example.com,Cynthia,Klein,317-231-0109
CAND-3989,stephanie.miranda@example.com,Stephanie,Miranda,(700)352-0495x6
CAND-3990,andrew.kelley@example.com,Andrew,Kelley,+1-253-472-2783
CAND-3991,matthew.lewis@example.com,Matthew,Lewis,848-788-0769x65
CAND-3992,larry.armstrong@example.com,Larry,Armstrong,+1-528-691-4631
CAND-3993,shawn.perkins@example.com,Shawn,Perkins,+1-511-660-8478
CAND-3994,erika.walters@example.com,Erika,Walters,347-648-4856x94
CAND-3995,gregory.soto@example.com,Gregory,Soto,529.391.4260x71
CAND-3996,joseph.berger@example.com,Joseph,Berger,(776)746-1239
CAND-3997,joseph.singh@example.com,Joseph,Singh,+1-225-991-3720
CAND-3998,anna.allen@example.com,Anna,Allen,+1-393-346-8620
CAND-3999,kathleen.logan@example.com,Kathleen,Logan,001-738-228-918
CAND-4000,scott.dean@example.com,Scott,Dean,685-850-5068x15
CAND-4001,dean.costa@example.com,Dean,Costa,666-621-7627x24
CAND-4002,monica.ortiz@example.com,Monica,Ortiz,(814)599-7530x1
CAND-4003,john.green@example.com,John,Green,345-501-2221x98
CAND-4004,christian.stanton@example.com,Christian,Stanton,(493)408-9893x0
CAND-4005,jennifer.martin@example.com,Jennifer,Martin,417-866-9706x83
CAND-4006,jasmine.west@example.com,Jasmine,West,8004977354
CAND-4007,michael.calderon@example.com,Michael,Calderon,(490)712-1355x3
CAND-4008,jeffrey.cohen@example.com,Jeffrey,Cohen,864.966.9370
CAND-4009,cynthia.sexton@example.com,Cynthia,Sexton,740-931-4822x11
CAND-4010,henry.preston@example.com,Henry,Preston,(455)832-1685x5
CAND-4011,madison.larson@example.com,Madison,Larson,(605)583-6072x2
CAND-4012,susan.carpenter@example.com,Susan,Carpenter,001-488-766-898
CAND-4013,justin.collins@example.com,Justin,Collins,805.523.6141
CAND-4014,denise.smith@example.com,Denise,Smith,+1-927-542-0050
CAND-4015,carrie.ramos@example.com,Carrie,Ramos,001-788-610-485
CAND-4016,george.holloway@example.com,George,Holloway,+1-378-640-4147
CAND-4017,adam.hunt@example.com,Adam,Hunt,001-387-579-515
CAND-4018,stephen.tate@example.com,Stephen,Tate,8165884047
CAND-4019,jerry.norman@example.com,Jerry,Norman,001-694-479-141
CAND-4020,tanner.blackburn@example.com,Tanner,Blackburn,(777)841-6537x4
CAND-4021,jamie.ramos@example.com,Jamie,Ramos,(643)361-1168x5
CAND-4022,rebecca.wilson@example.com,Rebecca,Wilson,274.378.2563x43
CAND-4023,melissa.johnson@example.com,Melissa,Johnson,+1-288-331-4914
CAND-4024,deborah.burnett@example.com,Deborah,Burnett,548.215.7961x94
CAND-4025,jacob.jones@example.com,Jacob,Jones,458-924-7080x70
CAND-4026,zachary.buchanan@example.com,Zachary,Buchanan,443.864.2542x47
CAND-4027,claudia.rodriguez@example.com,Claudia,Rodriguez,546-366-9207x29
CAND-4028,jennifer.mills@example.com,Jennifer,Mills,708.263.3445x39
CAND-4029,ana.hudson@example.com,Ana,Hudson,+1-203-485-6980
CAND-4030,shannon.gonzalez@example.com,Shannon,Gonzalez,001-626-684-941
CAND-4031,stanley.miller@example.com,Stanley,Miller,479.526.0608
CAND-4032,frances.thomas@example.com,Frances,Thomas,+1-700-729-7806
CAND-4033,james.lynch@example.com,James,Lynch,(222)512-8816
CAND-4034,laura.flores@example.com,Laura,Flores,+1-632-623-2723
CAND-4035,devon.jones@example.com,Devon,Jones,001-460-483-881
CAND-4036,jason.sosa@example.com,Jason,Sosa,(928)346-6199
CAND-4037,brandon.mann@example.com,Brandon,Mann,001-786-632-133
CAND-4038,jonathan.anderson@example.com,Jonathan,Anderson,900.548.9974x42
CAND-4039,anthony.vasquez@example.com,Anthony,Vasquez,550.283.7432x00
CAND-4040,danielle.gibson@example.com,Danielle,Gibson,966.975.8598
CAND-4041,stephanie.acosta@example.com,Stephanie,Acosta,001-457-533-353
CAND-4042,amanda.conrad@example.com,Amanda,Conrad,001-994-305-694
CAND-4043,eric.rhodes@example.com,Eric,Rhodes,7794624809
CAND-4044,ernest.sandoval@example.com,Ernest,Sandoval,001-375-961-737
CAND-4045,manuel.rivera@example.com,Manuel,Rivera,001-667-674-735
CAND-4046,jorge.jacobs@example.com,Jorge,Jacobs,+1-589-207-1677
CAND-4047,lisa.rowland@example.com,Lisa,Rowland,001-792-730-083
CAND-4048,kristy.smith@example.com,Kristy,Smith,693.503.8035
CAND-4049,daniel.dorsey@example.com,Daniel,Dorsey,931.729.5048x88
CAND-4050,annette.zhang@example.com,Annette,Zhang,532.829.2780x99
CAND-4051,jason.lane@example.com,Jason,Lane,+1-306-820-4678
CAND-4052,beth.gentry@example.com,Beth,Gentry,001-348-367-076
CAND-4053,amy.miller@example.com,Amy,Miller,554-227-2557
CAND-4054,jill.braun@example.com,Jill,Braun,001-908-472-584
CAND-4055,todd.escobar@example.com,Todd,Escobar,(621)352-7231x1
CAND-4056,jessica.reyes@example.com,Jessica,Reyes,482.967.7597
CAND-4057,scott.rodriguez@example.com,Scott,Rodriguez,001-784-960-534
CAND-4058,justin.malone@example.com,Justin,Malone,9963834869
CAND-4059,ronald.roberts@example.com,Ronald,Roberts,(229)329-1773x6
CAND-4060,christopher.smith@example.com,Christopher,Smith,5779831826
CAND-4061,danielle.jones@example.com,Danielle,Jones,+1-370-532-2508
CAND-4062,jerry.craig@example.com,Jerry,Craig,(974)445-4544
CAND-4063,scott.mcintyre@example.com,Scott,Mcintyre,001-892-844-771
CAND-4064,shannon.townsend@example.com,Shannon,Townsend,001-942-806-137
CAND-4065,christopher.castro@example.com,Christopher,Castro,393-408-7879x09
CAND-4066,stacey.bender@example.com,Stacey,Bender,(435)781-5671x0
CAND-4067,katelyn.fitzgerald@example.com,Katelyn,Fitzgerald,+1-433-656-2844
CAND-4068,anthony.kline@example.com,Anthony,Kline,(352)400-4320
CAND-4069,vincent.santos@example.com,Vincent,Santos,(547)296-6678
CAND-4070,james.davis@example.com,James,Davis,(394)509-9375
CAND-4071,tommy.tanner@example.com,Tommy,Tanner,+1-684-781-4196
CAND-4072,carlos.hernandez@example.com,Carlos,Hernandez,649.765.3851x94
CAND-4073,cynthia.gentry@example.com,Cynthia,Gentry,940.910.7528
CAND-4074,franklin.shields@example.com,Franklin,Shields,775-602-2593x12
CAND-4075,nicole.byrd@example.com,Nicole,Byrd,001-455-703-079
CAND-4076,john.patterson@example.com,John,Patterson,723.396.7783x90
CAND-4077,richard.stephens@example.com,Richard,Stephens,(962)467-9409x9
CAND-4078,geoffrey.mccarty@example.com,Geoffrey,Mccarty,676-748-0361
CAND-4079,kevin.johnson@example.com,Kevin,Johnson,001-629-319-565
CAND-4080,tina.nelson@example.com,Tina,Nelson,(528)735-6022
CAND-4081,raven.miller@example.com,Raven,Miller,848.263.6938x05
CAND-4082,thomas.guerrero@example.com,Thomas,Guerrero,335-217-5931x72
CAND-4083,amber.holloway@example.com,Amber,Holloway,963-714-7961x26
CAND-4084,wendy.wagner@example.com,Wendy,Wagner,837-799-7881x66
CAND-4085,christian.andrews@example.com,Christian,Andrews,001-688-774-473
CAND-4086,steven.woodard@example.com,Steven,Woodard,+1-870-660-8558
CAND-4087,karen.ball@example.com,Karen,Ball,(475)941-1565
CAND-4088,shawn.mcintyre@example.com,Shawn,Mcintyre,+1-456-926-6998
CAND-4089,valerie.matthews@example.com,Valerie,Matthews,6088546316
CAND-4090,benjamin.cantrell@example.com,Benjamin,Cantrell,(549)532-3755x8
CAND-4091,jeremy.davis@example.com,Jeremy,Davis,001-432-254-859
CAND-4092,shelley.roman@example.com,Shelley,Roman,(365)234-7971x0
CAND-4093,benjamin.harris@example.com,Benjamin,Harris,(866)661-7808
CAND-4094,kyle.weber@example.com,Kyle,Weber,001-691-462-776
CAND-4095,michael.chang@example.com,Michael,Chang,(729)415-3537
CAND-4096,theresa.jones@example.com,Theresa,Jones,001-576-561-624
CAND-4097,alyssa.rodriguez@example.com,Alyssa,Rodriguez,+1-807-601-7744
CAND-4098,autumn.freeman@example.com,Autumn,Freeman,907-883-1233x15
CAND-4099,gilbert.hood@example.com,Gilbert,Hood,810-437-5141x64
CAND-4100,samantha.lopez@example.com,Samantha,Lopez,001-873-527-860
CAND-4101,paige.richardson@example.com,Paige,Richardson,(401)721-9914x9
CAND-4102,james.santana@example.com,James,Santana,001-953-201-965
CAND-4103,matthew.mccarty@example.com,Matthew,Mccarty,545-999-1452x10
CAND-4104,aaron.hayes@example.com,Aaron,Hayes,260.642.1210
CAND-4105,richard.washington@example.com,Richard,Washington,752.710.0848x65
CAND-4106,jasmine.everett@example.com,Jasmine,Everett,762.822.9054x41
CAND-4107,tyler.burke@example.com,Tyler,Burke,(693)969-0706
CAND-4108,donald.allen@example.com,Donald,Allen,001-283-289-517
CAND-4109,kevin.gonzalez@example.com,Kevin,Gonzalez,5764273255
CAND-4110,steve.blair@example.com,Steve,Blair,883.526.2250
CAND-4111,kevin.clark@example.com,Kevin,Clark,923.701.4646
CAND-4112,sara.rush@example.com,Sara,Rush,480.295.4185
CAND-4113,jason.simpson@example.com,Jason,Simpson,2102443305
CAND-4114,lisa.matthews@example.com,Lisa,Matthews,840.696.0087
CAND-4115,elizabeth.long@example.com,Elizabeth,Long,784-822-5277x68
CAND-4116,mckenzie.mercado@example.com,Mckenzie,Mercado,429-827-7501x93
CAND-4117,mallory.collins@example.com,Mallory,Collins,322-621-6609x52
CAND-4118,chelsea.cole@example.com,Chelsea,Cole,001-442-603-577
CAND-4119,brent.lawrence@example.com,Brent,Lawrence,663.962.3175x53
CAND-4120,tonya.santos@example.com,Tonya,Santos,806.758.5827
CAND-4121,kevin.cochran@example.com,Kevin,Cochran,(799)315-8973x0
CAND-4122,samantha.caldwell@example.com,Samantha,Caldwell,+1-742-298-3687
CAND-4123,logan.miller@example.com,Logan,Miller,001-855-851-074
CAND-4124,nicole.miller@example.com,Nicole,Miller,+1-489-901-7187
CAND-4125,rebecca.colon@example.com,Rebecca,Colon,001-226-783-156
CAND-4126,danielle.madden@example.com,Danielle,Madden,001-416-397-690
CAND-4127,cassandra.mcclure@example.com,Cassandra,Mcclure,001-571-490-232
CAND-4128,matthew.hayes@example.com,Matthew,Hayes,+1-721-823-0348
CAND-4129,jennifer.friedman@example.com,Jennifer,Friedman,317.321.0463
CAND-4130,alicia.hughes@example.com,Alicia,Hughes,001-670-719-878
CAND-4131,christine.rodriguez@example.com,Christine,Rodriguez,931-525-4709
CAND-4132,jonathan.garcia@example.com,Jonathan,Garcia,(405)640-7647x1
CAND-4133,james.kelley@example.com,James,Kelley,231-945-3948
CAND-4134,maria.norman@example.com,Maria,Norman,484.958.4584x02
CAND-4135,jennifer.krause@example.com,Jennifer,Krause,+1-502-618-0667
CAND-4136,jonathan.nelson@example.com,Jonathan,Nelson,290-567-7421
CAND-4137,alexis.clark@example.com,Alexis,Clark,643-471-0842x57
CAND-4138,lisa.stevens@example.com,Lisa,Stevens,853.549.7248
CAND-4139,gabriel.hurst@example.com,Gabriel,Hurst,001-635-902-277
CAND-4140,nancy.robinson@example.com,Nancy,Robinson,205.687.7522x21
CAND-4141,alexander.hernandez@example.com,Alexander,Hernandez,+1-242-203-3873
CAND-4142,david.edwards@example.com,David,Edwards,001-863-683-666
CAND-4143,christina.obrien@example.com,Christina,Obrien,985.913.4455x32
CAND-4144,james.castaneda@example.com,James,Castaneda,001-842-383-188
CAND-4145,raymond.barnes@example.com,Raymond,Barnes,734.628.0911
CAND-4146,jessica.gray@example.com,Jessica,Gray,(349)377-0549
CAND-4147,sandra.frederick@example.com,Sandra,Frederick,606-254-7651x26
CAND-4148,stephen.lara@example.com,Stephen,Lara,(613)783-4562x9
CAND-4149,robert.rivera@example.com,Robert,Rivera,982-823-0947x60
CAND-4150,tina.fuentes@example.com,Tina,Fuentes,+1-961-824-9833
CAND-4151,bonnie.rodgers@example.com,Bonnie,Rodgers,589.925.2914
CAND-4152,stephanie.molina@example.com,Stephanie,Molina,+1-629-908-3116
CAND-4153,alexandria.kim@example.com,Alexandria,Kim,373.420.7181x16
CAND-4154,phillip.morrison@example.com,Phillip,Morrison,+1-618-370-1539
CAND-4155,becky.aguilar@example.com,Becky,Aguilar,001-699-449-851
CAND-4156,donald.wallace@example.com,Donald,Wallace,5459122858
CAND-4157,anthony.wilson@example.com,Anthony,Wilson,001-435-674-318
CAND-4158,richard.flowers@example.com,Richard,Flowers,828-554-9972
CAND-4159,craig.rogers@example.com,Craig,Rogers,210.586.6704x29
CAND-4160,marco.lambert@example.com,Marco,Lambert,(842)382-3598x4
CAND-4161,amanda.marsh@example.com,Amanda,Marsh,584-912-1234x96
CAND-4162,bobby.myers@example.com,Bobby,Myers,923.252.6436x11
CAND-4163,jasmine.harrison@example.com,Jasmine,Harrison,(629)884-7548x7
CAND-4164,david.bennett@example.com,David,Bennett,+1-748-838-5601
CAND-4165,shawn.glover@example.com,Shawn,Glover,895.332.4975x39
CAND-4166,nancy.duncan@example.com,Nancy,Duncan,926.603.8615
CAND-4167,tracey.dillon@example.com,Tracey,Dillon,001-836-783-780
CAND-4168,amanda.stephens@example.com,Amanda,Stephens,746.812.0465x45
CAND-4169,peter.vaughn@example.com,Peter,Vaughn,001-636-438-139
CAND-4170,collin.hall@example.com,Collin,Hall,+1-398-420-4879
CAND-4171,jesse.rogers@example.com,Jesse,Rogers,493.477.5901x29
CAND-4172,pamela.jones@example.com,Pamela,Jones,770.245.7408
CAND-4173,sandra.giles@example.com,Sandra,Giles,001-849-611-392
CAND-4174,cindy.payne@example.com,Cindy,Payne,(568)531-3800
CAND-4175,anna.rivas@example.com,Anna,Rivas,(873)361-4047x6
CAND-4176,rebecca.cortez@example.com,Rebecca,Cortez,+1-618-411-0699
CAND-4177,lauren.english@example.com,Lauren,English,001-722-531-978
CAND-4178,dawn.thomas@example.com,Dawn,Thomas,508-498-1072
CAND-4179,jessica.thomas@example.com,Jessica,Thomas,+1-574-678-3019
CAND-4180,kathleen.adams@example.com,Kathleen,Adams,(353)974-2494
CAND-4181,walter.dunn@example.com,Walter,Dunn,770.923.9283x10
CAND-4182,roberta.harper@example.com,Roberta,Harper,604-339-7923
CAND-4183,anthony.burgess@example.com,Anthony,Burgess,(342)250-5963
CAND-4184,sally.farmer@example.com,Sally,Farmer,(884)941-8776x8
CAND-4185,jacqueline.hart@example.com,Jacqueline,Hart,(220)242-9758x1
CAND-4186,alison.gould@example.com,Alison,Gould,(492)730-6511x7
CAND-4187,paula.flores@example.com,Paula,Flores,(788)600-4960
CAND-4188,robert.johnson@example.com,Robert,Johnson,4842951704
CAND-4189,kathleen.mendoza@example.com,Kathleen,Mendoza,5874887526
CAND-4190,gabriel.goodman@example.com,Gabriel,Goodman,541-933-3580x21
CAND-4191,kaitlin.smith@example.com,Kaitlin,Smith,(833)458-2350
CAND-4192,taylor.caldwell@example.com,Taylor,Caldwell,001-857-308-832
CAND-4193,larry.peterson@example.com,Larry,Peterson,634-891-8924x55
CAND-4194,connie.cummings@example.com,Connie,Cummings,330.340.3058
CAND-4195,michael.palmer@example.com,Michael,Palmer,(635)306-2925x8
CAND-4196,tammy.pena@example.com,Tammy,Pena,001-743-873-331
CAND-4197,kimberly.peterson@example.com,Kimberly,Peterson,+1-902-720-8053
CAND-4198,cameron.garrison@example.com,Cameron,Garrison,001-246-351-835
CAND-4199,jessica.williams@example.com,Jessica,Williams,398.234.0077x16
CAND-4200,anna.brock@example.com,Anna,Brock,417.334.9963
CAND-4201,micheal.walker@example.com,Micheal,Walker,001-439-675-317
CAND-4202,yvette.hurst@example.com,Yvette,Hurst,+1-700-225-9375
CAND-4203,danielle.lopez@example.com,Danielle,Lopez,+1-674-408-9757
CAND-4204,rose.reed@example.com,Rose,Reed,+1-680-326-4214
CAND-4205,paul.hall@example.com,Paul,Hall,001-444-277-927
CAND-4206,michael.poole@example.com,Michael,Poole,(670)345-3304x3
CAND-4207,michael.bradley@example.com,Michael,Bradley,426.287.4433x73
CAND-4208,jeremy.smith@example.com,Jeremy,Smith,+1-210-939-1114
CAND-4209,maxwell.mccann@example.com,Maxwell,Mccann,286.721.6348x44
CAND-4210,jason.house@example.com,Jason,House,001-875-350-823
CAND-4211,jesse.bryant@example.com,Jesse,Bryant,995-388-0732
CAND-4212,kyle.walker@example.com,Kyle,Walker,442-584-6863x87
CAND-4213,alicia.duran@example.com,Alicia,Duran,001-727-704-943
CAND-4214,andrea.williamson@example.com,Andrea,Williamson,758-602-3310x81
CAND-4215,jennifer.blair@example.com,Jennifer,Blair,614-638-8273x74
CAND-4216,tyler.davis@example.com,Tyler,Davis,+1-513-724-0621
CAND-4217,jorge.lopez@example.com,Jorge,Lopez,001-637-302-555
CAND-4218,melissa.lucas@example.com,Melissa,Lucas,871.880.7492x23
CAND-4219,michael.patel@example.com,Michael,Patel,(614)719-0827x4
CAND-4220,robert.gates@example.com,Robert,Gates,001-992-550-763
CAND-4221,robert.bradford@example.com,Robert,Bradford,553.271.2146
CAND-4222,victor.banks@example.com,Victor,Banks,8955830428
CAND-4223,edward.jones@example.com,Edward,Jones,(565)857-4744
CAND-4224,phillip.perez@example.com,Phillip,Perez,(916)608-3402
CAND-4225,kimberly.williamson@example.com,Kimberly,Williamson,001-893-449-647
CAND-4226,lauren.harmon@example.com,Lauren,Harmon,226-326-7188x92
CAND-4227,jason.jones@example.com,Jason,Jones,966-773-2217
CAND-4228,brittany.shepherd@example.com,Brittany,Shepherd,947-372-0453x37
CAND-4229,heather.taylor@example.com,Heather,Taylor,(424)539-6063x0
CAND-4230,jeanne.bowman@example.com,Jeanne,Bowman,001-389-317-873
CAND-4231,william.chavez@example.com,William,Chavez,001-916-526-987
CAND-4232,kent.norman@example.com,Kent,Norman,(585)800-9479x4
CAND-4233,kimberly.peck@example.com,Kimberly,Peck,+1-816-562-9087
CAND-4234,deborah.macias@example.com,Deborah,Macias,001-877-263-966
CAND-4235,andrew.pham@example.com,Andrew,Pham,(250)340-8413x8
CAND-4236,carl.stewart@example.com,Carl,Stewart,(882)307-9077
CAND-4237,sabrina.thompson@example.com,Sabrina,Thompson,(416)664-0280x2
CAND-4238,kelly.hughes@example.com,Kelly,Hughes,865-417-5866
CAND-4239,melinda.kelly@example.com,Melinda,Kelly,204.338.8339x23
CAND-4240,jacob.foster@example.com,Jacob,Foster,+1-917-564-9857
CAND-4241,mary.bradley@example.com,Mary,Bradley,607-805-4720x92
CAND-4242,hailey.drake@example.com,Hailey,Drake,001-367-894-718
CAND-4243,robert.williams@example.com,Robert,Williams,810.801.7977
CAND-4244,shelly.williams@example.com,Shelly,Williams,(420)403-6423
CAND-4245,john.flores@example.com,John,Flores,(409)341-2456
CAND-4246,dylan.khan@example.com,Dylan,Khan,5258409411
CAND-4247,mathew.bailey@example.com,Mathew,Bailey,251-476-5698x36
CAND-4248,rick.dixon@example.com,Rick,Dixon,+1-375-672-0314
CAND-4249,joel.thompson@example.com,Joel,Thompson,358.499.4709x90
CAND-4250,jeffrey.bridges@example.com,Jeffrey,Bridges,504-849-0711
CAND-4251,jon.fernandez@example.com,Jon,Fernandez,+1-306-488-7858
CAND-4252,deanna.murray@example.com,Deanna,Murray,690.453.8751x89
CAND-4253,veronica.ray@example.com,Veronica,Ray,+1-603-597-7338
CAND-4254,frederick.velez@example.com,Frederick,Velez,001-869-744-104
CAND-4255,amy.thompson@example.com,Amy,Thompson,001-333-348-781
CAND-4256,rachel.kim@example.com,Rachel,Kim,367-957-3251x41
CAND-4257,sarah.lin@example.com,Sarah,Lin,(643)921-9792
CAND-4258,lisa.graves@example.com,Lisa,Graves,774-803-5300
CAND-4259,abigail.nelson@example.com,Abigail,Nelson,527.434.0697x54
CAND-4260,patrick.higgins@example.com,Patrick,Higgins,5152089229
CAND-4261,brittany.thomas@example.com,Brittany,Thomas,001-633-570-450
CAND-4262,austin.taylor@example.com,Austin,Taylor,734.751.2951x97
CAND-4263,amy.porter@example.com,Amy,Porter,001-831-760-278
CAND-4264,jennifer.davila@example.com,Jennifer,Davila,001-712-580-695
CAND-4265,christian.gates@example.com,Christian,Gates,466-378-5971x34
CAND-4266,alan.jackson@example.com,Alan,Jackson,785.624.7965
CAND-4267,tammie.williams@example.com,Tammie,Williams,555.948.8598x06
CAND-4268,zachary.fernandez@example.com,Zachary,Fernandez,+1-899-249-8440
CAND-4269,ashley.diaz@example.com,Ashley,Diaz,905-921-9899x02
CAND-4270,james.patel@example.com,James,Patel,715.430.2933x36
CAND-4271,anne.lane@example.com,Anne,Lane,(538)541-2791x3
CAND-4272,donald.howard@example.com,Donald,Howard,001-488-340-416
CAND-4273,christopher.larsen@example.com,Christopher,Larsen,344-248-5024x61
CAND-4274,troy.wright@example.com,Troy,Wright,579.973.0951x46
CAND-4275,george.parker@example.com,George,Parker,324.904.4012
CAND-4276,angela.blevins@example.com,Angela,Blevins,001-234-636-145
CAND-4277,john.barr@example.com,John,Barr,868.566.7756x46
CAND-4278,jamie.lutz@example.com,Jamie,Lutz,3942816853
CAND-4279,gwendolyn.kennedy@example.com,Gwendolyn,Kennedy,9145618702
CAND-4280,pamela.anderson@example.com,Pamela,Anderson,(478)531-4642x5
CAND-4281,donald.baker@example.com,Donald,Baker,496.596.4773
CAND-4282,travis.scott@example.com,Travis,Scott,001-229-821-332
CAND-4283,charles.powell@example.com,Charles,Powell,+1-746-805-6927
CAND-4284,christina.wade@example.com,Christina,Wade,(361)469-1343
CAND-4285,kathy.castro@example.com,Kathy,Castro,9258621974
CAND-4286,brandon.oconnor@example.com,Brandon,Oconnor,8424414265
CAND-4287,roberto.pitts@example.com,Roberto,Pitts,6469430072
CAND-4288,rachel.barry@example.com,Rachel,Barry,001-905-831-397
CAND-4289,noah.bowen@example.com,Noah,Bowen,977.672.4242
CAND-4290,kimberly.jones@example.com,Kimberly,Jones,+1-476-612-8261
CAND-4291,mary.aguilar@example.com,Mary,Aguilar,+1-677-299-9481
CAND-4292,richard.arnold@example.com,Richard,Arnold,(875)961-0408
CAND-4293,martha.lopez@example.com,Martha,Lopez,786-884-8106x24
CAND-4294,christina.fuller@example.com,Christina,Fuller,001-986-851-205
CAND-4295,nicole.evans@example.com,Nicole,Evans,001-970-216-962
CAND-4296,ricardo.tate@example.com,Ricardo,Tate,+1-781-337-8956
CAND-4297,francisco.holden@example.com,Francisco,Holden,758-296-3859x52
CAND-4298,brian.carey@example.com,Brian,Carey,206-766-0588
CAND-4299,ashley.davidson@example.com,Ashley,Davidson,498.715.8832
CAND-4300,margaret.brown@example.com,Margaret,Brown,416-386-6028
CAND-4301,jonathan.hunter@example.com,Jonathan,Hunter,(356)391-7815x4
CAND-4302,leslie.grant@example.com,Leslie,Grant,666.544.9347
CAND-4303,brian.phillips@example.com,Brian,Phillips,(367)784-5661
CAND-4304,sarah.ross@example.com,Sarah,Ross,+1-816-209-6405
CAND-4305,kathryn.dennis@example.com,Kathryn,Dennis,578-229-6147
CAND-4306,shaun.mccall@example.com,Shaun,Mccall,001-802-679-727
CAND-4307,randall.watson@example.com,Randall,Watson,(617)545-6589
CAND-4308,leah.henderson@example.com,Leah,Henderson,743-780-6841x45
CAND-4309,stacey.burnett@example.com,Stacey,Burnett,001-373-781-567
CAND-4310,sarah.miller@example.com,Sarah,Miller,+1-902-532-7639
CAND-4311,teresa.short@example.com,Teresa,Short,368.976.5964x71
CAND-4312,michael.perez@example.com,Michael,Perez,3969199751
CAND-4313,leslie.sampson@example.com,Leslie,Sampson,840-860-2109x16
CAND-4314,sandra.martin@example.com,Sandra,Martin,001-478-633-226
CAND-4315,james.perkins@example.com,James,Perkins,420-806-7897
CAND-4316,stephen.esparza@example.com,Stephen,Esparza,(691)347-0129x8
CAND-4317,natalie.reyes@example.com,Natalie,Reyes,(507)215-0066x5
CAND-4318,anthony.murphy@example.com,Anthony,Murphy,786.985.9222x20
CAND-4319,deborah.torres@example.com,Deborah,Torres,644-420-1803
CAND-4320,aaron.gray@example.com,Aaron,Gray,001-387-921-704
CAND-4321,cheryl.thomas@example.com,Cheryl,Thomas,767-512-3046
CAND-4322,tina.sanders@example.com,Tina,Sanders,(899)880-1665x8
CAND-4323,jacqueline.jackson@example.com,Jacqueline,Jackson,(208)761-0213
CAND-4324,angel.duncan@example.com,Angel,Duncan,(839)294-7834x8
CAND-4325,katherine.joyce@example.com,Katherine,Joyce,+1-524-674-0794
CAND-4326,larry.yates@example.com,Larry,Yates,+1-475-766-6196
CAND-4327,alejandro.stark@example.com,Alejandro,Stark,001-776-210-321
CAND-4328,teresa.stevens@example.com,Teresa,Stevens,(270)651-1938x8
CAND-4329,matthew.dixon@example.com,Matthew,Dixon,(772)291-9304x2
CAND-4330,kelsey.moore@example.com,Kelsey,Moore,411.487.6567
CAND-4331,joshua.moore@example.com,Joshua,Moore,(450)438-4101x9
CAND-4332,howard.richards@example.com,Howard,Richards,001-444-240-661
CAND-4333,nancy.henry@example.com,Nancy,Henry,(648)561-8382x5
CAND-4334,gregory.jones@example.com,Gregory,Jones,472-245-6051
CAND-4335,alison.johnson@example.com,Alison,Johnson,(517)480-8713x5
CAND-4336,toni.moore@example.com,Toni,Moore,4577036595
CAND-4337,timothy.vasquez@example.com,Timothy,Vasquez,(379)329-0469
CAND-4338,jessica.thomas@example.com,Jessica,Thomas,337-802-6167
CAND-4339,rhonda.alvarez@example.com,Rhonda,Alvarez,502.224.1026x21
CAND-4340,andrea.flowers@example.com,Andrea,Flowers,6913431938
CAND-4341,kimberly.owen@example.com,Kimberly,Owen,511.389.2307
CAND-4342,jerry.ford@example.com,Jerry,Ford,001-588-272-877
CAND-4343,kevin.castaneda@example.com,Kevin,Castaneda,976.980.9007x79
CAND-4344,jillian.obrien@example.com,Jillian,Obrien,685.325.3991x38
CAND-4345,jeremiah.hensley@example.com,Jeremiah,Hensley,544.685.1954x42
CAND-4346,jonathan.thompson@example.com,Jonathan,Thompson,001-988-355-108
CAND-4347,wendy.mcclain@example.com,Wendy,Mcclain,+1-974-485-3159
CAND-4348,madison.morgan@example.com,Madison,Morgan,577.453.8817x68
CAND-4349,joshua.warren@example.com,Joshua,Warren,001-610-816-219
CAND-4350,beverly.andersen@example.com,Beverly,Andersen,368-215-1649
CAND-4351,trevor.chen@example.com,Trevor,Chen,351-296-4923x06
CAND-4352,danny.delgado@example.com,Danny,Delgado,942.552.4671x93
CAND-4353,grace.johnson@example.com,Grace,Johnson,775.335.8983x24
CAND-4354,joe.perez@example.com,Joe,Perez,001-569-754-323
CAND-4355,michael.barnes@example.com,Michael,Barnes,388.637.7720x43
CAND-4356,donald.singleton@example.com,Donald,Singleton,001-669-265-645
CAND-4357,morgan.blackburn@example.com,Morgan,Blackburn,669.464.5440x66
CAND-4358,matthew.martin@example.com,Matthew,Martin,969.430.8011
CAND-4359,daniel.lopez@example.com,Daniel,Lopez,+1-930-420-0565
CAND-4360,elizabeth.herrera@example.com,Elizabeth,Herrera,+1-816-701-8619
CAND-4361,sonya.johnson@example.com,Sonya,Johnson,(318)640-4773x5
CAND-4362,brenda.decker@example.com,Brenda,Decker,563-522-8556
CAND-4363,robert.petersen@example.com,Robert,Petersen,+1-302-535-2179
CAND-4364,anthony.graves@example.com,Anthony,Graves,302-671-9058
CAND-4365,steve.camacho@example.com,Steve,Camacho,001-660-956-233
CAND-4366,barbara.durham@example.com,Barbara,Durham,468.785.4346x45
CAND-4367,jonathan.franco@example.com,Jonathan,Franco,433.530.0304x71
CAND-4368,justin.pearson@example.com,Justin,Pearson,(330)412-8194x0
CAND-4369,briana.anderson@example.com,Briana,Anderson,981.287.4146x56
CAND-4370,tristan.welch@example.com,Tristan,Welch,001-837-437-514
CAND-4371,david.becker@example.com,David,Becker,001-347-466-009
CAND-4372,oscar.obrien@example.com,Oscar,Obrien,(281)651-4185x9
CAND-4373,stephanie.osborn@example.com,Stephanie,Osborn,(856)908-4695x4
CAND-4374,susan.ward@example.com,Susan,Ward,(212)334-0015x2
CAND-4375,michael.webb@example.com,Michael,Webb,(494)420-1217
CAND-4376,bobby.turner@example.com,Bobby,Turner,922-908-2419x85
CAND-4377,jason.rodriguez@example.com,Jason,Rodriguez,001-837-323-073
CAND-4378,walter.owens@example.com,Walter,Owens,001-778-595-352
CAND-4379,lindsey.morris@example.com,Lindsey,Morris,001-599-951-541
CAND-4380,david.mitchell@example.com,David,Mitchell,3886486064
CAND-4381,kevin.moore@example.com,Kevin,Moore,001-709-769-337
CAND-4382,susan.rice@example.com,Susan,Rice,7632958454
CAND-4383,courtney.prince@example.com,Courtney,Prince,+1-729-865-3704
CAND-4384,amy.browning@example.com,Amy,Browning,9517834402
CAND-4385,michael.walters@example.com,Michael,Walters,+1-501-642-9503
CAND-4386,austin.walter@example.com,Austin,Walter,804-254-9804
CAND-4387,ralph.lopez@example.com,Ralph,Lopez,893-209-6663x49
CAND-4388,nathaniel.morris@example.com,Nathaniel,Morris,539.304.5543x62
CAND-4389,caroline.sims@example.com,Caroline,Sims,512.910.8110
CAND-4390,thomas.mcfarland@example.com,Thomas,Mcfarland,+1-800-977-8981
CAND-4391,sally.steele@example.com,Sally,Steele,(566)588-4331x6
CAND-4392,rachel.jones@example.com,Rachel,Jones,(772)649-0140
CAND-4393,james.carlson@example.com,James,Carlson,769-589-8473x84
CAND-4394,meredith.thompson@example.com,Meredith,Thompson,(280)215-3584x9
CAND-4395,james.larsen@example.com,James,Larsen,2203192686
CAND-4396,travis.romero@example.com,Travis,Romero,855-850-5181x76
CAND-4397,dillon.torres@example.com,Dillon,Torres,(377)504-1108x0
CAND-4398,sara.douglas@example.com,Sara,Douglas,348.995.6425x27
CAND-4399,tracy.silva@example.com,Tracy,Silva,805-537-2565
CAND-4400,patricia.crawford@example.com,Patricia,Crawford,434-688-9190x00
CAND-4401,gregory.mcintyre@example.com,Gregory,Mcintyre,727-776-0662
CAND-4402,tiffany.ruiz@example.com,Tiffany,Ruiz,444.911.2848x42
CAND-4403,jon.mccullough@example.com,Jon,Mccullough,+1-921-394-0478
CAND-4404,samuel.mccoy@example.com,Samuel,Mccoy,649.389.9126x38
CAND-4405,kirk.brewer@example.com,Kirk,Brewer,(509)473-3309x8
CAND-4406,janet.randall@example.com,Janet,Randall,001-585-627-049
CAND-4407,kevin.torres@example.com,Kevin,Torres,(334)364-7496x5
CAND-4408,alexis.rush@example.com,Alexis,Rush,(422)518-1595x8
CAND-4409,ronald.villegas@example.com,Ronald,Villegas,+1-486-560-8823
CAND-4410,sheila.garcia@example.com,Sheila,Garcia,795.922.5494
CAND-4411,andrew.miller@example.com,Andrew,Miller,(381)601-3247x0
CAND-4412,christian.white@example.com,Christian,White,975.574.5451
CAND-4413,katherine.lee@example.com,Katherine,Lee,365-748-7657
CAND-4414,jill.jones@example.com,Jill,Jones,(255)317-2864x2
CAND-4415,timothy.davis@example.com,Timothy,Davis,822.629.4531x96
CAND-4416,laura.koch@example.com,Laura,Koch,580-254-0085
CAND-4417,elizabeth.jacobs@example.com,Elizabeth,Jacobs,001-820-779-619
CAND-4418,joanna.dominguez@example.com,Joanna,Dominguez,311.787.0878
CAND-4419,seth.green@example.com,Seth,Green,001-216-871-656
CAND-4420,russell.burnett@example.com,Russell,Burnett,+1-785-416-8203
CAND-4421,diana.diaz@example.com,Diana,Diaz,+1-740-315-4150
CAND-4422,daniel.tran@example.com,Daniel,Tran,216-778-7348
CAND-4423,darryl.king@example.com,Darryl,King,(367)557-1695x4
CAND-4424,kathleen.mitchell@example.com,Kathleen,Mitchell,(968)339-6995
CAND-4425,tammy.li@example.com,Tammy,Li,+1-495-670-0168
CAND-4426,nicole.mcmahon@example.com,Nicole,Mcmahon,(338)678-9303
CAND-4427,jessica.long@example.com,Jessica,Long,4404962629
CAND-4428,michael.avery@example.com,Michael,Avery,001-453-976-210
CAND-4429,david.pham@example.com,David,Pham,9665754905
CAND-4430,sylvia.allen@example.com,Sylvia,Allen,637-345-0883x06
CAND-4431,melissa.leblanc@example.com,Melissa,Leblanc,9493672942
CAND-4432,renee.giles@example.com,Renee,Giles,(437)598-0047x2
CAND-4433,beth.hart@example.com,Beth,Hart,508.377.0152x42
CAND-4434,bradley.friedman@example.com,Bradley,Friedman,+1-493-721-0367
CAND-4435,mackenzie.estrada@example.com,Mackenzie,Estrada,527-609-8318x18
CAND-4436,jacob.melendez@example.com,Jacob,Melendez,248-483-0545
CAND-4437,sandra.walsh@example.com,Sandra,Walsh,+1-898-968-5819
CAND-4438,jonathan.beard@example.com,Jonathan,Beard,(632)886-4250
CAND-4439,joshua.murray@example.com,Joshua,Murray,001-374-426-588
CAND-4440,joseph.johnson@example.com,Joseph,Johnson,360-812-4181
CAND-4441,brian.sanders@example.com,Brian,Sanders,001-910-496-926
CAND-4442,jessica.moore@example.com,Jessica,Moore,(731)641-0924x4
CAND-4443,adam.cooper@example.com,Adam,Cooper,(586)342-9617x2
CAND-4444,alicia.peters@example.com,Alicia,Peters,706.904.4620x37
CAND-4445,charles.weber@example.com,Charles,Weber,+1-367-534-2142
CAND-4446,tammy.alvarado@example.com,Tammy,Alvarado,992-390-7038x39
CAND-4447,melissa.robinson@example.com,Melissa,Robinson,924-370-6492x22
CAND-4448,robert.stephenson@example.com,Robert,Stephenson,6045895241
CAND-4449,dana.buchanan@example.com,Dana,Buchanan,001-356-446-639
CAND-4450,jessica.williams@example.com,Jessica,Williams,635.975.9979
CAND-4451,leslie.sullivan@example.com,Leslie,Sullivan,(564)666-7667x4
CAND-4452,jacqueline.garcia@example.com,Jacqueline,Garcia,001-840-632-422
CAND-4453,julia.gonzalez@example.com,Julia,Gonzalez,(244)621-4610
CAND-4454,ashley.lee@example.com,Ashley,Lee,+1-600-858-1983
CAND-4455,bianca.morris@example.com,Bianca,Morris,+1-918-537-6539
CAND-4456,kathy.davis@example.com,Kathy,Davis,+1-707-650-9503
CAND-4457,rebecca.watson@example.com,Rebecca,Watson,264.702.9422
CAND-4458,brenda.smith@example.com,Brenda,Smith,712.415.5959
CAND-4459,robin.jones@example.com,Robin,Jones,001-371-366-553
CAND-4460,debbie.wang@example.com,Debbie,Wang,528.803.2538
CAND-4461,chad.mitchell@example.com,Chad,Mitchell,001-391-379-216
CAND-4462,cory.vaughan@example.com,Cory,Vaughan,368-772-6117x37
CAND-4463,jason.wall@example.com,Jason,Wall,550-335-5996x73
CAND-4464,edwin.harris@example.com,Edwin,Harris,001-412-343-466
CAND-4465,matthew.vargas@example.com,Matthew,Vargas,606-601-4612x05
CAND-4466,jonathan.hayes@example.com,Jonathan,Hayes,393.560.0748
CAND-4467,melissa.lopez@example.com,Melissa,Lopez,333.269.4175
CAND-4468,emily.west@example.com,Emily,West,(865)382-5548x3
CAND-4469,donald.snow@example.com,Donald,Snow,+1-458-679-0507
CAND-4470,stephanie.chambers@example.com,Stephanie,Chambers,863-566-6731x39
CAND-4471,james.ray@example.com,James,Ray,547-601-1214x35
CAND-4472,evan.wallace@example.com,Evan,Wallace,(882)288-1565
CAND-4473,kelly.thompson@example.com,Kelly,Thompson,+1-974-447-7064
CAND-4474,christine.chapman@example.com,Christine,Chapman,(644)523-5068
CAND-4475,katherine.wright@example.com,Katherine,Wright,496.506.2638
CAND-4476,christine.greene@example.com,Christine,Greene,001-847-287-454
CAND-4477,michelle.beck@example.com,Michelle,Beck,+1-386-486-5927
CAND-4478,catherine.gutierrez@example.com,Catherine,Gutierrez,648-327-7195x91
CAND-4479,maria.perez@example.com,Maria,Perez,347-672-9118x84
CAND-4480,sergio.terry@example.com,Sergio,Terry,+1-723-419-6172
CAND-4481,felicia.black@example.com,Felicia,Black,001-442-771-804
CAND-4482,darrell.rodriguez@example.com,Darrell,Rodriguez,+1-274-647-5636
CAND-4483,stephen.fletcher@example.com,Stephen,Fletcher,371.425.0682
CAND-4484,adrian.hickman@example.com,Adrian,Hickman,(681)739-7951x9
CAND-4485,edward.johnson@example.com,Edward,Johnson,(789)772-3591x9
CAND-4486,eric.jackson@example.com,Eric,Jackson,(697)770-2598
CAND-4487,ann.flores@example.com,Ann,Flores,842-920-5487x29
CAND-4488,john.pearson@example.com,John,Pearson,+1-737-706-3230
CAND-4489,nancy.woods@example.com,Nancy,Woods,(832)595-1662x1
CAND-4490,tyler.velasquez@example.com,Tyler,Velasquez,2304366386
CAND-4491,paul.dixon@example.com,Paul,Dixon,875-784-0531
CAND-4492,amy.white@example.com,Amy,White,387.261.7274x60
CAND-4493,kathryn.glenn@example.com,Kathryn,Glenn,+1-328-670-3517
CAND-4494,emily.schwartz@example.com,Emily,Schwartz,945.300.9706x44
CAND-4495,danielle.becker@example.com,Danielle,Becker,646.211.5552
CAND-4496,kylie.meza@example.com,Kylie,Meza,+1-220-515-8113
CAND-4497,brooke.lee@example.com,Brooke,Lee,669-751-5223
CAND-4498,laura.brown@example.com,Laura,Brown,+1-896-907-1376
CAND-4499,alexander.sawyer@example.com,Alexander,Sawyer,2607605064
CAND-4500,cody.fernandez@example.com,Cody,Fernandez,(284)601-4407
CAND-4501,james.black@example.com,James,Black,001-835-331-732
CAND-4502,michael.caldwell@example.com,Michael,Caldwell,(324)411-3414
CAND-4503,robert.dunn@example.com,Robert,Dunn,(565)883-5273
CAND-4504,kristin.payne@example.com,Kristin,Payne,(706)994-5684x7
CAND-4505,ashley.lawrence@example.com,Ashley,Lawrence,691-723-9449x49
CAND-4506,shawn.rivas@example.com,Shawn,Rivas,749-202-3077x14
CAND-4507,desiree.leonard@example.com,Desiree,Leonard,(886)301-1837
CAND-4508,anthony.jones@example.com,Anthony,Jones,+1-398-213-7801
CAND-4509,justin.smith@example.com,Justin,Smith,+1-344-744-5325
CAND-4510,charles.ibarra@example.com,Charles,Ibarra,3948526582
CAND-4511,matthew.davis@example.com,Matthew,Davis,(520)900-8888x7
CAND-4512,peggy.martin@example.com,Peggy,Martin,(585)756-9314
CAND-4513,justin.hansen@example.com,Justin,Hansen,001-907-932-761
CAND-4514,john.davis@example.com,John,Davis,(753)375-9335
CAND-4515,heather.reed@example.com,Heather,Reed,949-440-0746
CAND-4516,jeremy.ellis@example.com,Jeremy,Ellis,+1-288-711-8821
CAND-4517,elizabeth.wang@example.com,Elizabeth,Wang,(858)970-4253x7
CAND-4518,jennifer.anderson@example.com,Jennifer,Anderson,(949)466-0702x8
CAND-4519,jason.johnson@example.com,Jason,Johnson,912.516.6296x68
CAND-4520,joseph.mills@example.com,Joseph,Mills,2428685446
CAND-4521,wendy.rose@example.com,Wendy,Rose,489-393-2191x33
CAND-4522,timothy.nguyen@example.com,Timothy,Nguyen,648.856.4504
CAND-4523,gary.johnson@example.com,Gary,Johnson,001-244-516-316
CAND-4524,jeffery.willis@example.com,Jeffery,Willis,274-721-2066x05
CAND-4525,robert.buckley@example.com,Robert,Buckley,001-428-291-708
CAND-4526,thomas.young@example.com,Thomas,Young,001-787-872-269
CAND-4527,terri.davis@example.com,Terri,Davis,800-985-8549x14
CAND-4528,kristin.richards@example.com,Kristin,Richards,927-319-5261
CAND-4529,william.ruiz@example.com,William,Ruiz,+1-996-383-7201
CAND-4530,john.anderson@example.com,John,Anderson,881-496-3481x30
CAND-4531,tiffany.may@example.com,Tiffany,May,(891)453-9305x8
CAND-4532,samantha.smith@example.com,Samantha,Smith,(561)401-0619x5
CAND-4533,audrey.weaver@example.com,Audrey,Weaver,736-261-4501x81
CAND-4534,susan.olsen@example.com,Susan,Olsen,336-412-5142x61
CAND-4535,larry.murphy@example.com,Larry,Murphy,001-221-821-933
CAND-4536,benjamin.young@example.com,Benjamin,Young,(989)779-5737
CAND-4537,ryan.harmon@example.com,Ryan,Harmon,001-741-608-945
CAND-4538,julie.lee@example.com,Julie,Lee,(449)441-3309x8
CAND-4539,mackenzie.morris@example.com,Mackenzie,Morris,+1-442-728-5141
CAND-4540,nicole.rice@example.com,Nicole,Rice,(513)933-3056x1
CAND-4541,donald.clark@example.com,Donald,Clark,(379)208-2135x2
CAND-4542,shirley.dunn@example.com,Shirley,Dunn,+1-308-879-9333
CAND-4543,lynn.smith@example.com,Lynn,Smith,3826896818
CAND-4544,joel.duran@example.com,Joel,Duran,+1-986-928-3588
CAND-4545,donna.wilkins@example.com,Donna,Wilkins,(680)476-8790x2
CAND-4546,sarah.douglas@example.com,Sarah,Douglas,001-986-248-409
CAND-4547,nicole.ray@example.com,Nicole,Ray,854.522.4898x01
CAND-4548,mallory.lee@example.com,Mallory,Lee,+1-591-659-6586
CAND-4549,amber.king@example.com,Amber,King,945-236-7932x63
CAND-4550,william.jones@example.com,William,Jones,259.766.1446x65
CAND-4551,thomas.williams@example.com,Thomas,Williams,7618140223
CAND-4552,alexander.dorsey@example.com,Alexander,Dorsey,655.622.9509x44
CAND-4553,amanda.warner@example.com,Amanda,Warner,+1-861-581-7457
CAND-4554,laura.george@example.com,Laura,George,+1-900-689-7303
CAND-4555,rodney.pacheco@example.com,Rodney,Pacheco,333-540-9705x55
CAND-4556,jamie.ochoa@example.com,Jamie,Ochoa,001-743-517-274
CAND-4557,julie.smith@example.com,Julie,Smith,(861)501-5852
CAND-4558,rebecca.clark@example.com,Rebecca,Clark,607-885-7788
CAND-4559,donald.johnson@example.com,Donald,Johnson,520-611-8668x27
CAND-4560,brandon.deleon@example.com,Brandon,Deleon,+1-314-497-7418
CAND-4561,steven.lucas@example.com,Steven,Lucas,001-513-619-482
CAND-4562,jason.carlson@example.com,Jason,Carlson,(935)671-8868x3
CAND-4563,marvin.rodriguez@example.com,Marvin,Rodriguez,001-972-374-793
CAND-4564,david.lee@example.com,David,Lee,981.921.5542x37
CAND-4565,elizabeth.ayers@example.com,Elizabeth,Ayers,414-558-8613x64
CAND-4566,micheal.walton@example.com,Micheal,Walton,6636287755
CAND-4567,benjamin.smith@example.com,Benjamin,Smith,(710)999-7988
CAND-4568,rick.smith@example.com,Rick,Smith,+1-896-266-7939
CAND-4569,miranda.padilla@example.com,Miranda,Padilla,598.590.9789x20
CAND-4570,abigail.hobbs@example.com,Abigail,Hobbs,736-424-0831
CAND-4571,jennifer.mann@example.com,Jennifer,Mann,767-644-5632x25
CAND-4572,deborah.owens@example.com,Deborah,Owens,284.488.0595x47
CAND-4573,amanda.hudson@example.com,Amanda,Hudson,(534)237-1424
CAND-4574,kristina.sanchez@example.com,Kristina,Sanchez,001-872-749-288
CAND-4575,travis.rice@example.com,Travis,Rice,237-751-2207x21
CAND-4576,patrick.thompson@example.com,Patrick,Thompson,(524)970-3213
CAND-4577,amanda.barron@example.com,Amanda,Barron,5687409642
CAND-4578,mark.williams@example.com,Mark,Williams,+1-593-220-0822
CAND-4579,courtney.bridges@example.com,Courtney,Bridges,5858570419
CAND-4580,jonathan.pacheco@example.com,Jonathan,Pacheco,(441)751-1822x2
CAND-4581,bryan.johnson@example.com,Bryan,Johnson,723.321.3992
CAND-4582,justin.lopez@example.com,Justin,Lopez,850.322.1491
CAND-4583,brian.wolf@example.com,Brian,Wolf,+1-495-332-1059
CAND-4584,lauren.randolph@example.com,Lauren,Randolph,351.994.1997
CAND-4585,richard.smith@example.com,Richard,Smith,991-215-4316
CAND-4586,christian.carter@example.com,Christian,Carter,8484820645
CAND-4587,deborah.johnson@example.com,Deborah,Johnson,4985327365
CAND-4588,chelsea.anderson@example.com,Chelsea,Anderson,+1-420-956-5679
CAND-4589,lisa.ashley@example.com,Lisa,Ashley,+1-544-501-3059
CAND-4590,deborah.martin@example.com,Deborah,Martin,001-897-307-306
CAND-4591,autumn.mcmahon@example.com,Autumn,Mcmahon,4228854040
CAND-4592,karen.patterson@example.com,Karen,Patterson,(384)250-1562x2
CAND-4593,rick.roberts@example.com,Rick,Roberts,+1-998-327-8147
CAND-4594,megan.thomas@example.com,Megan,Thomas,626-798-1533
CAND-4595,jeremiah.stephens@example.com,Jeremiah,Stephens,509.526.9788
CAND-4596,david.zavala@example.com,David,Zavala,(708)252-0564
CAND-4597,tina.scott@example.com,Tina,Scott,9586565951
CAND-4598,holly.parsons@example.com,Holly,Parsons,001-650-344-492
CAND-4599,ian.fox@example.com,Ian,Fox,417-594-9442
CAND-4600,donald.reid@example.com,Donald,Reid,287-642-7963x04
CAND-4601,teresa.schmidt@example.com,Teresa,Schmidt,+1-464-716-3882
CAND-4602,curtis.garcia@example.com,Curtis,Garcia,894.562.3116x65
CAND-4603,aaron.donovan@example.com,Aaron,Donovan,733-859-0156x40
CAND-4604,ashley.atkinson@example.com,Ashley,Atkinson,767-935-9283x96
CAND-4605,molly.green@example.com,Molly,Green,861-665-6657
CAND-4606,alexander.lewis@example.com,Alexander,Lewis,(955)886-1711x0
CAND-4607,carol.gilbert@example.com,Carol,Gilbert,(849)462-3443
CAND-4608,wesley.stewart@example.com,Wesley,Stewart,(962)583-7947x7
CAND-4609,jeffrey.wright@example.com,Jeffrey,Wright,001-701-207-867
CAND-4610,jamie.galvan@example.com,Jamie,Galvan,001-816-654-980
CAND-4611,angela.castaneda@example.com,Angela,Castaneda,(608)457-6460x3
CAND-4612,amanda.jordan@example.com,Amanda,Jordan,(827)819-2173
CAND-4613,julie.rogers@example.com,Julie,Rogers,(867)739-0607x2
CAND-4614,jennifer.jenkins@example.com,Jennifer,Jenkins,876-365-7164x02
CAND-4615,stacey.hopkins@example.com,Stacey,Hopkins,(634)394-5724
CAND-4616,stanley.nelson@example.com,Stanley,Nelson,001-326-514-810
CAND-4617,james.little@example.com,James,Little,9702331566
CAND-4618,matthew.summers@example.com,Matthew,Summers,+1-808-451-9838
CAND-4619,kyle.williamson@example.com,Kyle,Williamson,+1-756-891-1030
CAND-4620,jason.schwartz@example.com,Jason,Schwartz,001-804-504-416
CAND-4621,mark.fox@example.com,Mark,Fox,296.710.4808
CAND-4622,megan.mendoza@example.com,Megan,Mendoza,998-375-8402x49
CAND-4623,margaret.ryan@example.com,Margaret,Ryan,+1-227-793-5444
CAND-4624,michele.kim@example.com,Michele,Kim,601.799.5261
CAND-4625,laura.wallace@example.com,Laura,Wallace,324.856.6363x05
CAND-4626,james.kim@example.com,James,Kim,001-763-817-333
CAND-4627,andrea.wright@example.com,Andrea,Wright,001-657-500-150
CAND-4628,david.allison@example.com,David,Allison,(692)535-6213
CAND-4629,john.benjamin@example.com,John,Benjamin,520-857-4921
CAND-4630,aaron.gordon@example.com,Aaron,Gordon,397.228.7024x56
CAND-4631,thomas.fowler@example.com,Thomas,Fowler,001-607-600-960
CAND-4632,jeremy.kent@example.com,Jeremy,Kent,001-834-557-161
CAND-4633,john.smith@example.com,John,Smith,+1-410-813-2312
CAND-4634,william.alexander@example.com,William,Alexander,5816690350
CAND-4635,tara.williams@example.com,Tara,Williams,(789)358-0424
CAND-4636,courtney.hopkins@example.com,Courtney,Hopkins,983.592.1143x67
CAND-4637,james.lang@example.com,James,Lang,+1-546-967-6682
CAND-4638,alexis.lester@example.com,Alexis,Lester,774.964.3850x88
CAND-4639,anthony.baker@example.com,Anthony,Baker,001-355-242-835
CAND-4640,bonnie.hall@example.com,Bonnie,Hall,+1-505-247-9489
CAND-4641,natalie.meyer@example.com,Natalie,Meyer,(808)207-5393x9
CAND-4642,summer.hensley@example.com,Summer,Hensley,001-642-570-983
CAND-4643,evelyn.robinson@example.com,Evelyn,Robinson,001-680-953-634
CAND-4644,denise.lara@example.com,Denise,Lara,+1-705-444-5292
CAND-4645,sheryl.carpenter@example.com,Sheryl,Carpenter,380-287-4592x18
CAND-4646,michael.oneal@example.com,Michael,Oneal,(386)694-6184x1
CAND-4647,dale.porter@example.com,Dale,Porter,+1-474-810-5663
CAND-4648,rebecca.anthony@example.com,Rebecca,Anthony,(830)825-7865x3
CAND-4649,steve.lewis@example.com,Steve,Lewis,001-903-621-124
CAND-4650,rachel.norris@example.com,Rachel,Norris,485-919-9683
CAND-4651,judy.david@example.com,Judy,David,+1-790-882-3710
CAND-4652,alex.martin@example.com,Alex,Martin,498.404.7327
CAND-4653,joseph.hale@example.com,Joseph,Hale,001-775-381-162
CAND-4654,david.santiago@example.com,David,Santiago,877.416.3159x38
CAND-4655,debra.orr@example.com,Debra,Orr,461.818.9192x83
CAND-4656,danielle.nicholson@example.com,Danielle,Nicholson,+1-783-658-8974
CAND-4657,erik.smith@example.com,Erik,Smith,+1-754-592-8767
CAND-4658,karen.ortiz@example.com,Karen,Ortiz,+1-381-545-3924
CAND-4659,julia.harris@example.com,Julia,Harris,632.664.0819
CAND-4660,justin.duncan@example.com,Justin,Duncan,3204842735
CAND-4661,christopher.alvarez@example.com,Christopher,Alvarez,+1-986-244-8296
CAND-4662,austin.andrews@example.com,Austin,Andrews,(624)565-2122x5
CAND-4663,steven.marsh@example.com,Steven,Marsh,+1-520-966-5456
CAND-4664,teresa.gonzales@example.com,Teresa,Gonzales,409-755-7538
CAND-4665,kimberly.chavez@example.com,Kimberly,Chavez,337-911-7185x69
CAND-4666,meagan.payne@example.com,Meagan,Payne,587.958.1589x18
CAND-4667,april.brown@example.com,April,Brown,+1-271-695-7156
CAND-4668,rebecca.mann@example.com,Rebecca,Mann,294-206-5685
CAND-4669,james.wallace@example.com,James,Wallace,2864146391
CAND-4670,kristy.stevens@example.com,Kristy,Stevens,223-378-3762x31
CAND-4671,teresa.long@example.com,Teresa,Long,4565292669
CAND-4672,paul.williams@example.com,Paul,Williams,534-221-4876
CAND-4673,dylan.vargas@example.com,Dylan,Vargas,(728)511-8031x9
CAND-4674,michael.jones@example.com,Michael,Jones,001-658-726-374
CAND-4675,gina.english@example.com,Gina,English,+1-487-481-3391
CAND-4676,dawn.walker@example.com,Dawn,Walker,(775)741-3870
CAND-4677,justin.campbell@example.com,Justin,Campbell,247-455-3241x36
CAND-4678,jenny.evans@example.com,Jenny,Evans,+1-814-910-7178
CAND-4679,karen.singh@example.com,Karen,Singh,001-960-704-545
CAND-4680,jerry.lewis@example.com,Jerry,Lewis,626.695.3724
CAND-4681,ashley.alvarez@example.com,Ashley,Alvarez,822-469-5143
CAND-4682,sandra.williams@example.com,Sandra,Williams,001-412-958-534
CAND-4683,rhonda.romero@example.com,Rhonda,Romero,001-253-389-706
CAND-4684,jamie.hensley@example.com,Jamie,Hensley,489-667-8263x76
CAND-4685,raymond.smith@example.com,Raymond,Smith,001-799-231-804
CAND-4686,laura.hinton@example.com,Laura,Hinton,215-894-9060x35
CAND-4687,charles.douglas@example.com,Charles,Douglas,9094171953
CAND-4688,angela.davis@example.com,Angela,Davis,340.389.8847x97
CAND-4689,michael.garrison@example.com,Michael,Garrison,216-243-3982x88
CAND-4690,brittany.king@example.com,Brittany,King,988-368-2875
CAND-4691,briana.lutz@example.com,Briana,Lutz,+1-872-330-7557
CAND-4692,noah.heath@example.com,Noah,Heath,813-400-9322x06
CAND-4693,andrew.curtis@example.com,Andrew,Curtis,429.883.6194x10
CAND-4694,james.potter@example.com,James,Potter,+1-402-864-9280
CAND-4695,leslie.logan@example.com,Leslie,Logan,577-829-2578
CAND-4696,jim.perry@example.com,Jim,Perry,823-205-3252
CAND-4697,billy.reid@example.com,Billy,Reid,+1-212-330-7388
CAND-4698,crystal.jackson@example.com,Crystal,Jackson,(243)965-2101
CAND-4699,leah.nelson@example.com,Leah,Nelson,(905)300-9911
CAND-4700,marc.johnson@example.com,Marc,Johnson,(311)315-0412x2
CAND-4701,theresa.whitehead@example.com,Theresa,Whitehead,950.582.6703x90
CAND-4702,angela.gonzales@example.com,Angela,Gonzales,001-214-693-719
CAND-4703,mitchell.turner@example.com,Mitchell,Turner,568-681-7561x09
CAND-4704,amber.allen@example.com,Amber,Allen,+1-212-775-3624
CAND-4705,isaac.hall@example.com,Isaac,Hall,547.750.9178
CAND-4706,jessica.lee@example.com,Jessica,Lee,+1-764-905-8588
CAND-4707,thomas.ruiz@example.com,Thomas,Ruiz,3772576627
CAND-4708,melissa.mckinney@example.com,Melissa,Mckinney,704-520-3073
CAND-4709,anna.rice@example.com,Anna,Rice,215.297.8007x86
CAND-4710,lorraine.stewart@example.com,Lorraine,Stewart,575-650-7481x44
CAND-4711,juan.mcgee@example.com,Juan,Mcgee,(366)526-3951
CAND-4712,amanda.mclean@example.com,Amanda,Mclean,449.941.5529
CAND-4713,steven.chaney@example.com,Steven,Chaney,313.558.9961x60
CAND-4714,dan.sanchez@example.com,Dan,Sanchez,+1-278-271-8797
CAND-4715,sandra.hayes@example.com,Sandra,Hayes,625.884.0090x62
CAND-4716,janet.estrada@example.com,Janet,Estrada,7504689025
CAND-4717,michelle.meyer@example.com,Michelle,Meyer,001-497-637-840
CAND-4718,lynn.jenkins@example.com,Lynn,Jenkins,+1-517-572-3797
CAND-4719,kathleen.wilson@example.com,Kathleen,Wilson,001-625-718-647
CAND-4720,joyce.stewart@example.com,Joyce,Stewart,(731)837-4471
CAND-4721,michael.robinson@example.com,Michael,Robinson,415.200.7488x38
CAND-4722,christopher.johnson@example.com,Christopher,Johnson,001-915-726-207
CAND-4723,erin.garcia@example.com,Erin,Garcia,001-786-997-250
CAND-4724,leah.schneider@example.com,Leah,Schneider,001-249-323-151
CAND-4725,lindsay.hunt@example.com,Lindsay,Hunt,835-871-9093
CAND-4726,jennifer.webb@example.com,Jennifer,Webb,(358)481-8837x6
CAND-4727,stephanie.peterson@example.com,Stephanie,Peterson,9754849391
CAND-4728,mary.mcclain@example.com,Mary,Mcclain,708-734-4434x02
CAND-4729,brittney.choi@example.com,Brittney,Choi,5877717566
CAND-4730,tracy.smith@example.com,Tracy,Smith,281.986.8320
CAND-4731,suzanne.harris@example.com,Suzanne,Harris,001-465-943-701
CAND-4732,deborah.anderson@example.com,Deborah,Anderson,001-976-819-348
CAND-4733,bradley.walker@example.com,Bradley,Walker,3987624531
CAND-4734,karen.rodriguez@example.com,Karen,Rodriguez,(665)822-7106
CAND-4735,rodney.cline@example.com,Rodney,Cline,(656)958-4042x9
CAND-4736,james.evans@example.com,James,Evans,(771)921-2498x7
CAND-4737,maria.zamora@example.com,Maria,Zamora,+1-421-431-9139
CAND-4738,barbara.hamilton@example.com,Barbara,Hamilton,001-822-607-113
CAND-4739,lori.roberts@example.com,Lori,Roberts,(978)536-7744
CAND-4740,gary.roberts@example.com,Gary,Roberts,919.855.4968x47
CAND-4741,brad.jones@example.com,Brad,Jones,001-628-617-717
CAND-4742,jacob.dougherty@example.com,Jacob,Dougherty,696.432.4700
CAND-4743,brenda.barrett@example.com,Brenda,Barrett,(254)271-2007x3
CAND-4744,oscar.castro@example.com,Oscar,Castro,523-399-7767x53
CAND-4745,andrea.haynes@example.com,Andrea,Haynes,899-605-8841x94
CAND-4746,felicia.tanner@example.com,Felicia,Tanner,218-280-3467
CAND-4747,roberto.potter@example.com,Roberto,Potter,+1-238-947-3810
CAND-4748,gary.hart@example.com,Gary,Hart,2827261634
CAND-4749,julian.mitchell@example.com,Julian,Mitchell,759.201.7524x00
CAND-4750,kelly.ortega@example.com,Kelly,Ortega,978-414-1277x01
CAND-4751,dorothy.allen@example.com,Dorothy,Allen,001-929-612-381
CAND-4752,patricia.flynn@example.com,Patricia,Flynn,5744326284
CAND-4753,susan.guerrero@example.com,Susan,Guerrero,(403)456-7294x4
CAND-4754,eric.coleman@example.com,Eric,Coleman,428.433.3432x60
CAND-4755,donna.rivera@example.com,Donna,Rivera,575-283-4417
CAND-4756,cindy.trujillo@example.com,Cindy,Trujillo,001-818-519-242
CAND-4757,michael.morrison@example.com,Michael,Morrison,(622)288-3209x3
CAND-4758,lisa.nicholson@example.com,Lisa,Nicholson,+1-729-636-7785
CAND-4759,kayla.wheeler@example.com,Kayla,Wheeler,544-529-7372x68
CAND-4760,theresa.king@example.com,Theresa,King,737.355.7378
CAND-4761,jesse.wheeler@example.com,Jesse,Wheeler,716-853-1264
CAND-4762,heather.gilbert@example.com,Heather,Gilbert,557.505.7171x59
CAND-4763,kristina.perez@example.com,Kristina,Perez,(262)555-0135x8
CAND-4764,jessica.miller@example.com,Jessica,Miller,973.520.2201
CAND-4765,tamara.fernandez@example.com,Tamara,Fernandez,(826)506-8686
CAND-4766,aaron.castillo@example.com,Aaron,Castillo,+1-796-848-8639
CAND-4767,ann.garcia@example.com,Ann,Garcia,(699)559-1102
CAND-4768,alicia.lee@example.com,Alicia,Lee,8936275329
CAND-4769,melanie.garner@example.com,Melanie,Garner,520.413.0653
CAND-4770,joel.vazquez@example.com,Joel,Vazquez,(691)618-6641x1
CAND-4771,sandra.robles@example.com,Sandra,Robles,+1-223-296-5978
CAND-4772,alison.smith@example.com,Alison,Smith,503.322.6008x88
CAND-4773,james.duke@example.com,James,Duke,+1-373-410-5388
CAND-4774,cindy.smith@example.com,Cindy,Smith,001-942-482-361
CAND-4775,julie.randall@example.com,Julie,Randall,+1-838-221-2101
CAND-4776,melissa.greene@example.com,Melissa,Greene,349.270.4209x77
CAND-4777,brent.friedman@example.com,Brent,Friedman,631-994-2236x53
CAND-4778,kimberly.white@example.com,Kimberly,White,+1-650-676-2332
CAND-4779,xavier.miller@example.com,Xavier,Miller,001-249-936-016
CAND-4780,james.martin@example.com,James,Martin,+1-357-558-4836
CAND-4781,kristin.mendez@example.com,Kristin,Mendez,+1-410-429-5788
CAND-4782,veronica.clark@example.com,Veronica,Clark,558.662.3422
CAND-4783,regina.anderson@example.com,Regina,Anderson,(941)901-4423x0
CAND-4784,robert.luna@example.com,Robert,Luna,(612)551-7434x2
CAND-4785,wanda.herrera@example.com,Wanda,Herrera,293.490.3169x64
CAND-4786,margaret.long@example.com,Margaret,Long,001-687-948-511
CAND-4787,sue.salinas@example.com,Sue,Salinas,(285)497-6646x9
CAND-4788,andrea.moore@example.com,Andrea,Moore,546.694.8254x57
CAND-4789,kenneth.hayes@example.com,Kenneth,Hayes,+1-520-701-3768
CAND-4790,sara.boyer@example.com,Sara,Boyer,001-781-437-242
CAND-4791,carl.vasquez@example.com,Carl,Vasquez,5572267798
CAND-4792,lindsay.williams@example.com,Lindsay,Williams,001-303-404-330
CAND-4793,rhonda.larsen@example.com,Rhonda,Larsen,723.788.4099
CAND-4794,matthew.mcfarland@example.com,Matthew,Mcfarland,(627)218-1063x1
CAND-4795,ryan.cole@example.com,Ryan,Cole,001-464-862-906
CAND-4796,luis.oneill@example.com,Luis,Oneill,937.904.2141x52
CAND-4797,sherri.potter@example.com,Sherri,Potter,700.909.8545x06
CAND-4798,raymond.barnett@example.com,Raymond,Barnett,912.835.4336x06
CAND-4799,brian.little@example.com,Brian,Little,2705737366
CAND-4800,christopher.davenport@example.com,Christopher,Davenport,+1-776-507-9046
CAND-4801,jodi.silva@example.com,Jodi,Silva,293-444-9916x15
CAND-4802,kristy.gonzales@example.com,Kristy,Gonzales,001-682-762-255
CAND-4803,wendy.bernard@example.com,Wendy,Bernard,5896066036
CAND-4804,alexander.brewer@example.com,Alexander,Brewer,001-661-769-313
CAND-4805,laura.thompson@example.com,Laura,Thompson,7433326444
CAND-4806,richard.richards@example.com,Richard,Richards,761-852-8681x59
CAND-4807,steven.pearson@example.com,Steven,Pearson,8792491790
CAND-4808,elizabeth.haney@example.com,Elizabeth,Haney,425-470-6029
CAND-4809,joseph.pierce@example.com,Joseph,Pierce,001-271-247-067
CAND-4810,kimberly.hopkins@example.com,Kimberly,Hopkins,(219)679-7647
CAND-4811,hannah.ortiz@example.com,Hannah,Ortiz,8164561246
CAND-4812,martin.bright@example.com,Martin,Bright,(612)451-6280x2
CAND-4813,samantha.hess@example.com,Samantha,Hess,+1-647-246-9785
CAND-4814,danielle.adams@example.com,Danielle,Adams,(635)380-0272x9
CAND-4815,daniel.rodriguez@example.com,Daniel,Rodriguez,(590)858-8841
CAND-4816,cynthia.griffith@example.com,Cynthia,Griffith,(263)913-4946
CAND-4817,william.ball@example.com,William,Ball,(495)421-9385
CAND-4818,gabriel.gilbert@example.com,Gabriel,Gilbert,914-923-1154
CAND-4819,crystal.pitts@example.com,Crystal,Pitts,2498988312
CAND-4820,donna.edwards@example.com,Donna,Edwards,395.443.2845
CAND-4821,mary.beck@example.com,Mary,Beck,001-238-978-843
CAND-4822,kelly.hurst@example.com,Kelly,Hurst,287-364-2730x09
CAND-4823,amanda.humphrey@example.com,Amanda,Humphrey,2693832924
CAND-4824,darin.thompson@example.com,Darin,Thompson,201.968.0732x81
CAND-4825,travis.jones@example.com,Travis,Jones,+1-790-766-5056
CAND-4826,jesus.hester@example.com,Jesus,Hester,4029671617
CAND-4827,sean.young@example.com,Sean,Young,+1-395-643-1611
CAND-4828,kimberly.lester@example.com,Kimberly,Lester,+1-418-459-2930
CAND-4829,rebecca.adams@example.com,Rebecca,Adams,+1-797-961-6611
CAND-4830,barry.williams@example.com,Barry,Williams,8927073786
CAND-4831,michael.lam@example.com,Michael,Lam,819.755.7290x34
CAND-4832,charles.cruz@example.com,Charles,Cruz,537.327.2590x63
CAND-4833,eric.wilson@example.com,Eric,Wilson,(410)609-9912x9
CAND-4834,alexandra.finley@example.com,Alexandra,Finley,931-910-3580
CAND-4835,mindy.miller@example.com,Mindy,Miller,001-912-704-593
CAND-4836,chelsea.ellison@example.com,Chelsea,Ellison,384.853.5468
CAND-4837,patrick.wilcox@example.com,Patrick,Wilcox,001-300-737-363
CAND-4838,bryce.medina@example.com,Bryce,Medina,001-607-678-336
CAND-4839,randy.valenzuela@example.com,Randy,Valenzuela,(957)653-1002x6
CAND-4840,melanie.white@example.com,Melanie,White,771-548-9125x52
CAND-4841,kimberly.weiss@example.com,Kimberly,Weiss,001-844-874-015
CAND-4842,alicia.gates@example.com,Alicia,Gates,001-527-425-452
CAND-4843,joshua.li@example.com,Joshua,Li,(630)589-1229
CAND-4844,christina.garcia@example.com,Christina,Garcia,001-250-210-239
CAND-4845,natalie.turner@example.com,Natalie,Turner,577-449-1928
CAND-4846,kenneth.wood@example.com,Kenneth,Wood,310-396-7024
CAND-4847,karen.lane@example.com,Karen,Lane,+1-834-978-7762
CAND-4848,catherine.sloan@example.com,Catherine,Sloan,001-272-217-821
CAND-4849,richard.palmer@example.com,Richard,Palmer,764-928-7345x76
CAND-4850,james.miller@example.com,James,Miller,654.792.5867
CAND-4851,ricky.benton@example.com,Ricky,Benton,443-513-2815x61
CAND-4852,natalie.spence@example.com,Natalie,Spence,001-929-404-608
CAND-4853,keith.frank@example.com,Keith,Frank,9182799971
CAND-4854,amber.king@example.com,Amber,King,952-777-1152
CAND-4855,jacqueline.owens@example.com,Jacqueline,Owens,001-536-813-204
CAND-4856,george.hunter@example.com,George,Hunter,297-999-1113
CAND-4857,jeremy.fisher@example.com,Jeremy,Fisher,996-371-9796
CAND-4858,oscar.morales@example.com,Oscar,Morales,914.516.8265x97
CAND-4859,sarah.mayo@example.com,Sarah,Mayo,927-212-1519
CAND-4860,catherine.powell@example.com,Catherine,Powell,(473)616-7349
CAND-4861,drew.freeman@example.com,Drew,Freeman,(317)484-0548x5
CAND-4862,jill.hunt@example.com,Jill,Hunt,437.901.4498x77
CAND-4863,angela.garcia@example.com,Angela,Garcia,001-525-898-339
CAND-4864,walter.escobar@example.com,Walter,Escobar,421-451-1261x09
CAND-4865,timothy.stewart@example.com,Timothy,Stewart,+1-453-899-8376
CAND-4866,donna.wise@example.com,Donna,Wise,530.614.2352x79
CAND-4867,benjamin.frost@example.com,Benjamin,Frost,662-876-6478
CAND-4868,anthony.stewart@example.com,Anthony,Stewart,413-610-6660x29
CAND-4869,matthew.harris@example.com,Matthew,Harris,001-356-209-901
CAND-4870,nicole.sims@example.com,Nicole,Sims,001-550-936-326
CAND-4871,marcus.rogers@example.com,Marcus,Rogers,001-643-222-602
CAND-4872,nicholas.watts@example.com,Nicholas,Watts,475.594.5870
CAND-4873,karen.ruiz@example.com,Karen,Ruiz,605-364-0067
CAND-4874,nathan.cruz@example.com,Nathan,Cruz,+1-952-740-8741
CAND-4875,travis.perry@example.com,Travis,Perry,496-639-2148x19
CAND-4876,jennifer.brown@example.com,Jennifer,Brown,436-454-5191x60
CAND-4877,ronald.irwin@example.com,Ronald,Irwin,367-699-2662x43
CAND-4878,alexandra.doyle@example.com,Alexandra,Doyle,+1-496-358-6146
CAND-4879,heather.abbott@example.com,Heather,Abbott,468.975.7412
CAND-4880,roy.smith@example.com,Roy,Smith,244-671-8694x13
CAND-4881,benjamin.williams@example.com,Benjamin,Williams,(328)335-5714x2
CAND-4882,jessica.spears@example.com,Jessica,Spears,625-395-3532
CAND-4883,franklin.coleman@example.com,Franklin,Coleman,(720)668-5660x9
CAND-4884,casey.flowers@example.com,Casey,Flowers,001-612-401-502
CAND-4885,steven.ho@example.com,Steven,Ho,614.810.4528x87
CAND-4886,william.dixon@example.com,William,Dixon,+1-604-895-2605
CAND-4887,joshua.davis@example.com,Joshua,Davis,372.681.1223
CAND-4888,jose.ferguson@example.com,Jose,Ferguson,666.780.2955
CAND-4889,karina.rivers@example.com,Karina,Rivers,001-497-652-657
CAND-4890,justin.mullen@example.com,Justin,Mullen,(890)481-1609
CAND-4891,christina.sanchez@example.com,Christina,Sanchez,001-656-413-615
CAND-4892,david.hernandez@example.com,David,Hernandez,9967986007
CAND-4893,seth.davis@example.com,Seth,Davis,(356)623-9476x4
CAND-4894,mary.bryant@example.com,Mary,Bryant,(290)795-1980x9
CAND-4895,nicholas.farrell@example.com,Nicholas,Farrell,(766)525-1031
CAND-4896,anthony.mcdonald@example.com,Anthony,Mcdonald,8338024677
CAND-4897,angela.peters@example.com,Angela,Peters,406.841.0809x10
CAND-4898,tyler.thompson@example.com,Tyler,Thompson,001-985-351-570
CAND-4899,elizabeth.brown@example.com,Elizabeth,Brown,+1-657-905-8334
CAND-4900,nicholas.jordan@example.com,Nicholas,Jordan,(685)339-9286x3
CAND-4901,teresa.aguirre@example.com,Teresa,Aguirre,(656)541-6506
CAND-4902,janice.collier@example.com,Janice,Collier,6544069651
CAND-4903,paul.savage@example.com,Paul,Savage,(272)456-3930
CAND-4904,patricia.moore@example.com,Patricia,Moore,001-611-477-155
CAND-4905,kristen.garcia@example.com,Kristen,Garcia,(919)226-9360
CAND-4906,theodore.grimes@example.com,Theodore,Grimes,+1-855-513-1039
CAND-4907,mason.phillips@example.com,Mason,Phillips,(530)975-6745
CAND-4908,stacy.burns@example.com,Stacy,Burns,+1-264-522-5638
CAND-4909,daniel.brown@example.com,Daniel,Brown,+1-514-442-3814
CAND-4910,thomas.nelson@example.com,Thomas,Nelson,446-242-2559x22
CAND-4911,thomas.hill@example.com,Thomas,Hill,+1-514-386-2978
CAND-4912,katherine.gallagher@example.com,Katherine,Gallagher,001-916-260-400
CAND-4913,carl.thomas@example.com,Carl,Thomas,(518)347-4400x0
CAND-4914,terri.lambert@example.com,Terri,Lambert,(426)649-2327
CAND-4915,cynthia.osborne@example.com,Cynthia,Osborne,+1-750-438-9347
CAND-4916,jennifer.lopez@example.com,Jennifer,Lopez,537-774-2267x16
CAND-4917,david.howard@example.com,David,Howard,762-360-5538x55
CAND-4918,jessica.bruce@example.com,Jessica,Bruce,590.334.7744x99
CAND-4919,david.boyer@example.com,David,Boyer,830-383-2121
CAND-4920,patricia.escobar@example.com,Patricia,Escobar,+1-576-525-1973
CAND-4921,tonya.thomas@example.com,Tonya,Thomas,228-710-0749x88
CAND-4922,jonathan.carter@example.com,Jonathan,Carter,738-500-8666x58
CAND-4923,christy.lynn@example.com,Christy,Lynn,(622)833-9364x6
CAND-4924,sara.dominguez@example.com,Sara,Dominguez,001-220-954-888
CAND-4925,rachel.hernandez@example.com,Rachel,Hernandez,491.762.9077x26
CAND-4926,jacob.weeks@example.com,Jacob,Weeks,2999662725
CAND-4927,alex.taylor@example.com,Alex,Taylor,4084407588
CAND-4928,dustin.martinez@example.com,Dustin,Martinez,985-599-3178x58
CAND-4929,joshua.murillo@example.com,Joshua,Murillo,986.576.7703
CAND-4930,scott.montoya@example.com,Scott,Montoya,728.203.6719x99
CAND-4931,christopher.lee@example.com,Christopher,Lee,278-822-3949x70
CAND-4932,edward.taylor@example.com,Edward,Taylor,(736)644-1487x7
CAND-4933,david.herrera@example.com,David,Herrera,(880)689-8809x3
CAND-4934,kelly.rose@example.com,Kelly,Rose,475-752-5391
CAND-4935,marc.sexton@example.com,Marc,Sexton,8032089737
CAND-4936,eileen.ruiz@example.com,Eileen,Ruiz,470.733.2158x36
CAND-4937,alicia.grimes@example.com,Alicia,Grimes,843.460.4898x83
CAND-4938,jill.parks@example.com,Jill,Parks,375-206-0947
CAND-4939,emily.price@example.com,Emily,Price,+1-551-231-9142
CAND-4940,sean.myers@example.com,Sean,Myers,+1-963-386-4610
CAND-4941,george.bryant@example.com,George,Bryant,+1-449-517-6558
CAND-4942,patricia.brown@example.com,Patricia,Brown,001-427-504-914
CAND-4943,joel.clark@example.com,Joel,Clark,+1-231-667-2900
CAND-4944,david.carr@example.com,David,Carr,(513)707-4552x9
CAND-4945,christina.jackson@example.com,Christina,Jackson,8575083922
CAND-4946,lauren.smith@example.com,Lauren,Smith,407.683.7164
CAND-4947,kimberly.powell@example.com,Kimberly,Powell,(357)898-1233
CAND-4948,tiffany.mckenzie@example.com,Tiffany,Mckenzie,3896925631
CAND-4949,rebecca.trevino@example.com,Rebecca,Trevino,001-915-930-804
CAND-4950,amy.garcia@example.com,Amy,Garcia,001-589-333-234
CAND-4951,julie.becker@example.com,Julie,Becker,916.821.4276x56
CAND-4952,edward.barker@example.com,Edward,Barker,363-250-2142
CAND-4953,nicholas.martinez@example.com,Nicholas,Martinez,610-364-5582x00
CAND-4954,heather.buchanan@example.com,Heather,Buchanan,451-561-9465x37
CAND-4955,julie.barnett@example.com,Julie,Barnett,+1-783-523-2367
CAND-4956,michelle.odom@example.com,Michelle,Odom,(717)701-3588x1
CAND-4957,sandra.schaefer@example.com,Sandra,Schaefer,(348)599-3087
CAND-4958,alexander.garcia@example.com,Alexander,Garcia,488-804-1121
CAND-4959,david.garza@example.com,David,Garza,001-906-910-296
CAND-4960,william.lee@example.com,William,Lee,001-531-763-934
CAND-4961,michael.collins@example.com,Michael,Collins,3857747177
CAND-4962,matthew.carter@example.com,Matthew,Carter,001-864-532-246
CAND-4963,daniel.ferguson@example.com,Daniel,Ferguson,+1-515-689-9609
CAND-4964,james.george@example.com,James,George,(320)248-2401x5
CAND-4965,carlos.boyd@example.com,Carlos,Boyd,+1-873-932-4715
CAND-4966,nichole.young@example.com,Nichole,Young,7316697281
CAND-4967,benjamin.allen@example.com,Benjamin,Allen,831-990-8573x46
CAND-4968,matthew.pierce@example.com,Matthew,Pierce,+1-770-915-4227
CAND-4969,spencer.pearson@example.com,Spencer,Pearson,(200)853-6889
CAND-4970,joshua.edwards@example.com,Joshua,Edwards,001-438-620-187
CAND-4971,sandra.whitney@example.com,Sandra,Whitney,001-811-853-091
CAND-4972,gregory.kaufman@example.com,Gregory,Kaufman,(227)924-4709x9
CAND-4973,calvin.thomas@example.com,Calvin,Thomas,001-725-926-555
CAND-4974,ricky.beck@example.com,Ricky,Beck,712-500-5655
CAND-4975,brandon.beck@example.com,Brandon,Beck,9742393872
CAND-4976,thomas.mckee@example.com,Thomas,Mckee,+1-433-559-2423
CAND-4977,haley.gardner@example.com,Haley,Gardner,3173106378
CAND-4978,amy.boyd@example.com,Amy,Boyd,001-738-939-543
CAND-4979,heather.miller@example.com,Heather,Miller,+1-940-238-4058
CAND-4980,johnathan.austin@example.com,Johnathan,Austin,593-718-7323
CAND-4981,curtis.rangel@example.com,Curtis,Rangel,7965233440
CAND-4982,sherry.tran@example.com,Sherry,Tran,+1-283-733-3787
CAND-4983,marissa.dunn@example.com,Marissa,Dunn,+1-798-795-9814
CAND-4984,carl.peterson@example.com,Carl,Peterson,646.942.2730x06
CAND-4985,benjamin.ballard@example.com,Benjamin,Ballard,604.628.0489x19
CAND-4986,scott.lewis@example.com,Scott,Lewis,+1-277-599-3804
CAND-4987,veronica.jordan@example.com,Veronica,Jordan,9492191799
CAND-4988,kristi.gibson@example.com,Kristi,Gibson,+1-773-710-8027
CAND-4989,todd.campbell@example.com,Todd,Campbell,001-803-322-211
CAND-4990,angela.hamilton@example.com,Angela,Hamilton,4706941957
CAND-4991,christopher.jenkins@example.com,Christopher,Jenkins,784-553-6981x05
CAND-4992,kelly.skinner@example.com,Kelly,Skinner,001-523-608-107
CAND-4993,michael.howard@example.com,Michael,Howard,590.572.6745
CAND-4994,christina.anderson@example.com,Christina,Anderson,001-499-991-780
CAND-4995,jimmy.foley@example.com,Jimmy,Foley,001-322-563-861
CAND-4996,katherine.kelley@example.com,Katherine,Kelley,458.617.8105
CAND-4997,dawn.flores@example.com,Dawn,Flores,357.583.5421
CAND-4998,nicole.pearson@example.com,Nicole,Pearson,+1-957-696-1444
CAND-4999,jeffrey.keith@example.com,Jeffrey,Keith,(827)791-1074
CAND-5000,matthew.williams@example.com,Matthew,Williams,(430)220-0686x5
