candidate_id,email,first_name,last_name,phone
review-clean4-clean-CAND-00001,review-clean4-clean.danielle.johnson.0001@example.com,Danielle,Johnson,+1-clean-0000001
review-clean4-clean-CAND-00002,review-clean4-clean.joshua.walker.0002@example.com,Joshua,Walker,+1-clean-0000002
review-clean4-clean-CAND-00003,review-clean4-clean.jill.rhodes.0003@example.com,Jill,Rhodes,+1-clean-0000003
review-clean4-clean-CAND-00004,review-clean4-clean.patricia.miller.0004@example.com,Patricia,Miller,+1-clean-0000004
review-clean4-clean-CAND-00005,review-clean4-clean.robert.johnson.0005@example.com,Robert,Johnson,+1-clean-0000005
review-clean4-clean-CAND-00006,review-clean4-clean.jeffery.wagner.0006@example.com,Jeffery,Wagner,+1-clean-0000006
review-clean4-clean-CAND-00007,review-clean4-clean.anthony.gonzalez.0007@example.com,Anthony,Gonzalez,+1-clean-0000007
review-clean4-clean-CAND-00008,review-clean4-clean.debra.gardner.0008@example.com,Debra,Gardner,+1-clean-0000008
review-clean4-clean-CAND-00009,review-clean4-clean.jeffrey.lawrence.0009@example.com,Jeffrey,Lawrence,+1-clean-0000009
review-clean4-clean-CAND-00010,review-clean4-clean.lisa.smith.0010@example.com,Lisa,Smith,+1-clean-0000010
review-clean4-clean-CAND-00011,review-clean4-clean.linda.wolfe.0011@example.com,Linda,Wolfe,+1-clean-0000011
review-clean4-clean-CAND-00012,review-clean4-clean.matthew.moore.0012@example.com,Matthew,Moore,+1-clean-0000012
review-clean4-clean-CAND-00013,review-clean4-clean.susan.rogers.0013@example.com,Susan,Rogers,+1-clean-0000013
review-clean4-clean-CAND-00014,review-clean4-clean.christopher.davis.0014@example.com,Christopher,Davis,+1-clean-0000014
review-clean4-clean-CAND-00015,review-clean4-clean.melanie.munoz.0015@example.com,Melanie,Munoz,+1-clean-0000015
review-clean4-clean-CAND-00016,review-clean4-clean.lindsay.blair.0016@example.com,Lindsay,Blair,+1-clean-0000016
review-clean4-clean-CAND-00017,review-clean4-clean.amanda.dudley.0017@example.com,Amanda,Dudley,+1-clean-0000017
review-clean4-clean-CAND-00018,review-clean4-clean.nicholas.arnold.0018@example.com,Nicholas,Arnold,+1-clean-0000018
review-clean4-clean-CAND-00019,review-clean4-clean.maria.montgomery.0019@example.com,Maria,Montgomery,+1-clean-0000019
review-clean4-clean-CAND-00020,review-clean4-clean.michelle.ray.0020@example.com,Michelle,Ray,+1-clean-0000020
review-clean4-clean-CAND-00021,review-clean4-clean.janet.williams.0021@example.com,Janet,Williams,+1-clean-0000021
review-clean4-clean-CAND-00022,review-clean4-clean.jeremy.roberts.0022@example.com,Jeremy,Roberts,+1-clean-0000022
review-clean4-clean-CAND-00023,review-clean4-clean.christopher.hall.0023@example.com,Christopher,Hall,+1-clean-0000023
review-clean4-clean-CAND-00024,review-clean4-clean.craig.ramirez.0024@example.com,Craig,Ramirez,+1-clean-0000024
review-clean4-clean-CAND-00025,review-clean4-clean.cynthia.diaz.0025@example.com,Cynthia,Diaz,+1-clean-0000025
review-clean4-clean-CAND-00026,review-clean4-clean.mitchell.clark.0026@example.com,Mitchell,Clark,+1-clean-0000026
review-clean4-clean-CAND-00027,review-clean4-clean.joseph.zuniga.0027@example.com,Joseph,Zuniga,+1-clean-0000027
review-clean4-clean-CAND-00028,review-clean4-clean.deborah.lynch.0028@example.com,Deborah,Lynch,+1-clean-0000028
review-clean4-clean-CAND-00029,review-clean4-clean.george.daniel.0029@example.com,George,Daniel,+1-clean-0000029
review-clean4-clean-CAND-00030,review-clean4-clean.frank.gray.0030@example.com,Frank,Gray,+1-clean-0000030
review-clean4-clean-CAND-00031,review-clean4-clean.veronica.bowman.0031@example.com,Veronica,Bowman,+1-clean-0000031
review-clean4-clean-CAND-00032,review-clean4-clean.angela.cohen.0032@example.com,Angela,Cohen,+1-clean-0000032
review-clean4-clean-CAND-00033,review-clean4-clean.megan.parsons.0033@example.com,Megan,Parsons,+1-clean-0000033
review-clean4-clean-CAND-00034,review-clean4-clean.jeremy.johnson.0034@example.com,Jeremy,Johnson,+1-clean-0000034
review-clean4-clean-CAND-00035,review-clean4-clean.leslie.adams.0035@example.com,Leslie,Adams,+1-clean-0000035
review-clean4-clean-CAND-00036,review-clean4-clean.jason.hahn.0036@example.com,Jason,Hahn,+1-clean-0000036
review-clean4-clean-CAND-00037,review-clean4-clean.nancy.edwards.0037@example.com,Nancy,Edwards,+1-clean-0000037
review-clean4-clean-CAND-00038,review-clean4-clean.diana.foster.0038@example.com,Diana,Foster,+1-clean-0000038
review-clean4-clean-CAND-00039,review-clean4-clean.robin.ellis.0039@example.com,Robin,Ellis,+1-clean-0000039
review-clean4-clean-CAND-00040,review-clean4-clean.joseph.wright.0040@example.com,Joseph,Wright,+1-clean-0000040
review-clean4-clean-CAND-00041,review-clean4-clean.anna.baker.0041@example.com,Anna,Baker,+1-clean-0000041
review-clean4-clean-CAND-00042,review-clean4-clean.brenda.hurst.0042@example.com,Brenda,Hurst,+1-clean-0000042
review-clean4-clean-CAND-00043,review-clean4-clean.reginald.robinson.0043@example.com,Reginald,Robinson,+1-clean-0000043
review-clean4-clean-CAND-00044,review-clean4-clean.whitney.hicks.0044@example.com,Whitney,Hicks,+1-clean-0000044
review-clean4-clean-CAND-00045,review-clean4-clean.christopher.williams.0045@example.com,Christopher,Williams,+1-clean-0000045
review-clean4-clean-CAND-00046,review-clean4-clean.daniel.burton.0046@example.com,Daniel,Burton,+1-clean-0000046
review-clean4-clean-CAND-00047,review-clean4-clean.laura.henderson.0047@example.com,Laura,Henderson,+1-clean-0000047
review-clean4-clean-CAND-00048,review-clean4-clean.bryan.james.0048@example.com,Bryan,James,+1-clean-0000048
review-clean4-clean-CAND-00049,review-clean4-clean.wendy.rice.0049@example.com,Wendy,Rice,+1-clean-0000049
review-clean4-clean-CAND-00050,review-clean4-clean.tasha.valencia.0050@example.com,Tasha,Valencia,+1-clean-0000050
review-clean4-clean-CAND-00051,review-clean4-clean.alexander.le.0051@example.com,Alexander,Le,+1-clean-0000051
review-clean4-clean-CAND-00052,review-clean4-clean.erin.herrera.0052@example.com,Erin,Herrera,+1-clean-0000052
review-clean4-clean-CAND-00053,review-clean4-clean.joseph.davidson.0053@example.com,Joseph,Davidson,+1-clean-0000053
review-clean4-clean-CAND-00054,review-clean4-clean.daniel.graham.0054@example.com,Daniel,Graham,+1-clean-0000054
review-clean4-clean-CAND-00055,review-clean4-clean.shawn.mckay.0055@example.com,Shawn,Mckay,+1-clean-0000055
review-clean4-clean-CAND-00056,review-clean4-clean.nancy.baker.0056@example.com,Nancy,Baker,+1-clean-0000056
review-clean4-clean-CAND-00057,review-clean4-clean.vincent.white.0057@example.com,Vincent,White,+1-clean-0000057
review-clean4-clean-CAND-00058,review-clean4-clean.rita.harrell.0058@example.com,Rita,Harrell,+1-clean-0000058
review-clean4-clean-CAND-00059,review-clean4-clean.kenneth.fowler.0059@example.com,Kenneth,Fowler,+1-clean-0000059
review-clean4-clean-CAND-00060,review-clean4-clean.chelsea.hernandez.0060@example.com,Chelsea,Hernandez,+1-clean-0000060
review-clean4-clean-CAND-00061,review-clean4-clean.kathryn.ryan.0061@example.com,Kathryn,Ryan,+1-clean-0000061
review-clean4-clean-CAND-00062,review-clean4-clean.kimberly.moreno.0062@example.com,Kimberly,Moreno,+1-clean-0000062
review-clean4-clean-CAND-00063,review-clean4-clean.aaron.nguyen.0063@example.com,Aaron,Nguyen,+1-clean-0000063
review-clean4-clean-CAND-00064,review-clean4-clean.andrew.hickman.0064@example.com,Andrew,Hickman,+1-clean-0000064
review-clean4-clean-CAND-00065,review-clean4-clean.natasha.decker.0065@example.com,Natasha,Decker,+1-clean-0000065
review-clean4-clean-CAND-00066,review-clean4-clean.kyle.brown.0066@example.com,Kyle,Brown,+1-clean-0000066
review-clean4-clean-CAND-00067,review-clean4-clean.natalie.arroyo.0067@example.com,Natalie,Arroyo,+1-clean-0000067
review-clean4-clean-CAND-00068,review-clean4-clean.christopher.tucker.0068@example.com,Christopher,Tucker,+1-clean-0000068
review-clean4-clean-CAND-00069,review-clean4-clean.chad.hodges.0069@example.com,Chad,Hodges,+1-clean-0000069
review-clean4-clean-CAND-00070,review-clean4-clean.katie.anderson.0070@example.com,Katie,Anderson,+1-clean-0000070
review-clean4-clean-CAND-00071,review-clean4-clean.thomas.pierce.0071@example.com,Thomas,Pierce,+1-clean-0000071
review-clean4-clean-CAND-00072,review-clean4-clean.joseph.brennan.0072@example.com,Joseph,Brennan,+1-clean-0000072
review-clean4-clean-CAND-00073,review-clean4-clean.rodney.lewis.0073@example.com,Rodney,Lewis,+1-clean-0000073
review-clean4-clean-CAND-00074,review-clean4-clean.amber.blair.0074@example.com,Amber,Blair,+1-clean-0000074
review-clean4-clean-CAND-00075,review-clean4-clean.james.collins.0075@example.com,James,Collins,+1-clean-0000075
review-clean4-clean-CAND-00076,review-clean4-clean.wanda.santos.0076@example.com,Wanda,Santos,+1-clean-0000076
review-clean4-clean-CAND-00077,review-clean4-clean.samuel.holmes.0077@example.com,Samuel,Holmes,+1-clean-0000077
review-clean4-clean-CAND-00078,review-clean4-clean.david.walker.0078@example.com,David,Walker,+1-clean-0000078
review-clean4-clean-CAND-00079,review-clean4-clean.matthew.chapman.0079@example.com,Matthew,Chapman,+1-clean-0000079
review-clean4-clean-CAND-00080,review-clean4-clean.jerry.robinson.0080@example.com,Jerry,Robinson,+1-clean-0000080
review-clean4-clean-CAND-00081,review-clean4-clean.chad.welch.0081@example.com,Chad,Welch,+1-clean-0000081
review-clean4-clean-CAND-00082,review-clean4-clean.jeremy.whitehead.0082@example.com,Jeremy,Whitehead,+1-clean-0000082
review-clean4-clean-CAND-00083,review-clean4-clean.michele.jones.0083@example.com,Michele,Jones,+1-clean-0000083
review-clean4-clean-CAND-00084,review-clean4-clean.john.caldwell.0084@example.com,John,Caldwell,+1-clean-0000084
review-clean4-clean-CAND-00085,review-clean4-clean.jason.anderson.0085@example.com,Jason,Anderson,+1-clean-0000085
review-clean4-clean-CAND-00086,review-clean4-clean.selena.duncan.0086@example.com,Selena,Duncan,+1-clean-0000086
review-clean4-clean-CAND-00087,review-clean4-clean.thomas.mueller.0087@example.com,Thomas,Mueller,+1-clean-0000087
review-clean4-clean-CAND-00088,review-clean4-clean.lindsey.lee.0088@example.com,Lindsey,Lee,+1-clean-0000088
review-clean4-clean-CAND-00089,review-clean4-clean.collin.jordan.0089@example.com,Collin,Jordan,+1-clean-0000089
review-clean4-clean-CAND-00090,review-clean4-clean.rodney.owens.0090@example.com,Rodney,Owens,+1-clean-0000090
review-clean4-clean-CAND-00091,review-clean4-clean.jessica.nunez.0091@example.com,Jessica,Nunez,+1-clean-0000091
review-clean4-clean-CAND-00092,review-clean4-clean.tracey.garcia.0092@example.com,Tracey,Garcia,+1-clean-0000092
review-clean4-clean-CAND-00093,review-clean4-clean.richard.morgan.0093@example.com,Richard,Morgan,+1-clean-0000093
review-clean4-clean-CAND-00094,review-clean4-clean.michelle.wright.0094@example.com,Michelle,Wright,+1-clean-0000094
review-clean4-clean-CAND-00095,review-clean4-clean.james.west.0095@example.com,James,West,+1-clean-0000095
review-clean4-clean-CAND-00096,review-clean4-clean.robert.ramirez.0096@example.com,Robert,Ramirez,+1-clean-0000096
review-clean4-clean-CAND-00097,review-clean4-clean.john.leblanc.0097@example.com,John,Leblanc,+1-clean-0000097
review-clean4-clean-CAND-00098,review-clean4-clean.scott.callahan.0098@example.com,Scott,Callahan,+1-clean-0000098
review-clean4-clean-CAND-00099,review-clean4-clean.andrea.williams.0099@example.com,Andrea,Williams,+1-clean-0000099
review-clean4-clean-CAND-00100,review-clean4-clean.yvette.huff.0100@example.com,Yvette,Huff,+1-clean-0000100
review-clean4-clean-CAND-00101,review-clean4-clean.tanya.house.0101@example.com,Tanya,House,+1-clean-0000101
review-clean4-clean-CAND-00102,review-clean4-clean.melinda.martin.0102@example.com,Melinda,Martin,+1-clean-0000102
review-clean4-clean-CAND-00103,review-clean4-clean.todd.lewis.0103@example.com,Todd,Lewis,+1-clean-0000103
review-clean4-clean-CAND-00104,review-clean4-clean.richard.brown.0104@example.com,Richard,Brown,+1-clean-0000104
review-clean4-clean-CAND-00105,review-clean4-clean.nicholas.galloway.0105@example.com,Nicholas,Galloway,+1-clean-0000105
review-clean4-clean-CAND-00106,review-clean4-clean.joseph.bowers.0106@example.com,Joseph,Bowers,+1-clean-0000106
review-clean4-clean-CAND-00107,review-clean4-clean.spencer.henderson.0107@example.com,Spencer,Henderson,+1-clean-0000107
review-clean4-clean-CAND-00108,review-clean4-clean.susan.cowan.0108@example.com,Susan,Cowan,+1-clean-0000108
review-clean4-clean-CAND-00109,review-clean4-clean.angela.higgins.0109@example.com,Angela,Higgins,+1-clean-0000109
review-clean4-clean-CAND-00110,review-clean4-clean.eric.phillips.0110@example.com,Eric,Phillips,+1-clean-0000110
review-clean4-clean-CAND-00111,review-clean4-clean.tanya.riley.0111@example.com,Tanya,Riley,+1-clean-0000111
review-clean4-clean-CAND-00112,review-clean4-clean.amy.adkins.0112@example.com,Amy,Adkins,+1-clean-0000112
review-clean4-clean-CAND-00113,review-clean4-clean.brian.silva.0113@example.com,Brian,Silva,+1-clean-0000113
review-clean4-clean-CAND-00114,review-clean4-clean.wesley.farrell.0114@example.com,Wesley,Farrell,+1-clean-0000114
review-clean4-clean-CAND-00115,review-clean4-clean.eric.yu.0115@example.com,Eric,Yu,+1-clean-0000115
review-clean4-clean-CAND-00116,review-clean4-clean.christopher.lopez.0116@example.com,Christopher,Lopez,+1-clean-0000116
review-clean4-clean-CAND-00117,review-clean4-clean.brooke.leonard.0117@example.com,Brooke,Leonard,+1-clean-0000117
review-clean4-clean-CAND-00118,review-clean4-clean.joe.wilson.0118@example.com,Joe,Wilson,+1-clean-0000118
review-clean4-clean-CAND-00119,review-clean4-clean.pamela.sanchez.0119@example.com,Pamela,Sanchez,+1-clean-0000119
review-clean4-clean-CAND-00120,review-clean4-clean.brooke.harvey.0120@example.com,Brooke,Harvey,+1-clean-0000120
review-clean4-clean-CAND-00121,review-clean4-clean.robert.silva.0121@example.com,Robert,Silva,+1-clean-0000121
review-clean4-clean-CAND-00122,review-clean4-clean.alexandra.donovan.0122@example.com,Alexandra,Donovan,+1-clean-0000122
review-clean4-clean-CAND-00123,review-clean4-clean.james.moran.0123@example.com,James,Moran,+1-clean-0000123
review-clean4-clean-CAND-00124,review-clean4-clean.john.foster.0124@example.com,John,Foster,+1-clean-0000124
review-clean4-clean-CAND-00125,review-clean4-clean.emily.evans.0125@example.com,Emily,Evans,+1-clean-0000125
review-clean4-clean-CAND-00126,review-clean4-clean.leslie.walton.0126@example.com,Leslie,Walton,+1-clean-0000126
review-clean4-clean-CAND-00127,review-clean4-clean.charles.ellis.0127@example.com,Charles,Ellis,+1-clean-0000127
review-clean4-clean-CAND-00128,review-clean4-clean.yolanda.ferrell.0128@example.com,Yolanda,Ferrell,+1-clean-0000128
review-clean4-clean-CAND-00129,review-clean4-clean.charles.lewis.0129@example.com,Charles,Lewis,+1-clean-0000129
review-clean4-clean-CAND-00130,review-clean4-clean.joseph.mahoney.0130@example.com,Joseph,Mahoney,+1-clean-0000130
review-clean4-clean-CAND-00131,review-clean4-clean.nicole.suarez.0131@example.com,Nicole,Suarez,+1-clean-0000131
review-clean4-clean-CAND-00132,review-clean4-clean.mike.moore.0132@example.com,Mike,Moore,+1-clean-0000132
review-clean4-clean-CAND-00133,review-clean4-clean.martha.warner.0133@example.com,Martha,Warner,+1-clean-0000133
review-clean4-clean-CAND-00134,review-clean4-clean.cheryl.archer.0134@example.com,Cheryl,Archer,+1-clean-0000134
review-clean4-clean-CAND-00135,review-clean4-clean.destiny.smith.0135@example.com,Destiny,Smith,+1-clean-0000135
review-clean4-clean-CAND-00136,review-clean4-clean.lisa.evans.0136@example.com,Lisa,Evans,+1-clean-0000136
review-clean4-clean-CAND-00137,review-clean4-clean.elizabeth.mcmillan.0137@example.com,Elizabeth,Mcmillan,+1-clean-0000137
review-clean4-clean-CAND-00138,review-clean4-clean.dennis.wilson.0138@example.com,Dennis,Wilson,+1-clean-0000138
review-clean4-clean-CAND-00139,review-clean4-clean.daniel.tran.0139@example.com,Daniel,Tran,+1-clean-0000139
review-clean4-clean-CAND-00140,review-clean4-clean.joseph.jacobs.0140@example.com,Joseph,Jacobs,+1-clean-0000140
review-clean4-clean-CAND-00141,review-clean4-clean.jennifer.harris.0141@example.com,Jennifer,Harris,+1-clean-0000141
review-clean4-clean-CAND-00142,review-clean4-clean.cynthia.baker.0142@example.com,Cynthia,Baker,+1-clean-0000142
review-clean4-clean-CAND-00143,review-clean4-clean.tracy.whitehead.0143@example.com,Tracy,Whitehead,+1-clean-0000143
review-clean4-clean-CAND-00144,review-clean4-clean.meghan.davis.0144@example.com,Meghan,Davis,+1-clean-0000144
review-clean4-clean-CAND-00145,review-clean4-clean.rodney.hill.0145@example.com,Rodney,Hill,+1-clean-0000145
review-clean4-clean-CAND-00146,review-clean4-clean.adam.wise.0146@example.com,Adam,Wise,+1-clean-0000146
review-clean4-clean-CAND-00147,review-clean4-clean.dana.green.0147@example.com,Dana,Green,+1-clean-0000147
review-clean4-clean-CAND-00148,review-clean4-clean.joyce.arnold.0148@example.com,Joyce,Arnold,+1-clean-0000148
review-clean4-clean-CAND-00149,review-clean4-clean.ronald.smith.0149@example.com,Ronald,Smith,+1-clean-0000149
review-clean4-clean-CAND-00150,review-clean4-clean.charles.ware.0150@example.com,Charles,Ware,+1-clean-0000150
review-clean4-clean-CAND-00151,review-clean4-clean.rebecca.gardner.0151@example.com,Rebecca,Gardner,+1-clean-0000151
review-clean4-clean-CAND-00152,review-clean4-clean.mary.aguilar.0152@example.com,Mary,Aguilar,+1-clean-0000152
review-clean4-clean-CAND-00153,review-clean4-clean.earl.anderson.0153@example.com,Earl,Anderson,+1-clean-0000153
review-clean4-clean-CAND-00154,review-clean4-clean.kyle.nolan.0154@example.com,Kyle,Nolan,+1-clean-0000154
review-clean4-clean-CAND-00155,review-clean4-clean.laura.valencia.0155@example.com,Laura,Valencia,+1-clean-0000155
review-clean4-clean-CAND-00156,review-clean4-clean.rachel.clark.0156@example.com,Rachel,Clark,+1-clean-0000156
review-clean4-clean-CAND-00157,review-clean4-clean.john.garcia.0157@example.com,John,Garcia,+1-clean-0000157
review-clean4-clean-CAND-00158,review-clean4-clean.kimberly.henson.0158@example.com,Kimberly,Henson,+1-clean-0000158
review-clean4-clean-CAND-00159,review-clean4-clean.richard.oliver.0159@example.com,Richard,Oliver,+1-clean-0000159
review-clean4-clean-CAND-00160,review-clean4-clean.eric.spears.0160@example.com,Eric,Spears,+1-clean-0000160
review-clean4-clean-CAND-00161,review-clean4-clean.michelle.cherry.0161@example.com,Michelle,Cherry,+1-clean-0000161
review-clean4-clean-CAND-00162,review-clean4-clean.lisa.keith.0162@example.com,Lisa,Keith,+1-clean-0000162
review-clean4-clean-CAND-00163,review-clean4-clean.angel.doyle.0163@example.com,Angel,Doyle,+1-clean-0000163
review-clean4-clean-CAND-00164,review-clean4-clean.martin.galvan.0164@example.com,Martin,Galvan,+1-clean-0000164
review-clean4-clean-CAND-00165,review-clean4-clean.leah.shields.0165@example.com,Leah,Shields,+1-clean-0000165
review-clean4-clean-CAND-00166,review-clean4-clean.lisa.adams.0166@example.com,Lisa,Adams,+1-clean-0000166
review-clean4-clean-CAND-00167,review-clean4-clean.kristin.rodriguez.0167@example.com,Kristin,Rodriguez,+1-clean-0000167
review-clean4-clean-CAND-00168,review-clean4-clean.monica.garrison.0168@example.com,Monica,Garrison,+1-clean-0000168
review-clean4-clean-CAND-00169,review-clean4-clean.jeffrey.velasquez.0169@example.com,Jeffrey,Velasquez,+1-clean-0000169
review-clean4-clean-CAND-00170,review-clean4-clean.steven.torres.0170@example.com,Steven,Torres,+1-clean-0000170
review-clean4-clean-CAND-00171,review-clean4-clean.laura.perez.0171@example.com,Laura,Perez,+1-clean-0000171
review-clean4-clean-CAND-00172,review-clean4-clean.andrew.lee.0172@example.com,Andrew,Lee,+1-clean-0000172
review-clean4-clean-CAND-00173,review-clean4-clean.mark.lin.0173@example.com,Mark,Lin,+1-clean-0000173
review-clean4-clean-CAND-00174,review-clean4-clean.tammy.ramirez.0174@example.com,Tammy,Ramirez,+1-clean-0000174
review-clean4-clean-CAND-00175,review-clean4-clean.darlene.ross.0175@example.com,Darlene,Ross,+1-clean-0000175
review-clean4-clean-CAND-00176,review-clean4-clean.tina.herrera.0176@example.com,Tina,Herrera,+1-clean-0000176
review-clean4-clean-CAND-00177,review-clean4-clean.sheila.wilson.0177@example.com,Sheila,Wilson,+1-clean-0000177
review-clean4-clean-CAND-00178,review-clean4-clean.tara.white.0178@example.com,Tara,White,+1-clean-0000178
review-clean4-clean-CAND-00179,review-clean4-clean.sydney.baker.0179@example.com,Sydney,Baker,+1-clean-0000179
review-clean4-clean-CAND-00180,review-clean4-clean.daniel.hamilton.0180@example.com,Daniel,Hamilton,+1-clean-0000180
review-clean4-clean-CAND-00181,review-clean4-clean.jessica.edwards.0181@example.com,Jessica,Edwards,+1-clean-0000181
review-clean4-clean-CAND-00182,review-clean4-clean.catherine.dixon.0182@example.com,Catherine,Dixon,+1-clean-0000182
review-clean4-clean-CAND-00183,review-clean4-clean.paul.ray.0183@example.com,Paul,Ray,+1-clean-0000183
review-clean4-clean-CAND-00184,review-clean4-clean.jonathan.fletcher.0184@example.com,Jonathan,Fletcher,+1-clean-0000184
review-clean4-clean-CAND-00185,review-clean4-clean.aaron.frost.0185@example.com,Aaron,Frost,+1-clean-0000185
review-clean4-clean-CAND-00186,review-clean4-clean.amanda.ball.0186@example.com,Amanda,Ball,+1-clean-0000186
review-clean4-clean-CAND-00187,review-clean4-clean.judy.lambert.0187@example.com,Judy,Lambert,+1-clean-0000187
review-clean4-clean-CAND-00188,review-clean4-clean.michael.jones.0188@example.com,Michael,Jones,+1-clean-0000188
review-clean4-clean-CAND-00189,review-clean4-clean.elizabeth.rivera.0189@example.com,Elizabeth,Rivera,+1-clean-0000189
review-clean4-clean-CAND-00190,review-clean4-clean.lee.charles.0190@example.com,Lee,Charles,+1-clean-0000190
review-clean4-clean-CAND-00191,review-clean4-clean.jennifer.evans.0191@example.com,Jennifer,Evans,+1-clean-0000191
review-clean4-clean-CAND-00192,review-clean4-clean.kyle.ortiz.0192@example.com,Kyle,Ortiz,+1-clean-0000192
review-clean4-clean-CAND-00193,review-clean4-clean.richard.phillips.0193@example.com,Richard,Phillips,+1-clean-0000193
review-clean4-clean-CAND-00194,review-clean4-clean.david.fisher.0194@example.com,David,Fisher,+1-clean-0000194
review-clean4-clean-CAND-00195,review-clean4-clean.shelby.byrd.0195@example.com,Shelby,Byrd,+1-clean-0000195
review-clean4-clean-CAND-00196,review-clean4-clean.raven.gilbert.0196@example.com,Raven,Gilbert,+1-clean-0000196
review-clean4-clean-CAND-00197,review-clean4-clean.kevin.kelley.0197@example.com,Kevin,Kelley,+1-clean-0000197
review-clean4-clean-CAND-00198,review-clean4-clean.aaron.mitchell.0198@example.com,Aaron,Mitchell,+1-clean-0000198
review-clean4-clean-CAND-00199,review-clean4-clean.russell.carpenter.0199@example.com,Russell,Carpenter,+1-clean-0000199
review-clean4-clean-CAND-00200,review-clean4-clean.diana.marshall.0200@example.com,Diana,Marshall,+1-clean-0000200
review-clean4-clean-CAND-00201,review-clean4-clean.scott.lewis.0201@example.com,Scott,Lewis,+1-clean-0000201
review-clean4-clean-CAND-00202,review-clean4-clean.thomas.santana.0202@example.com,Thomas,Santana,+1-clean-0000202
review-clean4-clean-CAND-00203,review-clean4-clean.laura.jackson.0203@example.com,Laura,Jackson,+1-clean-0000203
review-clean4-clean-CAND-00204,review-clean4-clean.christopher.robertson.0204@example.com,Christopher,Robertson,+1-clean-0000204
review-clean4-clean-CAND-00205,review-clean4-clean.cynthia.rogers.0205@example.com,Cynthia,Rogers,+1-clean-0000205
review-clean4-clean-CAND-00206,review-clean4-clean.loretta.potter.0206@example.com,Loretta,Potter,+1-clean-0000206
review-clean4-clean-CAND-00207,review-clean4-clean.emily.walker.0207@example.com,Emily,Walker,+1-clean-0000207
review-clean4-clean-CAND-00208,review-clean4-clean.james.johnson.0208@example.com,James,Johnson,+1-clean-0000208
review-clean4-clean-CAND-00209,review-clean4-clean.john.alvarez.0209@example.com,John,Alvarez,+1-clean-0000209
review-clean4-clean-CAND-00210,review-clean4-clean.melissa.jones.0210@example.com,Melissa,Jones,+1-clean-0000210
review-clean4-clean-CAND-00211,review-clean4-clean.robert.soto.0211@example.com,Robert,Soto,+1-clean-0000211
review-clean4-clean-CAND-00212,review-clean4-clean.james.horton.0212@example.com,James,Horton,+1-clean-0000212
review-clean4-clean-CAND-00213,review-clean4-clean.troy.sanchez.0213@example.com,Troy,Sanchez,+1-clean-0000213
review-clean4-clean-CAND-00214,review-clean4-clean.diana.smith.0214@example.com,Diana,Smith,+1-clean-0000214
review-clean4-clean-CAND-00215,review-clean4-clean.karen.carrillo.0215@example.com,Karen,Carrillo,+1-clean-0000215
review-clean4-clean-CAND-00216,review-clean4-clean.daniel.coleman.0216@example.com,Daniel,Coleman,+1-clean-0000216
review-clean4-clean-CAND-00217,review-clean4-clean.gregory.rubio.0217@example.com,Gregory,Rubio,+1-clean-0000217
review-clean4-clean-CAND-00218,review-clean4-clean.april.williams.0218@example.com,April,Williams,+1-clean-0000218
review-clean4-clean-CAND-00219,review-clean4-clean.john.charles.0219@example.com,John,Charles,+1-clean-0000219
review-clean4-clean-CAND-00220,review-clean4-clean.stephen.solis.0220@example.com,Stephen,Solis,+1-clean-0000220
review-clean4-clean-CAND-00221,review-clean4-clean.elizabeth.travis.0221@example.com,Elizabeth,Travis,+1-clean-0000221
review-clean4-clean-CAND-00222,review-clean4-clean.caitlin.dodson.0222@example.com,Caitlin,Dodson,+1-clean-0000222
review-clean4-clean-CAND-00223,review-clean4-clean.patricia.salazar.0223@example.com,Patricia,Salazar,+1-clean-0000223
review-clean4-clean-CAND-00224,review-clean4-clean.jennifer.wagner.0224@example.com,Jennifer,Wagner,+1-clean-0000224
review-clean4-clean-CAND-00225,review-clean4-clean.maria.kelley.0225@example.com,Maria,Kelley,+1-clean-0000225
review-clean4-clean-CAND-00226,review-clean4-clean.phyllis.manning.0226@example.com,Phyllis,Manning,+1-clean-0000226
review-clean4-clean-CAND-00227,review-clean4-clean.thomas.green.0227@example.com,Thomas,Green,+1-clean-0000227
review-clean4-clean-CAND-00228,review-clean4-clean.john.walsh.0228@example.com,John,Walsh,+1-clean-0000228
review-clean4-clean-CAND-00229,review-clean4-clean.katie.boyd.0229@example.com,Katie,Boyd,+1-clean-0000229
review-clean4-clean-CAND-00230,review-clean4-clean.courtney.hill.0230@example.com,Courtney,Hill,+1-clean-0000230
review-clean4-clean-CAND-00231,review-clean4-clean.chris.mitchell.0231@example.com,Chris,Mitchell,+1-clean-0000231
review-clean4-clean-CAND-00232,review-clean4-clean.joseph.flores.0232@example.com,Joseph,Flores,+1-clean-0000232
review-clean4-clean-CAND-00233,review-clean4-clean.amber.taylor.0233@example.com,Amber,Taylor,+1-clean-0000233
review-clean4-clean-CAND-00234,review-clean4-clean.jesse.benson.0234@example.com,Jesse,Benson,+1-clean-0000234
review-clean4-clean-CAND-00235,review-clean4-clean.jasmine.brown.0235@example.com,Jasmine,Brown,+1-clean-0000235
review-clean4-clean-CAND-00236,review-clean4-clean.rick.daniels.0236@example.com,Rick,Daniels,+1-clean-0000236
review-clean4-clean-CAND-00237,review-clean4-clean.robert.clark.0237@example.com,Robert,Clark,+1-clean-0000237
review-clean4-clean-CAND-00238,review-clean4-clean.robert.stein.0238@example.com,Robert,Stein,+1-clean-0000238
review-clean4-clean-CAND-00239,review-clean4-clean.brandy.dominguez.0239@example.com,Brandy,Dominguez,+1-clean-0000239
review-clean4-clean-CAND-00240,review-clean4-clean.melissa.cannon.0240@example.com,Melissa,Cannon,+1-clean-0000240
review-clean4-clean-CAND-00241,review-clean4-clean.omar.smith.0241@example.com,Omar,Smith,+1-clean-0000241
review-clean4-clean-CAND-00242,review-clean4-clean.michael.molina.0242@example.com,Michael,Molina,+1-clean-0000242
review-clean4-clean-CAND-00243,review-clean4-clean.melissa.ashley.0243@example.com,Melissa,Ashley,+1-clean-0000243
review-clean4-clean-CAND-00244,review-clean4-clean.robert.adkins.0244@example.com,Robert,Adkins,+1-clean-0000244
review-clean4-clean-CAND-00245,review-clean4-clean.amy.morrison.0245@example.com,Amy,Morrison,+1-clean-0000245
review-clean4-clean-CAND-00246,review-clean4-clean.jeffrey.robinson.0246@example.com,Jeffrey,Robinson,+1-clean-0000246
review-clean4-clean-CAND-00247,review-clean4-clean.ryan.johnson.0247@example.com,Ryan,Johnson,+1-clean-0000247
review-clean4-clean-CAND-00248,review-clean4-clean.matthew.shelton.0248@example.com,Matthew,Shelton,+1-clean-0000248
review-clean4-clean-CAND-00249,review-clean4-clean.richard.martin.0249@example.com,Richard,Martin,+1-clean-0000249
review-clean4-clean-CAND-00250,review-clean4-clean.tanner.anderson.0250@example.com,Tanner,Anderson,+1-clean-0000250
review-clean4-clean-CAND-00251,review-clean4-clean.cindy.johnson.0251@example.com,Cindy,Johnson,+1-clean-0000251
review-clean4-clean-CAND-00252,review-clean4-clean.phillip.elliott.0252@example.com,Phillip,Elliott,+1-clean-0000252
review-clean4-clean-CAND-00253,review-clean4-clean.anthony.day.0253@example.com,Anthony,Day,+1-clean-0000253
review-clean4-clean-CAND-00254,review-clean4-clean.derek.murray.0254@example.com,Derek,Murray,+1-clean-0000254
review-clean4-clean-CAND-00255,review-clean4-clean.brent.gray.0255@example.com,Brent,Gray,+1-clean-0000255
review-clean4-clean-CAND-00256,review-clean4-clean.jason.murphy.0256@example.com,Jason,Murphy,+1-clean-0000256
review-clean4-clean-CAND-00257,review-clean4-clean.kathleen.gray.0257@example.com,Kathleen,Gray,+1-clean-0000257
review-clean4-clean-CAND-00258,review-clean4-clean.karen.decker.0258@example.com,Karen,Decker,+1-clean-0000258
review-clean4-clean-CAND-00259,review-clean4-clean.johnny.miller.0259@example.com,Johnny,Miller,+1-clean-0000259
review-clean4-clean-CAND-00260,review-clean4-clean.andrew.ryan.0260@example.com,Andrew,Ryan,+1-clean-0000260
review-clean4-clean-CAND-00261,review-clean4-clean.zoe.bell.0261@example.com,Zoe,Bell,+1-clean-0000261
review-clean4-clean-CAND-00262,review-clean4-clean.debra.harrington.0262@example.com,Debra,Harrington,+1-clean-0000262
review-clean4-clean-CAND-00263,review-clean4-clean.denise.webster.0263@example.com,Denise,Webster,+1-clean-0000263
review-clean4-clean-CAND-00264,review-clean4-clean.stefanie.gonzalez.0264@example.com,Stefanie,Gonzalez,+1-clean-0000264
review-clean4-clean-CAND-00265,review-clean4-clean.andrew.hernandez.0265@example.com,Andrew,Hernandez,+1-clean-0000265
review-clean4-clean-CAND-00266,review-clean4-clean.david.caldwell.0266@example.com,David,Caldwell,+1-clean-0000266
review-clean4-clean-CAND-00267,review-clean4-clean.anne.robinson.0267@example.com,Anne,Robinson,+1-clean-0000267
review-clean4-clean-CAND-00268,review-clean4-clean.holly.wang.0268@example.com,Holly,Wang,+1-clean-0000268
review-clean4-clean-CAND-00269,review-clean4-clean.gary.lawson.0269@example.com,Gary,Lawson,+1-clean-0000269
review-clean4-clean-CAND-00270,review-clean4-clean.julie.wilson.0270@example.com,Julie,Wilson,+1-clean-0000270
review-clean4-clean-CAND-00271,review-clean4-clean.lori.oconnell.0271@example.com,Lori,Oconnell,+1-clean-0000271
review-clean4-clean-CAND-00272,review-clean4-clean.daniel.johnson.0272@example.com,Daniel,Johnson,+1-clean-0000272
review-clean4-clean-CAND-00273,review-clean4-clean.larry.byrd.0273@example.com,Larry,Byrd,+1-clean-0000273
review-clean4-clean-CAND-00274,review-clean4-clean.susan.sanders.0274@example.com,Susan,Sanders,+1-clean-0000274
review-clean4-clean-CAND-00275,review-clean4-clean.jennifer.jones.0275@example.com,Jennifer,Jones,+1-clean-0000275
review-clean4-clean-CAND-00276,review-clean4-clean.hannah.burton.0276@example.com,Hannah,Burton,+1-clean-0000276
review-clean4-clean-CAND-00277,review-clean4-clean.curtis.barton.0277@example.com,Curtis,Barton,+1-clean-0000277
review-clean4-clean-CAND-00278,review-clean4-clean.melissa.burke.0278@example.com,Melissa,Burke,+1-clean-0000278
review-clean4-clean-CAND-00279,review-clean4-clean.david.riggs.0279@example.com,David,Riggs,+1-clean-0000279
review-clean4-clean-CAND-00280,review-clean4-clean.kimberly.reed.0280@example.com,Kimberly,Reed,+1-clean-0000280
review-clean4-clean-CAND-00281,review-clean4-clean.ross.wood.0281@example.com,Ross,Wood,+1-clean-0000281
review-clean4-clean-CAND-00282,review-clean4-clean.william.peterson.0282@example.com,William,Peterson,+1-clean-0000282
review-clean4-clean-CAND-00283,review-clean4-clean.melissa.short.0283@example.com,Melissa,Short,+1-clean-0000283
review-clean4-clean-CAND-00284,review-clean4-clean.daniel.yu.0284@example.com,Daniel,Yu,+1-clean-0000284
review-clean4-clean-CAND-00285,review-clean4-clean.cynthia.poole.0285@example.com,Cynthia,Poole,+1-clean-0000285
review-clean4-clean-CAND-00286,review-clean4-clean.jasmine.graham.0286@example.com,Jasmine,Graham,+1-clean-0000286
review-clean4-clean-CAND-00287,review-clean4-clean.jessica.sheppard.0287@example.com,Jessica,Sheppard,+1-clean-0000287
review-clean4-clean-CAND-00288,review-clean4-clean.joseph.morton.0288@example.com,Joseph,Morton,+1-clean-0000288
review-clean4-clean-CAND-00289,review-clean4-clean.amanda.webb.0289@example.com,Amanda,Webb,+1-clean-0000289
review-clean4-clean-CAND-00290,review-clean4-clean.ryan.simon.0290@example.com,Ryan,Simon,+1-clean-0000290
review-clean4-clean-CAND-00291,review-clean4-clean.joseph.christian.0291@example.com,Joseph,Christian,+1-clean-0000291
review-clean4-clean-CAND-00292,review-clean4-clean.mariah.miller.0292@example.com,Mariah,Miller,+1-clean-0000292
review-clean4-clean-CAND-00293,review-clean4-clean.nicole.sanchez.0293@example.com,Nicole,Sanchez,+1-clean-0000293
review-clean4-clean-CAND-00294,review-clean4-clean.steven.bishop.0294@example.com,Steven,Bishop,+1-clean-0000294
review-clean4-clean-CAND-00295,review-clean4-clean.nicholas.johnson.0295@example.com,Nicholas,Johnson,+1-clean-0000295
review-clean4-clean-CAND-00296,review-clean4-clean.melissa.white.0296@example.com,Melissa,White,+1-clean-0000296
review-clean4-clean-CAND-00297,review-clean4-clean.jason.salinas.0297@example.com,Jason,Salinas,+1-clean-0000297
review-clean4-clean-CAND-00298,review-clean4-clean.matthew.beard.0298@example.com,Matthew,Beard,+1-clean-0000298
review-clean4-clean-CAND-00299,review-clean4-clean.jacqueline.hill.0299@example.com,Jacqueline,Hill,+1-clean-0000299
review-clean4-clean-CAND-00300,review-clean4-clean.alejandro.vaughan.0300@example.com,Alejandro,Vaughan,+1-clean-0000300
review-clean4-clean-CAND-00301,review-clean4-clean.christopher.cortez.0301@example.com,Christopher,Cortez,+1-clean-0000301
review-clean4-clean-CAND-00302,review-clean4-clean.tracy.chang.0302@example.com,Tracy,Chang,+1-clean-0000302
review-clean4-clean-CAND-00303,review-clean4-clean.hannah.brewer.0303@example.com,Hannah,Brewer,+1-clean-0000303
review-clean4-clean-CAND-00304,review-clean4-clean.travis.mcguire.0304@example.com,Travis,Mcguire,+1-clean-0000304
review-clean4-clean-CAND-00305,review-clean4-clean.christopher.walker.0305@example.com,Christopher,Walker,+1-clean-0000305
review-clean4-clean-CAND-00306,review-clean4-clean.heather.torres.0306@example.com,Heather,Torres,+1-clean-0000306
review-clean4-clean-CAND-00307,review-clean4-clean.bonnie.kennedy.0307@example.com,Bonnie,Kennedy,+1-clean-0000307
review-clean4-clean-CAND-00308,review-clean4-clean.alyssa.coleman.0308@example.com,Alyssa,Coleman,+1-clean-0000308
review-clean4-clean-CAND-00309,review-clean4-clean.julie.rivera.0309@example.com,Julie,Rivera,+1-clean-0000309
review-clean4-clean-CAND-00310,review-clean4-clean.jacqueline.nelson.0310@example.com,Jacqueline,Nelson,+1-clean-0000310
review-clean4-clean-CAND-00311,review-clean4-clean.john.martinez.0311@example.com,John,Martinez,+1-clean-0000311
review-clean4-clean-CAND-00312,review-clean4-clean.james.wilson.0312@example.com,James,Wilson,+1-clean-0000312
review-clean4-clean-CAND-00313,review-clean4-clean.amanda.gill.0313@example.com,Amanda,Gill,+1-clean-0000313
review-clean4-clean-CAND-00314,review-clean4-clean.jacob.robinson.0314@example.com,Jacob,Robinson,+1-clean-0000314
review-clean4-clean-CAND-00315,review-clean4-clean.todd.hardy.0315@example.com,Todd,Hardy,+1-clean-0000315
review-clean4-clean-CAND-00316,review-clean4-clean.tiffany.warren.0316@example.com,Tiffany,Warren,+1-clean-0000316
review-clean4-clean-CAND-00317,review-clean4-clean.justin.garcia.0317@example.com,Justin,Garcia,+1-clean-0000317
review-clean4-clean-CAND-00318,review-clean4-clean.james.perez.0318@example.com,James,Perez,+1-clean-0000318
review-clean4-clean-CAND-00319,review-clean4-clean.harry.smith.0319@example.com,Harry,Smith,+1-clean-0000319
review-clean4-clean-CAND-00320,review-clean4-clean.amanda.hill.0320@example.com,Amanda,Hill,+1-clean-0000320
review-clean4-clean-CAND-00321,review-clean4-clean.terri.tran.0321@example.com,Terri,Tran,+1-clean-0000321
review-clean4-clean-CAND-00322,review-clean4-clean.heidi.martinez.0322@example.com,Heidi,Martinez,+1-clean-0000322
review-clean4-clean-CAND-00323,review-clean4-clean.miranda.henry.0323@example.com,Miranda,Henry,+1-clean-0000323
review-clean4-clean-CAND-00324,review-clean4-clean.monique.andrews.0324@example.com,Monique,Andrews,+1-clean-0000324
review-clean4-clean-CAND-00325,review-clean4-clean.taylor.alexander.0325@example.com,Taylor,Alexander,+1-clean-0000325
review-clean4-clean-CAND-00326,review-clean4-clean.jack.williams.0326@example.com,Jack,Williams,+1-clean-0000326
review-clean4-clean-CAND-00327,review-clean4-clean.shelley.woods.0327@example.com,Shelley,Woods,+1-clean-0000327
review-clean4-clean-CAND-00328,review-clean4-clean.lynn.morales.0328@example.com,Lynn,Morales,+1-clean-0000328
review-clean4-clean-CAND-00329,review-clean4-clean.charles.soto.0329@example.com,Charles,Soto,+1-clean-0000329
review-clean4-clean-CAND-00330,review-clean4-clean.brian.hernandez.0330@example.com,Brian,Hernandez,+1-clean-0000330
review-clean4-clean-CAND-00331,review-clean4-clean.anna.torres.0331@example.com,Anna,Torres,+1-clean-0000331
review-clean4-clean-CAND-00332,review-clean4-clean.victoria.wilson.0332@example.com,Victoria,Wilson,+1-clean-0000332
review-clean4-clean-CAND-00333,review-clean4-clean.kathy.obrien.0333@example.com,Kathy,Obrien,+1-clean-0000333
review-clean4-clean-CAND-00334,review-clean4-clean.krystal.perez.0334@example.com,Krystal,Perez,+1-clean-0000334
review-clean4-clean-CAND-00335,review-clean4-clean.alexandra.hayes.0335@example.com,Alexandra,Hayes,+1-clean-0000335
review-clean4-clean-CAND-00336,review-clean4-clean.scott.dalton.0336@example.com,Scott,Dalton,+1-clean-0000336
review-clean4-clean-CAND-00337,review-clean4-clean.veronica.torres.0337@example.com,Veronica,Torres,+1-clean-0000337
review-clean4-clean-CAND-00338,review-clean4-clean.christine.lynch.0338@example.com,Christine,Lynch,+1-clean-0000338
review-clean4-clean-CAND-00339,review-clean4-clean.jody.meza.0339@example.com,Jody,Meza,+1-clean-0000339
review-clean4-clean-CAND-00340,review-clean4-clean.jared.clark.0340@example.com,Jared,Clark,+1-clean-0000340
review-clean4-clean-CAND-00341,review-clean4-clean.donna.moore.0341@example.com,Donna,Moore,+1-clean-0000341
review-clean4-clean-CAND-00342,review-clean4-clean.glenn.jones.0342@example.com,Glenn,Jones,+1-clean-0000342
review-clean4-clean-CAND-00343,review-clean4-clean.aaron.hayes.0343@example.com,Aaron,Hayes,+1-clean-0000343
review-clean4-clean-CAND-00344,review-clean4-clean.brittney.carter.0344@example.com,Brittney,Carter,+1-clean-0000344
review-clean4-clean-CAND-00345,review-clean4-clean.jesse.mann.0345@example.com,Jesse,Mann,+1-clean-0000345
review-clean4-clean-CAND-00346,review-clean4-clean.jacqueline.gibson.0346@example.com,Jacqueline,Gibson,+1-clean-0000346
review-clean4-clean-CAND-00347,review-clean4-clean.grace.bradshaw.0347@example.com,Grace,Bradshaw,+1-clean-0000347
review-clean4-clean-CAND-00348,review-clean4-clean.kristin.weber.0348@example.com,Kristin,Weber,+1-clean-0000348
review-clean4-clean-CAND-00349,review-clean4-clean.donna.peck.0349@example.com,Donna,Peck,+1-clean-0000349
review-clean4-clean-CAND-00350,review-clean4-clean.ronald.stephens.0350@example.com,Ronald,Stephens,+1-clean-0000350
review-clean4-clean-CAND-00351,review-clean4-clean.deborah.kerr.0351@example.com,Deborah,Kerr,+1-clean-0000351
review-clean4-clean-CAND-00352,review-clean4-clean.margaret.jones.0352@example.com,Margaret,Jones,+1-clean-0000352
review-clean4-clean-CAND-00353,review-clean4-clean.gabriel.parker.0353@example.com,Gabriel,Parker,+1-clean-0000353
review-clean4-clean-CAND-00354,review-clean4-clean.kaitlyn.carroll.0354@example.com,Kaitlyn,Carroll,+1-clean-0000354
review-clean4-clean-CAND-00355,review-clean4-clean.keith.martinez.0355@example.com,Keith,Martinez,+1-clean-0000355
review-clean4-clean-CAND-00356,review-clean4-clean.haley.lyons.0356@example.com,Haley,Lyons,+1-clean-0000356
review-clean4-clean-CAND-00357,review-clean4-clean.sherri.mason.0357@example.com,Sherri,Mason,+1-clean-0000357
review-clean4-clean-CAND-00358,review-clean4-clean.troy.miller.0358@example.com,Troy,Miller,+1-clean-0000358
review-clean4-clean-CAND-00359,review-clean4-clean.bill.reynolds.0359@example.com,Bill,Reynolds,+1-clean-0000359
review-clean4-clean-CAND-00360,review-clean4-clean.marcus.wright.0360@example.com,Marcus,Wright,+1-clean-0000360
review-clean4-clean-CAND-00361,review-clean4-clean.christopher.hayden.0361@example.com,Christopher,Hayden,+1-clean-0000361
review-clean4-clean-CAND-00362,review-clean4-clean.mary.johnston.0362@example.com,Mary,Johnston,+1-clean-0000362
review-clean4-clean-CAND-00363,review-clean4-clean.stephanie.key.0363@example.com,Stephanie,Key,+1-clean-0000363
review-clean4-clean-CAND-00364,review-clean4-clean.emily.adams.0364@example.com,Emily,Adams,+1-clean-0000364
review-clean4-clean-CAND-00365,review-clean4-clean.billy.avila.0365@example.com,Billy,Avila,+1-clean-0000365
review-clean4-clean-CAND-00366,review-clean4-clean.thomas.pearson.0366@example.com,Thomas,Pearson,+1-clean-0000366
review-clean4-clean-CAND-00367,review-clean4-clean.sabrina.white.0367@example.com,Sabrina,White,+1-clean-0000367
review-clean4-clean-CAND-00368,review-clean4-clean.brenda.walters.0368@example.com,Brenda,Walters,+1-clean-0000368
review-clean4-clean-CAND-00369,review-clean4-clean.travis.davis.0369@example.com,Travis,Davis,+1-clean-0000369
review-clean4-clean-CAND-00370,review-clean4-clean.michael.cook.0370@example.com,Michael,Cook,+1-clean-0000370
review-clean4-clean-CAND-00371,review-clean4-clean.elizabeth.hodge.0371@example.com,Elizabeth,Hodge,+1-clean-0000371
review-clean4-clean-CAND-00372,review-clean4-clean.mark.steele.0372@example.com,Mark,Steele,+1-clean-0000372
review-clean4-clean-CAND-00373,review-clean4-clean.keith.landry.0373@example.com,Keith,Landry,+1-clean-0000373
review-clean4-clean-CAND-00374,review-clean4-clean.lisa.pierce.0374@example.com,Lisa,Pierce,+1-clean-0000374
review-clean4-clean-CAND-00375,review-clean4-clean.shawn.edwards.0375@example.com,Shawn,Edwards,+1-clean-0000375
review-clean4-clean-CAND-00376,review-clean4-clean.marcus.cordova.0376@example.com,Marcus,Cordova,+1-clean-0000376
review-clean4-clean-CAND-00377,review-clean4-clean.richard.robertson.0377@example.com,Richard,Robertson,+1-clean-0000377
review-clean4-clean-CAND-00378,review-clean4-clean.vanessa.sandoval.0378@example.com,Vanessa,Sandoval,+1-clean-0000378
review-clean4-clean-CAND-00379,review-clean4-clean.amy.gutierrez.0379@example.com,Amy,Gutierrez,+1-clean-0000379
review-clean4-clean-CAND-00380,review-clean4-clean.jacob.cox.0380@example.com,Jacob,Cox,+1-clean-0000380
review-clean4-clean-CAND-00381,review-clean4-clean.katherine.garrett.0381@example.com,Katherine,Garrett,+1-clean-0000381
review-clean4-clean-CAND-00382,review-clean4-clean.kathleen.harris.0382@example.com,Kathleen,Harris,+1-clean-0000382
review-clean4-clean-CAND-00383,review-clean4-clean.andrea.pennington.0383@example.com,Andrea,Pennington,+1-clean-0000383
review-clean4-clean-CAND-00384,review-clean4-clean.samuel.wolfe.0384@example.com,Samuel,Wolfe,+1-clean-0000384
review-clean4-clean-CAND-00385,review-clean4-clean.david.dudley.0385@example.com,David,Dudley,+1-clean-0000385
review-clean4-clean-CAND-00386,review-clean4-clean.chelsea.allen.0386@example.com,Chelsea,Allen,+1-clean-0000386
review-clean4-clean-CAND-00387,review-clean4-clean.eric.pierce.0387@example.com,Eric,Pierce,+1-clean-0000387
review-clean4-clean-CAND-00388,review-clean4-clean.andrea.davis.0388@example.com,Andrea,Davis,+1-clean-0000388
review-clean4-clean-CAND-00389,review-clean4-clean.victoria.durham.0389@example.com,Victoria,Durham,+1-clean-0000389
review-clean4-clean-CAND-00390,review-clean4-clean.steven.wilson.0390@example.com,Steven,Wilson,+1-clean-0000390
review-clean4-clean-CAND-00391,review-clean4-clean.marilyn.jimenez.0391@example.com,Marilyn,Jimenez,+1-clean-0000391
review-clean4-clean-CAND-00392,review-clean4-clean.jennifer.hicks.0392@example.com,Jennifer,Hicks,+1-clean-0000392
review-clean4-clean-CAND-00393,review-clean4-clean.joshua.davenport.0393@example.com,Joshua,Davenport,+1-clean-0000393
review-clean4-clean-CAND-00394,review-clean4-clean.tina.sanchez.0394@example.com,Tina,Sanchez,+1-clean-0000394
review-clean4-clean-CAND-00395,review-clean4-clean.andrea.reyes.0395@example.com,Andrea,Reyes,+1-clean-0000395
review-clean4-clean-CAND-00396,review-clean4-clean.sandra.romero.0396@example.com,Sandra,Romero,+1-clean-0000396
review-clean4-clean-CAND-00397,review-clean4-clean.natasha.shields.0397@example.com,Natasha,Shields,+1-clean-0000397
review-clean4-clean-CAND-00398,review-clean4-clean.joshua.tyler.0398@example.com,Joshua,Tyler,+1-clean-0000398
review-clean4-clean-CAND-00399,review-clean4-clean.robert.villa.0399@example.com,Robert,Villa,+1-clean-0000399
review-clean4-clean-CAND-00400,review-clean4-clean.william.hoover.0400@example.com,William,Hoover,+1-clean-0000400
review-clean4-clean-CAND-00401,review-clean4-clean.justin.evans.0401@example.com,Justin,Evans,+1-clean-0000401
review-clean4-clean-CAND-00402,review-clean4-clean.brenda.duarte.0402@example.com,Brenda,Duarte,+1-clean-0000402
review-clean4-clean-CAND-00403,review-clean4-clean.tracy.hernandez.0403@example.com,Tracy,Hernandez,+1-clean-0000403
review-clean4-clean-CAND-00404,review-clean4-clean.amanda.reed.0404@example.com,Amanda,Reed,+1-clean-0000404
review-clean4-clean-CAND-00405,review-clean4-clean.andrea.daniels.0405@example.com,Andrea,Daniels,+1-clean-0000405
review-clean4-clean-CAND-00406,review-clean4-clean.stanley.morris.0406@example.com,Stanley,Morris,+1-clean-0000406
review-clean4-clean-CAND-00407,review-clean4-clean.jacob.terry.0407@example.com,Jacob,Terry,+1-clean-0000407
review-clean4-clean-CAND-00408,review-clean4-clean.ashley.hall.0408@example.com,Ashley,Hall,+1-clean-0000408
review-clean4-clean-CAND-00409,review-clean4-clean.kimberly.williams.0409@example.com,Kimberly,Williams,+1-clean-0000409
review-clean4-clean-CAND-00410,review-clean4-clean.julie.thornton.0410@example.com,Julie,Thornton,+1-clean-0000410
review-clean4-clean-CAND-00411,review-clean4-clean.lisa.hughes.0411@example.com,Lisa,Hughes,+1-clean-0000411
review-clean4-clean-CAND-00412,review-clean4-clean.elizabeth.hoover.0412@example.com,Elizabeth,Hoover,+1-clean-0000412
review-clean4-clean-CAND-00413,review-clean4-clean.tina.simpson.0413@example.com,Tina,Simpson,+1-clean-0000413
review-clean4-clean-CAND-00414,review-clean4-clean.benjamin.shaw.0414@example.com,Benjamin,Shaw,+1-clean-0000414
review-clean4-clean-CAND-00415,review-clean4-clean.brittany.kane.0415@example.com,Brittany,Kane,+1-clean-0000415
review-clean4-clean-CAND-00416,review-clean4-clean.morgan.alexander.0416@example.com,Morgan,Alexander,+1-clean-0000416
review-clean4-clean-CAND-00417,review-clean4-clean.alicia.bryant.0417@example.com,Alicia,Bryant,+1-clean-0000417
review-clean4-clean-CAND-00418,review-clean4-clean.jennifer.ortiz.0418@example.com,Jennifer,Ortiz,+1-clean-0000418
review-clean4-clean-CAND-00419,review-clean4-clean.diana.moore.0419@example.com,Diana,Moore,+1-clean-0000419
review-clean4-clean-CAND-00420,review-clean4-clean.terrance.costa.0420@example.com,Terrance,Costa,+1-clean-0000420
review-clean4-clean-CAND-00421,review-clean4-clean.matthew.schwartz.0421@example.com,Matthew,Schwartz,+1-clean-0000421
review-clean4-clean-CAND-00422,review-clean4-clean.debra.christian.0422@example.com,Debra,Christian,+1-clean-0000422
review-clean4-clean-CAND-00423,review-clean4-clean.melissa.villarreal.0423@example.com,Melissa,Villarreal,+1-clean-0000423
review-clean4-clean-CAND-00424,review-clean4-clean.norman.stewart.0424@example.com,Norman,Stewart,+1-clean-0000424
review-clean4-clean-CAND-00425,review-clean4-clean.jennifer.malone.0425@example.com,Jennifer,Malone,+1-clean-0000425
review-clean4-clean-CAND-00426,review-clean4-clean.monique.johnson.0426@example.com,Monique,Johnson,+1-clean-0000426
review-clean4-clean-CAND-00427,review-clean4-clean.casey.welch.0427@example.com,Casey,Welch,+1-clean-0000427
review-clean4-clean-CAND-00428,review-clean4-clean.samantha.bright.0428@example.com,Samantha,Bright,+1-clean-0000428
review-clean4-clean-CAND-00429,review-clean4-clean.julie.hamilton.0429@example.com,Julie,Hamilton,+1-clean-0000429
review-clean4-clean-CAND-00430,review-clean4-clean.corey.schultz.0430@example.com,Corey,Schultz,+1-clean-0000430
review-clean4-clean-CAND-00431,review-clean4-clean.monique.wallace.0431@example.com,Monique,Wallace,+1-clean-0000431
review-clean4-clean-CAND-00432,review-clean4-clean.heather.berger.0432@example.com,Heather,Berger,+1-clean-0000432
review-clean4-clean-CAND-00433,review-clean4-clean.brandon.flynn.0433@example.com,Brandon,Flynn,+1-clean-0000433
review-clean4-clean-CAND-00434,review-clean4-clean.kelly.brooks.0434@example.com,Kelly,Brooks,+1-clean-0000434
review-clean4-clean-CAND-00435,review-clean4-clean.dustin.schmidt.0435@example.com,Dustin,Schmidt,+1-clean-0000435
review-clean4-clean-CAND-00436,review-clean4-clean.ashlee.sparks.0436@example.com,Ashlee,Sparks,+1-clean-0000436
review-clean4-clean-CAND-00437,review-clean4-clean.george.miller.0437@example.com,George,Miller,+1-clean-0000437
review-clean4-clean-CAND-00438,review-clean4-clean.monica.harvey.0438@example.com,Monica,Harvey,+1-clean-0000438
review-clean4-clean-CAND-00439,review-clean4-clean.john.durham.0439@example.com,John,Durham,+1-clean-0000439
review-clean4-clean-CAND-00440,review-clean4-clean.douglas.murray.0440@example.com,Douglas,Murray,+1-clean-0000440
review-clean4-clean-CAND-00441,review-clean4-clean.jonathan.scott.0441@example.com,Jonathan,Scott,+1-clean-0000441
review-clean4-clean-CAND-00442,review-clean4-clean.albert.ballard.0442@example.com,Albert,Ballard,+1-clean-0000442
review-clean4-clean-CAND-00443,review-clean4-clean.rachel.byrd.0443@example.com,Rachel,Byrd,+1-clean-0000443
review-clean4-clean-CAND-00444,review-clean4-clean.eric.alexander.0444@example.com,Eric,Alexander,+1-clean-0000444
review-clean4-clean-CAND-00445,review-clean4-clean.michael.matthews.0445@example.com,Michael,Matthews,+1-clean-0000445
review-clean4-clean-CAND-00446,review-clean4-clean.danielle.coleman.0446@example.com,Danielle,Coleman,+1-clean-0000446
review-clean4-clean-CAND-00447,review-clean4-clean.john.bruce.0447@example.com,John,Bruce,+1-clean-0000447
review-clean4-clean-CAND-00448,review-clean4-clean.james.cruz.0448@example.com,James,Cruz,+1-clean-0000448
review-clean4-clean-CAND-00449,review-clean4-clean.timothy.young.0449@example.com,Timothy,Young,+1-clean-0000449
review-clean4-clean-CAND-00450,review-clean4-clean.ashley.andrews.0450@example.com,Ashley,Andrews,+1-clean-0000450
review-clean4-clean-CAND-00451,review-clean4-clean.victoria.phillips.0451@example.com,Victoria,Phillips,+1-clean-0000451
review-clean4-clean-CAND-00452,review-clean4-clean.tiffany.barrett.0452@example.com,Tiffany,Barrett,+1-clean-0000452
review-clean4-clean-CAND-00453,review-clean4-clean.joshua.knight.0453@example.com,Joshua,Knight,+1-clean-0000453
review-clean4-clean-CAND-00454,review-clean4-clean.gina.garner.0454@example.com,Gina,Garner,+1-clean-0000454
review-clean4-clean-CAND-00455,review-clean4-clean.brandon.obrien.0455@example.com,Brandon,Obrien,+1-clean-0000455
review-clean4-clean-CAND-00456,review-clean4-clean.tyler.strong.0456@example.com,Tyler,Strong,+1-clean-0000456
review-clean4-clean-CAND-00457,review-clean4-clean.justin.lindsey.0457@example.com,Justin,Lindsey,+1-clean-0000457
review-clean4-clean-CAND-00458,review-clean4-clean.catherine.gomez.0458@example.com,Catherine,Gomez,+1-clean-0000458
review-clean4-clean-CAND-00459,review-clean4-clean.dana.oliver.0459@example.com,Dana,Oliver,+1-clean-0000459
review-clean4-clean-CAND-00460,review-clean4-clean.erica.le.0460@example.com,Erica,Le,+1-clean-0000460
review-clean4-clean-CAND-00461,review-clean4-clean.donna.massey.0461@example.com,Donna,Massey,+1-clean-0000461
review-clean4-clean-CAND-00462,review-clean4-clean.courtney.berger.0462@example.com,Courtney,Berger,+1-clean-0000462
review-clean4-clean-CAND-00463,review-clean4-clean.debbie.parker.0463@example.com,Debbie,Parker,+1-clean-0000463
review-clean4-clean-CAND-00464,review-clean4-clean.scott.riley.0464@example.com,Scott,Riley,+1-clean-0000464
review-clean4-clean-CAND-00465,review-clean4-clean.jessica.davis.0465@example.com,Jessica,Davis,+1-clean-0000465
review-clean4-clean-CAND-00466,review-clean4-clean.kenneth.burgess.0466@example.com,Kenneth,Burgess,+1-clean-0000466
review-clean4-clean-CAND-00467,review-clean4-clean.gregory.anderson.0467@example.com,Gregory,Anderson,+1-clean-0000467
review-clean4-clean-CAND-00468,review-clean4-clean.amber.mata.0468@example.com,Amber,Mata,+1-clean-0000468
review-clean4-clean-CAND-00469,review-clean4-clean.alyssa.mcintyre.0469@example.com,Alyssa,Mcintyre,+1-clean-0000469
review-clean4-clean-CAND-00470,review-clean4-clean.maria.scott.0470@example.com,Maria,Scott,+1-clean-0000470
review-clean4-clean-CAND-00471,review-clean4-clean.makayla.olson.0471@example.com,Makayla,Olson,+1-clean-0000471
review-clean4-clean-CAND-00472,review-clean4-clean.lindsay.francis.0472@example.com,Lindsay,Francis,+1-clean-0000472
review-clean4-clean-CAND-00473,review-clean4-clean.matthew.wilson.0473@example.com,Matthew,Wilson,+1-clean-0000473
review-clean4-clean-CAND-00474,review-clean4-clean.sydney.taylor.0474@example.com,Sydney,Taylor,+1-clean-0000474
review-clean4-clean-CAND-00475,review-clean4-clean.tammy.dalton.0475@example.com,Tammy,Dalton,+1-clean-0000475
review-clean4-clean-CAND-00476,review-clean4-clean.jennifer.whitney.0476@example.com,Jennifer,Whitney,+1-clean-0000476
review-clean4-clean-CAND-00477,review-clean4-clean.tammy.ballard.0477@example.com,Tammy,Ballard,+1-clean-0000477
review-clean4-clean-CAND-00478,review-clean4-clean.michael.gibbs.0478@example.com,Michael,Gibbs,+1-clean-0000478
review-clean4-clean-CAND-00479,review-clean4-clean.alexander.herrera.0479@example.com,Alexander,Herrera,+1-clean-0000479
review-clean4-clean-CAND-00480,review-clean4-clean.shawn.chambers.0480@example.com,Shawn,Chambers,+1-clean-0000480
review-clean4-clean-CAND-00481,review-clean4-clean.emily.richards.0481@example.com,Emily,Richards,+1-clean-0000481
review-clean4-clean-CAND-00482,review-clean4-clean.lynn.bentley.0482@example.com,Lynn,Bentley,+1-clean-0000482
review-clean4-clean-CAND-00483,review-clean4-clean.daniel.hall.0483@example.com,Daniel,Hall,+1-clean-0000483
review-clean4-clean-CAND-00484,review-clean4-clean.angel.henson.0484@example.com,Angel,Henson,+1-clean-0000484
review-clean4-clean-CAND-00485,review-clean4-clean.anna.herman.0485@example.com,Anna,Herman,+1-clean-0000485
review-clean4-clean-CAND-00486,review-clean4-clean.jeffrey.brown.0486@example.com,Jeffrey,Brown,+1-clean-0000486
review-clean4-clean-CAND-00487,review-clean4-clean.madison.blankenship.0487@example.com,Madison,Blankenship,+1-clean-0000487
review-clean4-clean-CAND-00488,review-clean4-clean.kevin.ortiz.0488@example.com,Kevin,Ortiz,+1-clean-0000488
review-clean4-clean-CAND-00489,review-clean4-clean.donald.shah.0489@example.com,Donald,Shah,+1-clean-0000489
review-clean4-clean-CAND-00490,review-clean4-clean.kevin.vasquez.0490@example.com,Kevin,Vasquez,+1-clean-0000490
review-clean4-clean-CAND-00491,review-clean4-clean.colton.clay.0491@example.com,Colton,Clay,+1-clean-0000491
review-clean4-clean-CAND-00492,review-clean4-clean.derek.chavez.0492@example.com,Derek,Chavez,+1-clean-0000492
review-clean4-clean-CAND-00493,review-clean4-clean.ellen.paul.0493@example.com,Ellen,Paul,+1-clean-0000493
review-clean4-clean-CAND-00494,review-clean4-clean.sonya.barnes.0494@example.com,Sonya,Barnes,+1-clean-0000494
review-clean4-clean-CAND-00495,review-clean4-clean.julia.moore.0495@example.com,Julia,Moore,+1-clean-0000495
review-clean4-clean-CAND-00496,review-clean4-clean.robert.garcia.0496@example.com,Robert,Garcia,+1-clean-0000496
review-clean4-clean-CAND-00497,review-clean4-clean.tracy.russell.0497@example.com,Tracy,Russell,+1-clean-0000497
review-clean4-clean-CAND-00498,review-clean4-clean.stephanie.johnson.0498@example.com,Stephanie,Johnson,+1-clean-0000498
review-clean4-clean-CAND-00499,review-clean4-clean.mitchell.ramos.0499@example.com,Mitchell,Ramos,+1-clean-0000499
review-clean4-clean-CAND-00500,review-clean4-clean.stephanie.foley.0500@example.com,Stephanie,Foley,+1-clean-0000500
review-clean4-clean-CAND-00501,review-clean4-clean.cory.jennings.0501@example.com,Cory,Jennings,+1-clean-0000501
review-clean4-clean-CAND-00502,review-clean4-clean.amy.levine.0502@example.com,Amy,Levine,+1-clean-0000502
review-clean4-clean-CAND-00503,review-clean4-clean.michael.sanders.0503@example.com,Michael,Sanders,+1-clean-0000503
review-clean4-clean-CAND-00504,review-clean4-clean.james.martinez.0504@example.com,James,Martinez,+1-clean-0000504
review-clean4-clean-CAND-00505,review-clean4-clean.melanie.gibson.0505@example.com,Melanie,Gibson,+1-clean-0000505
review-clean4-clean-CAND-00506,review-clean4-clean.elizabeth.may.0506@example.com,Elizabeth,May,+1-clean-0000506
review-clean4-clean-CAND-00507,review-clean4-clean.carla.smith.0507@example.com,Carla,Smith,+1-clean-0000507
review-clean4-clean-CAND-00508,review-clean4-clean.kristin.sanchez.0508@example.com,Kristin,Sanchez,+1-clean-0000508
review-clean4-clean-CAND-00509,review-clean4-clean.david.cunningham.0509@example.com,David,Cunningham,+1-clean-0000509
review-clean4-clean-CAND-00510,review-clean4-clean.casey.hubbard.0510@example.com,Casey,Hubbard,+1-clean-0000510
review-clean4-clean-CAND-00511,review-clean4-clean.jamie.robinson.0511@example.com,Jamie,Robinson,+1-clean-0000511
review-clean4-clean-CAND-00512,review-clean4-clean.molly.murphy.0512@example.com,Molly,Murphy,+1-clean-0000512
review-clean4-clean-CAND-00513,review-clean4-clean.dylan.lester.0513@example.com,Dylan,Lester,+1-clean-0000513
review-clean4-clean-CAND-00514,review-clean4-clean.aaron.garrison.0514@example.com,Aaron,Garrison,+1-clean-0000514
review-clean4-clean-CAND-00515,review-clean4-clean.duane.anderson.0515@example.com,Duane,Anderson,+1-clean-0000515
review-clean4-clean-CAND-00516,review-clean4-clean.john.thompson.0516@example.com,John,Thompson,+1-clean-0000516
review-clean4-clean-CAND-00517,review-clean4-clean.donna.johnson.0517@example.com,Donna,Johnson,+1-clean-0000517
review-clean4-clean-CAND-00518,review-clean4-clean.alexis.tyler.0518@example.com,Alexis,Tyler,+1-clean-0000518
review-clean4-clean-CAND-00519,review-clean4-clean.john.morris.0519@example.com,John,Morris,+1-clean-0000519
review-clean4-clean-CAND-00520,review-clean4-clean.grant.williams.0520@example.com,Grant,Williams,+1-clean-0000520
review-clean4-clean-CAND-00521,review-clean4-clean.judy.fox.0521@example.com,Judy,Fox,+1-clean-0000521
review-clean4-clean-CAND-00522,review-clean4-clean.julie.alvarez.0522@example.com,Julie,Alvarez,+1-clean-0000522
review-clean4-clean-CAND-00523,review-clean4-clean.kimberly.palmer.0523@example.com,Kimberly,Palmer,+1-clean-0000523
review-clean4-clean-CAND-00524,review-clean4-clean.daniel.gordon.0524@example.com,Daniel,Gordon,+1-clean-0000524
review-clean4-clean-CAND-00525,review-clean4-clean.sonia.williams.0525@example.com,Sonia,Williams,+1-clean-0000525
review-clean4-clean-CAND-00526,review-clean4-clean.krista.camacho.0526@example.com,Krista,Camacho,+1-clean-0000526
review-clean4-clean-CAND-00527,review-clean4-clean.adrienne.ellis.0527@example.com,Adrienne,Ellis,+1-clean-0000527
review-clean4-clean-CAND-00528,review-clean4-clean.tamara.brown.0528@example.com,Tamara,Brown,+1-clean-0000528
review-clean4-clean-CAND-00529,review-clean4-clean.timothy.morales.0529@example.com,Timothy,Morales,+1-clean-0000529
review-clean4-clean-CAND-00530,review-clean4-clean.gina.henry.0530@example.com,Gina,Henry,+1-clean-0000530
review-clean4-clean-CAND-00531,review-clean4-clean.renee.jones.0531@example.com,Renee,Jones,+1-clean-0000531
review-clean4-clean-CAND-00532,review-clean4-clean.christopher.franklin.0532@example.com,Christopher,Franklin,+1-clean-0000532
review-clean4-clean-CAND-00533,review-clean4-clean.cameron.hill.0533@example.com,Cameron,Hill,+1-clean-0000533
review-clean4-clean-CAND-00534,review-clean4-clean.cynthia.kelley.0534@example.com,Cynthia,Kelley,+1-clean-0000534
review-clean4-clean-CAND-00535,review-clean4-clean.mark.vang.0535@example.com,Mark,Vang,+1-clean-0000535
review-clean4-clean-CAND-00536,review-clean4-clean.alyssa.chavez.0536@example.com,Alyssa,Chavez,+1-clean-0000536
review-clean4-clean-CAND-00537,review-clean4-clean.catherine.garcia.0537@example.com,Catherine,Garcia,+1-clean-0000537
review-clean4-clean-CAND-00538,review-clean4-clean.jacqueline.farrell.0538@example.com,Jacqueline,Farrell,+1-clean-0000538
review-clean4-clean-CAND-00539,review-clean4-clean.debra.mack.0539@example.com,Debra,Mack,+1-clean-0000539
review-clean4-clean-CAND-00540,review-clean4-clean.jennifer.lewis.0540@example.com,Jennifer,Lewis,+1-clean-0000540
review-clean4-clean-CAND-00541,review-clean4-clean.shannon.perez.0541@example.com,Shannon,Perez,+1-clean-0000541
review-clean4-clean-CAND-00542,review-clean4-clean.matthew.chavez.0542@example.com,Matthew,Chavez,+1-clean-0000542
review-clean4-clean-CAND-00543,review-clean4-clean.robert.davis.0543@example.com,Robert,Davis,+1-clean-0000543
review-clean4-clean-CAND-00544,review-clean4-clean.ronald.ortega.0544@example.com,Ronald,Ortega,+1-clean-0000544
review-clean4-clean-CAND-00545,review-clean4-clean.nicholas.hernandez.0545@example.com,Nicholas,Hernandez,+1-clean-0000545
review-clean4-clean-CAND-00546,review-clean4-clean.sandra.jones.0546@example.com,Sandra,Jones,+1-clean-0000546
review-clean4-clean-CAND-00547,review-clean4-clean.marie.davis.0547@example.com,Marie,Davis,+1-clean-0000547
review-clean4-clean-CAND-00548,review-clean4-clean.colin.rodgers.0548@example.com,Colin,Rodgers,+1-clean-0000548
review-clean4-clean-CAND-00549,review-clean4-clean.lisa.hawkins.0549@example.com,Lisa,Hawkins,+1-clean-0000549
review-clean4-clean-CAND-00550,review-clean4-clean.brenda.hoffman.0550@example.com,Brenda,Hoffman,+1-clean-0000550
review-clean4-clean-CAND-00551,review-clean4-clean.mark.martinez.0551@example.com,Mark,Martinez,+1-clean-0000551
review-clean4-clean-CAND-00552,review-clean4-clean.michael.ortega.0552@example.com,Michael,Ortega,+1-clean-0000552
review-clean4-clean-CAND-00553,review-clean4-clean.karen.parrish.0553@example.com,Karen,Parrish,+1-clean-0000553
review-clean4-clean-CAND-00554,review-clean4-clean.jennifer.schmitt.0554@example.com,Jennifer,Schmitt,+1-clean-0000554
review-clean4-clean-CAND-00555,review-clean4-clean.caroline.bell.0555@example.com,Caroline,Bell,+1-clean-0000555
review-clean4-clean-CAND-00556,review-clean4-clean.becky.lewis.0556@example.com,Becky,Lewis,+1-clean-0000556
review-clean4-clean-CAND-00557,review-clean4-clean.diane.walker.0557@example.com,Diane,Walker,+1-clean-0000557
review-clean4-clean-CAND-00558,review-clean4-clean.daniel.bruce.0558@example.com,Daniel,Bruce,+1-clean-0000558
review-clean4-clean-CAND-00559,review-clean4-clean.michael.farmer.0559@example.com,Michael,Farmer,+1-clean-0000559
review-clean4-clean-CAND-00560,review-clean4-clean.audrey.aguirre.0560@example.com,Audrey,Aguirre,+1-clean-0000560
review-clean4-clean-CAND-00561,review-clean4-clean.megan.villegas.0561@example.com,Megan,Villegas,+1-clean-0000561
review-clean4-clean-CAND-00562,review-clean4-clean.loretta.austin.0562@example.com,Loretta,Austin,+1-clean-0000562
review-clean4-clean-CAND-00563,review-clean4-clean.dawn.johnson.0563@example.com,Dawn,Johnson,+1-clean-0000563
review-clean4-clean-CAND-00564,review-clean4-clean.sarah.gallegos.0564@example.com,Sarah,Gallegos,+1-clean-0000564
review-clean4-clean-CAND-00565,review-clean4-clean.joseph.white.0565@example.com,Joseph,White,+1-clean-0000565
review-clean4-clean-CAND-00566,review-clean4-clean.jacqueline.parker.0566@example.com,Jacqueline,Parker,+1-clean-0000566
review-clean4-clean-CAND-00567,review-clean4-clean.matthew.smith.0567@example.com,Matthew,Smith,+1-clean-0000567
review-clean4-clean-CAND-00568,review-clean4-clean.molly.knight.0568@example.com,Molly,Knight,+1-clean-0000568
review-clean4-clean-CAND-00569,review-clean4-clean.richard.thomas.0569@example.com,Richard,Thomas,+1-clean-0000569
review-clean4-clean-CAND-00570,review-clean4-clean.cynthia.johnson.0570@example.com,Cynthia,Johnson,+1-clean-0000570
review-clean4-clean-CAND-00571,review-clean4-clean.julie.lewis.0571@example.com,Julie,Lewis,+1-clean-0000571
review-clean4-clean-CAND-00572,review-clean4-clean.robert.peterson.0572@example.com,Robert,Peterson,+1-clean-0000572
review-clean4-clean-CAND-00573,review-clean4-clean.mitchell.griffith.0573@example.com,Mitchell,Griffith,+1-clean-0000573
review-clean4-clean-CAND-00574,review-clean4-clean.kimberly.bradley.0574@example.com,Kimberly,Bradley,+1-clean-0000574
review-clean4-clean-CAND-00575,review-clean4-clean.christopher.williams.0575@example.com,Christopher,Williams,+1-clean-0000575
review-clean4-clean-CAND-00576,review-clean4-clean.eric.williamson.0576@example.com,Eric,Williamson,+1-clean-0000576
review-clean4-clean-CAND-00577,review-clean4-clean.emily.nelson.0577@example.com,Emily,Nelson,+1-clean-0000577
review-clean4-clean-CAND-00578,review-clean4-clean.ebony.tucker.0578@example.com,Ebony,Tucker,+1-clean-0000578
review-clean4-clean-CAND-00579,review-clean4-clean.scott.nelson.0579@example.com,Scott,Nelson,+1-clean-0000579
review-clean4-clean-CAND-00580,review-clean4-clean.kari.wilson.0580@example.com,Kari,Wilson,+1-clean-0000580
review-clean4-clean-CAND-00581,review-clean4-clean.russell.campbell.0581@example.com,Russell,Campbell,+1-clean-0000581
review-clean4-clean-CAND-00582,review-clean4-clean.erika.tucker.0582@example.com,Erika,Tucker,+1-clean-0000582
review-clean4-clean-CAND-00583,review-clean4-clean.elizabeth.williams.0583@example.com,Elizabeth,Williams,+1-clean-0000583
review-clean4-clean-CAND-00584,review-clean4-clean.randall.greene.0584@example.com,Randall,Greene,+1-clean-0000584
review-clean4-clean-CAND-00585,review-clean4-clean.adrian.turner.0585@example.com,Adrian,Turner,+1-clean-0000585
review-clean4-clean-CAND-00586,review-clean4-clean.jason.taylor.0586@example.com,Jason,Taylor,+1-clean-0000586
review-clean4-clean-CAND-00587,review-clean4-clean.jonathan.murphy.0587@example.com,Jonathan,Murphy,+1-clean-0000587
review-clean4-clean-CAND-00588,review-clean4-clean.adrian.burgess.0588@example.com,Adrian,Burgess,+1-clean-0000588
review-clean4-clean-CAND-00589,review-clean4-clean.gregory.james.0589@example.com,Gregory,James,+1-clean-0000589
review-clean4-clean-CAND-00590,review-clean4-clean.jane.mason.0590@example.com,Jane,Mason,+1-clean-0000590
review-clean4-clean-CAND-00591,review-clean4-clean.martha.drake.0591@example.com,Martha,Drake,+1-clean-0000591
review-clean4-clean-CAND-00592,review-clean4-clean.charles.hensley.0592@example.com,Charles,Hensley,+1-clean-0000592
review-clean4-clean-CAND-00593,review-clean4-clean.bobby.smith.0593@example.com,Bobby,Smith,+1-clean-0000593
review-clean4-clean-CAND-00594,review-clean4-clean.samantha.atkins.0594@example.com,Samantha,Atkins,+1-clean-0000594
review-clean4-clean-CAND-00595,review-clean4-clean.barbara.berry.0595@example.com,Barbara,Berry,+1-clean-0000595
review-clean4-clean-CAND-00596,review-clean4-clean.jenna.butler.0596@example.com,Jenna,Butler,+1-clean-0000596
review-clean4-clean-CAND-00597,review-clean4-clean.darius.smith.0597@example.com,Darius,Smith,+1-clean-0000597
review-clean4-clean-CAND-00598,review-clean4-clean.mark.solis.0598@example.com,Mark,Solis,+1-clean-0000598
review-clean4-clean-CAND-00599,review-clean4-clean.christine.collier.0599@example.com,Christine,Collier,+1-clean-0000599
review-clean4-clean-CAND-00600,review-clean4-clean.samantha.davis.0600@example.com,Samantha,Davis,+1-clean-0000600
review-clean4-clean-CAND-00601,review-clean4-clean.megan.sanchez.0601@example.com,Megan,Sanchez,+1-clean-0000601
review-clean4-clean-CAND-00602,review-clean4-clean.brianna.warren.0602@example.com,Brianna,Warren,+1-clean-0000602
review-clean4-clean-CAND-00603,review-clean4-clean.randy.collins.0603@example.com,Randy,Collins,+1-clean-0000603
review-clean4-clean-CAND-00604,review-clean4-clean.matthew.cook.0604@example.com,Matthew,Cook,+1-clean-0000604
review-clean4-clean-CAND-00605,review-clean4-clean.gary.dixon.0605@example.com,Gary,Dixon,+1-clean-0000605
review-clean4-clean-CAND-00606,review-clean4-clean.daniel.hicks.0606@example.com,Daniel,Hicks,+1-clean-0000606
review-clean4-clean-CAND-00607,review-clean4-clean.rebecca.bailey.0607@example.com,Rebecca,Bailey,+1-clean-0000607
review-clean4-clean-CAND-00608,review-clean4-clean.jessica.fuentes.0608@example.com,Jessica,Fuentes,+1-clean-0000608
review-clean4-clean-CAND-00609,review-clean4-clean.lisa.young.0609@example.com,Lisa,Young,+1-clean-0000609
review-clean4-clean-CAND-00610,review-clean4-clean.dwayne.gonzalez.0610@example.com,Dwayne,Gonzalez,+1-clean-0000610
review-clean4-clean-CAND-00611,review-clean4-clean.carrie.wolf.0611@example.com,Carrie,Wolf,+1-clean-0000611
review-clean4-clean-CAND-00612,review-clean4-clean.diana.thompson.0612@example.com,Diana,Thompson,+1-clean-0000612
review-clean4-clean-CAND-00613,review-clean4-clean.kendra.snyder.0613@example.com,Kendra,Snyder,+1-clean-0000613
review-clean4-clean-CAND-00614,review-clean4-clean.karen.wolf.0614@example.com,Karen,Wolf,+1-clean-0000614
review-clean4-clean-CAND-00615,review-clean4-clean.shane.glass.0615@example.com,Shane,Glass,+1-clean-0000615
review-clean4-clean-CAND-00616,review-clean4-clean.anne.reid.0616@example.com,Anne,Reid,+1-clean-0000616
review-clean4-clean-CAND-00617,review-clean4-clean.claudia.lin.0617@example.com,Claudia,Lin,+1-clean-0000617
review-clean4-clean-CAND-00618,review-clean4-clean.courtney.hernandez.0618@example.com,Courtney,Hernandez,+1-clean-0000618
review-clean4-clean-CAND-00619,review-clean4-clean.carlos.ramos.0619@example.com,Carlos,Ramos,+1-clean-0000619
review-clean4-clean-CAND-00620,review-clean4-clean.kevin.hill.0620@example.com,Kevin,Hill,+1-clean-0000620
review-clean4-clean-CAND-00621,review-clean4-clean.brian.romero.0621@example.com,Brian,Romero,+1-clean-0000621
review-clean4-clean-CAND-00622,review-clean4-clean.lance.hayes.0622@example.com,Lance,Hayes,+1-clean-0000622
review-clean4-clean-CAND-00623,review-clean4-clean.brian.decker.0623@example.com,Brian,Decker,+1-clean-0000623
review-clean4-clean-CAND-00624,review-clean4-clean.chase.lin.0624@example.com,Chase,Lin,+1-clean-0000624
review-clean4-clean-CAND-00625,review-clean4-clean.melissa.gilbert.0625@example.com,Melissa,Gilbert,+1-clean-0000625
review-clean4-clean-CAND-00626,review-clean4-clean.william.ford.0626@example.com,William,Ford,+1-clean-0000626
review-clean4-clean-CAND-00627,review-clean4-clean.angela.conner.0627@example.com,Angela,Conner,+1-clean-0000627
review-clean4-clean-CAND-00628,review-clean4-clean.paula.cole.0628@example.com,Paula,Cole,+1-clean-0000628
review-clean4-clean-CAND-00629,review-clean4-clean.lisa.pearson.0629@example.com,Lisa,Pearson,+1-clean-0000629
review-clean4-clean-CAND-00630,review-clean4-clean.marc.alvarez.0630@example.com,Marc,Alvarez,+1-clean-0000630
review-clean4-clean-CAND-00631,review-clean4-clean.edward.brown.0631@example.com,Edward,Brown,+1-clean-0000631
review-clean4-clean-CAND-00632,review-clean4-clean.dale.nolan.0632@example.com,Dale,Nolan,+1-clean-0000632
review-clean4-clean-CAND-00633,review-clean4-clean.matthew.klein.0633@example.com,Matthew,Klein,+1-clean-0000633
review-clean4-clean-CAND-00634,review-clean4-clean.william.thompson.0634@example.com,William,Thompson,+1-clean-0000634
review-clean4-clean-CAND-00635,review-clean4-clean.john.kim.0635@example.com,John,Kim,+1-clean-0000635
review-clean4-clean-CAND-00636,review-clean4-clean.scott.mills.0636@example.com,Scott,Mills,+1-clean-0000636
review-clean4-clean-CAND-00637,review-clean4-clean.erik.watson.0637@example.com,Erik,Watson,+1-clean-0000637
review-clean4-clean-CAND-00638,review-clean4-clean.justin.ortiz.0638@example.com,Justin,Ortiz,+1-clean-0000638
review-clean4-clean-CAND-00639,review-clean4-clean.matthew.harper.0639@example.com,Matthew,Harper,+1-clean-0000639
review-clean4-clean-CAND-00640,review-clean4-clean.kristina.holland.0640@example.com,Kristina,Holland,+1-clean-0000640
review-clean4-clean-CAND-00641,review-clean4-clean.cameron.davis.0641@example.com,Cameron,Davis,+1-clean-0000641
review-clean4-clean-CAND-00642,review-clean4-clean.erika.mitchell.0642@example.com,Erika,Mitchell,+1-clean-0000642
review-clean4-clean-CAND-00643,review-clean4-clean.jennifer.douglas.0643@example.com,Jennifer,Douglas,+1-clean-0000643
review-clean4-clean-CAND-00644,review-clean4-clean.rebecca.marks.0644@example.com,Rebecca,Marks,+1-clean-0000644
review-clean4-clean-CAND-00645,review-clean4-clean.mathew.aguilar.0645@example.com,Mathew,Aguilar,+1-clean-0000645
review-clean4-clean-CAND-00646,review-clean4-clean.donald.bailey.0646@example.com,Donald,Bailey,+1-clean-0000646
review-clean4-clean-CAND-00647,review-clean4-clean.tammy.hale.0647@example.com,Tammy,Hale,+1-clean-0000647
review-clean4-clean-CAND-00648,review-clean4-clean.philip.larson.0648@example.com,Philip,Larson,+1-clean-0000648
review-clean4-clean-CAND-00649,review-clean4-clean.sharon.collins.0649@example.com,Sharon,Collins,+1-clean-0000649
review-clean4-clean-CAND-00650,review-clean4-clean.nicholas.conner.0650@example.com,Nicholas,Conner,+1-clean-0000650
review-clean4-clean-CAND-00651,review-clean4-clean.lisa.santiago.0651@example.com,Lisa,Santiago,+1-clean-0000651
review-clean4-clean-CAND-00652,review-clean4-clean.maria.rodgers.0652@example.com,Maria,Rodgers,+1-clean-0000652
review-clean4-clean-CAND-00653,review-clean4-clean.gina.fox.0653@example.com,Gina,Fox,+1-clean-0000653
review-clean4-clean-CAND-00654,review-clean4-clean.debbie.henderson.0654@example.com,Debbie,Henderson,+1-clean-0000654
review-clean4-clean-CAND-00655,review-clean4-clean.michael.cox.0655@example.com,Michael,Cox,+1-clean-0000655
review-clean4-clean-CAND-00656,review-clean4-clean.henry.lewis.0656@example.com,Henry,Lewis,+1-clean-0000656
review-clean4-clean-CAND-00657,review-clean4-clean.stacey.tucker.0657@example.com,Stacey,Tucker,+1-clean-0000657
review-clean4-clean-CAND-00658,review-clean4-clean.jeremy.taylor.0658@example.com,Jeremy,Taylor,+1-clean-0000658
review-clean4-clean-CAND-00659,review-clean4-clean.chris.richard.0659@example.com,Chris,Richard,+1-clean-0000659
review-clean4-clean-CAND-00660,review-clean4-clean.craig.wise.0660@example.com,Craig,Wise,+1-clean-0000660
review-clean4-clean-CAND-00661,review-clean4-clean.mary.stephenson.0661@example.com,Mary,Stephenson,+1-clean-0000661
review-clean4-clean-CAND-00662,review-clean4-clean.benjamin.rogers.0662@example.com,Benjamin,Rogers,+1-clean-0000662
review-clean4-clean-CAND-00663,review-clean4-clean.katie.anderson.0663@example.com,Katie,Anderson,+1-clean-0000663
review-clean4-clean-CAND-00664,review-clean4-clean.nicholas.martin.0664@example.com,Nicholas,Martin,+1-clean-0000664
review-clean4-clean-CAND-00665,review-clean4-clean.marie.wise.0665@example.com,Marie,Wise,+1-clean-0000665
review-clean4-clean-CAND-00666,review-clean4-clean.lisa.martin.0666@example.com,Lisa,Martin,+1-clean-0000666
review-clean4-clean-CAND-00667,review-clean4-clean.samuel.jenkins.0667@example.com,Samuel,Jenkins,+1-clean-0000667
review-clean4-clean-CAND-00668,review-clean4-clean.erica.young.0668@example.com,Erica,Young,+1-clean-0000668
review-clean4-clean-CAND-00669,review-clean4-clean.sean.mitchell.0669@example.com,Sean,Mitchell,+1-clean-0000669
review-clean4-clean-CAND-00670,review-clean4-clean.kaitlyn.cole.0670@example.com,Kaitlyn,Cole,+1-clean-0000670
review-clean4-clean-CAND-00671,review-clean4-clean.amanda.collins.0671@example.com,Amanda,Collins,+1-clean-0000671
review-clean4-clean-CAND-00672,review-clean4-clean.lindsey.harrison.0672@example.com,Lindsey,Harrison,+1-clean-0000672
review-clean4-clean-CAND-00673,review-clean4-clean.mary.richardson.0673@example.com,Mary,Richardson,+1-clean-0000673
review-clean4-clean-CAND-00674,review-clean4-clean.stacey.joyce.0674@example.com,Stacey,Joyce,+1-clean-0000674
review-clean4-clean-CAND-00675,review-clean4-clean.steven.campbell.0675@example.com,Steven,Campbell,+1-clean-0000675
review-clean4-clean-CAND-00676,review-clean4-clean.patrick.rose.0676@example.com,Patrick,Rose,+1-clean-0000676
review-clean4-clean-CAND-00677,review-clean4-clean.tammy.montoya.0677@example.com,Tammy,Montoya,+1-clean-0000677
review-clean4-clean-CAND-00678,review-clean4-clean.laurie.taylor.0678@example.com,Laurie,Taylor,+1-clean-0000678
review-clean4-clean-CAND-00679,review-clean4-clean.john.davidson.0679@example.com,John,Davidson,+1-clean-0000679
review-clean4-clean-CAND-00680,review-clean4-clean.morgan.spencer.0680@example.com,Morgan,Spencer,+1-clean-0000680
review-clean4-clean-CAND-00681,review-clean4-clean.curtis.singleton.0681@example.com,Curtis,Singleton,+1-clean-0000681
review-clean4-clean-CAND-00682,review-clean4-clean.melissa.mitchell.0682@example.com,Melissa,Mitchell,+1-clean-0000682
review-clean4-clean-CAND-00683,review-clean4-clean.kathryn.nelson.0683@example.com,Kathryn,Nelson,+1-clean-0000683
review-clean4-clean-CAND-00684,review-clean4-clean.rebecca.hernandez.0684@example.com,Rebecca,Hernandez,+1-clean-0000684
review-clean4-clean-CAND-00685,review-clean4-clean.samuel.potts.0685@example.com,Samuel,Potts,+1-clean-0000685
review-clean4-clean-CAND-00686,review-clean4-clean.jeffrey.hayes.0686@example.com,Jeffrey,Hayes,+1-clean-0000686
review-clean4-clean-CAND-00687,review-clean4-clean.michael.johnson.0687@example.com,Michael,Johnson,+1-clean-0000687
review-clean4-clean-CAND-00688,review-clean4-clean.brian.shaw.0688@example.com,Brian,Shaw,+1-clean-0000688
review-clean4-clean-CAND-00689,review-clean4-clean.joe.vang.0689@example.com,Joe,Vang,+1-clean-0000689
review-clean4-clean-CAND-00690,review-clean4-clean.nicholas.johnson.0690@example.com,Nicholas,Johnson,+1-clean-0000690
review-clean4-clean-CAND-00691,review-clean4-clean.sarah.combs.0691@example.com,Sarah,Combs,+1-clean-0000691
review-clean4-clean-CAND-00692,review-clean4-clean.debra.moody.0692@example.com,Debra,Moody,+1-clean-0000692
review-clean4-clean-CAND-00693,review-clean4-clean.devin.mitchell.0693@example.com,Devin,Mitchell,+1-clean-0000693
review-clean4-clean-CAND-00694,review-clean4-clean.maria.horton.0694@example.com,Maria,Horton,+1-clean-0000694
review-clean4-clean-CAND-00695,review-clean4-clean.dominic.thornton.0695@example.com,Dominic,Thornton,+1-clean-0000695
review-clean4-clean-CAND-00696,review-clean4-clean.shane.smith.0696@example.com,Shane,Smith,+1-clean-0000696
review-clean4-clean-CAND-00697,review-clean4-clean.christian.scott.0697@example.com,Christian,Scott,+1-clean-0000697
review-clean4-clean-CAND-00698,review-clean4-clean.mary.dunn.0698@example.com,Mary,Dunn,+1-clean-0000698
review-clean4-clean-CAND-00699,review-clean4-clean.jessica.rose.0699@example.com,Jessica,Rose,+1-clean-0000699
review-clean4-clean-CAND-00700,review-clean4-clean.daniel.roberts.0700@example.com,Daniel,Roberts,+1-clean-0000700
review-clean4-clean-CAND-00701,review-clean4-clean.kevin.williams.0701@example.com,Kevin,Williams,+1-clean-0000701
review-clean4-clean-CAND-00702,review-clean4-clean.robert.bauer.0702@example.com,Robert,Bauer,+1-clean-0000702
review-clean4-clean-CAND-00703,review-clean4-clean.stephen.rodriguez.0703@example.com,Stephen,Rodriguez,+1-clean-0000703
review-clean4-clean-CAND-00704,review-clean4-clean.rebecca.carlson.0704@example.com,Rebecca,Carlson,+1-clean-0000704
review-clean4-clean-CAND-00705,review-clean4-clean.allen.robertson.0705@example.com,Allen,Robertson,+1-clean-0000705
review-clean4-clean-CAND-00706,review-clean4-clean.john.thomas.0706@example.com,John,Thomas,+1-clean-0000706
review-clean4-clean-CAND-00707,review-clean4-clean.ruben.mendez.0707@example.com,Ruben,Mendez,+1-clean-0000707
review-clean4-clean-CAND-00708,review-clean4-clean.john.butler.0708@example.com,John,Butler,+1-clean-0000708
review-clean4-clean-CAND-00709,review-clean4-clean.elizabeth.miller.0709@example.com,Elizabeth,Miller,+1-clean-0000709
review-clean4-clean-CAND-00710,review-clean4-clean.theresa.jones.0710@example.com,Theresa,Jones,+1-clean-0000710
review-clean4-clean-CAND-00711,review-clean4-clean.alicia.romero.0711@example.com,Alicia,Romero,+1-clean-0000711
review-clean4-clean-CAND-00712,review-clean4-clean.vanessa.spencer.0712@example.com,Vanessa,Spencer,+1-clean-0000712
review-clean4-clean-CAND-00713,review-clean4-clean.peter.harrison.0713@example.com,Peter,Harrison,+1-clean-0000713
review-clean4-clean-CAND-00714,review-clean4-clean.cynthia.zavala.0714@example.com,Cynthia,Zavala,+1-clean-0000714
review-clean4-clean-CAND-00715,review-clean4-clean.jon.smith.0715@example.com,Jon,Smith,+1-clean-0000715
review-clean4-clean-CAND-00716,review-clean4-clean.kristina.cooper.0716@example.com,Kristina,Cooper,+1-clean-0000716
review-clean4-clean-CAND-00717,review-clean4-clean.jessica.fuller.0717@example.com,Jessica,Fuller,+1-clean-0000717
review-clean4-clean-CAND-00718,review-clean4-clean.kelsey.moss.0718@example.com,Kelsey,Moss,+1-clean-0000718
review-clean4-clean-CAND-00719,review-clean4-clean.marvin.williams.0719@example.com,Marvin,Williams,+1-clean-0000719
review-clean4-clean-CAND-00720,review-clean4-clean.amy.li.0720@example.com,Amy,Li,+1-clean-0000720
review-clean4-clean-CAND-00721,review-clean4-clean.gregory.maxwell.0721@example.com,Gregory,Maxwell,+1-clean-0000721
review-clean4-clean-CAND-00722,review-clean4-clean.steven.dominguez.0722@example.com,Steven,Dominguez,+1-clean-0000722
review-clean4-clean-CAND-00723,review-clean4-clean.crystal.cain.0723@example.com,Crystal,Cain,+1-clean-0000723
review-clean4-clean-CAND-00724,review-clean4-clean.bryan.parsons.0724@example.com,Bryan,Parsons,+1-clean-0000724
review-clean4-clean-CAND-00725,review-clean4-clean.stephen.carter.0725@example.com,Stephen,Carter,+1-clean-0000725
review-clean4-clean-CAND-00726,review-clean4-clean.bradley.gonzalez.0726@example.com,Bradley,Gonzalez,+1-clean-0000726
review-clean4-clean-CAND-00727,review-clean4-clean.bobby.mahoney.0727@example.com,Bobby,Mahoney,+1-clean-0000727
review-clean4-clean-CAND-00728,review-clean4-clean.zachary.hays.0728@example.com,Zachary,Hays,+1-clean-0000728
review-clean4-clean-CAND-00729,review-clean4-clean.amy.king.0729@example.com,Amy,King,+1-clean-0000729
review-clean4-clean-CAND-00730,review-clean4-clean.karen.lee.0730@example.com,Karen,Lee,+1-clean-0000730
review-clean4-clean-CAND-00731,review-clean4-clean.michael.norman.0731@example.com,Michael,Norman,+1-clean-0000731
review-clean4-clean-CAND-00732,review-clean4-clean.michelle.rivera.0732@example.com,Michelle,Rivera,+1-clean-0000732
review-clean4-clean-CAND-00733,review-clean4-clean.david.richardson.0733@example.com,David,Richardson,+1-clean-0000733
review-clean4-clean-CAND-00734,review-clean4-clean.pamela.paul.0734@example.com,Pamela,Paul,+1-clean-0000734
review-clean4-clean-CAND-00735,review-clean4-clean.patricia.hughes.0735@example.com,Patricia,Hughes,+1-clean-0000735
review-clean4-clean-CAND-00736,review-clean4-clean.terri.crawford.0736@example.com,Terri,Crawford,+1-clean-0000736
review-clean4-clean-CAND-00737,review-clean4-clean.tyler.glass.0737@example.com,Tyler,Glass,+1-clean-0000737
review-clean4-clean-CAND-00738,review-clean4-clean.april.owen.0738@example.com,April,Owen,+1-clean-0000738
review-clean4-clean-CAND-00739,review-clean4-clean.jessica.miller.0739@example.com,Jessica,Miller,+1-clean-0000739
review-clean4-clean-CAND-00740,review-clean4-clean.carrie.short.0740@example.com,Carrie,Short,+1-clean-0000740
review-clean4-clean-CAND-00741,review-clean4-clean.amy.morris.0741@example.com,Amy,Morris,+1-clean-0000741
review-clean4-clean-CAND-00742,review-clean4-clean.christopher.guerrero.0742@example.com,Christopher,Guerrero,+1-clean-0000742
review-clean4-clean-CAND-00743,review-clean4-clean.kirk.morrison.0743@example.com,Kirk,Morrison,+1-clean-0000743
review-clean4-clean-CAND-00744,review-clean4-clean.ronald.norris.0744@example.com,Ronald,Norris,+1-clean-0000744
review-clean4-clean-CAND-00745,review-clean4-clean.michael.williams.0745@example.com,Michael,Williams,+1-clean-0000745
review-clean4-clean-CAND-00746,review-clean4-clean.molly.gomez.0746@example.com,Molly,Gomez,+1-clean-0000746
review-clean4-clean-CAND-00747,review-clean4-clean.whitney.hill.0747@example.com,Whitney,Hill,+1-clean-0000747
review-clean4-clean-CAND-00748,review-clean4-clean.tina.gould.0748@example.com,Tina,Gould,+1-clean-0000748
review-clean4-clean-CAND-00749,review-clean4-clean.charles.walsh.0749@example.com,Charles,Walsh,+1-clean-0000749
review-clean4-clean-CAND-00750,review-clean4-clean.michael.owen.0750@example.com,Michael,Owen,+1-clean-0000750
review-clean4-clean-CAND-00751,review-clean4-clean.erin.cisneros.0751@example.com,Erin,Cisneros,+1-clean-0000751
review-clean4-clean-CAND-00752,review-clean4-clean.douglas.lawson.0752@example.com,Douglas,Lawson,+1-clean-0000752
review-clean4-clean-CAND-00753,review-clean4-clean.kimberly.johnson.0753@example.com,Kimberly,Johnson,+1-clean-0000753
review-clean4-clean-CAND-00754,review-clean4-clean.carlos.osborne.0754@example.com,Carlos,Osborne,+1-clean-0000754
review-clean4-clean-CAND-00755,review-clean4-clean.michael.reyes.0755@example.com,Michael,Reyes,+1-clean-0000755
review-clean4-clean-CAND-00756,review-clean4-clean.ashley.jacobs.0756@example.com,Ashley,Jacobs,+1-clean-0000756
review-clean4-clean-CAND-00757,review-clean4-clean.erika.rush.0757@example.com,Erika,Rush,+1-clean-0000757
review-clean4-clean-CAND-00758,review-clean4-clean.nathan.hines.0758@example.com,Nathan,Hines,+1-clean-0000758
review-clean4-clean-CAND-00759,review-clean4-clean.audrey.moreno.0759@example.com,Audrey,Moreno,+1-clean-0000759
review-clean4-clean-CAND-00760,review-clean4-clean.raymond.banks.0760@example.com,Raymond,Banks,+1-clean-0000760
review-clean4-clean-CAND-00761,review-clean4-clean.john.wilson.0761@example.com,John,Wilson,+1-clean-0000761
review-clean4-clean-CAND-00762,review-clean4-clean.jill.porter.0762@example.com,Jill,Porter,+1-clean-0000762
review-clean4-clean-CAND-00763,review-clean4-clean.paul.hoffman.0763@example.com,Paul,Hoffman,+1-clean-0000763
review-clean4-clean-CAND-00764,review-clean4-clean.jose.green.0764@example.com,Jose,Green,+1-clean-0000764
review-clean4-clean-CAND-00765,review-clean4-clean.sean.davies.0765@example.com,Sean,Davies,+1-clean-0000765
review-clean4-clean-CAND-00766,review-clean4-clean.justin.hendricks.0766@example.com,Justin,Hendricks,+1-clean-0000766
review-clean4-clean-CAND-00767,review-clean4-clean.travis.martinez.0767@example.com,Travis,Martinez,+1-clean-0000767
review-clean4-clean-CAND-00768,review-clean4-clean.melissa.hayes.0768@example.com,Melissa,Hayes,+1-clean-0000768
review-clean4-clean-CAND-00769,review-clean4-clean.rachel.wallace.0769@example.com,Rachel,Wallace,+1-clean-0000769
review-clean4-clean-CAND-00770,review-clean4-clean.christopher.fleming.0770@example.com,Christopher,Fleming,+1-clean-0000770
review-clean4-clean-CAND-00771,review-clean4-clean.megan.flores.0771@example.com,Megan,Flores,+1-clean-0000771
review-clean4-clean-CAND-00772,review-clean4-clean.michael.brown.0772@example.com,Michael,Brown,+1-clean-0000772
review-clean4-clean-CAND-00773,review-clean4-clean.amber.vance.0773@example.com,Amber,Vance,+1-clean-0000773
review-clean4-clean-CAND-00774,review-clean4-clean.melissa.joseph.0774@example.com,Melissa,Joseph,+1-clean-0000774
review-clean4-clean-CAND-00775,review-clean4-clean.sara.little.0775@example.com,Sara,Little,+1-clean-0000775
review-clean4-clean-CAND-00776,review-clean4-clean.laura.hicks.0776@example.com,Laura,Hicks,+1-clean-0000776
review-clean4-clean-CAND-00777,review-clean4-clean.david.harris.0777@example.com,David,Harris,+1-clean-0000777
review-clean4-clean-CAND-00778,review-clean4-clean.dominic.tyler.0778@example.com,Dominic,Tyler,+1-clean-0000778
review-clean4-clean-CAND-00779,review-clean4-clean.anthony.spencer.0779@example.com,Anthony,Spencer,+1-clean-0000779
review-clean4-clean-CAND-00780,review-clean4-clean.miguel.lara.0780@example.com,Miguel,Lara,+1-clean-0000780
review-clean4-clean-CAND-00781,review-clean4-clean.andrea.salazar.0781@example.com,Andrea,Salazar,+1-clean-0000781
review-clean4-clean-CAND-00782,review-clean4-clean.christopher.parker.0782@example.com,Christopher,Parker,+1-clean-0000782
review-clean4-clean-CAND-00783,review-clean4-clean.yvonne.higgins.0783@example.com,Yvonne,Higgins,+1-clean-0000783
review-clean4-clean-CAND-00784,review-clean4-clean.alicia.hammond.0784@example.com,Alicia,Hammond,+1-clean-0000784
review-clean4-clean-CAND-00785,review-clean4-clean.madeline.jones.0785@example.com,Madeline,Jones,+1-clean-0000785
review-clean4-clean-CAND-00786,review-clean4-clean.teresa.day.0786@example.com,Teresa,Day,+1-clean-0000786
review-clean4-clean-CAND-00787,review-clean4-clean.shannon.frazier.0787@example.com,Shannon,Frazier,+1-clean-0000787
review-clean4-clean-CAND-00788,review-clean4-clean.melvin.humphrey.0788@example.com,Melvin,Humphrey,+1-clean-0000788
review-clean4-clean-CAND-00789,review-clean4-clean.kimberly.bowman.0789@example.com,Kimberly,Bowman,+1-clean-0000789
review-clean4-clean-CAND-00790,review-clean4-clean.hunter.burch.0790@example.com,Hunter,Burch,+1-clean-0000790
review-clean4-clean-CAND-00791,review-clean4-clean.ryan.bartlett.0791@example.com,Ryan,Bartlett,+1-clean-0000791
review-clean4-clean-CAND-00792,review-clean4-clean.brian.martinez.0792@example.com,Brian,Martinez,+1-clean-0000792
review-clean4-clean-CAND-00793,review-clean4-clean.eric.martin.0793@example.com,Eric,Martin,+1-clean-0000793
review-clean4-clean-CAND-00794,review-clean4-clean.marcus.fletcher.0794@example.com,Marcus,Fletcher,+1-clean-0000794
review-clean4-clean-CAND-00795,review-clean4-clean.michael.everett.0795@example.com,Michael,Everett,+1-clean-0000795
review-clean4-clean-CAND-00796,review-clean4-clean.patty.singleton.0796@example.com,Patty,Singleton,+1-clean-0000796
review-clean4-clean-CAND-00797,review-clean4-clean.john.reid.0797@example.com,John,Reid,+1-clean-0000797
review-clean4-clean-CAND-00798,review-clean4-clean.andrea.martinez.0798@example.com,Andrea,Martinez,+1-clean-0000798
review-clean4-clean-CAND-00799,review-clean4-clean.kevin.ferguson.0799@example.com,Kevin,Ferguson,+1-clean-0000799
review-clean4-clean-CAND-00800,review-clean4-clean.wayne.jackson.0800@example.com,Wayne,Jackson,+1-clean-0000800
review-clean4-clean-CAND-00801,review-clean4-clean.shelly.moore.0801@example.com,Shelly,Moore,+1-clean-0000801
review-clean4-clean-CAND-00802,review-clean4-clean.donna.le.0802@example.com,Donna,Le,+1-clean-0000802
review-clean4-clean-CAND-00803,review-clean4-clean.cassie.kirby.0803@example.com,Cassie,Kirby,+1-clean-0000803
review-clean4-clean-CAND-00804,review-clean4-clean.anne.bryan.0804@example.com,Anne,Bryan,+1-clean-0000804
review-clean4-clean-CAND-00805,review-clean4-clean.anthony.williams.0805@example.com,Anthony,Williams,+1-clean-0000805
review-clean4-clean-CAND-00806,review-clean4-clean.darlene.ray.0806@example.com,Darlene,Ray,+1-clean-0000806
review-clean4-clean-CAND-00807,review-clean4-clean.debra.wang.0807@example.com,Debra,Wang,+1-clean-0000807
review-clean4-clean-CAND-00808,review-clean4-clean.robert.fowler.0808@example.com,Robert,Fowler,+1-clean-0000808
review-clean4-clean-CAND-00809,review-clean4-clean.tyler.burton.0809@example.com,Tyler,Burton,+1-clean-0000809
review-clean4-clean-CAND-00810,review-clean4-clean.keith.frye.0810@example.com,Keith,Frye,+1-clean-0000810
review-clean4-clean-CAND-00811,review-clean4-clean.timothy.ballard.0811@example.com,Timothy,Ballard,+1-clean-0000811
review-clean4-clean-CAND-00812,review-clean4-clean.gail.evans.0812@example.com,Gail,Evans,+1-clean-0000812
review-clean4-clean-CAND-00813,review-clean4-clean.charles.brown.0813@example.com,Charles,Brown,+1-clean-0000813
review-clean4-clean-CAND-00814,review-clean4-clean.scott.washington.0814@example.com,Scott,Washington,+1-clean-0000814
review-clean4-clean-CAND-00815,review-clean4-clean.james.lawson.0815@example.com,James,Lawson,+1-clean-0000815
review-clean4-clean-CAND-00816,review-clean4-clean.larry.higgins.0816@example.com,Larry,Higgins,+1-clean-0000816
review-clean4-clean-CAND-00817,review-clean4-clean.jessica.valencia.0817@example.com,Jessica,Valencia,+1-clean-0000817
review-clean4-clean-CAND-00818,review-clean4-clean.theresa.anderson.0818@example.com,Theresa,Anderson,+1-clean-0000818
review-clean4-clean-CAND-00819,review-clean4-clean.mitchell.hoffman.0819@example.com,Mitchell,Hoffman,+1-clean-0000819
review-clean4-clean-CAND-00820,review-clean4-clean.luis.owens.0820@example.com,Luis,Owens,+1-clean-0000820
review-clean4-clean-CAND-00821,review-clean4-clean.joseph.wright.0821@example.com,Joseph,Wright,+1-clean-0000821
review-clean4-clean-CAND-00822,review-clean4-clean.colin.roberts.0822@example.com,Colin,Roberts,+1-clean-0000822
review-clean4-clean-CAND-00823,review-clean4-clean.patrick.gilbert.0823@example.com,Patrick,Gilbert,+1-clean-0000823
review-clean4-clean-CAND-00824,review-clean4-clean.john.grimes.0824@example.com,John,Grimes,+1-clean-0000824
review-clean4-clean-CAND-00825,review-clean4-clean.erik.murphy.0825@example.com,Erik,Murphy,+1-clean-0000825
review-clean4-clean-CAND-00826,review-clean4-clean.becky.edwards.0826@example.com,Becky,Edwards,+1-clean-0000826
review-clean4-clean-CAND-00827,review-clean4-clean.kathryn.jimenez.0827@example.com,Kathryn,Jimenez,+1-clean-0000827
review-clean4-clean-CAND-00828,review-clean4-clean.xavier.jimenez.0828@example.com,Xavier,Jimenez,+1-clean-0000828
review-clean4-clean-CAND-00829,review-clean4-clean.kyle.johnson.0829@example.com,Kyle,Johnson,+1-clean-0000829
review-clean4-clean-CAND-00830,review-clean4-clean.sierra.wagner.0830@example.com,Sierra,Wagner,+1-clean-0000830
review-clean4-clean-CAND-00831,review-clean4-clean.tammy.lewis.0831@example.com,Tammy,Lewis,+1-clean-0000831
review-clean4-clean-CAND-00832,review-clean4-clean.michael.williams.0832@example.com,Michael,Williams,+1-clean-0000832
review-clean4-clean-CAND-00833,review-clean4-clean.troy.khan.0833@example.com,Troy,Khan,+1-clean-0000833
review-clean4-clean-CAND-00834,review-clean4-clean.destiny.ruiz.0834@example.com,Destiny,Ruiz,+1-clean-0000834
review-clean4-clean-CAND-00835,review-clean4-clean.amanda.boone.0835@example.com,Amanda,Boone,+1-clean-0000835
review-clean4-clean-CAND-00836,review-clean4-clean.ryan.khan.0836@example.com,Ryan,Khan,+1-clean-0000836
review-clean4-clean-CAND-00837,review-clean4-clean.jessica.gallagher.0837@example.com,Jessica,Gallagher,+1-clean-0000837
review-clean4-clean-CAND-00838,review-clean4-clean.michael.morales.0838@example.com,Michael,Morales,+1-clean-0000838
review-clean4-clean-CAND-00839,review-clean4-clean.ashley.lee.0839@example.com,Ashley,Lee,+1-clean-0000839
review-clean4-clean-CAND-00840,review-clean4-clean.angela.jones.0840@example.com,Angela,Jones,+1-clean-0000840
review-clean4-clean-CAND-00841,review-clean4-clean.william.duran.0841@example.com,William,Duran,+1-clean-0000841
review-clean4-clean-CAND-00842,review-clean4-clean.joshua.hays.0842@example.com,Joshua,Hays,+1-clean-0000842
review-clean4-clean-CAND-00843,review-clean4-clean.erin.wilson.0843@example.com,Erin,Wilson,+1-clean-0000843
review-clean4-clean-CAND-00844,review-clean4-clean.theresa.long.0844@example.com,Theresa,Long,+1-clean-0000844
review-clean4-clean-CAND-00845,review-clean4-clean.laura.morgan.0845@example.com,Laura,Morgan,+1-clean-0000845
review-clean4-clean-CAND-00846,review-clean4-clean.sheila.fischer.0846@example.com,Sheila,Fischer,+1-clean-0000846
review-clean4-clean-CAND-00847,review-clean4-clean.james.hicks.0847@example.com,James,Hicks,+1-clean-0000847
review-clean4-clean-CAND-00848,review-clean4-clean.vincent.williams.0848@example.com,Vincent,Williams,+1-clean-0000848
review-clean4-clean-CAND-00849,review-clean4-clean.derrick.cook.0849@example.com,Derrick,Cook,+1-clean-0000849
review-clean4-clean-CAND-00850,review-clean4-clean.thomas.bryant.0850@example.com,Thomas,Bryant,+1-clean-0000850
review-clean4-clean-CAND-00851,review-clean4-clean.catherine.robertson.0851@example.com,Catherine,Robertson,+1-clean-0000851
review-clean4-clean-CAND-00852,review-clean4-clean.mark.austin.0852@example.com,Mark,Austin,+1-clean-0000852
review-clean4-clean-CAND-00853,review-clean4-clean.francisco.ewing.0853@example.com,Francisco,Ewing,+1-clean-0000853
review-clean4-clean-CAND-00854,review-clean4-clean.jodi.evans.0854@example.com,Jodi,Evans,+1-clean-0000854
review-clean4-clean-CAND-00855,review-clean4-clean.matthew.clayton.0855@example.com,Matthew,Clayton,+1-clean-0000855
review-clean4-clean-CAND-00856,review-clean4-clean.amanda.erickson.0856@example.com,Amanda,Erickson,+1-clean-0000856
review-clean4-clean-CAND-00857,review-clean4-clean.kevin.cabrera.0857@example.com,Kevin,Cabrera,+1-clean-0000857
review-clean4-clean-CAND-00858,review-clean4-clean.micheal.nunez.0858@example.com,Micheal,Nunez,+1-clean-0000858
review-clean4-clean-CAND-00859,review-clean4-clean.tina.silva.0859@example.com,Tina,Silva,+1-clean-0000859
review-clean4-clean-CAND-00860,review-clean4-clean.laura.swanson.0860@example.com,Laura,Swanson,+1-clean-0000860
review-clean4-clean-CAND-00861,review-clean4-clean.hailey.johnson.0861@example.com,Hailey,Johnson,+1-clean-0000861
review-clean4-clean-CAND-00862,review-clean4-clean.thomas.coffey.0862@example.com,Thomas,Coffey,+1-clean-0000862
review-clean4-clean-CAND-00863,review-clean4-clean.krista.parsons.0863@example.com,Krista,Parsons,+1-clean-0000863
review-clean4-clean-CAND-00864,review-clean4-clean.becky.griffith.0864@example.com,Becky,Griffith,+1-clean-0000864
review-clean4-clean-CAND-00865,review-clean4-clean.brandy.jackson.0865@example.com,Brandy,Jackson,+1-clean-0000865
review-clean4-clean-CAND-00866,review-clean4-clean.cristina.harvey.0866@example.com,Cristina,Harvey,+1-clean-0000866
review-clean4-clean-CAND-00867,review-clean4-clean.maureen.hernandez.0867@example.com,Maureen,Hernandez,+1-clean-0000867
review-clean4-clean-CAND-00868,review-clean4-clean.erin.johnson.0868@example.com,Erin,Johnson,+1-clean-0000868
review-clean4-clean-CAND-00869,review-clean4-clean.stacy.rodriguez.0869@example.com,Stacy,Rodriguez,+1-clean-0000869
review-clean4-clean-CAND-00870,review-clean4-clean.andrew.edwards.0870@example.com,Andrew,Edwards,+1-clean-0000870
review-clean4-clean-CAND-00871,review-clean4-clean.edward.vaughn.0871@example.com,Edward,Vaughn,+1-clean-0000871
review-clean4-clean-CAND-00872,review-clean4-clean.robert.hampton.0872@example.com,Robert,Hampton,+1-clean-0000872
review-clean4-clean-CAND-00873,review-clean4-clean.samantha.salas.0873@example.com,Samantha,Salas,+1-clean-0000873
review-clean4-clean-CAND-00874,review-clean4-clean.jill.brown.0874@example.com,Jill,Brown,+1-clean-0000874
review-clean4-clean-CAND-00875,review-clean4-clean.devin.clark.0875@example.com,Devin,Clark,+1-clean-0000875
review-clean4-clean-CAND-00876,review-clean4-clean.mark.bates.0876@example.com,Mark,Bates,+1-clean-0000876
review-clean4-clean-CAND-00877,review-clean4-clean.alicia.edwards.0877@example.com,Alicia,Edwards,+1-clean-0000877
review-clean4-clean-CAND-00878,review-clean4-clean.glen.barr.0878@example.com,Glen,Barr,+1-clean-0000878
review-clean4-clean-CAND-00879,review-clean4-clean.matthew.gomez.0879@example.com,Matthew,Gomez,+1-clean-0000879
review-clean4-clean-CAND-00880,review-clean4-clean.kelsey.le.0880@example.com,Kelsey,Le,+1-clean-0000880
review-clean4-clean-CAND-00881,review-clean4-clean.dawn.steele.0881@example.com,Dawn,Steele,+1-clean-0000881
review-clean4-clean-CAND-00882,review-clean4-clean.chelsea.lee.0882@example.com,Chelsea,Lee,+1-clean-0000882
review-clean4-clean-CAND-00883,review-clean4-clean.john.grant.0883@example.com,John,Grant,+1-clean-0000883
review-clean4-clean-CAND-00884,review-clean4-clean.jeffrey.dudley.0884@example.com,Jeffrey,Dudley,+1-clean-0000884
review-clean4-clean-CAND-00885,review-clean4-clean.kenneth.roberts.0885@example.com,Kenneth,Roberts,+1-clean-0000885
review-clean4-clean-CAND-00886,review-clean4-clean.jared.bush.0886@example.com,Jared,Bush,+1-clean-0000886
review-clean4-clean-CAND-00887,review-clean4-clean.logan.bailey.0887@example.com,Logan,Bailey,+1-clean-0000887
review-clean4-clean-CAND-00888,review-clean4-clean.sarah.pope.0888@example.com,Sarah,Pope,+1-clean-0000888
review-clean4-clean-CAND-00889,review-clean4-clean.joshua.martinez.0889@example.com,Joshua,Martinez,+1-clean-0000889
review-clean4-clean-CAND-00890,review-clean4-clean.erica.james.0890@example.com,Erica,James,+1-clean-0000890
review-clean4-clean-CAND-00891,review-clean4-clean.tina.cardenas.0891@example.com,Tina,Cardenas,+1-clean-0000891
review-clean4-clean-CAND-00892,review-clean4-clean.stephanie.ballard.0892@example.com,Stephanie,Ballard,+1-clean-0000892
review-clean4-clean-CAND-00893,review-clean4-clean.kelly.roberts.0893@example.com,Kelly,Roberts,+1-clean-0000893
review-clean4-clean-CAND-00894,review-clean4-clean.jennifer.reed.0894@example.com,Jennifer,Reed,+1-clean-0000894
review-clean4-clean-CAND-00895,review-clean4-clean.scott.scott.0895@example.com,Scott,Scott,+1-clean-0000895
review-clean4-clean-CAND-00896,review-clean4-clean.timothy.harris.0896@example.com,Timothy,Harris,+1-clean-0000896
review-clean4-clean-CAND-00897,review-clean4-clean.amanda.fitzpatrick.0897@example.com,Amanda,Fitzpatrick,+1-clean-0000897
review-clean4-clean-CAND-00898,review-clean4-clean.heather.taylor.0898@example.com,Heather,Taylor,+1-clean-0000898
review-clean4-clean-CAND-00899,review-clean4-clean.christina.matthews.0899@example.com,Christina,Matthews,+1-clean-0000899
review-clean4-clean-CAND-00900,review-clean4-clean.john.santiago.0900@example.com,John,Santiago,+1-clean-0000900
review-clean4-clean-CAND-00901,review-clean4-clean.amanda.little.0901@example.com,Amanda,Little,+1-clean-0000901
review-clean4-clean-CAND-00902,review-clean4-clean.brian.gutierrez.0902@example.com,Brian,Gutierrez,+1-clean-0000902
review-clean4-clean-CAND-00903,review-clean4-clean.jennifer.garcia.0903@example.com,Jennifer,Garcia,+1-clean-0000903
review-clean4-clean-CAND-00904,review-clean4-clean.kelli.smith.0904@example.com,Kelli,Smith,+1-clean-0000904
review-clean4-clean-CAND-00905,review-clean4-clean.andrea.hickman.0905@example.com,Andrea,Hickman,+1-clean-0000905
review-clean4-clean-CAND-00906,review-clean4-clean.richard.donovan.0906@example.com,Richard,Donovan,+1-clean-0000906
review-clean4-clean-CAND-00907,review-clean4-clean.natalie.woods.0907@example.com,Natalie,Woods,+1-clean-0000907
review-clean4-clean-CAND-00908,review-clean4-clean.james.maynard.0908@example.com,James,Maynard,+1-clean-0000908
review-clean4-clean-CAND-00909,review-clean4-clean.manuel.brewer.0909@example.com,Manuel,Brewer,+1-clean-0000909
review-clean4-clean-CAND-00910,review-clean4-clean.rebecca.davis.0910@example.com,Rebecca,Davis,+1-clean-0000910
review-clean4-clean-CAND-00911,review-clean4-clean.audrey.nichols.0911@example.com,Audrey,Nichols,+1-clean-0000911
review-clean4-clean-CAND-00912,review-clean4-clean.jennifer.zuniga.0912@example.com,Jennifer,Zuniga,+1-clean-0000912
review-clean4-clean-CAND-00913,review-clean4-clean.robin.thompson.0913@example.com,Robin,Thompson,+1-clean-0000913
review-clean4-clean-CAND-00914,review-clean4-clean.nicole.thompson.0914@example.com,Nicole,Thompson,+1-clean-0000914
review-clean4-clean-CAND-00915,review-clean4-clean.samantha.osborn.0915@example.com,Samantha,Osborn,+1-clean-0000915
review-clean4-clean-CAND-00916,review-clean4-clean.randy.simpson.0916@example.com,Randy,Simpson,+1-clean-0000916
review-clean4-clean-CAND-00917,review-clean4-clean.sharon.hayden.0917@example.com,Sharon,Hayden,+1-clean-0000917
review-clean4-clean-CAND-00918,review-clean4-clean.sara.mcdowell.0918@example.com,Sara,Mcdowell,+1-clean-0000918
review-clean4-clean-CAND-00919,review-clean4-clean.albert.bradley.0919@example.com,Albert,Bradley,+1-clean-0000919
review-clean4-clean-CAND-00920,review-clean4-clean.daniel.bird.0920@example.com,Daniel,Bird,+1-clean-0000920
review-clean4-clean-CAND-00921,review-clean4-clean.justin.hays.0921@example.com,Justin,Hays,+1-clean-0000921
review-clean4-clean-CAND-00922,review-clean4-clean.amy.snyder.0922@example.com,Amy,Snyder,+1-clean-0000922
review-clean4-clean-CAND-00923,review-clean4-clean.sheena.rosales.0923@example.com,Sheena,Rosales,+1-clean-0000923
review-clean4-clean-CAND-00924,review-clean4-clean.taylor.lee.0924@example.com,Taylor,Lee,+1-clean-0000924
review-clean4-clean-CAND-00925,review-clean4-clean.daniel.martin.0925@example.com,Daniel,Martin,+1-clean-0000925
review-clean4-clean-CAND-00926,review-clean4-clean.stephen.scott.0926@example.com,Stephen,Scott,+1-clean-0000926
review-clean4-clean-CAND-00927,review-clean4-clean.jacob.doyle.0927@example.com,Jacob,Doyle,+1-clean-0000927
review-clean4-clean-CAND-00928,review-clean4-clean.krystal.bradley.0928@example.com,Krystal,Bradley,+1-clean-0000928
review-clean4-clean-CAND-00929,review-clean4-clean.katherine.thompson.0929@example.com,Katherine,Thompson,+1-clean-0000929
review-clean4-clean-CAND-00930,review-clean4-clean.melissa.prince.0930@example.com,Melissa,Prince,+1-clean-0000930
review-clean4-clean-CAND-00931,review-clean4-clean.margaret.robertson.0931@example.com,Margaret,Robertson,+1-clean-0000931
review-clean4-clean-CAND-00932,review-clean4-clean.christopher.caldwell.0932@example.com,Christopher,Caldwell,+1-clean-0000932
review-clean4-clean-CAND-00933,review-clean4-clean.jack.taylor.0933@example.com,Jack,Taylor,+1-clean-0000933
review-clean4-clean-CAND-00934,review-clean4-clean.marcus.wright.0934@example.com,Marcus,Wright,+1-clean-0000934
review-clean4-clean-CAND-00935,review-clean4-clean.jose.young.0935@example.com,Jose,Young,+1-clean-0000935
review-clean4-clean-CAND-00936,review-clean4-clean.karen.finley.0936@example.com,Karen,Finley,+1-clean-0000936
review-clean4-clean-CAND-00937,review-clean4-clean.kevin.sharp.0937@example.com,Kevin,Sharp,+1-clean-0000937
review-clean4-clean-CAND-00938,review-clean4-clean.alexander.valdez.0938@example.com,Alexander,Valdez,+1-clean-0000938
review-clean4-clean-CAND-00939,review-clean4-clean.heather.brown.0939@example.com,Heather,Brown,+1-clean-0000939
review-clean4-clean-CAND-00940,review-clean4-clean.david.parker.0940@example.com,David,Parker,+1-clean-0000940
review-clean4-clean-CAND-00941,review-clean4-clean.richard.shaw.0941@example.com,Richard,Shaw,+1-clean-0000941
review-clean4-clean-CAND-00942,review-clean4-clean.paula.padilla.0942@example.com,Paula,Padilla,+1-clean-0000942
review-clean4-clean-CAND-00943,review-clean4-clean.larry.wilson.0943@example.com,Larry,Wilson,+1-clean-0000943
review-clean4-clean-CAND-00944,review-clean4-clean.sabrina.phillips.0944@example.com,Sabrina,Phillips,+1-clean-0000944
review-clean4-clean-CAND-00945,review-clean4-clean.christina.robinson.0945@example.com,Christina,Robinson,+1-clean-0000945
review-clean4-clean-CAND-00946,review-clean4-clean.dennis.hernandez.0946@example.com,Dennis,Hernandez,+1-clean-0000946
review-clean4-clean-CAND-00947,review-clean4-clean.julie.obrien.0947@example.com,Julie,Obrien,+1-clean-0000947
review-clean4-clean-CAND-00948,review-clean4-clean.robert.dunn.0948@example.com,Robert,Dunn,+1-clean-0000948
review-clean4-clean-CAND-00949,review-clean4-clean.thomas.medina.0949@example.com,Thomas,Medina,+1-clean-0000949
review-clean4-clean-CAND-00950,review-clean4-clean.elizabeth.robinson.0950@example.com,Elizabeth,Robinson,+1-clean-0000950
review-clean4-clean-CAND-00951,review-clean4-clean.john.fischer.0951@example.com,John,Fischer,+1-clean-0000951
review-clean4-clean-CAND-00952,review-clean4-clean.morgan.miller.0952@example.com,Morgan,Miller,+1-clean-0000952
review-clean4-clean-CAND-00953,review-clean4-clean.sean.padilla.0953@example.com,Sean,Padilla,+1-clean-0000953
review-clean4-clean-CAND-00954,review-clean4-clean.christian.elliott.0954@example.com,Christian,Elliott,+1-clean-0000954
review-clean4-clean-CAND-00955,review-clean4-clean.bryan.kelley.0955@example.com,Bryan,Kelley,+1-clean-0000955
review-clean4-clean-CAND-00956,review-clean4-clean.william.armstrong.0956@example.com,William,Armstrong,+1-clean-0000956
review-clean4-clean-CAND-00957,review-clean4-clean.edward.murphy.0957@example.com,Edward,Murphy,+1-clean-0000957
review-clean4-clean-CAND-00958,review-clean4-clean.abigail.wilson.0958@example.com,Abigail,Wilson,+1-clean-0000958
review-clean4-clean-CAND-00959,review-clean4-clean.jamie.aguilar.0959@example.com,Jamie,Aguilar,+1-clean-0000959
review-clean4-clean-CAND-00960,review-clean4-clean.christopher.dixon.0960@example.com,Christopher,Dixon,+1-clean-0000960
review-clean4-clean-CAND-00961,review-clean4-clean.lindsey.chavez.0961@example.com,Lindsey,Chavez,+1-clean-0000961
review-clean4-clean-CAND-00962,review-clean4-clean.william.bryant.0962@example.com,William,Bryant,+1-clean-0000962
review-clean4-clean-CAND-00963,review-clean4-clean.brian.ford.0963@example.com,Brian,Ford,+1-clean-0000963
review-clean4-clean-CAND-00964,review-clean4-clean.lindsay.cummings.0964@example.com,Lindsay,Cummings,+1-clean-0000964
review-clean4-clean-CAND-00965,review-clean4-clean.randy.velasquez.0965@example.com,Randy,Velasquez,+1-clean-0000965
review-clean4-clean-CAND-00966,review-clean4-clean.julie.lane.0966@example.com,Julie,Lane,+1-clean-0000966
review-clean4-clean-CAND-00967,review-clean4-clean.brandon.cooper.0967@example.com,Brandon,Cooper,+1-clean-0000967
review-clean4-clean-CAND-00968,review-clean4-clean.bryce.mcknight.0968@example.com,Bryce,Mcknight,+1-clean-0000968
review-clean4-clean-CAND-00969,review-clean4-clean.sarah.jones.0969@example.com,Sarah,Jones,+1-clean-0000969
review-clean4-clean-CAND-00970,review-clean4-clean.sarah.johnson.0970@example.com,Sarah,Johnson,+1-clean-0000970
review-clean4-clean-CAND-00971,review-clean4-clean.robert.mack.0971@example.com,Robert,Mack,+1-clean-0000971
review-clean4-clean-CAND-00972,review-clean4-clean.katie.good.0972@example.com,Katie,Good,+1-clean-0000972
review-clean4-clean-CAND-00973,review-clean4-clean.debbie.fisher.0973@example.com,Debbie,Fisher,+1-clean-0000973
review-clean4-clean-CAND-00974,review-clean4-clean.victoria.reyes.0974@example.com,Victoria,Reyes,+1-clean-0000974
review-clean4-clean-CAND-00975,review-clean4-clean.molly.knox.0975@example.com,Molly,Knox,+1-clean-0000975
review-clean4-clean-CAND-00976,review-clean4-clean.nicholas.vega.0976@example.com,Nicholas,Vega,+1-clean-0000976
review-clean4-clean-CAND-00977,review-clean4-clean.dorothy.ryan.0977@example.com,Dorothy,Ryan,+1-clean-0000977
review-clean4-clean-CAND-00978,review-clean4-clean.desiree.bailey.0978@example.com,Desiree,Bailey,+1-clean-0000978
review-clean4-clean-CAND-00979,review-clean4-clean.gregory.medina.0979@example.com,Gregory,Medina,+1-clean-0000979
review-clean4-clean-CAND-00980,review-clean4-clean.allison.luna.0980@example.com,Allison,Luna,+1-clean-0000980
review-clean4-clean-CAND-00981,review-clean4-clean.jeffrey.smith.0981@example.com,Jeffrey,Smith,+1-clean-0000981
review-clean4-clean-CAND-00982,review-clean4-clean.andrew.evans.0982@example.com,Andrew,Evans,+1-clean-0000982
review-clean4-clean-CAND-00983,review-clean4-clean.emily.stephens.0983@example.com,Emily,Stephens,+1-clean-0000983
review-clean4-clean-CAND-00984,review-clean4-clean.amanda.morrow.0984@example.com,Amanda,Morrow,+1-clean-0000984
review-clean4-clean-CAND-00985,review-clean4-clean.john.reed.0985@example.com,John,Reed,+1-clean-0000985
review-clean4-clean-CAND-00986,review-clean4-clean.joshua.pineda.0986@example.com,Joshua,Pineda,+1-clean-0000986
review-clean4-clean-CAND-00987,review-clean4-clean.jessica.rodriguez.0987@example.com,Jessica,Rodriguez,+1-clean-0000987
review-clean4-clean-CAND-00988,review-clean4-clean.lisa.barnes.0988@example.com,Lisa,Barnes,+1-clean-0000988
review-clean4-clean-CAND-00989,review-clean4-clean.katie.stephenson.0989@example.com,Katie,Stephenson,+1-clean-0000989
review-clean4-clean-CAND-00990,review-clean4-clean.alexis.harris.0990@example.com,Alexis,Harris,+1-clean-0000990
review-clean4-clean-CAND-00991,review-clean4-clean.craig.johnson.0991@example.com,Craig,Johnson,+1-clean-0000991
review-clean4-clean-CAND-00992,review-clean4-clean.carla.warner.0992@example.com,Carla,Warner,+1-clean-0000992
review-clean4-clean-CAND-00993,review-clean4-clean.brandon.yang.0993@example.com,Brandon,Yang,+1-clean-0000993
review-clean4-clean-CAND-00994,review-clean4-clean.richard.young.0994@example.com,Richard,Young,+1-clean-0000994
review-clean4-clean-CAND-00995,review-clean4-clean.jeff.shields.0995@example.com,Jeff,Shields,+1-clean-0000995
review-clean4-clean-CAND-00996,review-clean4-clean.brian.gordon.0996@example.com,Brian,Gordon,+1-clean-0000996
review-clean4-clean-CAND-00997,review-clean4-clean.keith.cabrera.0997@example.com,Keith,Cabrera,+1-clean-0000997
review-clean4-clean-CAND-00998,review-clean4-clean.jessica.flores.0998@example.com,Jessica,Flores,+1-clean-0000998
review-clean4-clean-CAND-00999,review-clean4-clean.carla.chambers.0999@example.com,Carla,Chambers,+1-clean-0000999
review-clean4-clean-CAND-01000,review-clean4-clean.malik.turner.1000@example.com,Malik,Turner,+1-clean-0001000
review-clean4-clean-CAND-01001,review-clean4-clean.douglas.keller.1001@example.com,Douglas,Keller,+1-clean-0001001
review-clean4-clean-CAND-01002,review-clean4-clean.jeffrey.turner.1002@example.com,Jeffrey,Turner,+1-clean-0001002
review-clean4-clean-CAND-01003,review-clean4-clean.bruce.fry.1003@example.com,Bruce,Fry,+1-clean-0001003
review-clean4-clean-CAND-01004,review-clean4-clean.nichole.buck.1004@example.com,Nichole,Buck,+1-clean-0001004
review-clean4-clean-CAND-01005,review-clean4-clean.connie.simmons.1005@example.com,Connie,Simmons,+1-clean-0001005
review-clean4-clean-CAND-01006,review-clean4-clean.tyler.compton.1006@example.com,Tyler,Compton,+1-clean-0001006
review-clean4-clean-CAND-01007,review-clean4-clean.shelly.powers.1007@example.com,Shelly,Powers,+1-clean-0001007
review-clean4-clean-CAND-01008,review-clean4-clean.kristi.flores.1008@example.com,Kristi,Flores,+1-clean-0001008
review-clean4-clean-CAND-01009,review-clean4-clean.robert.hernandez.1009@example.com,Robert,Hernandez,+1-clean-0001009
review-clean4-clean-CAND-01010,review-clean4-clean.nicholas.webster.1010@example.com,Nicholas,Webster,+1-clean-0001010
review-clean4-clean-CAND-01011,review-clean4-clean.thomas.atkinson.1011@example.com,Thomas,Atkinson,+1-clean-0001011
review-clean4-clean-CAND-01012,review-clean4-clean.kevin.zimmerman.1012@example.com,Kevin,Zimmerman,+1-clean-0001012
review-clean4-clean-CAND-01013,review-clean4-clean.linda.melendez.1013@example.com,Linda,Melendez,+1-clean-0001013
review-clean4-clean-CAND-01014,review-clean4-clean.anna.faulkner.1014@example.com,Anna,Faulkner,+1-clean-0001014
review-clean4-clean-CAND-01015,review-clean4-clean.angela.anderson.1015@example.com,Angela,Anderson,+1-clean-0001015
review-clean4-clean-CAND-01016,review-clean4-clean.john.harris.1016@example.com,John,Harris,+1-clean-0001016
review-clean4-clean-CAND-01017,review-clean4-clean.deborah.nielsen.1017@example.com,Deborah,Nielsen,+1-clean-0001017
review-clean4-clean-CAND-01018,review-clean4-clean.melanie.davis.1018@example.com,Melanie,Davis,+1-clean-0001018
review-clean4-clean-CAND-01019,review-clean4-clean.jenny.lee.1019@example.com,Jenny,Lee,+1-clean-0001019
review-clean4-clean-CAND-01020,review-clean4-clean.joseph.nunez.1020@example.com,Joseph,Nunez,+1-clean-0001020
review-clean4-clean-CAND-01021,review-clean4-clean.carrie.russo.1021@example.com,Carrie,Russo,+1-clean-0001021
review-clean4-clean-CAND-01022,review-clean4-clean.jacob.gill.1022@example.com,Jacob,Gill,+1-clean-0001022
review-clean4-clean-CAND-01023,review-clean4-clean.jennifer.hansen.1023@example.com,Jennifer,Hansen,+1-clean-0001023
review-clean4-clean-CAND-01024,review-clean4-clean.timothy.booth.1024@example.com,Timothy,Booth,+1-clean-0001024
review-clean4-clean-CAND-01025,review-clean4-clean.mason.krueger.1025@example.com,Mason,Krueger,+1-clean-0001025
review-clean4-clean-CAND-01026,review-clean4-clean.alexis.giles.1026@example.com,Alexis,Giles,+1-clean-0001026
review-clean4-clean-CAND-01027,review-clean4-clean.suzanne.wilson.1027@example.com,Suzanne,Wilson,+1-clean-0001027
review-clean4-clean-CAND-01028,review-clean4-clean.yvonne.mendoza.1028@example.com,Yvonne,Mendoza,+1-clean-0001028
review-clean4-clean-CAND-01029,review-clean4-clean.john.munoz.1029@example.com,John,Munoz,+1-clean-0001029
review-clean4-clean-CAND-01030,review-clean4-clean.james.herman.1030@example.com,James,Herman,+1-clean-0001030
review-clean4-clean-CAND-01031,review-clean4-clean.andrea.rowe.1031@example.com,Andrea,Rowe,+1-clean-0001031
review-clean4-clean-CAND-01032,review-clean4-clean.oscar.ferguson.1032@example.com,Oscar,Ferguson,+1-clean-0001032
review-clean4-clean-CAND-01033,review-clean4-clean.michael.green.1033@example.com,Michael,Green,+1-clean-0001033
review-clean4-clean-CAND-01034,review-clean4-clean.william.crawford.1034@example.com,William,Crawford,+1-clean-0001034
review-clean4-clean-CAND-01035,review-clean4-clean.corey.zavala.1035@example.com,Corey,Zavala,+1-clean-0001035
review-clean4-clean-CAND-01036,review-clean4-clean.terrance.franco.1036@example.com,Terrance,Franco,+1-clean-0001036
review-clean4-clean-CAND-01037,review-clean4-clean.robin.wood.1037@example.com,Robin,Wood,+1-clean-0001037
review-clean4-clean-CAND-01038,review-clean4-clean.robert.hart.1038@example.com,Robert,Hart,+1-clean-0001038
review-clean4-clean-CAND-01039,review-clean4-clean.jeffrey.thomas.1039@example.com,Jeffrey,Thomas,+1-clean-0001039
review-clean4-clean-CAND-01040,review-clean4-clean.jose.donovan.1040@example.com,Jose,Donovan,+1-clean-0001040
review-clean4-clean-CAND-01041,review-clean4-clean.beth.butler.1041@example.com,Beth,Butler,+1-clean-0001041
review-clean4-clean-CAND-01042,review-clean4-clean.elijah.rivera.1042@example.com,Elijah,Rivera,+1-clean-0001042
review-clean4-clean-CAND-01043,review-clean4-clean.noah.whitaker.1043@example.com,Noah,Whitaker,+1-clean-0001043
review-clean4-clean-CAND-01044,review-clean4-clean.victor.pena.1044@example.com,Victor,Pena,+1-clean-0001044
review-clean4-clean-CAND-01045,review-clean4-clean.gail.scott.1045@example.com,Gail,Scott,+1-clean-0001045
review-clean4-clean-CAND-01046,review-clean4-clean.lorraine.levy.1046@example.com,Lorraine,Levy,+1-clean-0001046
review-clean4-clean-CAND-01047,review-clean4-clean.darlene.henry.1047@example.com,Darlene,Henry,+1-clean-0001047
review-clean4-clean-CAND-01048,review-clean4-clean.gary.norton.1048@example.com,Gary,Norton,+1-clean-0001048
review-clean4-clean-CAND-01049,review-clean4-clean.gary.cortez.1049@example.com,Gary,Cortez,+1-clean-0001049
review-clean4-clean-CAND-01050,review-clean4-clean.tracy.stark.1050@example.com,Tracy,Stark,+1-clean-0001050
review-clean4-clean-CAND-01051,review-clean4-clean.amber.may.1051@example.com,Amber,May,+1-clean-0001051
review-clean4-clean-CAND-01052,review-clean4-clean.brian.johnson.1052@example.com,Brian,Johnson,+1-clean-0001052
review-clean4-clean-CAND-01053,review-clean4-clean.melanie.landry.1053@example.com,Melanie,Landry,+1-clean-0001053
review-clean4-clean-CAND-01054,review-clean4-clean.elizabeth.duran.1054@example.com,Elizabeth,Duran,+1-clean-0001054
review-clean4-clean-CAND-01055,review-clean4-clean.robert.kirby.1055@example.com,Robert,Kirby,+1-clean-0001055
review-clean4-clean-CAND-01056,review-clean4-clean.jesse.mann.1056@example.com,Jesse,Mann,+1-clean-0001056
review-clean4-clean-CAND-01057,review-clean4-clean.albert.wagner.1057@example.com,Albert,Wagner,+1-clean-0001057
review-clean4-clean-CAND-01058,review-clean4-clean.nathaniel.williamson.1058@example.com,Nathaniel,Williamson,+1-clean-0001058
review-clean4-clean-CAND-01059,review-clean4-clean.elizabeth.jensen.1059@example.com,Elizabeth,Jensen,+1-clean-0001059
review-clean4-clean-CAND-01060,review-clean4-clean.timothy.freeman.1060@example.com,Timothy,Freeman,+1-clean-0001060
review-clean4-clean-CAND-01061,review-clean4-clean.adam.arnold.1061@example.com,Adam,Arnold,+1-clean-0001061
review-clean4-clean-CAND-01062,review-clean4-clean.alexander.moreno.1062@example.com,Alexander,Moreno,+1-clean-0001062
review-clean4-clean-CAND-01063,review-clean4-clean.joshua.madden.1063@example.com,Joshua,Madden,+1-clean-0001063
review-clean4-clean-CAND-01064,review-clean4-clean.andre.li.1064@example.com,Andre,Li,+1-clean-0001064
review-clean4-clean-CAND-01065,review-clean4-clean.emily.drake.1065@example.com,Emily,Drake,+1-clean-0001065
review-clean4-clean-CAND-01066,review-clean4-clean.renee.rodriguez.1066@example.com,Renee,Rodriguez,+1-clean-0001066
review-clean4-clean-CAND-01067,review-clean4-clean.cole.hernandez.1067@example.com,Cole,Hernandez,+1-clean-0001067
review-clean4-clean-CAND-01068,review-clean4-clean.james.fox.1068@example.com,James,Fox,+1-clean-0001068
review-clean4-clean-CAND-01069,review-clean4-clean.lisa.adams.1069@example.com,Lisa,Adams,+1-clean-0001069
review-clean4-clean-CAND-01070,review-clean4-clean.randy.watson.1070@example.com,Randy,Watson,+1-clean-0001070
review-clean4-clean-CAND-01071,review-clean4-clean.richard.cunningham.1071@example.com,Richard,Cunningham,+1-clean-0001071
review-clean4-clean-CAND-01072,review-clean4-clean.veronica.perez.1072@example.com,Veronica,Perez,+1-clean-0001072
review-clean4-clean-CAND-01073,review-clean4-clean.gabriella.abbott.1073@example.com,Gabriella,Abbott,+1-clean-0001073
review-clean4-clean-CAND-01074,review-clean4-clean.desiree.garrison.1074@example.com,Desiree,Garrison,+1-clean-0001074
review-clean4-clean-CAND-01075,review-clean4-clean.katherine.davis.1075@example.com,Katherine,Davis,+1-clean-0001075
review-clean4-clean-CAND-01076,review-clean4-clean.nicholas.tran.1076@example.com,Nicholas,Tran,+1-clean-0001076
review-clean4-clean-CAND-01077,review-clean4-clean.brian.smith.1077@example.com,Brian,Smith,+1-clean-0001077
review-clean4-clean-CAND-01078,review-clean4-clean.george.porter.1078@example.com,George,Porter,+1-clean-0001078
review-clean4-clean-CAND-01079,review-clean4-clean.ryan.mueller.1079@example.com,Ryan,Mueller,+1-clean-0001079
review-clean4-clean-CAND-01080,review-clean4-clean.ariel.hodge.1080@example.com,Ariel,Hodge,+1-clean-0001080
review-clean4-clean-CAND-01081,review-clean4-clean.cody.rice.1081@example.com,Cody,Rice,+1-clean-0001081
review-clean4-clean-CAND-01082,review-clean4-clean.brad.lewis.1082@example.com,Brad,Lewis,+1-clean-0001082
review-clean4-clean-CAND-01083,review-clean4-clean.miranda.clay.1083@example.com,Miranda,Clay,+1-clean-0001083
review-clean4-clean-CAND-01084,review-clean4-clean.thomas.williams.1084@example.com,Thomas,Williams,+1-clean-0001084
review-clean4-clean-CAND-01085,review-clean4-clean.charles.frost.1085@example.com,Charles,Frost,+1-clean-0001085
review-clean4-clean-CAND-01086,review-clean4-clean.rachel.elliott.1086@example.com,Rachel,Elliott,+1-clean-0001086
review-clean4-clean-CAND-01087,review-clean4-clean.antonio.mcfarland.1087@example.com,Antonio,Mcfarland,+1-clean-0001087
review-clean4-clean-CAND-01088,review-clean4-clean.leonard.ali.1088@example.com,Leonard,Ali,+1-clean-0001088
review-clean4-clean-CAND-01089,review-clean4-clean.brenda.goodwin.1089@example.com,Brenda,Goodwin,+1-clean-0001089
review-clean4-clean-CAND-01090,review-clean4-clean.jennifer.sanders.1090@example.com,Jennifer,Sanders,+1-clean-0001090
review-clean4-clean-CAND-01091,review-clean4-clean.chase.martin.1091@example.com,Chase,Martin,+1-clean-0001091
review-clean4-clean-CAND-01092,review-clean4-clean.john.davenport.1092@example.com,John,Davenport,+1-clean-0001092
review-clean4-clean-CAND-01093,review-clean4-clean.paul.mosley.1093@example.com,Paul,Mosley,+1-clean-0001093
review-clean4-clean-CAND-01094,review-clean4-clean.martin.campos.1094@example.com,Martin,Campos,+1-clean-0001094
review-clean4-clean-CAND-01095,review-clean4-clean.donald.hinton.1095@example.com,Donald,Hinton,+1-clean-0001095
review-clean4-clean-CAND-01096,review-clean4-clean.jennifer.mason.1096@example.com,Jennifer,Mason,+1-clean-0001096
review-clean4-clean-CAND-01097,review-clean4-clean.terri.brown.1097@example.com,Terri,Brown,+1-clean-0001097
review-clean4-clean-CAND-01098,review-clean4-clean.samuel.roberson.1098@example.com,Samuel,Roberson,+1-clean-0001098
review-clean4-clean-CAND-01099,review-clean4-clean.matthew.mack.1099@example.com,Matthew,Mack,+1-clean-0001099
review-clean4-clean-CAND-01100,review-clean4-clean.stephanie.sanders.1100@example.com,Stephanie,Sanders,+1-clean-0001100
review-clean4-clean-CAND-01101,review-clean4-clean.kim.johnson.1101@example.com,Kim,Johnson,+1-clean-0001101
review-clean4-clean-CAND-01102,review-clean4-clean.joshua.riddle.1102@example.com,Joshua,Riddle,+1-clean-0001102
review-clean4-clean-CAND-01103,review-clean4-clean.tracy.kelly.1103@example.com,Tracy,Kelly,+1-clean-0001103
review-clean4-clean-CAND-01104,review-clean4-clean.shelley.reynolds.1104@example.com,Shelley,Reynolds,+1-clean-0001104
review-clean4-clean-CAND-01105,review-clean4-clean.erin.guerrero.1105@example.com,Erin,Guerrero,+1-clean-0001105
review-clean4-clean-CAND-01106,review-clean4-clean.christopher.montgomery.1106@example.com,Christopher,Montgomery,+1-clean-0001106
review-clean4-clean-CAND-01107,review-clean4-clean.lauren.marquez.1107@example.com,Lauren,Marquez,+1-clean-0001107
review-clean4-clean-CAND-01108,review-clean4-clean.christopher.moore.1108@example.com,Christopher,Moore,+1-clean-0001108
review-clean4-clean-CAND-01109,review-clean4-clean.jennifer.walters.1109@example.com,Jennifer,Walters,+1-clean-0001109
review-clean4-clean-CAND-01110,review-clean4-clean.jodi.stewart.1110@example.com,Jodi,Stewart,+1-clean-0001110
review-clean4-clean-CAND-01111,review-clean4-clean.daniel.smith.1111@example.com,Daniel,Smith,+1-clean-0001111
review-clean4-clean-CAND-01112,review-clean4-clean.kyle.ward.1112@example.com,Kyle,Ward,+1-clean-0001112
review-clean4-clean-CAND-01113,review-clean4-clean.joseph.anderson.1113@example.com,Joseph,Anderson,+1-clean-0001113
review-clean4-clean-CAND-01114,review-clean4-clean.jacob.cole.1114@example.com,Jacob,Cole,+1-clean-0001114
review-clean4-clean-CAND-01115,review-clean4-clean.angela.russell.1115@example.com,Angela,Russell,+1-clean-0001115
review-clean4-clean-CAND-01116,review-clean4-clean.anthony.gomez.1116@example.com,Anthony,Gomez,+1-clean-0001116
review-clean4-clean-CAND-01117,review-clean4-clean.christopher.george.1117@example.com,Christopher,George,+1-clean-0001117
review-clean4-clean-CAND-01118,review-clean4-clean.mark.cruz.1118@example.com,Mark,Cruz,+1-clean-0001118
review-clean4-clean-CAND-01119,review-clean4-clean.kelly.hughes.1119@example.com,Kelly,Hughes,+1-clean-0001119
review-clean4-clean-CAND-01120,review-clean4-clean.christopher.santana.1120@example.com,Christopher,Santana,+1-clean-0001120
review-clean4-clean-CAND-01121,review-clean4-clean.rebecca.spence.1121@example.com,Rebecca,Spence,+1-clean-0001121
review-clean4-clean-CAND-01122,review-clean4-clean.ashley.jackson.1122@example.com,Ashley,Jackson,+1-clean-0001122
review-clean4-clean-CAND-01123,review-clean4-clean.oscar.taylor.1123@example.com,Oscar,Taylor,+1-clean-0001123
review-clean4-clean-CAND-01124,review-clean4-clean.kevin.snyder.1124@example.com,Kevin,Snyder,+1-clean-0001124
review-clean4-clean-CAND-01125,review-clean4-clean.bryan.hamilton.1125@example.com,Bryan,Hamilton,+1-clean-0001125
review-clean4-clean-CAND-01126,review-clean4-clean.robert.washington.1126@example.com,Robert,Washington,+1-clean-0001126
review-clean4-clean-CAND-01127,review-clean4-clean.chase.king.1127@example.com,Chase,King,+1-clean-0001127
review-clean4-clean-CAND-01128,review-clean4-clean.john.weber.1128@example.com,John,Weber,+1-clean-0001128
review-clean4-clean-CAND-01129,review-clean4-clean.brittney.gonzalez.1129@example.com,Brittney,Gonzalez,+1-clean-0001129
review-clean4-clean-CAND-01130,review-clean4-clean.daniel.torres.1130@example.com,Daniel,Torres,+1-clean-0001130
review-clean4-clean-CAND-01131,review-clean4-clean.stacy.cook.1131@example.com,Stacy,Cook,+1-clean-0001131
review-clean4-clean-CAND-01132,review-clean4-clean.christine.brock.1132@example.com,Christine,Brock,+1-clean-0001132
review-clean4-clean-CAND-01133,review-clean4-clean.mark.cook.1133@example.com,Mark,Cook,+1-clean-0001133
review-clean4-clean-CAND-01134,review-clean4-clean.lisa.villarreal.1134@example.com,Lisa,Villarreal,+1-clean-0001134
review-clean4-clean-CAND-01135,review-clean4-clean.terri.taylor.1135@example.com,Terri,Taylor,+1-clean-0001135
review-clean4-clean-CAND-01136,review-clean4-clean.malik.valentine.1136@example.com,Malik,Valentine,+1-clean-0001136
review-clean4-clean-CAND-01137,review-clean4-clean.james.edwards.1137@example.com,James,Edwards,+1-clean-0001137
review-clean4-clean-CAND-01138,review-clean4-clean.tamara.novak.1138@example.com,Tamara,Novak,+1-clean-0001138
review-clean4-clean-CAND-01139,review-clean4-clean.kelly.neal.1139@example.com,Kelly,Neal,+1-clean-0001139
review-clean4-clean-CAND-01140,review-clean4-clean.travis.johnston.1140@example.com,Travis,Johnston,+1-clean-0001140
review-clean4-clean-CAND-01141,review-clean4-clean.john.bennett.1141@example.com,John,Bennett,+1-clean-0001141
review-clean4-clean-CAND-01142,review-clean4-clean.lisa.long.1142@example.com,Lisa,Long,+1-clean-0001142
review-clean4-clean-CAND-01143,review-clean4-clean.daniel.elliott.1143@example.com,Daniel,Elliott,+1-clean-0001143
review-clean4-clean-CAND-01144,review-clean4-clean.brittany.gardner.1144@example.com,Brittany,Gardner,+1-clean-0001144
review-clean4-clean-CAND-01145,review-clean4-clean.erin.pierce.1145@example.com,Erin,Pierce,+1-clean-0001145
review-clean4-clean-CAND-01146,review-clean4-clean.stephanie.murray.1146@example.com,Stephanie,Murray,+1-clean-0001146
review-clean4-clean-CAND-01147,review-clean4-clean.jeanette.gonzales.1147@example.com,Jeanette,Gonzales,+1-clean-0001147
review-clean4-clean-CAND-01148,review-clean4-clean.kelly.schwartz.1148@example.com,Kelly,Schwartz,+1-clean-0001148
review-clean4-clean-CAND-01149,review-clean4-clean.lori.flynn.1149@example.com,Lori,Flynn,+1-clean-0001149
review-clean4-clean-CAND-01150,review-clean4-clean.robert.porter.1150@example.com,Robert,Porter,+1-clean-0001150
review-clean4-clean-CAND-01151,review-clean4-clean.cynthia.allen.1151@example.com,Cynthia,Allen,+1-clean-0001151
review-clean4-clean-CAND-01152,review-clean4-clean.donna.espinoza.1152@example.com,Donna,Espinoza,+1-clean-0001152
review-clean4-clean-CAND-01153,review-clean4-clean.kristina.jones.1153@example.com,Kristina,Jones,+1-clean-0001153
review-clean4-clean-CAND-01154,review-clean4-clean.vicki.mendoza.1154@example.com,Vicki,Mendoza,+1-clean-0001154
review-clean4-clean-CAND-01155,review-clean4-clean.richard.hunter.1155@example.com,Richard,Hunter,+1-clean-0001155
review-clean4-clean-CAND-01156,review-clean4-clean.samantha.holt.1156@example.com,Samantha,Holt,+1-clean-0001156
review-clean4-clean-CAND-01157,review-clean4-clean.amy.gibbs.1157@example.com,Amy,Gibbs,+1-clean-0001157
review-clean4-clean-CAND-01158,review-clean4-clean.michael.woodard.1158@example.com,Michael,Woodard,+1-clean-0001158
review-clean4-clean-CAND-01159,review-clean4-clean.amanda.little.1159@example.com,Amanda,Little,+1-clean-0001159
review-clean4-clean-CAND-01160,review-clean4-clean.christopher.mack.1160@example.com,Christopher,Mack,+1-clean-0001160
review-clean4-clean-CAND-01161,review-clean4-clean.diane.kelly.1161@example.com,Diane,Kelly,+1-clean-0001161
review-clean4-clean-CAND-01162,review-clean4-clean.deborah.williams.1162@example.com,Deborah,Williams,+1-clean-0001162
review-clean4-clean-CAND-01163,review-clean4-clean.tonya.byrd.1163@example.com,Tonya,Byrd,+1-clean-0001163
review-clean4-clean-CAND-01164,review-clean4-clean.reginald.goodwin.1164@example.com,Reginald,Goodwin,+1-clean-0001164
review-clean4-clean-CAND-01165,review-clean4-clean.tammy.jordan.1165@example.com,Tammy,Jordan,+1-clean-0001165
review-clean4-clean-CAND-01166,review-clean4-clean.alex.green.1166@example.com,Alex,Green,+1-clean-0001166
review-clean4-clean-CAND-01167,review-clean4-clean.william.stone.1167@example.com,William,Stone,+1-clean-0001167
review-clean4-clean-CAND-01168,review-clean4-clean.beverly.johnston.1168@example.com,Beverly,Johnston,+1-clean-0001168
review-clean4-clean-CAND-01169,review-clean4-clean.sean.myers.1169@example.com,Sean,Myers,+1-clean-0001169
review-clean4-clean-CAND-01170,review-clean4-clean.kelsey.chapman.1170@example.com,Kelsey,Chapman,+1-clean-0001170
review-clean4-clean-CAND-01171,review-clean4-clean.vincent.cooper.1171@example.com,Vincent,Cooper,+1-clean-0001171
review-clean4-clean-CAND-01172,review-clean4-clean.angel.garcia.1172@example.com,Angel,Garcia,+1-clean-0001172
review-clean4-clean-CAND-01173,review-clean4-clean.robert.nixon.1173@example.com,Robert,Nixon,+1-clean-0001173
review-clean4-clean-CAND-01174,review-clean4-clean.darren.shepard.1174@example.com,Darren,Shepard,+1-clean-0001174
review-clean4-clean-CAND-01175,review-clean4-clean.donald.collins.1175@example.com,Donald,Collins,+1-clean-0001175
review-clean4-clean-CAND-01176,review-clean4-clean.stanley.clark.1176@example.com,Stanley,Clark,+1-clean-0001176
review-clean4-clean-CAND-01177,review-clean4-clean.timothy.alvarez.1177@example.com,Timothy,Alvarez,+1-clean-0001177
review-clean4-clean-CAND-01178,review-clean4-clean.samuel.horton.1178@example.com,Samuel,Horton,+1-clean-0001178
review-clean4-clean-CAND-01179,review-clean4-clean.luis.evans.1179@example.com,Luis,Evans,+1-clean-0001179
review-clean4-clean-CAND-01180,review-clean4-clean.lisa.wilson.1180@example.com,Lisa,Wilson,+1-clean-0001180
review-clean4-clean-CAND-01181,review-clean4-clean.melinda.wong.1181@example.com,Melinda,Wong,+1-clean-0001181
review-clean4-clean-CAND-01182,review-clean4-clean.erica.martin.1182@example.com,Erica,Martin,+1-clean-0001182
review-clean4-clean-CAND-01183,review-clean4-clean.tonya.sanchez.1183@example.com,Tonya,Sanchez,+1-clean-0001183
review-clean4-clean-CAND-01184,review-clean4-clean.greg.moore.1184@example.com,Greg,Moore,+1-clean-0001184
review-clean4-clean-CAND-01185,review-clean4-clean.anita.mullen.1185@example.com,Anita,Mullen,+1-clean-0001185
review-clean4-clean-CAND-01186,review-clean4-clean.jesse.sullivan.1186@example.com,Jesse,Sullivan,+1-clean-0001186
review-clean4-clean-CAND-01187,review-clean4-clean.jack.davidson.1187@example.com,Jack,Davidson,+1-clean-0001187
review-clean4-clean-CAND-01188,review-clean4-clean.ryan.johnson.1188@example.com,Ryan,Johnson,+1-clean-0001188
review-clean4-clean-CAND-01189,review-clean4-clean.christina.gonzalez.1189@example.com,Christina,Gonzalez,+1-clean-0001189
review-clean4-clean-CAND-01190,review-clean4-clean.brittany.price.1190@example.com,Brittany,Price,+1-clean-0001190
review-clean4-clean-CAND-01191,review-clean4-clean.janet.harris.1191@example.com,Janet,Harris,+1-clean-0001191
review-clean4-clean-CAND-01192,review-clean4-clean.karen.stokes.1192@example.com,Karen,Stokes,+1-clean-0001192
review-clean4-clean-CAND-01193,review-clean4-clean.bryan.garcia.1193@example.com,Bryan,Garcia,+1-clean-0001193
review-clean4-clean-CAND-01194,review-clean4-clean.monica.lopez.1194@example.com,Monica,Lopez,+1-clean-0001194
review-clean4-clean-CAND-01195,review-clean4-clean.mark.ellis.1195@example.com,Mark,Ellis,+1-clean-0001195
review-clean4-clean-CAND-01196,review-clean4-clean.jose.huffman.1196@example.com,Jose,Huffman,+1-clean-0001196
review-clean4-clean-CAND-01197,review-clean4-clean.allison.fowler.1197@example.com,Allison,Fowler,+1-clean-0001197
review-clean4-clean-CAND-01198,review-clean4-clean.candice.carr.1198@example.com,Candice,Carr,+1-clean-0001198
review-clean4-clean-CAND-01199,review-clean4-clean.brenda.bailey.1199@example.com,Brenda,Bailey,+1-clean-0001199
review-clean4-clean-CAND-01200,review-clean4-clean.megan.williamson.1200@example.com,Megan,Williamson,+1-clean-0001200
review-clean4-clean-CAND-01201,review-clean4-clean.lisa.mccarthy.1201@example.com,Lisa,Mccarthy,+1-clean-0001201
review-clean4-clean-CAND-01202,review-clean4-clean.kenneth.mendez.1202@example.com,Kenneth,Mendez,+1-clean-0001202
review-clean4-clean-CAND-01203,review-clean4-clean.christopher.anderson.1203@example.com,Christopher,Anderson,+1-clean-0001203
review-clean4-clean-CAND-01204,review-clean4-clean.david.torres.1204@example.com,David,Torres,+1-clean-0001204
review-clean4-clean-CAND-01205,review-clean4-clean.isaac.steele.1205@example.com,Isaac,Steele,+1-clean-0001205
review-clean4-clean-CAND-01206,review-clean4-clean.william.barnes.1206@example.com,William,Barnes,+1-clean-0001206
review-clean4-clean-CAND-01207,review-clean4-clean.devin.reyes.1207@example.com,Devin,Reyes,+1-clean-0001207
review-clean4-clean-CAND-01208,review-clean4-clean.jacob.reid.1208@example.com,Jacob,Reid,+1-clean-0001208
review-clean4-clean-CAND-01209,review-clean4-clean.heather.brewer.1209@example.com,Heather,Brewer,+1-clean-0001209
review-clean4-clean-CAND-01210,review-clean4-clean.zoe.peters.1210@example.com,Zoe,Peters,+1-clean-0001210
review-clean4-clean-CAND-01211,review-clean4-clean.tracy.taylor.1211@example.com,Tracy,Taylor,+1-clean-0001211
review-clean4-clean-CAND-01212,review-clean4-clean.leonard.hayes.1212@example.com,Leonard,Hayes,+1-clean-0001212
review-clean4-clean-CAND-01213,review-clean4-clean.brian.howard.1213@example.com,Brian,Howard,+1-clean-0001213
review-clean4-clean-CAND-01214,review-clean4-clean.albert.taylor.1214@example.com,Albert,Taylor,+1-clean-0001214
review-clean4-clean-CAND-01215,review-clean4-clean.lisa.maynard.1215@example.com,Lisa,Maynard,+1-clean-0001215
review-clean4-clean-CAND-01216,review-clean4-clean.william.simpson.1216@example.com,William,Simpson,+1-clean-0001216
review-clean4-clean-CAND-01217,review-clean4-clean.gail.perry.1217@example.com,Gail,Perry,+1-clean-0001217
review-clean4-clean-CAND-01218,review-clean4-clean.mary.burns.1218@example.com,Mary,Burns,+1-clean-0001218
review-clean4-clean-CAND-01219,review-clean4-clean.christopher.johnson.1219@example.com,Christopher,Johnson,+1-clean-0001219
review-clean4-clean-CAND-01220,review-clean4-clean.kathleen.carter.1220@example.com,Kathleen,Carter,+1-clean-0001220
review-clean4-clean-CAND-01221,review-clean4-clean.joshua.medina.1221@example.com,Joshua,Medina,+1-clean-0001221
review-clean4-clean-CAND-01222,review-clean4-clean.gary.ellis.1222@example.com,Gary,Ellis,+1-clean-0001222
review-clean4-clean-CAND-01223,review-clean4-clean.julia.cannon.1223@example.com,Julia,Cannon,+1-clean-0001223
review-clean4-clean-CAND-01224,review-clean4-clean.andrea.wilson.1224@example.com,Andrea,Wilson,+1-clean-0001224
review-clean4-clean-CAND-01225,review-clean4-clean.danny.hampton.1225@example.com,Danny,Hampton,+1-clean-0001225
review-clean4-clean-CAND-01226,review-clean4-clean.madeline.richardson.1226@example.com,Madeline,Richardson,+1-clean-0001226
review-clean4-clean-CAND-01227,review-clean4-clean.lynn.williams.1227@example.com,Lynn,Williams,+1-clean-0001227
review-clean4-clean-CAND-01228,review-clean4-clean.jennifer.payne.1228@example.com,Jennifer,Payne,+1-clean-0001228
review-clean4-clean-CAND-01229,review-clean4-clean.veronica.garcia.1229@example.com,Veronica,Garcia,+1-clean-0001229
review-clean4-clean-CAND-01230,review-clean4-clean.maria.potter.1230@example.com,Maria,Potter,+1-clean-0001230
review-clean4-clean-CAND-01231,review-clean4-clean.kenneth.kidd.1231@example.com,Kenneth,Kidd,+1-clean-0001231
review-clean4-clean-CAND-01232,review-clean4-clean.shannon.bailey.1232@example.com,Shannon,Bailey,+1-clean-0001232
review-clean4-clean-CAND-01233,review-clean4-clean.lisa.gonzales.1233@example.com,Lisa,Gonzales,+1-clean-0001233
review-clean4-clean-CAND-01234,review-clean4-clean.victoria.rowe.1234@example.com,Victoria,Rowe,+1-clean-0001234
review-clean4-clean-CAND-01235,review-clean4-clean.joel.cochran.1235@example.com,Joel,Cochran,+1-clean-0001235
review-clean4-clean-CAND-01236,review-clean4-clean.brianna.bell.1236@example.com,Brianna,Bell,+1-clean-0001236
review-clean4-clean-CAND-01237,review-clean4-clean.jennifer.chen.1237@example.com,Jennifer,Chen,+1-clean-0001237
review-clean4-clean-CAND-01238,review-clean4-clean.gabriel.taylor.1238@example.com,Gabriel,Taylor,+1-clean-0001238
review-clean4-clean-CAND-01239,review-clean4-clean.jamie.clark.1239@example.com,Jamie,Clark,+1-clean-0001239
review-clean4-clean-CAND-01240,review-clean4-clean.brian.bell.1240@example.com,Brian,Bell,+1-clean-0001240
review-clean4-clean-CAND-01241,review-clean4-clean.juan.ryan.1241@example.com,Juan,Ryan,+1-clean-0001241
review-clean4-clean-CAND-01242,review-clean4-clean.mario.padilla.1242@example.com,Mario,Padilla,+1-clean-0001242
review-clean4-clean-CAND-01243,review-clean4-clean.keith.adams.1243@example.com,Keith,Adams,+1-clean-0001243
review-clean4-clean-CAND-01244,review-clean4-clean.michele.duke.1244@example.com,Michele,Duke,+1-clean-0001244
review-clean4-clean-CAND-01245,review-clean4-clean.erin.davis.1245@example.com,Erin,Davis,+1-clean-0001245
review-clean4-clean-CAND-01246,review-clean4-clean.sydney.floyd.1246@example.com,Sydney,Floyd,+1-clean-0001246
review-clean4-clean-CAND-01247,review-clean4-clean.samantha.riddle.1247@example.com,Samantha,Riddle,+1-clean-0001247
review-clean4-clean-CAND-01248,review-clean4-clean.michelle.martinez.1248@example.com,Michelle,Martinez,+1-clean-0001248
review-clean4-clean-CAND-01249,review-clean4-clean.michelle.wright.1249@example.com,Michelle,Wright,+1-clean-0001249
review-clean4-clean-CAND-01250,review-clean4-clean.jennifer.poole.1250@example.com,Jennifer,Poole,+1-clean-0001250
review-clean4-clean-CAND-01251,review-clean4-clean.kathleen.lowe.1251@example.com,Kathleen,Lowe,+1-clean-0001251
review-clean4-clean-CAND-01252,review-clean4-clean.tracy.ray.1252@example.com,Tracy,Ray,+1-clean-0001252
review-clean4-clean-CAND-01253,review-clean4-clean.joseph.perry.1253@example.com,Joseph,Perry,+1-clean-0001253
review-clean4-clean-CAND-01254,review-clean4-clean.shannon.schultz.1254@example.com,Shannon,Schultz,+1-clean-0001254
review-clean4-clean-CAND-01255,review-clean4-clean.nicole.davis.1255@example.com,Nicole,Davis,+1-clean-0001255
review-clean4-clean-CAND-01256,review-clean4-clean.zachary.ramirez.1256@example.com,Zachary,Ramirez,+1-clean-0001256
review-clean4-clean-CAND-01257,review-clean4-clean.sharon.wood.1257@example.com,Sharon,Wood,+1-clean-0001257
review-clean4-clean-CAND-01258,review-clean4-clean.stephanie.murphy.1258@example.com,Stephanie,Murphy,+1-clean-0001258
review-clean4-clean-CAND-01259,review-clean4-clean.aaron.schroeder.1259@example.com,Aaron,Schroeder,+1-clean-0001259
review-clean4-clean-CAND-01260,review-clean4-clean.jessica.simon.1260@example.com,Jessica,Simon,+1-clean-0001260
review-clean4-clean-CAND-01261,review-clean4-clean.stephen.beck.1261@example.com,Stephen,Beck,+1-clean-0001261
review-clean4-clean-CAND-01262,review-clean4-clean.michael.brown.1262@example.com,Michael,Brown,+1-clean-0001262
review-clean4-clean-CAND-01263,review-clean4-clean.amanda.robinson.1263@example.com,Amanda,Robinson,+1-clean-0001263
review-clean4-clean-CAND-01264,review-clean4-clean.russell.lewis.1264@example.com,Russell,Lewis,+1-clean-0001264
review-clean4-clean-CAND-01265,review-clean4-clean.joseph.clayton.1265@example.com,Joseph,Clayton,+1-clean-0001265
review-clean4-clean-CAND-01266,review-clean4-clean.matthew.lane.1266@example.com,Matthew,Lane,+1-clean-0001266
review-clean4-clean-CAND-01267,review-clean4-clean.ashlee.washington.1267@example.com,Ashlee,Washington,+1-clean-0001267
review-clean4-clean-CAND-01268,review-clean4-clean.matthew.fleming.1268@example.com,Matthew,Fleming,+1-clean-0001268
review-clean4-clean-CAND-01269,review-clean4-clean.brandon.garcia.1269@example.com,Brandon,Garcia,+1-clean-0001269
review-clean4-clean-CAND-01270,review-clean4-clean.kristen.stevens.1270@example.com,Kristen,Stevens,+1-clean-0001270
review-clean4-clean-CAND-01271,review-clean4-clean.david.mathews.1271@example.com,David,Mathews,+1-clean-0001271
review-clean4-clean-CAND-01272,review-clean4-clean.scott.smith.1272@example.com,Scott,Smith,+1-clean-0001272
review-clean4-clean-CAND-01273,review-clean4-clean.susan.harris.1273@example.com,Susan,Harris,+1-clean-0001273
review-clean4-clean-CAND-01274,review-clean4-clean.haley.anderson.1274@example.com,Haley,Anderson,+1-clean-0001274
review-clean4-clean-CAND-01275,review-clean4-clean.debra.moore.1275@example.com,Debra,Moore,+1-clean-0001275
review-clean4-clean-CAND-01276,review-clean4-clean.sarah.hill.1276@example.com,Sarah,Hill,+1-clean-0001276
review-clean4-clean-CAND-01277,review-clean4-clean.diamond.wright.1277@example.com,Diamond,Wright,+1-clean-0001277
review-clean4-clean-CAND-01278,review-clean4-clean.nathan.mckee.1278@example.com,Nathan,Mckee,+1-clean-0001278
review-clean4-clean-CAND-01279,review-clean4-clean.gabriel.sanders.1279@example.com,Gabriel,Sanders,+1-clean-0001279
review-clean4-clean-CAND-01280,review-clean4-clean.kevin.lyons.1280@example.com,Kevin,Lyons,+1-clean-0001280
review-clean4-clean-CAND-01281,review-clean4-clean.jim.rios.1281@example.com,Jim,Rios,+1-clean-0001281
review-clean4-clean-CAND-01282,review-clean4-clean.jane.smith.1282@example.com,Jane,Smith,+1-clean-0001282
review-clean4-clean-CAND-01283,review-clean4-clean.thomas.anderson.1283@example.com,Thomas,Anderson,+1-clean-0001283
review-clean4-clean-CAND-01284,review-clean4-clean.jeremy.frazier.1284@example.com,Jeremy,Frazier,+1-clean-0001284
review-clean4-clean-CAND-01285,review-clean4-clean.albert.dominguez.1285@example.com,Albert,Dominguez,+1-clean-0001285
review-clean4-clean-CAND-01286,review-clean4-clean.lisa.mcneil.1286@example.com,Lisa,Mcneil,+1-clean-0001286
review-clean4-clean-CAND-01287,review-clean4-clean.robert.anderson.1287@example.com,Robert,Anderson,+1-clean-0001287
review-clean4-clean-CAND-01288,review-clean4-clean.chad.reyes.1288@example.com,Chad,Reyes,+1-clean-0001288
review-clean4-clean-CAND-01289,review-clean4-clean.jessica.garcia.1289@example.com,Jessica,Garcia,+1-clean-0001289
review-clean4-clean-CAND-01290,review-clean4-clean.lawrence.ibarra.1290@example.com,Lawrence,Ibarra,+1-clean-0001290
review-clean4-clean-CAND-01291,review-clean4-clean.derrick.ayala.1291@example.com,Derrick,Ayala,+1-clean-0001291
review-clean4-clean-CAND-01292,review-clean4-clean.karen.anderson.1292@example.com,Karen,Anderson,+1-clean-0001292
review-clean4-clean-CAND-01293,review-clean4-clean.victoria.thomas.1293@example.com,Victoria,Thomas,+1-clean-0001293
review-clean4-clean-CAND-01294,review-clean4-clean.alyssa.smith.1294@example.com,Alyssa,Smith,+1-clean-0001294
review-clean4-clean-CAND-01295,review-clean4-clean.debra.alexander.1295@example.com,Debra,Alexander,+1-clean-0001295
review-clean4-clean-CAND-01296,review-clean4-clean.jennifer.fuller.1296@example.com,Jennifer,Fuller,+1-clean-0001296
review-clean4-clean-CAND-01297,review-clean4-clean.edward.jenkins.1297@example.com,Edward,Jenkins,+1-clean-0001297
review-clean4-clean-CAND-01298,review-clean4-clean.glenda.heath.1298@example.com,Glenda,Heath,+1-clean-0001298
review-clean4-clean-CAND-01299,review-clean4-clean.christopher.garcia.1299@example.com,Christopher,Garcia,+1-clean-0001299
review-clean4-clean-CAND-01300,review-clean4-clean.karen.lawrence.1300@example.com,Karen,Lawrence,+1-clean-0001300
review-clean4-clean-CAND-01301,review-clean4-clean.patrick.richmond.1301@example.com,Patrick,Richmond,+1-clean-0001301
review-clean4-clean-CAND-01302,review-clean4-clean.leonard.taylor.1302@example.com,Leonard,Taylor,+1-clean-0001302
review-clean4-clean-CAND-01303,review-clean4-clean.joshua.miller.1303@example.com,Joshua,Miller,+1-clean-0001303
review-clean4-clean-CAND-01304,review-clean4-clean.angela.greene.1304@example.com,Angela,Greene,+1-clean-0001304
review-clean4-clean-CAND-01305,review-clean4-clean.cathy.maxwell.1305@example.com,Cathy,Maxwell,+1-clean-0001305
review-clean4-clean-CAND-01306,review-clean4-clean.hannah.abbott.1306@example.com,Hannah,Abbott,+1-clean-0001306
review-clean4-clean-CAND-01307,review-clean4-clean.dominique.turner.1307@example.com,Dominique,Turner,+1-clean-0001307
review-clean4-clean-CAND-01308,review-clean4-clean.april.hicks.1308@example.com,April,Hicks,+1-clean-0001308
review-clean4-clean-CAND-01309,review-clean4-clean.julie.phillips.1309@example.com,Julie,Phillips,+1-clean-0001309
review-clean4-clean-CAND-01310,review-clean4-clean.brian.hurst.1310@example.com,Brian,Hurst,+1-clean-0001310
review-clean4-clean-CAND-01311,review-clean4-clean.stephanie.simpson.1311@example.com,Stephanie,Simpson,+1-clean-0001311
review-clean4-clean-CAND-01312,review-clean4-clean.daniel.porter.1312@example.com,Daniel,Porter,+1-clean-0001312
review-clean4-clean-CAND-01313,review-clean4-clean.brittney.rice.1313@example.com,Brittney,Rice,+1-clean-0001313
review-clean4-clean-CAND-01314,review-clean4-clean.tiffany.hatfield.1314@example.com,Tiffany,Hatfield,+1-clean-0001314
review-clean4-clean-CAND-01315,review-clean4-clean.sarah.anderson.1315@example.com,Sarah,Anderson,+1-clean-0001315
review-clean4-clean-CAND-01316,review-clean4-clean.michelle.carroll.1316@example.com,Michelle,Carroll,+1-clean-0001316
review-clean4-clean-CAND-01317,review-clean4-clean.michael.vega.1317@example.com,Michael,Vega,+1-clean-0001317
review-clean4-clean-CAND-01318,review-clean4-clean.kathryn.best.1318@example.com,Kathryn,Best,+1-clean-0001318
review-clean4-clean-CAND-01319,review-clean4-clean.kaylee.smith.1319@example.com,Kaylee,Smith,+1-clean-0001319
review-clean4-clean-CAND-01320,review-clean4-clean.carlos.baker.1320@example.com,Carlos,Baker,+1-clean-0001320
review-clean4-clean-CAND-01321,review-clean4-clean.bill.brown.1321@example.com,Bill,Brown,+1-clean-0001321
review-clean4-clean-CAND-01322,review-clean4-clean.kristina.hunter.1322@example.com,Kristina,Hunter,+1-clean-0001322
review-clean4-clean-CAND-01323,review-clean4-clean.courtney.mason.1323@example.com,Courtney,Mason,+1-clean-0001323
review-clean4-clean-CAND-01324,review-clean4-clean.robert.miles.1324@example.com,Robert,Miles,+1-clean-0001324
review-clean4-clean-CAND-01325,review-clean4-clean.christopher.herrera.1325@example.com,Christopher,Herrera,+1-clean-0001325
review-clean4-clean-CAND-01326,review-clean4-clean.christina.ramirez.1326@example.com,Christina,Ramirez,+1-clean-0001326
review-clean4-clean-CAND-01327,review-clean4-clean.kyle.dixon.1327@example.com,Kyle,Dixon,+1-clean-0001327
review-clean4-clean-CAND-01328,review-clean4-clean.james.morton.1328@example.com,James,Morton,+1-clean-0001328
review-clean4-clean-CAND-01329,review-clean4-clean.amanda.myers.1329@example.com,Amanda,Myers,+1-clean-0001329
review-clean4-clean-CAND-01330,review-clean4-clean.cynthia.davenport.1330@example.com,Cynthia,Davenport,+1-clean-0001330
review-clean4-clean-CAND-01331,review-clean4-clean.erin.jones.1331@example.com,Erin,Jones,+1-clean-0001331
review-clean4-clean-CAND-01332,review-clean4-clean.holly.blair.1332@example.com,Holly,Blair,+1-clean-0001332
review-clean4-clean-CAND-01333,review-clean4-clean.meghan.brown.1333@example.com,Meghan,Brown,+1-clean-0001333
review-clean4-clean-CAND-01334,review-clean4-clean.christopher.hamilton.1334@example.com,Christopher,Hamilton,+1-clean-0001334
review-clean4-clean-CAND-01335,review-clean4-clean.shawn.lynch.1335@example.com,Shawn,Lynch,+1-clean-0001335
review-clean4-clean-CAND-01336,review-clean4-clean.kyle.harmon.1336@example.com,Kyle,Harmon,+1-clean-0001336
review-clean4-clean-CAND-01337,review-clean4-clean.joy.wilson.1337@example.com,Joy,Wilson,+1-clean-0001337
review-clean4-clean-CAND-01338,review-clean4-clean.jean.miles.1338@example.com,Jean,Miles,+1-clean-0001338
review-clean4-clean-CAND-01339,review-clean4-clean.frank.benton.1339@example.com,Frank,Benton,+1-clean-0001339
review-clean4-clean-CAND-01340,review-clean4-clean.alexandra.logan.1340@example.com,Alexandra,Logan,+1-clean-0001340
review-clean4-clean-CAND-01341,review-clean4-clean.jennifer.jackson.1341@example.com,Jennifer,Jackson,+1-clean-0001341
review-clean4-clean-CAND-01342,review-clean4-clean.david.norman.1342@example.com,David,Norman,+1-clean-0001342
review-clean4-clean-CAND-01343,review-clean4-clean.joseph.tanner.1343@example.com,Joseph,Tanner,+1-clean-0001343
review-clean4-clean-CAND-01344,review-clean4-clean.kelsey.johnson.1344@example.com,Kelsey,Johnson,+1-clean-0001344
review-clean4-clean-CAND-01345,review-clean4-clean.lindsay.nelson.1345@example.com,Lindsay,Nelson,+1-clean-0001345
review-clean4-clean-CAND-01346,review-clean4-clean.caleb.joseph.1346@example.com,Caleb,Joseph,+1-clean-0001346
review-clean4-clean-CAND-01347,review-clean4-clean.barbara.jones.1347@example.com,Barbara,Jones,+1-clean-0001347
review-clean4-clean-CAND-01348,review-clean4-clean.spencer.ward.1348@example.com,Spencer,Ward,+1-clean-0001348
review-clean4-clean-CAND-01349,review-clean4-clean.victor.bradley.1349@example.com,Victor,Bradley,+1-clean-0001349
review-clean4-clean-CAND-01350,review-clean4-clean.michael.scott.1350@example.com,Michael,Scott,+1-clean-0001350
review-clean4-clean-CAND-01351,review-clean4-clean.dakota.berry.1351@example.com,Dakota,Berry,+1-clean-0001351
review-clean4-clean-CAND-01352,review-clean4-clean.jennifer.perez.1352@example.com,Jennifer,Perez,+1-clean-0001352
review-clean4-clean-CAND-01353,review-clean4-clean.william.williams.1353@example.com,William,Williams,+1-clean-0001353
review-clean4-clean-CAND-01354,review-clean4-clean.michelle.sanchez.1354@example.com,Michelle,Sanchez,+1-clean-0001354
review-clean4-clean-CAND-01355,review-clean4-clean.thomas.reyes.1355@example.com,Thomas,Reyes,+1-clean-0001355
review-clean4-clean-CAND-01356,review-clean4-clean.edward.velazquez.1356@example.com,Edward,Velazquez,+1-clean-0001356
review-clean4-clean-CAND-01357,review-clean4-clean.meredith.tran.1357@example.com,Meredith,Tran,+1-clean-0001357
review-clean4-clean-CAND-01358,review-clean4-clean.robin.yang.1358@example.com,Robin,Yang,+1-clean-0001358
review-clean4-clean-CAND-01359,review-clean4-clean.robert.morris.1359@example.com,Robert,Morris,+1-clean-0001359
review-clean4-clean-CAND-01360,review-clean4-clean.robert.cortez.1360@example.com,Robert,Cortez,+1-clean-0001360
review-clean4-clean-CAND-01361,review-clean4-clean.joseph.miller.1361@example.com,Joseph,Miller,+1-clean-0001361
review-clean4-clean-CAND-01362,review-clean4-clean.nathan.shaw.1362@example.com,Nathan,Shaw,+1-clean-0001362
review-clean4-clean-CAND-01363,review-clean4-clean.rachel.white.1363@example.com,Rachel,White,+1-clean-0001363
review-clean4-clean-CAND-01364,review-clean4-clean.linda.jarvis.1364@example.com,Linda,Jarvis,+1-clean-0001364
review-clean4-clean-CAND-01365,review-clean4-clean.stephanie.jones.1365@example.com,Stephanie,Jones,+1-clean-0001365
review-clean4-clean-CAND-01366,review-clean4-clean.steven.campbell.1366@example.com,Steven,Campbell,+1-clean-0001366
review-clean4-clean-CAND-01367,review-clean4-clean.megan.murphy.1367@example.com,Megan,Murphy,+1-clean-0001367
review-clean4-clean-CAND-01368,review-clean4-clean.angela.smith.1368@example.com,Angela,Smith,+1-clean-0001368
review-clean4-clean-CAND-01369,review-clean4-clean.james.elliott.1369@example.com,James,Elliott,+1-clean-0001369
review-clean4-clean-CAND-01370,review-clean4-clean.kevin.dean.1370@example.com,Kevin,Dean,+1-clean-0001370
review-clean4-clean-CAND-01371,review-clean4-clean.steven.vargas.1371@example.com,Steven,Vargas,+1-clean-0001371
review-clean4-clean-CAND-01372,review-clean4-clean.trevor.barton.1372@example.com,Trevor,Barton,+1-clean-0001372
review-clean4-clean-CAND-01373,review-clean4-clean.james.mccullough.1373@example.com,James,Mccullough,+1-clean-0001373
review-clean4-clean-CAND-01374,review-clean4-clean.kathleen.sanchez.1374@example.com,Kathleen,Sanchez,+1-clean-0001374
review-clean4-clean-CAND-01375,review-clean4-clean.adam.ortiz.1375@example.com,Adam,Ortiz,+1-clean-0001375
review-clean4-clean-CAND-01376,review-clean4-clean.jesse.reed.1376@example.com,Jesse,Reed,+1-clean-0001376
review-clean4-clean-CAND-01377,review-clean4-clean.mary.wiley.1377@example.com,Mary,Wiley,+1-clean-0001377
review-clean4-clean-CAND-01378,review-clean4-clean.stephanie.smith.1378@example.com,Stephanie,Smith,+1-clean-0001378
review-clean4-clean-CAND-01379,review-clean4-clean.diane.sweeney.1379@example.com,Diane,Sweeney,+1-clean-0001379
review-clean4-clean-CAND-01380,review-clean4-clean.jessica.garcia.1380@example.com,Jessica,Garcia,+1-clean-0001380
review-clean4-clean-CAND-01381,review-clean4-clean.alyssa.allen.1381@example.com,Alyssa,Allen,+1-clean-0001381
review-clean4-clean-CAND-01382,review-clean4-clean.travis.brown.1382@example.com,Travis,Brown,+1-clean-0001382
review-clean4-clean-CAND-01383,review-clean4-clean.wendy.dawson.1383@example.com,Wendy,Dawson,+1-clean-0001383
review-clean4-clean-CAND-01384,review-clean4-clean.christopher.morse.1384@example.com,Christopher,Morse,+1-clean-0001384
review-clean4-clean-CAND-01385,review-clean4-clean.phyllis.meyer.1385@example.com,Phyllis,Meyer,+1-clean-0001385
review-clean4-clean-CAND-01386,review-clean4-clean.jaclyn.watson.1386@example.com,Jaclyn,Watson,+1-clean-0001386
review-clean4-clean-CAND-01387,review-clean4-clean.terri.miller.1387@example.com,Terri,Miller,+1-clean-0001387
review-clean4-clean-CAND-01388,review-clean4-clean.cody.anderson.1388@example.com,Cody,Anderson,+1-clean-0001388
review-clean4-clean-CAND-01389,review-clean4-clean.lori.jones.1389@example.com,Lori,Jones,+1-clean-0001389
review-clean4-clean-CAND-01390,review-clean4-clean.ashley.graham.1390@example.com,Ashley,Graham,+1-clean-0001390
review-clean4-clean-CAND-01391,review-clean4-clean.tamara.young.1391@example.com,Tamara,Young,+1-clean-0001391
review-clean4-clean-CAND-01392,review-clean4-clean.jose.edwards.1392@example.com,Jose,Edwards,+1-clean-0001392
review-clean4-clean-CAND-01393,review-clean4-clean.lauren.haynes.1393@example.com,Lauren,Haynes,+1-clean-0001393
review-clean4-clean-CAND-01394,review-clean4-clean.jill.stewart.1394@example.com,Jill,Stewart,+1-clean-0001394
review-clean4-clean-CAND-01395,review-clean4-clean.joseph.jones.1395@example.com,Joseph,Jones,+1-clean-0001395
review-clean4-clean-CAND-01396,review-clean4-clean.james.chan.1396@example.com,James,Chan,+1-clean-0001396
review-clean4-clean-CAND-01397,review-clean4-clean.brenda.moore.1397@example.com,Brenda,Moore,+1-clean-0001397
review-clean4-clean-CAND-01398,review-clean4-clean.frank.owens.1398@example.com,Frank,Owens,+1-clean-0001398
review-clean4-clean-CAND-01399,review-clean4-clean.richard.herrera.1399@example.com,Richard,Herrera,+1-clean-0001399
review-clean4-clean-CAND-01400,review-clean4-clean.tami.clark.1400@example.com,Tami,Clark,+1-clean-0001400
review-clean4-clean-CAND-01401,review-clean4-clean.kyle.baker.1401@example.com,Kyle,Baker,+1-clean-0001401
review-clean4-clean-CAND-01402,review-clean4-clean.david.moore.1402@example.com,David,Moore,+1-clean-0001402
review-clean4-clean-CAND-01403,review-clean4-clean.gina.mckenzie.1403@example.com,Gina,Mckenzie,+1-clean-0001403
review-clean4-clean-CAND-01404,review-clean4-clean.heidi.williams.1404@example.com,Heidi,Williams,+1-clean-0001404
review-clean4-clean-CAND-01405,review-clean4-clean.mary.murphy.1405@example.com,Mary,Murphy,+1-clean-0001405
review-clean4-clean-CAND-01406,review-clean4-clean.christopher.wright.1406@example.com,Christopher,Wright,+1-clean-0001406
review-clean4-clean-CAND-01407,review-clean4-clean.michael.palmer.1407@example.com,Michael,Palmer,+1-clean-0001407
review-clean4-clean-CAND-01408,review-clean4-clean.erica.green.1408@example.com,Erica,Green,+1-clean-0001408
review-clean4-clean-CAND-01409,review-clean4-clean.vicki.johnson.1409@example.com,Vicki,Johnson,+1-clean-0001409
review-clean4-clean-CAND-01410,review-clean4-clean.richard.chavez.1410@example.com,Richard,Chavez,+1-clean-0001410
review-clean4-clean-CAND-01411,review-clean4-clean.kaitlin.wright.1411@example.com,Kaitlin,Wright,+1-clean-0001411
review-clean4-clean-CAND-01412,review-clean4-clean.steven.lara.1412@example.com,Steven,Lara,+1-clean-0001412
review-clean4-clean-CAND-01413,review-clean4-clean.donald.smith.1413@example.com,Donald,Smith,+1-clean-0001413
review-clean4-clean-CAND-01414,review-clean4-clean.maria.haas.1414@example.com,Maria,Haas,+1-clean-0001414
review-clean4-clean-CAND-01415,review-clean4-clean.david.colon.1415@example.com,David,Colon,+1-clean-0001415
review-clean4-clean-CAND-01416,review-clean4-clean.nathan.mccoy.1416@example.com,Nathan,Mccoy,+1-clean-0001416
review-clean4-clean-CAND-01417,review-clean4-clean.deanna.aguilar.1417@example.com,Deanna,Aguilar,+1-clean-0001417
review-clean4-clean-CAND-01418,review-clean4-clean.jonathan.hess.1418@example.com,Jonathan,Hess,+1-clean-0001418
review-clean4-clean-CAND-01419,review-clean4-clean.andrew.brown.1419@example.com,Andrew,Brown,+1-clean-0001419
review-clean4-clean-CAND-01420,review-clean4-clean.rachel.ramos.1420@example.com,Rachel,Ramos,+1-clean-0001420
review-clean4-clean-CAND-01421,review-clean4-clean.david.stein.1421@example.com,David,Stein,+1-clean-0001421
review-clean4-clean-CAND-01422,review-clean4-clean.maria.rivera.1422@example.com,Maria,Rivera,+1-clean-0001422
review-clean4-clean-CAND-01423,review-clean4-clean.brad.murray.1423@example.com,Brad,Murray,+1-clean-0001423
review-clean4-clean-CAND-01424,review-clean4-clean.gary.berry.1424@example.com,Gary,Berry,+1-clean-0001424
review-clean4-clean-CAND-01425,review-clean4-clean.lorraine.foster.1425@example.com,Lorraine,Foster,+1-clean-0001425
review-clean4-clean-CAND-01426,review-clean4-clean.anthony.vega.1426@example.com,Anthony,Vega,+1-clean-0001426
review-clean4-clean-CAND-01427,review-clean4-clean.gerald.lewis.1427@example.com,Gerald,Lewis,+1-clean-0001427
review-clean4-clean-CAND-01428,review-clean4-clean.jacob.ramirez.1428@example.com,Jacob,Ramirez,+1-clean-0001428
review-clean4-clean-CAND-01429,review-clean4-clean.nicole.johnson.1429@example.com,Nicole,Johnson,+1-clean-0001429
review-clean4-clean-CAND-01430,review-clean4-clean.christine.sanchez.1430@example.com,Christine,Sanchez,+1-clean-0001430
review-clean4-clean-CAND-01431,review-clean4-clean.kenneth.jenkins.1431@example.com,Kenneth,Jenkins,+1-clean-0001431
review-clean4-clean-CAND-01432,review-clean4-clean.andrea.brown.1432@example.com,Andrea,Brown,+1-clean-0001432
review-clean4-clean-CAND-01433,review-clean4-clean.joshua.taylor.1433@example.com,Joshua,Taylor,+1-clean-0001433
review-clean4-clean-CAND-01434,review-clean4-clean.james.wilkerson.1434@example.com,James,Wilkerson,+1-clean-0001434
review-clean4-clean-CAND-01435,review-clean4-clean.alicia.mccoy.1435@example.com,Alicia,Mccoy,+1-clean-0001435
review-clean4-clean-CAND-01436,review-clean4-clean.leah.norton.1436@example.com,Leah,Norton,+1-clean-0001436
review-clean4-clean-CAND-01437,review-clean4-clean.veronica.casey.1437@example.com,Veronica,Casey,+1-clean-0001437
review-clean4-clean-CAND-01438,review-clean4-clean.michael.stephens.1438@example.com,Michael,Stephens,+1-clean-0001438
review-clean4-clean-CAND-01439,review-clean4-clean.todd.durham.1439@example.com,Todd,Durham,+1-clean-0001439
review-clean4-clean-CAND-01440,review-clean4-clean.wayne.price.1440@example.com,Wayne,Price,+1-clean-0001440
review-clean4-clean-CAND-01441,review-clean4-clean.hector.flores.1441@example.com,Hector,Flores,+1-clean-0001441
review-clean4-clean-CAND-01442,review-clean4-clean.jeffery.huang.1442@example.com,Jeffery,Huang,+1-clean-0001442
review-clean4-clean-CAND-01443,review-clean4-clean.kimberly.brown.1443@example.com,Kimberly,Brown,+1-clean-0001443
review-clean4-clean-CAND-01444,review-clean4-clean.victoria.moreno.1444@example.com,Victoria,Moreno,+1-clean-0001444
review-clean4-clean-CAND-01445,review-clean4-clean.katie.key.1445@example.com,Katie,Key,+1-clean-0001445
review-clean4-clean-CAND-01446,review-clean4-clean.terri.garcia.1446@example.com,Terri,Garcia,+1-clean-0001446
review-clean4-clean-CAND-01447,review-clean4-clean.diane.adams.1447@example.com,Diane,Adams,+1-clean-0001447
review-clean4-clean-CAND-01448,review-clean4-clean.lisa.stark.1448@example.com,Lisa,Stark,+1-clean-0001448
review-clean4-clean-CAND-01449,review-clean4-clean.brian.davies.1449@example.com,Brian,Davies,+1-clean-0001449
review-clean4-clean-CAND-01450,review-clean4-clean.jeffrey.bradford.1450@example.com,Jeffrey,Bradford,+1-clean-0001450
review-clean4-clean-CAND-01451,review-clean4-clean.laura.kelly.1451@example.com,Laura,Kelly,+1-clean-0001451
review-clean4-clean-CAND-01452,review-clean4-clean.mary.bruce.1452@example.com,Mary,Bruce,+1-clean-0001452
review-clean4-clean-CAND-01453,review-clean4-clean.gregory.watkins.1453@example.com,Gregory,Watkins,+1-clean-0001453
review-clean4-clean-CAND-01454,review-clean4-clean.linda.wolfe.1454@example.com,Linda,Wolfe,+1-clean-0001454
review-clean4-clean-CAND-01455,review-clean4-clean.robin.johnson.1455@example.com,Robin,Johnson,+1-clean-0001455
review-clean4-clean-CAND-01456,review-clean4-clean.jackie.meza.1456@example.com,Jackie,Meza,+1-clean-0001456
review-clean4-clean-CAND-01457,review-clean4-clean.anne.hart.1457@example.com,Anne,Hart,+1-clean-0001457
review-clean4-clean-CAND-01458,review-clean4-clean.jacob.travis.1458@example.com,Jacob,Travis,+1-clean-0001458
review-clean4-clean-CAND-01459,review-clean4-clean.nicole.vasquez.1459@example.com,Nicole,Vasquez,+1-clean-0001459
review-clean4-clean-CAND-01460,review-clean4-clean.kyle.henry.1460@example.com,Kyle,Henry,+1-clean-0001460
review-clean4-clean-CAND-01461,review-clean4-clean.christopher.hall.1461@example.com,Christopher,Hall,+1-clean-0001461
review-clean4-clean-CAND-01462,review-clean4-clean.jeffery.fox.1462@example.com,Jeffery,Fox,+1-clean-0001462
review-clean4-clean-CAND-01463,review-clean4-clean.aaron.hardin.1463@example.com,Aaron,Hardin,+1-clean-0001463
review-clean4-clean-CAND-01464,review-clean4-clean.james.anderson.1464@example.com,James,Anderson,+1-clean-0001464
review-clean4-clean-CAND-01465,review-clean4-clean.jennifer.sellers.1465@example.com,Jennifer,Sellers,+1-clean-0001465
review-clean4-clean-CAND-01466,review-clean4-clean.megan.morris.1466@example.com,Megan,Morris,+1-clean-0001466
review-clean4-clean-CAND-01467,review-clean4-clean.andrew.willis.1467@example.com,Andrew,Willis,+1-clean-0001467
review-clean4-clean-CAND-01468,review-clean4-clean.samantha.schroeder.1468@example.com,Samantha,Schroeder,+1-clean-0001468
review-clean4-clean-CAND-01469,review-clean4-clean.meghan.valencia.1469@example.com,Meghan,Valencia,+1-clean-0001469
review-clean4-clean-CAND-01470,review-clean4-clean.susan.brooks.1470@example.com,Susan,Brooks,+1-clean-0001470
review-clean4-clean-CAND-01471,review-clean4-clean.sheri.foster.1471@example.com,Sheri,Foster,+1-clean-0001471
review-clean4-clean-CAND-01472,review-clean4-clean.craig.turner.1472@example.com,Craig,Turner,+1-clean-0001472
review-clean4-clean-CAND-01473,review-clean4-clean.derek.moore.1473@example.com,Derek,Moore,+1-clean-0001473
review-clean4-clean-CAND-01474,review-clean4-clean.stacy.conner.1474@example.com,Stacy,Conner,+1-clean-0001474
review-clean4-clean-CAND-01475,review-clean4-clean.susan.banks.1475@example.com,Susan,Banks,+1-clean-0001475
review-clean4-clean-CAND-01476,review-clean4-clean.grant.novak.1476@example.com,Grant,Novak,+1-clean-0001476
review-clean4-clean-CAND-01477,review-clean4-clean.heather.mcfarland.1477@example.com,Heather,Mcfarland,+1-clean-0001477
review-clean4-clean-CAND-01478,review-clean4-clean.kristin.walker.1478@example.com,Kristin,Walker,+1-clean-0001478
review-clean4-clean-CAND-01479,review-clean4-clean.brianna.thompson.1479@example.com,Brianna,Thompson,+1-clean-0001479
review-clean4-clean-CAND-01480,review-clean4-clean.kurt.barker.1480@example.com,Kurt,Barker,+1-clean-0001480
review-clean4-clean-CAND-01481,review-clean4-clean.david.daniel.1481@example.com,David,Daniel,+1-clean-0001481
review-clean4-clean-CAND-01482,review-clean4-clean.stacy.fry.1482@example.com,Stacy,Fry,+1-clean-0001482
review-clean4-clean-CAND-01483,review-clean4-clean.peter.gamble.1483@example.com,Peter,Gamble,+1-clean-0001483
review-clean4-clean-CAND-01484,review-clean4-clean.tammy.johnson.1484@example.com,Tammy,Johnson,+1-clean-0001484
review-clean4-clean-CAND-01485,review-clean4-clean.carrie.mccall.1485@example.com,Carrie,Mccall,+1-clean-0001485
review-clean4-clean-CAND-01486,review-clean4-clean.tammy.walker.1486@example.com,Tammy,Walker,+1-clean-0001486
review-clean4-clean-CAND-01487,review-clean4-clean.ariana.zuniga.1487@example.com,Ariana,Zuniga,+1-clean-0001487
review-clean4-clean-CAND-01488,review-clean4-clean.donald.mcgee.1488@example.com,Donald,Mcgee,+1-clean-0001488
review-clean4-clean-CAND-01489,review-clean4-clean.john.haas.1489@example.com,John,Haas,+1-clean-0001489
review-clean4-clean-CAND-01490,review-clean4-clean.gary.mcclure.1490@example.com,Gary,Mcclure,+1-clean-0001490
review-clean4-clean-CAND-01491,review-clean4-clean.christopher.fletcher.1491@example.com,Christopher,Fletcher,+1-clean-0001491
review-clean4-clean-CAND-01492,review-clean4-clean.danielle.tanner.1492@example.com,Danielle,Tanner,+1-clean-0001492
review-clean4-clean-CAND-01493,review-clean4-clean.sean.baker.1493@example.com,Sean,Baker,+1-clean-0001493
review-clean4-clean-CAND-01494,review-clean4-clean.john.jones.1494@example.com,John,Jones,+1-clean-0001494
review-clean4-clean-CAND-01495,review-clean4-clean.jonathan.rodriguez.1495@example.com,Jonathan,Rodriguez,+1-clean-0001495
review-clean4-clean-CAND-01496,review-clean4-clean.aaron.cruz.1496@example.com,Aaron,Cruz,+1-clean-0001496
review-clean4-clean-CAND-01497,review-clean4-clean.jessica.costa.1497@example.com,Jessica,Costa,+1-clean-0001497
review-clean4-clean-CAND-01498,review-clean4-clean.nicole.snyder.1498@example.com,Nicole,Snyder,+1-clean-0001498
review-clean4-clean-CAND-01499,review-clean4-clean.nicholas.payne.1499@example.com,Nicholas,Payne,+1-clean-0001499
review-clean4-clean-CAND-01500,review-clean4-clean.craig.mendoza.1500@example.com,Craig,Mendoza,+1-clean-0001500
review-clean4-clean-CAND-01501,review-clean4-clean.michelle.curtis.1501@example.com,Michelle,Curtis,+1-clean-0001501
review-clean4-clean-CAND-01502,review-clean4-clean.gloria.martin.1502@example.com,Gloria,Martin,+1-clean-0001502
review-clean4-clean-CAND-01503,review-clean4-clean.charles.singleton.1503@example.com,Charles,Singleton,+1-clean-0001503
review-clean4-clean-CAND-01504,review-clean4-clean.kenneth.flores.1504@example.com,Kenneth,Flores,+1-clean-0001504
review-clean4-clean-CAND-01505,review-clean4-clean.stephanie.jones.1505@example.com,Stephanie,Jones,+1-clean-0001505
review-clean4-clean-CAND-01506,review-clean4-clean.george.bennett.1506@example.com,George,Bennett,+1-clean-0001506
review-clean4-clean-CAND-01507,review-clean4-clean.jessica.payne.1507@example.com,Jessica,Payne,+1-clean-0001507
review-clean4-clean-CAND-01508,review-clean4-clean.rachael.davis.1508@example.com,Rachael,Davis,+1-clean-0001508
review-clean4-clean-CAND-01509,review-clean4-clean.brooke.austin.1509@example.com,Brooke,Austin,+1-clean-0001509
review-clean4-clean-CAND-01510,review-clean4-clean.timothy.johnson.1510@example.com,Timothy,Johnson,+1-clean-0001510
review-clean4-clean-CAND-01511,review-clean4-clean.sherri.martin.1511@example.com,Sherri,Martin,+1-clean-0001511
review-clean4-clean-CAND-01512,review-clean4-clean.pamela.moore.1512@example.com,Pamela,Moore,+1-clean-0001512
review-clean4-clean-CAND-01513,review-clean4-clean.craig.harris.1513@example.com,Craig,Harris,+1-clean-0001513
review-clean4-clean-CAND-01514,review-clean4-clean.james.terry.1514@example.com,James,Terry,+1-clean-0001514
review-clean4-clean-CAND-01515,review-clean4-clean.jennifer.blair.1515@example.com,Jennifer,Blair,+1-clean-0001515
review-clean4-clean-CAND-01516,review-clean4-clean.joseph.campbell.1516@example.com,Joseph,Campbell,+1-clean-0001516
review-clean4-clean-CAND-01517,review-clean4-clean.john.williams.1517@example.com,John,Williams,+1-clean-0001517
review-clean4-clean-CAND-01518,review-clean4-clean.ashley.larsen.1518@example.com,Ashley,Larsen,+1-clean-0001518
review-clean4-clean-CAND-01519,review-clean4-clean.eric.ward.1519@example.com,Eric,Ward,+1-clean-0001519
review-clean4-clean-CAND-01520,review-clean4-clean.ronald.phillips.1520@example.com,Ronald,Phillips,+1-clean-0001520
review-clean4-clean-CAND-01521,review-clean4-clean.ebony.greene.1521@example.com,Ebony,Greene,+1-clean-0001521
review-clean4-clean-CAND-01522,review-clean4-clean.james.johnson.1522@example.com,James,Johnson,+1-clean-0001522
review-clean4-clean-CAND-01523,review-clean4-clean.george.carter.1523@example.com,George,Carter,+1-clean-0001523
review-clean4-clean-CAND-01524,review-clean4-clean.christopher.anthony.1524@example.com,Christopher,Anthony,+1-clean-0001524
review-clean4-clean-CAND-01525,review-clean4-clean.kyle.sanders.1525@example.com,Kyle,Sanders,+1-clean-0001525
review-clean4-clean-CAND-01526,review-clean4-clean.tracy.guerrero.1526@example.com,Tracy,Guerrero,+1-clean-0001526
review-clean4-clean-CAND-01527,review-clean4-clean.christopher.stephens.1527@example.com,Christopher,Stephens,+1-clean-0001527
review-clean4-clean-CAND-01528,review-clean4-clean.jackson.mcclure.1528@example.com,Jackson,Mcclure,+1-clean-0001528
review-clean4-clean-CAND-01529,review-clean4-clean.mike.griffin.1529@example.com,Mike,Griffin,+1-clean-0001529
review-clean4-clean-CAND-01530,review-clean4-clean.jose.marshall.1530@example.com,Jose,Marshall,+1-clean-0001530
review-clean4-clean-CAND-01531,review-clean4-clean.jeremy.adams.1531@example.com,Jeremy,Adams,+1-clean-0001531
review-clean4-clean-CAND-01532,review-clean4-clean.bryan.goodwin.1532@example.com,Bryan,Goodwin,+1-clean-0001532
review-clean4-clean-CAND-01533,review-clean4-clean.elizabeth.miller.1533@example.com,Elizabeth,Miller,+1-clean-0001533
review-clean4-clean-CAND-01534,review-clean4-clean.maurice.weaver.1534@example.com,Maurice,Weaver,+1-clean-0001534
review-clean4-clean-CAND-01535,review-clean4-clean.tara.lawrence.1535@example.com,Tara,Lawrence,+1-clean-0001535
review-clean4-clean-CAND-01536,review-clean4-clean.angela.randall.1536@example.com,Angela,Randall,+1-clean-0001536
review-clean4-clean-CAND-01537,review-clean4-clean.loretta.barnes.1537@example.com,Loretta,Barnes,+1-clean-0001537
review-clean4-clean-CAND-01538,review-clean4-clean.amanda.camacho.1538@example.com,Amanda,Camacho,+1-clean-0001538
review-clean4-clean-CAND-01539,review-clean4-clean.thomas.keith.1539@example.com,Thomas,Keith,+1-clean-0001539
review-clean4-clean-CAND-01540,review-clean4-clean.thomas.miller.1540@example.com,Thomas,Miller,+1-clean-0001540
review-clean4-clean-CAND-01541,review-clean4-clean.raven.klein.1541@example.com,Raven,Klein,+1-clean-0001541
review-clean4-clean-CAND-01542,review-clean4-clean.wayne.lester.1542@example.com,Wayne,Lester,+1-clean-0001542
review-clean4-clean-CAND-01543,review-clean4-clean.lauren.byrd.1543@example.com,Lauren,Byrd,+1-clean-0001543
review-clean4-clean-CAND-01544,review-clean4-clean.christine.martinez.1544@example.com,Christine,Martinez,+1-clean-0001544
review-clean4-clean-CAND-01545,review-clean4-clean.katherine.thompson.1545@example.com,Katherine,Thompson,+1-clean-0001545
review-clean4-clean-CAND-01546,review-clean4-clean.tracey.stanton.1546@example.com,Tracey,Stanton,+1-clean-0001546
review-clean4-clean-CAND-01547,review-clean4-clean.lindsey.martinez.1547@example.com,Lindsey,Martinez,+1-clean-0001547
review-clean4-clean-CAND-01548,review-clean4-clean.rodney.mcneil.1548@example.com,Rodney,Mcneil,+1-clean-0001548
review-clean4-clean-CAND-01549,review-clean4-clean.ryan.osborn.1549@example.com,Ryan,Osborn,+1-clean-0001549
review-clean4-clean-CAND-01550,review-clean4-clean.courtney.flowers.1550@example.com,Courtney,Flowers,+1-clean-0001550
review-clean4-clean-CAND-01551,review-clean4-clean.jonathan.bartlett.1551@example.com,Jonathan,Bartlett,+1-clean-0001551
review-clean4-clean-CAND-01552,review-clean4-clean.robin.jones.1552@example.com,Robin,Jones,+1-clean-0001552
review-clean4-clean-CAND-01553,review-clean4-clean.paul.sanders.1553@example.com,Paul,Sanders,+1-clean-0001553
review-clean4-clean-CAND-01554,review-clean4-clean.mark.hill.1554@example.com,Mark,Hill,+1-clean-0001554
review-clean4-clean-CAND-01555,review-clean4-clean.stephen.marks.1555@example.com,Stephen,Marks,+1-clean-0001555
review-clean4-clean-CAND-01556,review-clean4-clean.kristin.dean.1556@example.com,Kristin,Dean,+1-clean-0001556
review-clean4-clean-CAND-01557,review-clean4-clean.alexandra.barnes.1557@example.com,Alexandra,Barnes,+1-clean-0001557
review-clean4-clean-CAND-01558,review-clean4-clean.robert.hernandez.1558@example.com,Robert,Hernandez,+1-clean-0001558
review-clean4-clean-CAND-01559,review-clean4-clean.brianna.chang.1559@example.com,Brianna,Chang,+1-clean-0001559
review-clean4-clean-CAND-01560,review-clean4-clean.sheila.buckley.1560@example.com,Sheila,Buckley,+1-clean-0001560
review-clean4-clean-CAND-01561,review-clean4-clean.anna.garcia.1561@example.com,Anna,Garcia,+1-clean-0001561
review-clean4-clean-CAND-01562,review-clean4-clean.justin.nichols.1562@example.com,Justin,Nichols,+1-clean-0001562
review-clean4-clean-CAND-01563,review-clean4-clean.maurice.jenkins.1563@example.com,Maurice,Jenkins,+1-clean-0001563
review-clean4-clean-CAND-01564,review-clean4-clean.patrick.washington.1564@example.com,Patrick,Washington,+1-clean-0001564
review-clean4-clean-CAND-01565,review-clean4-clean.chelsea.johnson.1565@example.com,Chelsea,Johnson,+1-clean-0001565
review-clean4-clean-CAND-01566,review-clean4-clean.joshua.thomas.1566@example.com,Joshua,Thomas,+1-clean-0001566
review-clean4-clean-CAND-01567,review-clean4-clean.charlotte.steele.1567@example.com,Charlotte,Steele,+1-clean-0001567
review-clean4-clean-CAND-01568,review-clean4-clean.benjamin.preston.1568@example.com,Benjamin,Preston,+1-clean-0001568
review-clean4-clean-CAND-01569,review-clean4-clean.martin.young.1569@example.com,Martin,Young,+1-clean-0001569
review-clean4-clean-CAND-01570,review-clean4-clean.julie.mccall.1570@example.com,Julie,Mccall,+1-clean-0001570
review-clean4-clean-CAND-01571,review-clean4-clean.penny.smith.1571@example.com,Penny,Smith,+1-clean-0001571
review-clean4-clean-CAND-01572,review-clean4-clean.lisa.turner.1572@example.com,Lisa,Turner,+1-clean-0001572
review-clean4-clean-CAND-01573,review-clean4-clean.juan.vasquez.1573@example.com,Juan,Vasquez,+1-clean-0001573
review-clean4-clean-CAND-01574,review-clean4-clean.heather.garcia.1574@example.com,Heather,Garcia,+1-clean-0001574
review-clean4-clean-CAND-01575,review-clean4-clean.misty.taylor.1575@example.com,Misty,Taylor,+1-clean-0001575
review-clean4-clean-CAND-01576,review-clean4-clean.terri.ramos.1576@example.com,Terri,Ramos,+1-clean-0001576
review-clean4-clean-CAND-01577,review-clean4-clean.margaret.adams.1577@example.com,Margaret,Adams,+1-clean-0001577
review-clean4-clean-CAND-01578,review-clean4-clean.robert.brewer.1578@example.com,Robert,Brewer,+1-clean-0001578
review-clean4-clean-CAND-01579,review-clean4-clean.jacob.lewis.1579@example.com,Jacob,Lewis,+1-clean-0001579
review-clean4-clean-CAND-01580,review-clean4-clean.madison.figueroa.1580@example.com,Madison,Figueroa,+1-clean-0001580
review-clean4-clean-CAND-01581,review-clean4-clean.katherine.camacho.1581@example.com,Katherine,Camacho,+1-clean-0001581
review-clean4-clean-CAND-01582,review-clean4-clean.lori.robertson.1582@example.com,Lori,Robertson,+1-clean-0001582
review-clean4-clean-CAND-01583,review-clean4-clean.erik.collins.1583@example.com,Erik,Collins,+1-clean-0001583
review-clean4-clean-CAND-01584,review-clean4-clean.william.taylor.1584@example.com,William,Taylor,+1-clean-0001584
review-clean4-clean-CAND-01585,review-clean4-clean.melissa.suarez.1585@example.com,Melissa,Suarez,+1-clean-0001585
review-clean4-clean-CAND-01586,review-clean4-clean.anthony.lee.1586@example.com,Anthony,Lee,+1-clean-0001586
review-clean4-clean-CAND-01587,review-clean4-clean.marissa.hood.1587@example.com,Marissa,Hood,+1-clean-0001587
review-clean4-clean-CAND-01588,review-clean4-clean.john.bryant.1588@example.com,John,Bryant,+1-clean-0001588
review-clean4-clean-CAND-01589,review-clean4-clean.samantha.bush.1589@example.com,Samantha,Bush,+1-clean-0001589
review-clean4-clean-CAND-01590,review-clean4-clean.joshua.colon.1590@example.com,Joshua,Colon,+1-clean-0001590
review-clean4-clean-CAND-01591,review-clean4-clean.william.reid.1591@example.com,William,Reid,+1-clean-0001591
review-clean4-clean-CAND-01592,review-clean4-clean.david.johnson.1592@example.com,David,Johnson,+1-clean-0001592
review-clean4-clean-CAND-01593,review-clean4-clean.nathan.wheeler.1593@example.com,Nathan,Wheeler,+1-clean-0001593
review-clean4-clean-CAND-01594,review-clean4-clean.gregory.harrell.1594@example.com,Gregory,Harrell,+1-clean-0001594
review-clean4-clean-CAND-01595,review-clean4-clean.brenda.bailey.1595@example.com,Brenda,Bailey,+1-clean-0001595
review-clean4-clean-CAND-01596,review-clean4-clean.frank.kline.1596@example.com,Frank,Kline,+1-clean-0001596
review-clean4-clean-CAND-01597,review-clean4-clean.kaitlyn.barker.1597@example.com,Kaitlyn,Barker,+1-clean-0001597
review-clean4-clean-CAND-01598,review-clean4-clean.justin.hughes.1598@example.com,Justin,Hughes,+1-clean-0001598
review-clean4-clean-CAND-01599,review-clean4-clean.frank.armstrong.1599@example.com,Frank,Armstrong,+1-clean-0001599
review-clean4-clean-CAND-01600,review-clean4-clean.tammie.vincent.1600@example.com,Tammie,Vincent,+1-clean-0001600
review-clean4-clean-CAND-01601,review-clean4-clean.deborah.byrd.1601@example.com,Deborah,Byrd,+1-clean-0001601
review-clean4-clean-CAND-01602,review-clean4-clean.joseph.ortiz.1602@example.com,Joseph,Ortiz,+1-clean-0001602
review-clean4-clean-CAND-01603,review-clean4-clean.andrew.deleon.1603@example.com,Andrew,Deleon,+1-clean-0001603
review-clean4-clean-CAND-01604,review-clean4-clean.katrina.smith.1604@example.com,Katrina,Smith,+1-clean-0001604
review-clean4-clean-CAND-01605,review-clean4-clean.rhonda.holland.1605@example.com,Rhonda,Holland,+1-clean-0001605
review-clean4-clean-CAND-01606,review-clean4-clean.carolyn.smith.1606@example.com,Carolyn,Smith,+1-clean-0001606
review-clean4-clean-CAND-01607,review-clean4-clean.johnny.trujillo.1607@example.com,Johnny,Trujillo,+1-clean-0001607
review-clean4-clean-CAND-01608,review-clean4-clean.kevin.rasmussen.1608@example.com,Kevin,Rasmussen,+1-clean-0001608
review-clean4-clean-CAND-01609,review-clean4-clean.dawn.coleman.1609@example.com,Dawn,Coleman,+1-clean-0001609
review-clean4-clean-CAND-01610,review-clean4-clean.nicholas.bailey.1610@example.com,Nicholas,Bailey,+1-clean-0001610
review-clean4-clean-CAND-01611,review-clean4-clean.johnathan.owens.1611@example.com,Johnathan,Owens,+1-clean-0001611
review-clean4-clean-CAND-01612,review-clean4-clean.erica.holloway.1612@example.com,Erica,Holloway,+1-clean-0001612
review-clean4-clean-CAND-01613,review-clean4-clean.randy.garcia.1613@example.com,Randy,Garcia,+1-clean-0001613
review-clean4-clean-CAND-01614,review-clean4-clean.william.bates.1614@example.com,William,Bates,+1-clean-0001614
review-clean4-clean-CAND-01615,review-clean4-clean.megan.brooks.1615@example.com,Megan,Brooks,+1-clean-0001615
review-clean4-clean-CAND-01616,review-clean4-clean.deborah.lynch.1616@example.com,Deborah,Lynch,+1-clean-0001616
review-clean4-clean-CAND-01617,review-clean4-clean.kenneth.rodriguez.1617@example.com,Kenneth,Rodriguez,+1-clean-0001617
review-clean4-clean-CAND-01618,review-clean4-clean.caleb.mcneil.1618@example.com,Caleb,Mcneil,+1-clean-0001618
review-clean4-clean-CAND-01619,review-clean4-clean.danielle.hensley.1619@example.com,Danielle,Hensley,+1-clean-0001619
review-clean4-clean-CAND-01620,review-clean4-clean.jose.dawson.1620@example.com,Jose,Dawson,+1-clean-0001620
review-clean4-clean-CAND-01621,review-clean4-clean.patricia.evans.1621@example.com,Patricia,Evans,+1-clean-0001621
review-clean4-clean-CAND-01622,review-clean4-clean.edward.cannon.1622@example.com,Edward,Cannon,+1-clean-0001622
review-clean4-clean-CAND-01623,review-clean4-clean.rachel.trujillo.1623@example.com,Rachel,Trujillo,+1-clean-0001623
review-clean4-clean-CAND-01624,review-clean4-clean.leah.greene.1624@example.com,Leah,Greene,+1-clean-0001624
review-clean4-clean-CAND-01625,review-clean4-clean.donna.becker.1625@example.com,Donna,Becker,+1-clean-0001625
review-clean4-clean-CAND-01626,review-clean4-clean.jennifer.rios.1626@example.com,Jennifer,Rios,+1-clean-0001626
review-clean4-clean-CAND-01627,review-clean4-clean.whitney.green.1627@example.com,Whitney,Green,+1-clean-0001627
review-clean4-clean-CAND-01628,review-clean4-clean.robert.price.1628@example.com,Robert,Price,+1-clean-0001628
review-clean4-clean-CAND-01629,review-clean4-clean.austin.erickson.1629@example.com,Austin,Erickson,+1-clean-0001629
review-clean4-clean-CAND-01630,review-clean4-clean.ashley.lee.1630@example.com,Ashley,Lee,+1-clean-0001630
review-clean4-clean-CAND-01631,review-clean4-clean.jessica.walker.1631@example.com,Jessica,Walker,+1-clean-0001631
review-clean4-clean-CAND-01632,review-clean4-clean.amanda.glover.1632@example.com,Amanda,Glover,+1-clean-0001632
review-clean4-clean-CAND-01633,review-clean4-clean.rebecca.powers.1633@example.com,Rebecca,Powers,+1-clean-0001633
review-clean4-clean-CAND-01634,review-clean4-clean.william.bruce.1634@example.com,William,Bruce,+1-clean-0001634
review-clean4-clean-CAND-01635,review-clean4-clean.mary.walter.1635@example.com,Mary,Walter,+1-clean-0001635
review-clean4-clean-CAND-01636,review-clean4-clean.howard.davis.1636@example.com,Howard,Davis,+1-clean-0001636
review-clean4-clean-CAND-01637,review-clean4-clean.david.green.1637@example.com,David,Green,+1-clean-0001637
review-clean4-clean-CAND-01638,review-clean4-clean.lindsey.hines.1638@example.com,Lindsey,Hines,+1-clean-0001638
review-clean4-clean-CAND-01639,review-clean4-clean.isaac.frazier.1639@example.com,Isaac,Frazier,+1-clean-0001639
review-clean4-clean-CAND-01640,review-clean4-clean.matthew.davis.1640@example.com,Matthew,Davis,+1-clean-0001640
review-clean4-clean-CAND-01641,review-clean4-clean.michael.garner.1641@example.com,Michael,Garner,+1-clean-0001641
review-clean4-clean-CAND-01642,review-clean4-clean.kurt.french.1642@example.com,Kurt,French,+1-clean-0001642
review-clean4-clean-CAND-01643,review-clean4-clean.mark.green.1643@example.com,Mark,Green,+1-clean-0001643
review-clean4-clean-CAND-01644,review-clean4-clean.kelly.york.1644@example.com,Kelly,York,+1-clean-0001644
review-clean4-clean-CAND-01645,review-clean4-clean.thomas.delacruz.1645@example.com,Thomas,Delacruz,+1-clean-0001645
review-clean4-clean-CAND-01646,review-clean4-clean.brandy.blackburn.1646@example.com,Brandy,Blackburn,+1-clean-0001646
review-clean4-clean-CAND-01647,review-clean4-clean.charles.preston.1647@example.com,Charles,Preston,+1-clean-0001647
review-clean4-clean-CAND-01648,review-clean4-clean.vincent.dillon.1648@example.com,Vincent,Dillon,+1-clean-0001648
review-clean4-clean-CAND-01649,review-clean4-clean.patrick.evans.1649@example.com,Patrick,Evans,+1-clean-0001649
review-clean4-clean-CAND-01650,review-clean4-clean.brian.dickerson.1650@example.com,Brian,Dickerson,+1-clean-0001650
review-clean4-clean-CAND-01651,review-clean4-clean.derrick.gonzalez.1651@example.com,Derrick,Gonzalez,+1-clean-0001651
review-clean4-clean-CAND-01652,review-clean4-clean.robert.hudson.1652@example.com,Robert,Hudson,+1-clean-0001652
review-clean4-clean-CAND-01653,review-clean4-clean.rebecca.ellis.1653@example.com,Rebecca,Ellis,+1-clean-0001653
review-clean4-clean-CAND-01654,review-clean4-clean.leslie.baldwin.1654@example.com,Leslie,Baldwin,+1-clean-0001654
review-clean4-clean-CAND-01655,review-clean4-clean.kimberly.freeman.1655@example.com,Kimberly,Freeman,+1-clean-0001655
review-clean4-clean-CAND-01656,review-clean4-clean.crystal.thompson.1656@example.com,Crystal,Thompson,+1-clean-0001656
review-clean4-clean-CAND-01657,review-clean4-clean.cynthia.smith.1657@example.com,Cynthia,Smith,+1-clean-0001657
review-clean4-clean-CAND-01658,review-clean4-clean.joshua.juarez.1658@example.com,Joshua,Juarez,+1-clean-0001658
review-clean4-clean-CAND-01659,review-clean4-clean.gary.duran.1659@example.com,Gary,Duran,+1-clean-0001659
review-clean4-clean-CAND-01660,review-clean4-clean.tracy.gallagher.1660@example.com,Tracy,Gallagher,+1-clean-0001660
review-clean4-clean-CAND-01661,review-clean4-clean.christopher.mendez.1661@example.com,Christopher,Mendez,+1-clean-0001661
review-clean4-clean-CAND-01662,review-clean4-clean.cynthia.powell.1662@example.com,Cynthia,Powell,+1-clean-0001662
review-clean4-clean-CAND-01663,review-clean4-clean.tammy.reyes.1663@example.com,Tammy,Reyes,+1-clean-0001663
review-clean4-clean-CAND-01664,review-clean4-clean.benjamin.gonzalez.1664@example.com,Benjamin,Gonzalez,+1-clean-0001664
review-clean4-clean-CAND-01665,review-clean4-clean.nathan.smith.1665@example.com,Nathan,Smith,+1-clean-0001665
review-clean4-clean-CAND-01666,review-clean4-clean.marco.whitaker.1666@example.com,Marco,Whitaker,+1-clean-0001666
review-clean4-clean-CAND-01667,review-clean4-clean.james.rhodes.1667@example.com,James,Rhodes,+1-clean-0001667
review-clean4-clean-CAND-01668,review-clean4-clean.courtney.wright.1668@example.com,Courtney,Wright,+1-clean-0001668
review-clean4-clean-CAND-01669,review-clean4-clean.heather.cooper.1669@example.com,Heather,Cooper,+1-clean-0001669
review-clean4-clean-CAND-01670,review-clean4-clean.david.reyes.1670@example.com,David,Reyes,+1-clean-0001670
review-clean4-clean-CAND-01671,review-clean4-clean.brianna.jackson.1671@example.com,Brianna,Jackson,+1-clean-0001671
review-clean4-clean-CAND-01672,review-clean4-clean.madison.evans.1672@example.com,Madison,Evans,+1-clean-0001672
review-clean4-clean-CAND-01673,review-clean4-clean.kelly.luna.1673@example.com,Kelly,Luna,+1-clean-0001673
review-clean4-clean-CAND-01674,review-clean4-clean.caitlyn.morgan.1674@example.com,Caitlyn,Morgan,+1-clean-0001674
review-clean4-clean-CAND-01675,review-clean4-clean.pamela.cowan.1675@example.com,Pamela,Cowan,+1-clean-0001675
review-clean4-clean-CAND-01676,review-clean4-clean.matthew.valenzuela.1676@example.com,Matthew,Valenzuela,+1-clean-0001676
review-clean4-clean-CAND-01677,review-clean4-clean.michael.lopez.1677@example.com,Michael,Lopez,+1-clean-0001677
review-clean4-clean-CAND-01678,review-clean4-clean.stacy.hull.1678@example.com,Stacy,Hull,+1-clean-0001678
review-clean4-clean-CAND-01679,review-clean4-clean.richard.perez.1679@example.com,Richard,Perez,+1-clean-0001679
review-clean4-clean-CAND-01680,review-clean4-clean.jessica.anderson.1680@example.com,Jessica,Anderson,+1-clean-0001680
review-clean4-clean-CAND-01681,review-clean4-clean.jessica.lawrence.1681@example.com,Jessica,Lawrence,+1-clean-0001681
review-clean4-clean-CAND-01682,review-clean4-clean.gary.richardson.1682@example.com,Gary,Richardson,+1-clean-0001682
review-clean4-clean-CAND-01683,review-clean4-clean.debra.johnson.1683@example.com,Debra,Johnson,+1-clean-0001683
review-clean4-clean-CAND-01684,review-clean4-clean.nancy.scott.1684@example.com,Nancy,Scott,+1-clean-0001684
review-clean4-clean-CAND-01685,review-clean4-clean.amanda.williams.1685@example.com,Amanda,Williams,+1-clean-0001685
review-clean4-clean-CAND-01686,review-clean4-clean.virginia.stanley.1686@example.com,Virginia,Stanley,+1-clean-0001686
review-clean4-clean-CAND-01687,review-clean4-clean.desiree.smith.1687@example.com,Desiree,Smith,+1-clean-0001687
review-clean4-clean-CAND-01688,review-clean4-clean.hannah.butler.1688@example.com,Hannah,Butler,+1-clean-0001688
review-clean4-clean-CAND-01689,review-clean4-clean.omar.kelley.1689@example.com,Omar,Kelley,+1-clean-0001689
review-clean4-clean-CAND-01690,review-clean4-clean.thomas.hernandez.1690@example.com,Thomas,Hernandez,+1-clean-0001690
review-clean4-clean-CAND-01691,review-clean4-clean.heather.mccoy.1691@example.com,Heather,Mccoy,+1-clean-0001691
review-clean4-clean-CAND-01692,review-clean4-clean.kevin.stanley.1692@example.com,Kevin,Stanley,+1-clean-0001692
review-clean4-clean-CAND-01693,review-clean4-clean.elaine.nelson.1693@example.com,Elaine,Nelson,+1-clean-0001693
review-clean4-clean-CAND-01694,review-clean4-clean.catherine.taylor.1694@example.com,Catherine,Taylor,+1-clean-0001694
review-clean4-clean-CAND-01695,review-clean4-clean.maria.garcia.1695@example.com,Maria,Garcia,+1-clean-0001695
review-clean4-clean-CAND-01696,review-clean4-clean.jennifer.wilson.1696@example.com,Jennifer,Wilson,+1-clean-0001696
review-clean4-clean-CAND-01697,review-clean4-clean.daniel.rodriguez.1697@example.com,Daniel,Rodriguez,+1-clean-0001697
review-clean4-clean-CAND-01698,review-clean4-clean.james.gonzalez.1698@example.com,James,Gonzalez,+1-clean-0001698
review-clean4-clean-CAND-01699,review-clean4-clean.jose.mills.1699@example.com,Jose,Mills,+1-clean-0001699
review-clean4-clean-CAND-01700,review-clean4-clean.james.warner.1700@example.com,James,Warner,+1-clean-0001700
review-clean4-clean-CAND-01701,review-clean4-clean.kenneth.williams.1701@example.com,Kenneth,Williams,+1-clean-0001701
review-clean4-clean-CAND-01702,review-clean4-clean.tyler.clark.1702@example.com,Tyler,Clark,+1-clean-0001702
review-clean4-clean-CAND-01703,review-clean4-clean.sarah.rivera.1703@example.com,Sarah,Rivera,+1-clean-0001703
review-clean4-clean-CAND-01704,review-clean4-clean.aaron.powers.1704@example.com,Aaron,Powers,+1-clean-0001704
review-clean4-clean-CAND-01705,review-clean4-clean.rebecca.conley.1705@example.com,Rebecca,Conley,+1-clean-0001705
review-clean4-clean-CAND-01706,review-clean4-clean.elizabeth.hernandez.1706@example.com,Elizabeth,Hernandez,+1-clean-0001706
review-clean4-clean-CAND-01707,review-clean4-clean.christopher.hunt.1707@example.com,Christopher,Hunt,+1-clean-0001707
review-clean4-clean-CAND-01708,review-clean4-clean.jennifer.garcia.1708@example.com,Jennifer,Garcia,+1-clean-0001708
review-clean4-clean-CAND-01709,review-clean4-clean.jonathan.hall.1709@example.com,Jonathan,Hall,+1-clean-0001709
review-clean4-clean-CAND-01710,review-clean4-clean.vanessa.phillips.1710@example.com,Vanessa,Phillips,+1-clean-0001710
review-clean4-clean-CAND-01711,review-clean4-clean.steven.garcia.1711@example.com,Steven,Garcia,+1-clean-0001711
review-clean4-clean-CAND-01712,review-clean4-clean.gregg.williams.1712@example.com,Gregg,Williams,+1-clean-0001712
review-clean4-clean-CAND-01713,review-clean4-clean.kelly.solis.1713@example.com,Kelly,Solis,+1-clean-0001713
review-clean4-clean-CAND-01714,review-clean4-clean.larry.rodgers.1714@example.com,Larry,Rodgers,+1-clean-0001714
review-clean4-clean-CAND-01715,review-clean4-clean.cody.chang.1715@example.com,Cody,Chang,+1-clean-0001715
review-clean4-clean-CAND-01716,review-clean4-clean.brandon.christian.1716@example.com,Brandon,Christian,+1-clean-0001716
review-clean4-clean-CAND-01717,review-clean4-clean.elizabeth.jackson.1717@example.com,Elizabeth,Jackson,+1-clean-0001717
review-clean4-clean-CAND-01718,review-clean4-clean.michael.kim.1718@example.com,Michael,Kim,+1-clean-0001718
review-clean4-clean-CAND-01719,review-clean4-clean.christy.johns.1719@example.com,Christy,Johns,+1-clean-0001719
review-clean4-clean-CAND-01720,review-clean4-clean.christopher.briggs.1720@example.com,Christopher,Briggs,+1-clean-0001720
review-clean4-clean-CAND-01721,review-clean4-clean.ian.morales.1721@example.com,Ian,Morales,+1-clean-0001721
review-clean4-clean-CAND-01722,review-clean4-clean.suzanne.nelson.1722@example.com,Suzanne,Nelson,+1-clean-0001722
review-clean4-clean-CAND-01723,review-clean4-clean.paul.jefferson.1723@example.com,Paul,Jefferson,+1-clean-0001723
review-clean4-clean-CAND-01724,review-clean4-clean.lauren.banks.1724@example.com,Lauren,Banks,+1-clean-0001724
review-clean4-clean-CAND-01725,review-clean4-clean.laura.wilson.1725@example.com,Laura,Wilson,+1-clean-0001725
review-clean4-clean-CAND-01726,review-clean4-clean.heather.brown.1726@example.com,Heather,Brown,+1-clean-0001726
review-clean4-clean-CAND-01727,review-clean4-clean.sherri.moore.1727@example.com,Sherri,Moore,+1-clean-0001727
review-clean4-clean-CAND-01728,review-clean4-clean.robert.garza.1728@example.com,Robert,Garza,+1-clean-0001728
review-clean4-clean-CAND-01729,review-clean4-clean.leah.gregory.1729@example.com,Leah,Gregory,+1-clean-0001729
review-clean4-clean-CAND-01730,review-clean4-clean.howard.james.1730@example.com,Howard,James,+1-clean-0001730
review-clean4-clean-CAND-01731,review-clean4-clean.michael.johnson.1731@example.com,Michael,Johnson,+1-clean-0001731
review-clean4-clean-CAND-01732,review-clean4-clean.gabrielle.roberson.1732@example.com,Gabrielle,Roberson,+1-clean-0001732
review-clean4-clean-CAND-01733,review-clean4-clean.teresa.anderson.1733@example.com,Teresa,Anderson,+1-clean-0001733
review-clean4-clean-CAND-01734,review-clean4-clean.samantha.rodriguez.1734@example.com,Samantha,Rodriguez,+1-clean-0001734
review-clean4-clean-CAND-01735,review-clean4-clean.robert.williams.1735@example.com,Robert,Williams,+1-clean-0001735
review-clean4-clean-CAND-01736,review-clean4-clean.jose.edwards.1736@example.com,Jose,Edwards,+1-clean-0001736
review-clean4-clean-CAND-01737,review-clean4-clean.janet.gregory.1737@example.com,Janet,Gregory,+1-clean-0001737
review-clean4-clean-CAND-01738,review-clean4-clean.katrina.ray.1738@example.com,Katrina,Ray,+1-clean-0001738
review-clean4-clean-CAND-01739,review-clean4-clean.annette.levine.1739@example.com,Annette,Levine,+1-clean-0001739
review-clean4-clean-CAND-01740,review-clean4-clean.elizabeth.morgan.1740@example.com,Elizabeth,Morgan,+1-clean-0001740
review-clean4-clean-CAND-01741,review-clean4-clean.alexandra.haynes.1741@example.com,Alexandra,Haynes,+1-clean-0001741
review-clean4-clean-CAND-01742,review-clean4-clean.cody.stanley.1742@example.com,Cody,Stanley,+1-clean-0001742
review-clean4-clean-CAND-01743,review-clean4-clean.john.reed.1743@example.com,John,Reed,+1-clean-0001743
review-clean4-clean-CAND-01744,review-clean4-clean.erica.cruz.1744@example.com,Erica,Cruz,+1-clean-0001744
review-clean4-clean-CAND-01745,review-clean4-clean.mary.grant.1745@example.com,Mary,Grant,+1-clean-0001745
review-clean4-clean-CAND-01746,review-clean4-clean.vanessa.brown.1746@example.com,Vanessa,Brown,+1-clean-0001746
review-clean4-clean-CAND-01747,review-clean4-clean.dawn.moore.1747@example.com,Dawn,Moore,+1-clean-0001747
review-clean4-clean-CAND-01748,review-clean4-clean.melinda.christian.1748@example.com,Melinda,Christian,+1-clean-0001748
review-clean4-clean-CAND-01749,review-clean4-clean.molly.jones.1749@example.com,Molly,Jones,+1-clean-0001749
review-clean4-clean-CAND-01750,review-clean4-clean.travis.allen.1750@example.com,Travis,Allen,+1-clean-0001750
review-clean4-clean-CAND-01751,review-clean4-clean.tara.williams.1751@example.com,Tara,Williams,+1-clean-0001751
review-clean4-clean-CAND-01752,review-clean4-clean.jeffrey.schneider.1752@example.com,Jeffrey,Schneider,+1-clean-0001752
review-clean4-clean-CAND-01753,review-clean4-clean.richard.young.1753@example.com,Richard,Young,+1-clean-0001753
review-clean4-clean-CAND-01754,review-clean4-clean.stephen.solis.1754@example.com,Stephen,Solis,+1-clean-0001754
review-clean4-clean-CAND-01755,review-clean4-clean.shane.gates.1755@example.com,Shane,Gates,+1-clean-0001755
review-clean4-clean-CAND-01756,review-clean4-clean.sergio.wilson.1756@example.com,Sergio,Wilson,+1-clean-0001756
review-clean4-clean-CAND-01757,review-clean4-clean.tyler.valdez.1757@example.com,Tyler,Valdez,+1-clean-0001757
review-clean4-clean-CAND-01758,review-clean4-clean.curtis.gutierrez.1758@example.com,Curtis,Gutierrez,+1-clean-0001758
review-clean4-clean-CAND-01759,review-clean4-clean.angela.smith.1759@example.com,Angela,Smith,+1-clean-0001759
review-clean4-clean-CAND-01760,review-clean4-clean.christopher.munoz.1760@example.com,Christopher,Munoz,+1-clean-0001760
review-clean4-clean-CAND-01761,review-clean4-clean.christine.torres.1761@example.com,Christine,Torres,+1-clean-0001761
review-clean4-clean-CAND-01762,review-clean4-clean.william.clark.1762@example.com,William,Clark,+1-clean-0001762
review-clean4-clean-CAND-01763,review-clean4-clean.emily.clements.1763@example.com,Emily,Clements,+1-clean-0001763
review-clean4-clean-CAND-01764,review-clean4-clean.michael.brown.1764@example.com,Michael,Brown,+1-clean-0001764
review-clean4-clean-CAND-01765,review-clean4-clean.jeffrey.gibson.1765@example.com,Jeffrey,Gibson,+1-clean-0001765
review-clean4-clean-CAND-01766,review-clean4-clean.ann.harvey.1766@example.com,Ann,Harvey,+1-clean-0001766
review-clean4-clean-CAND-01767,review-clean4-clean.thomas.sandoval.1767@example.com,Thomas,Sandoval,+1-clean-0001767
review-clean4-clean-CAND-01768,review-clean4-clean.jennifer.wilson.1768@example.com,Jennifer,Wilson,+1-clean-0001768
review-clean4-clean-CAND-01769,review-clean4-clean.katherine.walker.1769@example.com,Katherine,Walker,+1-clean-0001769
review-clean4-clean-CAND-01770,review-clean4-clean.matthew.gallegos.1770@example.com,Matthew,Gallegos,+1-clean-0001770
review-clean4-clean-CAND-01771,review-clean4-clean.tamara.carter.1771@example.com,Tamara,Carter,+1-clean-0001771
review-clean4-clean-CAND-01772,review-clean4-clean.alejandra.park.1772@example.com,Alejandra,Park,+1-clean-0001772
review-clean4-clean-CAND-01773,review-clean4-clean.brandon.martin.1773@example.com,Brandon,Martin,+1-clean-0001773
review-clean4-clean-CAND-01774,review-clean4-clean.donald.love.1774@example.com,Donald,Love,+1-clean-0001774
review-clean4-clean-CAND-01775,review-clean4-clean.jennifer.rodriguez.1775@example.com,Jennifer,Rodriguez,+1-clean-0001775
review-clean4-clean-CAND-01776,review-clean4-clean.cheryl.lopez.1776@example.com,Cheryl,Lopez,+1-clean-0001776
review-clean4-clean-CAND-01777,review-clean4-clean.sarah.long.1777@example.com,Sarah,Long,+1-clean-0001777
review-clean4-clean-CAND-01778,review-clean4-clean.stephen.harrington.1778@example.com,Stephen,Harrington,+1-clean-0001778
review-clean4-clean-CAND-01779,review-clean4-clean.jennifer.rodriguez.1779@example.com,Jennifer,Rodriguez,+1-clean-0001779
review-clean4-clean-CAND-01780,review-clean4-clean.robert.house.1780@example.com,Robert,House,+1-clean-0001780
review-clean4-clean-CAND-01781,review-clean4-clean.mary.chapman.1781@example.com,Mary,Chapman,+1-clean-0001781
review-clean4-clean-CAND-01782,review-clean4-clean.kelsey.hayes.1782@example.com,Kelsey,Hayes,+1-clean-0001782
review-clean4-clean-CAND-01783,review-clean4-clean.dominique.blanchard.1783@example.com,Dominique,Blanchard,+1-clean-0001783
review-clean4-clean-CAND-01784,review-clean4-clean.dennis.porter.1784@example.com,Dennis,Porter,+1-clean-0001784
review-clean4-clean-CAND-01785,review-clean4-clean.alyssa.williams.1785@example.com,Alyssa,Williams,+1-clean-0001785
review-clean4-clean-CAND-01786,review-clean4-clean.savannah.roberson.1786@example.com,Savannah,Roberson,+1-clean-0001786
review-clean4-clean-CAND-01787,review-clean4-clean.timothy.romero.1787@example.com,Timothy,Romero,+1-clean-0001787
review-clean4-clean-CAND-01788,review-clean4-clean.samantha.thompson.1788@example.com,Samantha,Thompson,+1-clean-0001788
review-clean4-clean-CAND-01789,review-clean4-clean.beth.cross.1789@example.com,Beth,Cross,+1-clean-0001789
review-clean4-clean-CAND-01790,review-clean4-clean.david.hughes.1790@example.com,David,Hughes,+1-clean-0001790
review-clean4-clean-CAND-01791,review-clean4-clean.caroline.andrade.1791@example.com,Caroline,Andrade,+1-clean-0001791
review-clean4-clean-CAND-01792,review-clean4-clean.william.cruz.1792@example.com,William,Cruz,+1-clean-0001792
review-clean4-clean-CAND-01793,review-clean4-clean.tiffany.moon.1793@example.com,Tiffany,Moon,+1-clean-0001793
review-clean4-clean-CAND-01794,review-clean4-clean.kathryn.hill.1794@example.com,Kathryn,Hill,+1-clean-0001794
review-clean4-clean-CAND-01795,review-clean4-clean.tamara.waller.1795@example.com,Tamara,Waller,+1-clean-0001795
review-clean4-clean-CAND-01796,review-clean4-clean.shawn.anderson.1796@example.com,Shawn,Anderson,+1-clean-0001796
review-clean4-clean-CAND-01797,review-clean4-clean.robert.graves.1797@example.com,Robert,Graves,+1-clean-0001797
review-clean4-clean-CAND-01798,review-clean4-clean.kaitlyn.evans.1798@example.com,Kaitlyn,Evans,+1-clean-0001798
review-clean4-clean-CAND-01799,review-clean4-clean.jacqueline.valencia.1799@example.com,Jacqueline,Valencia,+1-clean-0001799
review-clean4-clean-CAND-01800,review-clean4-clean.jennifer.walls.1800@example.com,Jennifer,Walls,+1-clean-0001800
review-clean4-clean-CAND-01801,review-clean4-clean.cynthia.harris.1801@example.com,Cynthia,Harris,+1-clean-0001801
review-clean4-clean-CAND-01802,review-clean4-clean.claudia.roberts.1802@example.com,Claudia,Roberts,+1-clean-0001802
review-clean4-clean-CAND-01803,review-clean4-clean.michael.chambers.1803@example.com,Michael,Chambers,+1-clean-0001803
review-clean4-clean-CAND-01804,review-clean4-clean.tina.santos.1804@example.com,Tina,Santos,+1-clean-0001804
review-clean4-clean-CAND-01805,review-clean4-clean.susan.gordon.1805@example.com,Susan,Gordon,+1-clean-0001805
review-clean4-clean-CAND-01806,review-clean4-clean.heather.morris.1806@example.com,Heather,Morris,+1-clean-0001806
review-clean4-clean-CAND-01807,review-clean4-clean.darrell.bell.1807@example.com,Darrell,Bell,+1-clean-0001807
review-clean4-clean-CAND-01808,review-clean4-clean.timothy.duncan.1808@example.com,Timothy,Duncan,+1-clean-0001808
review-clean4-clean-CAND-01809,review-clean4-clean.elizabeth.butler.1809@example.com,Elizabeth,Butler,+1-clean-0001809
review-clean4-clean-CAND-01810,review-clean4-clean.julie.skinner.1810@example.com,Julie,Skinner,+1-clean-0001810
review-clean4-clean-CAND-01811,review-clean4-clean.justin.boone.1811@example.com,Justin,Boone,+1-clean-0001811
review-clean4-clean-CAND-01812,review-clean4-clean.lindsey.mills.1812@example.com,Lindsey,Mills,+1-clean-0001812
review-clean4-clean-CAND-01813,review-clean4-clean.anthony.thomas.1813@example.com,Anthony,Thomas,+1-clean-0001813
review-clean4-clean-CAND-01814,review-clean4-clean.ellen.gonzalez.1814@example.com,Ellen,Gonzalez,+1-clean-0001814
review-clean4-clean-CAND-01815,review-clean4-clean.karen.martin.1815@example.com,Karen,Martin,+1-clean-0001815
review-clean4-clean-CAND-01816,review-clean4-clean.justin.king.1816@example.com,Justin,King,+1-clean-0001816
review-clean4-clean-CAND-01817,review-clean4-clean.mary.vaughn.1817@example.com,Mary,Vaughn,+1-clean-0001817
review-clean4-clean-CAND-01818,review-clean4-clean.kenneth.molina.1818@example.com,Kenneth,Molina,+1-clean-0001818
review-clean4-clean-CAND-01819,review-clean4-clean.antonio.cervantes.1819@example.com,Antonio,Cervantes,+1-clean-0001819
review-clean4-clean-CAND-01820,review-clean4-clean.curtis.parrish.1820@example.com,Curtis,Parrish,+1-clean-0001820
review-clean4-clean-CAND-01821,review-clean4-clean.jodi.hancock.1821@example.com,Jodi,Hancock,+1-clean-0001821
review-clean4-clean-CAND-01822,review-clean4-clean.julia.hoffman.1822@example.com,Julia,Hoffman,+1-clean-0001822
review-clean4-clean-CAND-01823,review-clean4-clean.john.mueller.1823@example.com,John,Mueller,+1-clean-0001823
review-clean4-clean-CAND-01824,review-clean4-clean.lauren.roberts.1824@example.com,Lauren,Roberts,+1-clean-0001824
review-clean4-clean-CAND-01825,review-clean4-clean.elizabeth.house.1825@example.com,Elizabeth,House,+1-clean-0001825
review-clean4-clean-CAND-01826,review-clean4-clean.paul.frye.1826@example.com,Paul,Frye,+1-clean-0001826
review-clean4-clean-CAND-01827,review-clean4-clean.theresa.edwards.1827@example.com,Theresa,Edwards,+1-clean-0001827
review-clean4-clean-CAND-01828,review-clean4-clean.andrea.smith.1828@example.com,Andrea,Smith,+1-clean-0001828
review-clean4-clean-CAND-01829,review-clean4-clean.john.oliver.1829@example.com,John,Oliver,+1-clean-0001829
review-clean4-clean-CAND-01830,review-clean4-clean.kimberly.berg.1830@example.com,Kimberly,Berg,+1-clean-0001830
review-clean4-clean-CAND-01831,review-clean4-clean.maria.pruitt.1831@example.com,Maria,Pruitt,+1-clean-0001831
review-clean4-clean-CAND-01832,review-clean4-clean.janet.holland.1832@example.com,Janet,Holland,+1-clean-0001832
review-clean4-clean-CAND-01833,review-clean4-clean.kari.payne.1833@example.com,Kari,Payne,+1-clean-0001833
review-clean4-clean-CAND-01834,review-clean4-clean.carrie.parsons.1834@example.com,Carrie,Parsons,+1-clean-0001834
review-clean4-clean-CAND-01835,review-clean4-clean.tamara.phillips.1835@example.com,Tamara,Phillips,+1-clean-0001835
review-clean4-clean-CAND-01836,review-clean4-clean.gregory.fleming.1836@example.com,Gregory,Fleming,+1-clean-0001836
review-clean4-clean-CAND-01837,review-clean4-clean.jacob.thompson.1837@example.com,Jacob,Thompson,+1-clean-0001837
review-clean4-clean-CAND-01838,review-clean4-clean.willie.bennett.1838@example.com,Willie,Bennett,+1-clean-0001838
review-clean4-clean-CAND-01839,review-clean4-clean.roy.hawkins.1839@example.com,Roy,Hawkins,+1-clean-0001839
review-clean4-clean-CAND-01840,review-clean4-clean.david.silva.1840@example.com,David,Silva,+1-clean-0001840
review-clean4-clean-CAND-01841,review-clean4-clean.jonathan.rivera.1841@example.com,Jonathan,Rivera,+1-clean-0001841
review-clean4-clean-CAND-01842,review-clean4-clean.jenna.moore.1842@example.com,Jenna,Moore,+1-clean-0001842
review-clean4-clean-CAND-01843,review-clean4-clean.eric.morris.1843@example.com,Eric,Morris,+1-clean-0001843
review-clean4-clean-CAND-01844,review-clean4-clean.brent.randolph.1844@example.com,Brent,Randolph,+1-clean-0001844
review-clean4-clean-CAND-01845,review-clean4-clean.christina.stanley.1845@example.com,Christina,Stanley,+1-clean-0001845
review-clean4-clean-CAND-01846,review-clean4-clean.tracy.armstrong.1846@example.com,Tracy,Armstrong,+1-clean-0001846
review-clean4-clean-CAND-01847,review-clean4-clean.michael.bowers.1847@example.com,Michael,Bowers,+1-clean-0001847
review-clean4-clean-CAND-01848,review-clean4-clean.louis.robinson.1848@example.com,Louis,Robinson,+1-clean-0001848
review-clean4-clean-CAND-01849,review-clean4-clean.ivan.jones.1849@example.com,Ivan,Jones,+1-clean-0001849
review-clean4-clean-CAND-01850,review-clean4-clean.william.perry.1850@example.com,William,Perry,+1-clean-0001850
review-clean4-clean-CAND-01851,review-clean4-clean.amanda.davis.1851@example.com,Amanda,Davis,+1-clean-0001851
review-clean4-clean-CAND-01852,review-clean4-clean.jeffrey.lewis.1852@example.com,Jeffrey,Lewis,+1-clean-0001852
review-clean4-clean-CAND-01853,review-clean4-clean.martin.ward.1853@example.com,Martin,Ward,+1-clean-0001853
review-clean4-clean-CAND-01854,review-clean4-clean.jeffery.goodwin.1854@example.com,Jeffery,Goodwin,+1-clean-0001854
review-clean4-clean-CAND-01855,review-clean4-clean.alyssa.barajas.1855@example.com,Alyssa,Barajas,+1-clean-0001855
review-clean4-clean-CAND-01856,review-clean4-clean.madison.zavala.1856@example.com,Madison,Zavala,+1-clean-0001856
review-clean4-clean-CAND-01857,review-clean4-clean.alan.caldwell.1857@example.com,Alan,Caldwell,+1-clean-0001857
review-clean4-clean-CAND-01858,review-clean4-clean.sean.conway.1858@example.com,Sean,Conway,+1-clean-0001858
review-clean4-clean-CAND-01859,review-clean4-clean.christina.oliver.1859@example.com,Christina,Oliver,+1-clean-0001859
review-clean4-clean-CAND-01860,review-clean4-clean.susan.fleming.1860@example.com,Susan,Fleming,+1-clean-0001860
review-clean4-clean-CAND-01861,review-clean4-clean.manuel.moon.1861@example.com,Manuel,Moon,+1-clean-0001861
review-clean4-clean-CAND-01862,review-clean4-clean.sierra.cruz.1862@example.com,Sierra,Cruz,+1-clean-0001862
review-clean4-clean-CAND-01863,review-clean4-clean.amber.campbell.1863@example.com,Amber,Campbell,+1-clean-0001863
review-clean4-clean-CAND-01864,review-clean4-clean.rhonda.short.1864@example.com,Rhonda,Short,+1-clean-0001864
review-clean4-clean-CAND-01865,review-clean4-clean.nicholas.lang.1865@example.com,Nicholas,Lang,+1-clean-0001865
review-clean4-clean-CAND-01866,review-clean4-clean.sean.williams.1866@example.com,Sean,Williams,+1-clean-0001866
review-clean4-clean-CAND-01867,review-clean4-clean.rachel.lee.1867@example.com,Rachel,Lee,+1-clean-0001867
review-clean4-clean-CAND-01868,review-clean4-clean.willie.vaughan.1868@example.com,Willie,Vaughan,+1-clean-0001868
review-clean4-clean-CAND-01869,review-clean4-clean.gary.huber.1869@example.com,Gary,Huber,+1-clean-0001869
review-clean4-clean-CAND-01870,review-clean4-clean.amanda.smith.1870@example.com,Amanda,Smith,+1-clean-0001870
review-clean4-clean-CAND-01871,review-clean4-clean.cameron.santiago.1871@example.com,Cameron,Santiago,+1-clean-0001871
review-clean4-clean-CAND-01872,review-clean4-clean.kim.hancock.1872@example.com,Kim,Hancock,+1-clean-0001872
review-clean4-clean-CAND-01873,review-clean4-clean.roger.garcia.1873@example.com,Roger,Garcia,+1-clean-0001873
review-clean4-clean-CAND-01874,review-clean4-clean.amanda.park.1874@example.com,Amanda,Park,+1-clean-0001874
review-clean4-clean-CAND-01875,review-clean4-clean.theresa.rowe.1875@example.com,Theresa,Rowe,+1-clean-0001875
review-clean4-clean-CAND-01876,review-clean4-clean.deborah.case.1876@example.com,Deborah,Case,+1-clean-0001876
review-clean4-clean-CAND-01877,review-clean4-clean.julie.hernandez.1877@example.com,Julie,Hernandez,+1-clean-0001877
review-clean4-clean-CAND-01878,review-clean4-clean.stephen.rivera.1878@example.com,Stephen,Rivera,+1-clean-0001878
review-clean4-clean-CAND-01879,review-clean4-clean.christopher.brown.1879@example.com,Christopher,Brown,+1-clean-0001879
review-clean4-clean-CAND-01880,review-clean4-clean.laura.grant.1880@example.com,Laura,Grant,+1-clean-0001880
review-clean4-clean-CAND-01881,review-clean4-clean.bailey.perez.1881@example.com,Bailey,Perez,+1-clean-0001881
review-clean4-clean-CAND-01882,review-clean4-clean.jonathan.hughes.1882@example.com,Jonathan,Hughes,+1-clean-0001882
review-clean4-clean-CAND-01883,review-clean4-clean.crystal.hamilton.1883@example.com,Crystal,Hamilton,+1-clean-0001883
review-clean4-clean-CAND-01884,review-clean4-clean.andre.nunez.1884@example.com,Andre,Nunez,+1-clean-0001884
review-clean4-clean-CAND-01885,review-clean4-clean.amanda.may.1885@example.com,Amanda,May,+1-clean-0001885
review-clean4-clean-CAND-01886,review-clean4-clean.christine.avila.1886@example.com,Christine,Avila,+1-clean-0001886
review-clean4-clean-CAND-01887,review-clean4-clean.brenda.haynes.1887@example.com,Brenda,Haynes,+1-clean-0001887
review-clean4-clean-CAND-01888,review-clean4-clean.charles.reilly.1888@example.com,Charles,Reilly,+1-clean-0001888
review-clean4-clean-CAND-01889,review-clean4-clean.daniel.buchanan.1889@example.com,Daniel,Buchanan,+1-clean-0001889
review-clean4-clean-CAND-01890,review-clean4-clean.kevin.miller.1890@example.com,Kevin,Miller,+1-clean-0001890
review-clean4-clean-CAND-01891,review-clean4-clean.kathy.kim.1891@example.com,Kathy,Kim,+1-clean-0001891
review-clean4-clean-CAND-01892,review-clean4-clean.randall.guerrero.1892@example.com,Randall,Guerrero,+1-clean-0001892
review-clean4-clean-CAND-01893,review-clean4-clean.thomas.ferguson.1893@example.com,Thomas,Ferguson,+1-clean-0001893
review-clean4-clean-CAND-01894,review-clean4-clean.derek.myers.1894@example.com,Derek,Myers,+1-clean-0001894
review-clean4-clean-CAND-01895,review-clean4-clean.lauren.gardner.1895@example.com,Lauren,Gardner,+1-clean-0001895
review-clean4-clean-CAND-01896,review-clean4-clean.susan.thomas.1896@example.com,Susan,Thomas,+1-clean-0001896
review-clean4-clean-CAND-01897,review-clean4-clean.erica.sloan.1897@example.com,Erica,Sloan,+1-clean-0001897
review-clean4-clean-CAND-01898,review-clean4-clean.laura.daniel.1898@example.com,Laura,Daniel,+1-clean-0001898
review-clean4-clean-CAND-01899,review-clean4-clean.nathan.herring.1899@example.com,Nathan,Herring,+1-clean-0001899
review-clean4-clean-CAND-01900,review-clean4-clean.angela.peters.1900@example.com,Angela,Peters,+1-clean-0001900
review-clean4-clean-CAND-01901,review-clean4-clean.david.smith.1901@example.com,David,Smith,+1-clean-0001901
review-clean4-clean-CAND-01902,review-clean4-clean.candice.medina.1902@example.com,Candice,Medina,+1-clean-0001902
review-clean4-clean-CAND-01903,review-clean4-clean.stacey.torres.1903@example.com,Stacey,Torres,+1-clean-0001903
review-clean4-clean-CAND-01904,review-clean4-clean.kaitlin.berger.1904@example.com,Kaitlin,Berger,+1-clean-0001904
review-clean4-clean-CAND-01905,review-clean4-clean.maurice.gutierrez.1905@example.com,Maurice,Gutierrez,+1-clean-0001905
review-clean4-clean-CAND-01906,review-clean4-clean.debbie.hunt.1906@example.com,Debbie,Hunt,+1-clean-0001906
review-clean4-clean-CAND-01907,review-clean4-clean.eugene.walker.1907@example.com,Eugene,Walker,+1-clean-0001907
review-clean4-clean-CAND-01908,review-clean4-clean.mary.lee.1908@example.com,Mary,Lee,+1-clean-0001908
review-clean4-clean-CAND-01909,review-clean4-clean.howard.marsh.1909@example.com,Howard,Marsh,+1-clean-0001909
review-clean4-clean-CAND-01910,review-clean4-clean.melissa.york.1910@example.com,Melissa,York,+1-clean-0001910
review-clean4-clean-CAND-01911,review-clean4-clean.sarah.gamble.1911@example.com,Sarah,Gamble,+1-clean-0001911
review-clean4-clean-CAND-01912,review-clean4-clean.steven.dunn.1912@example.com,Steven,Dunn,+1-clean-0001912
review-clean4-clean-CAND-01913,review-clean4-clean.kelly.jones.1913@example.com,Kelly,Jones,+1-clean-0001913
review-clean4-clean-CAND-01914,review-clean4-clean.corey.swanson.1914@example.com,Corey,Swanson,+1-clean-0001914
review-clean4-clean-CAND-01915,review-clean4-clean.tony.rivera.1915@example.com,Tony,Rivera,+1-clean-0001915
review-clean4-clean-CAND-01916,review-clean4-clean.david.rios.1916@example.com,David,Rios,+1-clean-0001916
review-clean4-clean-CAND-01917,review-clean4-clean.craig.harvey.1917@example.com,Craig,Harvey,+1-clean-0001917
review-clean4-clean-CAND-01918,review-clean4-clean.rachel.stewart.1918@example.com,Rachel,Stewart,+1-clean-0001918
review-clean4-clean-CAND-01919,review-clean4-clean.shannon.jensen.1919@example.com,Shannon,Jensen,+1-clean-0001919
review-clean4-clean-CAND-01920,review-clean4-clean.kevin.silva.1920@example.com,Kevin,Silva,+1-clean-0001920
review-clean4-clean-CAND-01921,review-clean4-clean.ariana.diaz.1921@example.com,Ariana,Diaz,+1-clean-0001921
review-clean4-clean-CAND-01922,review-clean4-clean.leslie.patterson.1922@example.com,Leslie,Patterson,+1-clean-0001922
review-clean4-clean-CAND-01923,review-clean4-clean.adam.sanchez.1923@example.com,Adam,Sanchez,+1-clean-0001923
review-clean4-clean-CAND-01924,review-clean4-clean.jeffrey.singh.1924@example.com,Jeffrey,Singh,+1-clean-0001924
review-clean4-clean-CAND-01925,review-clean4-clean.ryan.larsen.1925@example.com,Ryan,Larsen,+1-clean-0001925
review-clean4-clean-CAND-01926,review-clean4-clean.dennis.quinn.1926@example.com,Dennis,Quinn,+1-clean-0001926
review-clean4-clean-CAND-01927,review-clean4-clean.natalie.ford.1927@example.com,Natalie,Ford,+1-clean-0001927
review-clean4-clean-CAND-01928,review-clean4-clean.michael.torres.1928@example.com,Michael,Torres,+1-clean-0001928
review-clean4-clean-CAND-01929,review-clean4-clean.andrea.thompson.1929@example.com,Andrea,Thompson,+1-clean-0001929
review-clean4-clean-CAND-01930,review-clean4-clean.catherine.wilkinson.1930@example.com,Catherine,Wilkinson,+1-clean-0001930
review-clean4-clean-CAND-01931,review-clean4-clean.michele.taylor.1931@example.com,Michele,Taylor,+1-clean-0001931
review-clean4-clean-CAND-01932,review-clean4-clean.amanda.baker.1932@example.com,Amanda,Baker,+1-clean-0001932
review-clean4-clean-CAND-01933,review-clean4-clean.olivia.jones.1933@example.com,Olivia,Jones,+1-clean-0001933
review-clean4-clean-CAND-01934,review-clean4-clean.charles.smith.1934@example.com,Charles,Smith,+1-clean-0001934
review-clean4-clean-CAND-01935,review-clean4-clean.william.johnson.1935@example.com,William,Johnson,+1-clean-0001935
review-clean4-clean-CAND-01936,review-clean4-clean.bonnie.sullivan.1936@example.com,Bonnie,Sullivan,+1-clean-0001936
review-clean4-clean-CAND-01937,review-clean4-clean.brittany.escobar.1937@example.com,Brittany,Escobar,+1-clean-0001937
review-clean4-clean-CAND-01938,review-clean4-clean.andrea.stephens.1938@example.com,Andrea,Stephens,+1-clean-0001938
review-clean4-clean-CAND-01939,review-clean4-clean.yolanda.kennedy.1939@example.com,Yolanda,Kennedy,+1-clean-0001939
review-clean4-clean-CAND-01940,review-clean4-clean.kimberly.diaz.1940@example.com,Kimberly,Diaz,+1-clean-0001940
review-clean4-clean-CAND-01941,review-clean4-clean.jeffrey.barton.1941@example.com,Jeffrey,Barton,+1-clean-0001941
review-clean4-clean-CAND-01942,review-clean4-clean.jessica.carter.1942@example.com,Jessica,Carter,+1-clean-0001942
review-clean4-clean-CAND-01943,review-clean4-clean.steven.dixon.1943@example.com,Steven,Dixon,+1-clean-0001943
review-clean4-clean-CAND-01944,review-clean4-clean.randy.shaw.1944@example.com,Randy,Shaw,+1-clean-0001944
review-clean4-clean-CAND-01945,review-clean4-clean.elaine.charles.1945@example.com,Elaine,Charles,+1-clean-0001945
review-clean4-clean-CAND-01946,review-clean4-clean.lindsay.mendez.1946@example.com,Lindsay,Mendez,+1-clean-0001946
review-clean4-clean-CAND-01947,review-clean4-clean.gabriel.palmer.1947@example.com,Gabriel,Palmer,+1-clean-0001947
review-clean4-clean-CAND-01948,review-clean4-clean.sean.white.1948@example.com,Sean,White,+1-clean-0001948
review-clean4-clean-CAND-01949,review-clean4-clean.stacy.hopkins.1949@example.com,Stacy,Hopkins,+1-clean-0001949
review-clean4-clean-CAND-01950,review-clean4-clean.tammy.fitzgerald.1950@example.com,Tammy,Fitzgerald,+1-clean-0001950
review-clean4-clean-CAND-01951,review-clean4-clean.timothy.howard.1951@example.com,Timothy,Howard,+1-clean-0001951
review-clean4-clean-CAND-01952,review-clean4-clean.jeffery.freeman.1952@example.com,Jeffery,Freeman,+1-clean-0001952
review-clean4-clean-CAND-01953,review-clean4-clean.bryan.wood.1953@example.com,Bryan,Wood,+1-clean-0001953
review-clean4-clean-CAND-01954,review-clean4-clean.brad.clark.1954@example.com,Brad,Clark,+1-clean-0001954
review-clean4-clean-CAND-01955,review-clean4-clean.rebecca.ward.1955@example.com,Rebecca,Ward,+1-clean-0001955
review-clean4-clean-CAND-01956,review-clean4-clean.terry.gibson.1956@example.com,Terry,Gibson,+1-clean-0001956
review-clean4-clean-CAND-01957,review-clean4-clean.brandon.hooper.1957@example.com,Brandon,Hooper,+1-clean-0001957
review-clean4-clean-CAND-01958,review-clean4-clean.mario.padilla.1958@example.com,Mario,Padilla,+1-clean-0001958
review-clean4-clean-CAND-01959,review-clean4-clean.adrienne.gallegos.1959@example.com,Adrienne,Gallegos,+1-clean-0001959
review-clean4-clean-CAND-01960,review-clean4-clean.mary.baker.1960@example.com,Mary,Baker,+1-clean-0001960
review-clean4-clean-CAND-01961,review-clean4-clean.amy.thompson.1961@example.com,Amy,Thompson,+1-clean-0001961
review-clean4-clean-CAND-01962,review-clean4-clean.desiree.diaz.1962@example.com,Desiree,Diaz,+1-clean-0001962
review-clean4-clean-CAND-01963,review-clean4-clean.denise.houston.1963@example.com,Denise,Houston,+1-clean-0001963
review-clean4-clean-CAND-01964,review-clean4-clean.zachary.bennett.1964@example.com,Zachary,Bennett,+1-clean-0001964
review-clean4-clean-CAND-01965,review-clean4-clean.rebecca.black.1965@example.com,Rebecca,Black,+1-clean-0001965
review-clean4-clean-CAND-01966,review-clean4-clean.michael.parrish.1966@example.com,Michael,Parrish,+1-clean-0001966
review-clean4-clean-CAND-01967,review-clean4-clean.tommy.olson.1967@example.com,Tommy,Olson,+1-clean-0001967
review-clean4-clean-CAND-01968,review-clean4-clean.cassandra.shaw.1968@example.com,Cassandra,Shaw,+1-clean-0001968
review-clean4-clean-CAND-01969,review-clean4-clean.don.martin.1969@example.com,Don,Martin,+1-clean-0001969
review-clean4-clean-CAND-01970,review-clean4-clean.chris.schneider.1970@example.com,Chris,Schneider,+1-clean-0001970
review-clean4-clean-CAND-01971,review-clean4-clean.jason.lopez.1971@example.com,Jason,Lopez,+1-clean-0001971
review-clean4-clean-CAND-01972,review-clean4-clean.michael.love.1972@example.com,Michael,Love,+1-clean-0001972
review-clean4-clean-CAND-01973,review-clean4-clean.david.hall.1973@example.com,David,Hall,+1-clean-0001973
review-clean4-clean-CAND-01974,review-clean4-clean.lisa.cortez.1974@example.com,Lisa,Cortez,+1-clean-0001974
review-clean4-clean-CAND-01975,review-clean4-clean.timothy.mendoza.1975@example.com,Timothy,Mendoza,+1-clean-0001975
review-clean4-clean-CAND-01976,review-clean4-clean.jason.martin.1976@example.com,Jason,Martin,+1-clean-0001976
review-clean4-clean-CAND-01977,review-clean4-clean.martha.johnson.1977@example.com,Martha,Johnson,+1-clean-0001977
review-clean4-clean-CAND-01978,review-clean4-clean.bradley.berry.1978@example.com,Bradley,Berry,+1-clean-0001978
review-clean4-clean-CAND-01979,review-clean4-clean.evan.soto.1979@example.com,Evan,Soto,+1-clean-0001979
review-clean4-clean-CAND-01980,review-clean4-clean.benjamin.armstrong.1980@example.com,Benjamin,Armstrong,+1-clean-0001980
review-clean4-clean-CAND-01981,review-clean4-clean.brian.scott.1981@example.com,Brian,Scott,+1-clean-0001981
review-clean4-clean-CAND-01982,review-clean4-clean.hector.mullen.1982@example.com,Hector,Mullen,+1-clean-0001982
review-clean4-clean-CAND-01983,review-clean4-clean.carol.elliott.1983@example.com,Carol,Elliott,+1-clean-0001983
review-clean4-clean-CAND-01984,review-clean4-clean.andrew.ball.1984@example.com,Andrew,Ball,+1-clean-0001984
review-clean4-clean-CAND-01985,review-clean4-clean.dorothy.campbell.1985@example.com,Dorothy,Campbell,+1-clean-0001985
review-clean4-clean-CAND-01986,review-clean4-clean.christopher.cole.1986@example.com,Christopher,Cole,+1-clean-0001986
review-clean4-clean-CAND-01987,review-clean4-clean.victoria.dillon.1987@example.com,Victoria,Dillon,+1-clean-0001987
review-clean4-clean-CAND-01988,review-clean4-clean.george.greer.1988@example.com,George,Greer,+1-clean-0001988
review-clean4-clean-CAND-01989,review-clean4-clean.carolyn.norton.1989@example.com,Carolyn,Norton,+1-clean-0001989
review-clean4-clean-CAND-01990,review-clean4-clean.lori.white.1990@example.com,Lori,White,+1-clean-0001990
review-clean4-clean-CAND-01991,review-clean4-clean.donna.baker.1991@example.com,Donna,Baker,+1-clean-0001991
review-clean4-clean-CAND-01992,review-clean4-clean.jennifer.cooper.1992@example.com,Jennifer,Cooper,+1-clean-0001992
review-clean4-clean-CAND-01993,review-clean4-clean.shawn.garza.1993@example.com,Shawn,Garza,+1-clean-0001993
review-clean4-clean-CAND-01994,review-clean4-clean.jerry.cruz.1994@example.com,Jerry,Cruz,+1-clean-0001994
review-clean4-clean-CAND-01995,review-clean4-clean.daniel.harris.1995@example.com,Daniel,Harris,+1-clean-0001995
review-clean4-clean-CAND-01996,review-clean4-clean.michele.gordon.1996@example.com,Michele,Gordon,+1-clean-0001996
review-clean4-clean-CAND-01997,review-clean4-clean.robert.hernandez.1997@example.com,Robert,Hernandez,+1-clean-0001997
review-clean4-clean-CAND-01998,review-clean4-clean.cole.alvarez.1998@example.com,Cole,Alvarez,+1-clean-0001998
review-clean4-clean-CAND-01999,review-clean4-clean.christina.williams.1999@example.com,Christina,Williams,+1-clean-0001999
review-clean4-clean-CAND-02000,review-clean4-clean.kristen.gordon.2000@example.com,Kristen,Gordon,+1-clean-0002000
review-clean4-clean-CAND-02001,review-clean4-clean.david.olson.2001@example.com,David,Olson,+1-clean-0002001
review-clean4-clean-CAND-02002,review-clean4-clean.david.munoz.2002@example.com,David,Munoz,+1-clean-0002002
review-clean4-clean-CAND-02003,review-clean4-clean.maria.prince.2003@example.com,Maria,Prince,+1-clean-0002003
review-clean4-clean-CAND-02004,review-clean4-clean.kimberly.banks.2004@example.com,Kimberly,Banks,+1-clean-0002004
review-clean4-clean-CAND-02005,review-clean4-clean.alexa.wood.2005@example.com,Alexa,Wood,+1-clean-0002005
review-clean4-clean-CAND-02006,review-clean4-clean.bradley.moreno.2006@example.com,Bradley,Moreno,+1-clean-0002006
review-clean4-clean-CAND-02007,review-clean4-clean.jerome.lang.2007@example.com,Jerome,Lang,+1-clean-0002007
review-clean4-clean-CAND-02008,review-clean4-clean.kristine.james.2008@example.com,Kristine,James,+1-clean-0002008
review-clean4-clean-CAND-02009,review-clean4-clean.brianna.figueroa.2009@example.com,Brianna,Figueroa,+1-clean-0002009
review-clean4-clean-CAND-02010,review-clean4-clean.kathleen.horton.2010@example.com,Kathleen,Horton,+1-clean-0002010
review-clean4-clean-CAND-02011,review-clean4-clean.connor.anderson.2011@example.com,Connor,Anderson,+1-clean-0002011
review-clean4-clean-CAND-02012,review-clean4-clean.thomas.hall.2012@example.com,Thomas,Hall,+1-clean-0002012
review-clean4-clean-CAND-02013,review-clean4-clean.michele.campbell.2013@example.com,Michele,Campbell,+1-clean-0002013
review-clean4-clean-CAND-02014,review-clean4-clean.nancy.ortiz.2014@example.com,Nancy,Ortiz,+1-clean-0002014
review-clean4-clean-CAND-02015,review-clean4-clean.jacob.fletcher.2015@example.com,Jacob,Fletcher,+1-clean-0002015
review-clean4-clean-CAND-02016,review-clean4-clean.kristine.lane.2016@example.com,Kristine,Lane,+1-clean-0002016
review-clean4-clean-CAND-02017,review-clean4-clean.david.smith.2017@example.com,David,Smith,+1-clean-0002017
review-clean4-clean-CAND-02018,review-clean4-clean.diamond.watts.2018@example.com,Diamond,Watts,+1-clean-0002018
review-clean4-clean-CAND-02019,review-clean4-clean.leslie.cox.2019@example.com,Leslie,Cox,+1-clean-0002019
review-clean4-clean-CAND-02020,review-clean4-clean.eric.pearson.2020@example.com,Eric,Pearson,+1-clean-0002020
review-clean4-clean-CAND-02021,review-clean4-clean.jon.wyatt.2021@example.com,Jon,Wyatt,+1-clean-0002021
review-clean4-clean-CAND-02022,review-clean4-clean.rodney.diaz.2022@example.com,Rodney,Diaz,+1-clean-0002022
review-clean4-clean-CAND-02023,review-clean4-clean.joshua.becker.2023@example.com,Joshua,Becker,+1-clean-0002023
review-clean4-clean-CAND-02024,review-clean4-clean.kari.gutierrez.2024@example.com,Kari,Gutierrez,+1-clean-0002024
review-clean4-clean-CAND-02025,review-clean4-clean.kristen.olson.2025@example.com,Kristen,Olson,+1-clean-0002025
review-clean4-clean-CAND-02026,review-clean4-clean.mitchell.peters.2026@example.com,Mitchell,Peters,+1-clean-0002026
review-clean4-clean-CAND-02027,review-clean4-clean.jon.parker.2027@example.com,Jon,Parker,+1-clean-0002027
review-clean4-clean-CAND-02028,review-clean4-clean.maxwell.thornton.2028@example.com,Maxwell,Thornton,+1-clean-0002028
review-clean4-clean-CAND-02029,review-clean4-clean.jill.wyatt.2029@example.com,Jill,Wyatt,+1-clean-0002029
review-clean4-clean-CAND-02030,review-clean4-clean.donna.adkins.2030@example.com,Donna,Adkins,+1-clean-0002030
review-clean4-clean-CAND-02031,review-clean4-clean.sean.lyons.2031@example.com,Sean,Lyons,+1-clean-0002031
review-clean4-clean-CAND-02032,review-clean4-clean.evan.lewis.2032@example.com,Evan,Lewis,+1-clean-0002032
review-clean4-clean-CAND-02033,review-clean4-clean.richard.morgan.2033@example.com,Richard,Morgan,+1-clean-0002033
review-clean4-clean-CAND-02034,review-clean4-clean.andrea.terry.2034@example.com,Andrea,Terry,+1-clean-0002034
review-clean4-clean-CAND-02035,review-clean4-clean.jasmine.martin.2035@example.com,Jasmine,Martin,+1-clean-0002035
review-clean4-clean-CAND-02036,review-clean4-clean.tamara.smith.2036@example.com,Tamara,Smith,+1-clean-0002036
review-clean4-clean-CAND-02037,review-clean4-clean.christopher.thomas.2037@example.com,Christopher,Thomas,+1-clean-0002037
review-clean4-clean-CAND-02038,review-clean4-clean.sara.graham.2038@example.com,Sara,Graham,+1-clean-0002038
review-clean4-clean-CAND-02039,review-clean4-clean.caleb.walker.2039@example.com,Caleb,Walker,+1-clean-0002039
review-clean4-clean-CAND-02040,review-clean4-clean.christopher.johnson.2040@example.com,Christopher,Johnson,+1-clean-0002040
review-clean4-clean-CAND-02041,review-clean4-clean.patrick.joyce.2041@example.com,Patrick,Joyce,+1-clean-0002041
review-clean4-clean-CAND-02042,review-clean4-clean.christina.meyer.2042@example.com,Christina,Meyer,+1-clean-0002042
review-clean4-clean-CAND-02043,review-clean4-clean.jennifer.harper.2043@example.com,Jennifer,Harper,+1-clean-0002043
review-clean4-clean-CAND-02044,review-clean4-clean.sonya.wilkins.2044@example.com,Sonya,Wilkins,+1-clean-0002044
review-clean4-clean-CAND-02045,review-clean4-clean.danielle.gonzales.2045@example.com,Danielle,Gonzales,+1-clean-0002045
review-clean4-clean-CAND-02046,review-clean4-clean.james.sandoval.2046@example.com,James,Sandoval,+1-clean-0002046
review-clean4-clean-CAND-02047,review-clean4-clean.linda.mitchell.2047@example.com,Linda,Mitchell,+1-clean-0002047
review-clean4-clean-CAND-02048,review-clean4-clean.arthur.greene.2048@example.com,Arthur,Greene,+1-clean-0002048
review-clean4-clean-CAND-02049,review-clean4-clean.zachary.hall.2049@example.com,Zachary,Hall,+1-clean-0002049
review-clean4-clean-CAND-02050,review-clean4-clean.gavin.johnson.2050@example.com,Gavin,Johnson,+1-clean-0002050
review-clean4-clean-CAND-02051,review-clean4-clean.john.smith.2051@example.com,John,Smith,+1-clean-0002051
review-clean4-clean-CAND-02052,review-clean4-clean.eric.shea.2052@example.com,Eric,Shea,+1-clean-0002052
review-clean4-clean-CAND-02053,review-clean4-clean.kimberly.gomez.2053@example.com,Kimberly,Gomez,+1-clean-0002053
review-clean4-clean-CAND-02054,review-clean4-clean.randall.willis.2054@example.com,Randall,Willis,+1-clean-0002054
review-clean4-clean-CAND-02055,review-clean4-clean.april.mclaughlin.2055@example.com,April,Mclaughlin,+1-clean-0002055
review-clean4-clean-CAND-02056,review-clean4-clean.casey.davis.2056@example.com,Casey,Davis,+1-clean-0002056
review-clean4-clean-CAND-02057,review-clean4-clean.justin.gallegos.2057@example.com,Justin,Gallegos,+1-clean-0002057
review-clean4-clean-CAND-02058,review-clean4-clean.robyn.bailey.2058@example.com,Robyn,Bailey,+1-clean-0002058
review-clean4-clean-CAND-02059,review-clean4-clean.sylvia.hill.2059@example.com,Sylvia,Hill,+1-clean-0002059
review-clean4-clean-CAND-02060,review-clean4-clean.catherine.lee.2060@example.com,Catherine,Lee,+1-clean-0002060
review-clean4-clean-CAND-02061,review-clean4-clean.sarah.andrews.2061@example.com,Sarah,Andrews,+1-clean-0002061
review-clean4-clean-CAND-02062,review-clean4-clean.jose.russell.2062@example.com,Jose,Russell,+1-clean-0002062
review-clean4-clean-CAND-02063,review-clean4-clean.daniel.jones.2063@example.com,Daniel,Jones,+1-clean-0002063
review-clean4-clean-CAND-02064,review-clean4-clean.kelly.arroyo.2064@example.com,Kelly,Arroyo,+1-clean-0002064
review-clean4-clean-CAND-02065,review-clean4-clean.leah.frye.2065@example.com,Leah,Frye,+1-clean-0002065
review-clean4-clean-CAND-02066,review-clean4-clean.nancy.li.2066@example.com,Nancy,Li,+1-clean-0002066
review-clean4-clean-CAND-02067,review-clean4-clean.bailey.benson.2067@example.com,Bailey,Benson,+1-clean-0002067
review-clean4-clean-CAND-02068,review-clean4-clean.tammy.hart.2068@example.com,Tammy,Hart,+1-clean-0002068
review-clean4-clean-CAND-02069,review-clean4-clean.kayla.todd.2069@example.com,Kayla,Todd,+1-clean-0002069
review-clean4-clean-CAND-02070,review-clean4-clean.susan.ellis.2070@example.com,Susan,Ellis,+1-clean-0002070
review-clean4-clean-CAND-02071,review-clean4-clean.steven.matthews.2071@example.com,Steven,Matthews,+1-clean-0002071
review-clean4-clean-CAND-02072,review-clean4-clean.anthony.wilson.2072@example.com,Anthony,Wilson,+1-clean-0002072
review-clean4-clean-CAND-02073,review-clean4-clean.carlos.schultz.2073@example.com,Carlos,Schultz,+1-clean-0002073
review-clean4-clean-CAND-02074,review-clean4-clean.virginia.rhodes.2074@example.com,Virginia,Rhodes,+1-clean-0002074
review-clean4-clean-CAND-02075,review-clean4-clean.jerry.stewart.2075@example.com,Jerry,Stewart,+1-clean-0002075
review-clean4-clean-CAND-02076,review-clean4-clean.stephanie.black.2076@example.com,Stephanie,Black,+1-clean-0002076
review-clean4-clean-CAND-02077,review-clean4-clean.alec.collier.2077@example.com,Alec,Collier,+1-clean-0002077
review-clean4-clean-CAND-02078,review-clean4-clean.john.davis.2078@example.com,John,Davis,+1-clean-0002078
review-clean4-clean-CAND-02079,review-clean4-clean.emily.nicholson.2079@example.com,Emily,Nicholson,+1-clean-0002079
review-clean4-clean-CAND-02080,review-clean4-clean.charles.velazquez.2080@example.com,Charles,Velazquez,+1-clean-0002080
review-clean4-clean-CAND-02081,review-clean4-clean.thomas.gomez.2081@example.com,Thomas,Gomez,+1-clean-0002081
review-clean4-clean-CAND-02082,review-clean4-clean.patricia.adams.2082@example.com,Patricia,Adams,+1-clean-0002082
review-clean4-clean-CAND-02083,review-clean4-clean.stacey.vega.2083@example.com,Stacey,Vega,+1-clean-0002083
review-clean4-clean-CAND-02084,review-clean4-clean.renee.porter.2084@example.com,Renee,Porter,+1-clean-0002084
review-clean4-clean-CAND-02085,review-clean4-clean.james.moss.2085@example.com,James,Moss,+1-clean-0002085
review-clean4-clean-CAND-02086,review-clean4-clean.monique.clark.2086@example.com,Monique,Clark,+1-clean-0002086
review-clean4-clean-CAND-02087,review-clean4-clean.james.wright.2087@example.com,James,Wright,+1-clean-0002087
review-clean4-clean-CAND-02088,review-clean4-clean.christine.moore.2088@example.com,Christine,Moore,+1-clean-0002088
review-clean4-clean-CAND-02089,review-clean4-clean.daniel.mora.2089@example.com,Daniel,Mora,+1-clean-0002089
review-clean4-clean-CAND-02090,review-clean4-clean.emma.alvarado.2090@example.com,Emma,Alvarado,+1-clean-0002090
review-clean4-clean-CAND-02091,review-clean4-clean.christina.duran.2091@example.com,Christina,Duran,+1-clean-0002091
review-clean4-clean-CAND-02092,review-clean4-clean.amber.williams.2092@example.com,Amber,Williams,+1-clean-0002092
review-clean4-clean-CAND-02093,review-clean4-clean.timothy.oliver.2093@example.com,Timothy,Oliver,+1-clean-0002093
review-clean4-clean-CAND-02094,review-clean4-clean.travis.galloway.2094@example.com,Travis,Galloway,+1-clean-0002094
review-clean4-clean-CAND-02095,review-clean4-clean.penny.melton.2095@example.com,Penny,Melton,+1-clean-0002095
review-clean4-clean-CAND-02096,review-clean4-clean.travis.joyce.2096@example.com,Travis,Joyce,+1-clean-0002096
review-clean4-clean-CAND-02097,review-clean4-clean.sabrina.ramirez.2097@example.com,Sabrina,Ramirez,+1-clean-0002097
review-clean4-clean-CAND-02098,review-clean4-clean.jeffrey.ray.2098@example.com,Jeffrey,Ray,+1-clean-0002098
review-clean4-clean-CAND-02099,review-clean4-clean.brian.lloyd.2099@example.com,Brian,Lloyd,+1-clean-0002099
review-clean4-clean-CAND-02100,review-clean4-clean.timothy.fernandez.2100@example.com,Timothy,Fernandez,+1-clean-0002100
review-clean4-clean-CAND-02101,review-clean4-clean.wayne.long.2101@example.com,Wayne,Long,+1-clean-0002101
review-clean4-clean-CAND-02102,review-clean4-clean.gina.thompson.2102@example.com,Gina,Thompson,+1-clean-0002102
review-clean4-clean-CAND-02103,review-clean4-clean.tiffany.wolfe.2103@example.com,Tiffany,Wolfe,+1-clean-0002103
review-clean4-clean-CAND-02104,review-clean4-clean.steve.norris.2104@example.com,Steve,Norris,+1-clean-0002104
review-clean4-clean-CAND-02105,review-clean4-clean.alexander.clark.2105@example.com,Alexander,Clark,+1-clean-0002105
review-clean4-clean-CAND-02106,review-clean4-clean.bianca.nguyen.2106@example.com,Bianca,Nguyen,+1-clean-0002106
review-clean4-clean-CAND-02107,review-clean4-clean.chloe.green.2107@example.com,Chloe,Green,+1-clean-0002107
review-clean4-clean-CAND-02108,review-clean4-clean.amy.young.2108@example.com,Amy,Young,+1-clean-0002108
review-clean4-clean-CAND-02109,review-clean4-clean.thomas.austin.2109@example.com,Thomas,Austin,+1-clean-0002109
review-clean4-clean-CAND-02110,review-clean4-clean.michael.jimenez.2110@example.com,Michael,Jimenez,+1-clean-0002110
review-clean4-clean-CAND-02111,review-clean4-clean.jason.haynes.2111@example.com,Jason,Haynes,+1-clean-0002111
review-clean4-clean-CAND-02112,review-clean4-clean.nathan.dickerson.2112@example.com,Nathan,Dickerson,+1-clean-0002112
review-clean4-clean-CAND-02113,review-clean4-clean.joshua.white.2113@example.com,Joshua,White,+1-clean-0002113
review-clean4-clean-CAND-02114,review-clean4-clean.david.johnston.2114@example.com,David,Johnston,+1-clean-0002114
review-clean4-clean-CAND-02115,review-clean4-clean.jeremy.garcia.2115@example.com,Jeremy,Garcia,+1-clean-0002115
review-clean4-clean-CAND-02116,review-clean4-clean.joseph.young.2116@example.com,Joseph,Young,+1-clean-0002116
review-clean4-clean-CAND-02117,review-clean4-clean.ryan.james.2117@example.com,Ryan,James,+1-clean-0002117
review-clean4-clean-CAND-02118,review-clean4-clean.dustin.haley.2118@example.com,Dustin,Haley,+1-clean-0002118
review-clean4-clean-CAND-02119,review-clean4-clean.edward.shaffer.2119@example.com,Edward,Shaffer,+1-clean-0002119
review-clean4-clean-CAND-02120,review-clean4-clean.gregory.porter.2120@example.com,Gregory,Porter,+1-clean-0002120
review-clean4-clean-CAND-02121,review-clean4-clean.wendy.atkinson.2121@example.com,Wendy,Atkinson,+1-clean-0002121
review-clean4-clean-CAND-02122,review-clean4-clean.zachary.le.2122@example.com,Zachary,Le,+1-clean-0002122
review-clean4-clean-CAND-02123,review-clean4-clean.kristen.evans.2123@example.com,Kristen,Evans,+1-clean-0002123
review-clean4-clean-CAND-02124,review-clean4-clean.anna.bradley.2124@example.com,Anna,Bradley,+1-clean-0002124
review-clean4-clean-CAND-02125,review-clean4-clean.raymond.vaughn.2125@example.com,Raymond,Vaughn,+1-clean-0002125
review-clean4-clean-CAND-02126,review-clean4-clean.brian.cervantes.2126@example.com,Brian,Cervantes,+1-clean-0002126
review-clean4-clean-CAND-02127,review-clean4-clean.thomas.soto.2127@example.com,Thomas,Soto,+1-clean-0002127
review-clean4-clean-CAND-02128,review-clean4-clean.shannon.cook.2128@example.com,Shannon,Cook,+1-clean-0002128
review-clean4-clean-CAND-02129,review-clean4-clean.michael.castro.2129@example.com,Michael,Castro,+1-clean-0002129
review-clean4-clean-CAND-02130,review-clean4-clean.sarah.scott.2130@example.com,Sarah,Scott,+1-clean-0002130
review-clean4-clean-CAND-02131,review-clean4-clean.andrew.martinez.2131@example.com,Andrew,Martinez,+1-clean-0002131
review-clean4-clean-CAND-02132,review-clean4-clean.michelle.mccarty.2132@example.com,Michelle,Mccarty,+1-clean-0002132
review-clean4-clean-CAND-02133,review-clean4-clean.james.johnston.2133@example.com,James,Johnston,+1-clean-0002133
review-clean4-clean-CAND-02134,review-clean4-clean.debra.thompson.2134@example.com,Debra,Thompson,+1-clean-0002134
review-clean4-clean-CAND-02135,review-clean4-clean.kimberly.kelly.2135@example.com,Kimberly,Kelly,+1-clean-0002135
review-clean4-clean-CAND-02136,review-clean4-clean.emily.freeman.2136@example.com,Emily,Freeman,+1-clean-0002136
review-clean4-clean-CAND-02137,review-clean4-clean.jill.preston.2137@example.com,Jill,Preston,+1-clean-0002137
review-clean4-clean-CAND-02138,review-clean4-clean.patrick.mitchell.2138@example.com,Patrick,Mitchell,+1-clean-0002138
review-clean4-clean-CAND-02139,review-clean4-clean.crystal.thomas.2139@example.com,Crystal,Thomas,+1-clean-0002139
review-clean4-clean-CAND-02140,review-clean4-clean.gary.morton.2140@example.com,Gary,Morton,+1-clean-0002140
review-clean4-clean-CAND-02141,review-clean4-clean.matthew.welch.2141@example.com,Matthew,Welch,+1-clean-0002141
review-clean4-clean-CAND-02142,review-clean4-clean.ashley.sweeney.2142@example.com,Ashley,Sweeney,+1-clean-0002142
review-clean4-clean-CAND-02143,review-clean4-clean.charles.martin.2143@example.com,Charles,Martin,+1-clean-0002143
review-clean4-clean-CAND-02144,review-clean4-clean.jeremy.stewart.2144@example.com,Jeremy,Stewart,+1-clean-0002144
review-clean4-clean-CAND-02145,review-clean4-clean.kelly.adams.2145@example.com,Kelly,Adams,+1-clean-0002145
review-clean4-clean-CAND-02146,review-clean4-clean.deanna.nelson.2146@example.com,Deanna,Nelson,+1-clean-0002146
review-clean4-clean-CAND-02147,review-clean4-clean.sean.roy.2147@example.com,Sean,Roy,+1-clean-0002147
review-clean4-clean-CAND-02148,review-clean4-clean.michael.matthews.2148@example.com,Michael,Matthews,+1-clean-0002148
review-clean4-clean-CAND-02149,review-clean4-clean.tammy.gutierrez.2149@example.com,Tammy,Gutierrez,+1-clean-0002149
review-clean4-clean-CAND-02150,review-clean4-clean.ivan.johnson.2150@example.com,Ivan,Johnson,+1-clean-0002150
review-clean4-clean-CAND-02151,review-clean4-clean.jessica.stanley.2151@example.com,Jessica,Stanley,+1-clean-0002151
review-clean4-clean-CAND-02152,review-clean4-clean.shelby.haynes.2152@example.com,Shelby,Haynes,+1-clean-0002152
review-clean4-clean-CAND-02153,review-clean4-clean.christopher.jackson.2153@example.com,Christopher,Jackson,+1-clean-0002153
review-clean4-clean-CAND-02154,review-clean4-clean.dakota.brown.2154@example.com,Dakota,Brown,+1-clean-0002154
review-clean4-clean-CAND-02155,review-clean4-clean.natasha.kelley.2155@example.com,Natasha,Kelley,+1-clean-0002155
review-clean4-clean-CAND-02156,review-clean4-clean.anthony.sanders.2156@example.com,Anthony,Sanders,+1-clean-0002156
review-clean4-clean-CAND-02157,review-clean4-clean.kathy.miller.2157@example.com,Kathy,Miller,+1-clean-0002157
review-clean4-clean-CAND-02158,review-clean4-clean.jose.moore.2158@example.com,Jose,Moore,+1-clean-0002158
review-clean4-clean-CAND-02159,review-clean4-clean.diana.mcclure.2159@example.com,Diana,Mcclure,+1-clean-0002159
review-clean4-clean-CAND-02160,review-clean4-clean.kyle.wright.2160@example.com,Kyle,Wright,+1-clean-0002160
review-clean4-clean-CAND-02161,review-clean4-clean.justin.sims.2161@example.com,Justin,Sims,+1-clean-0002161
review-clean4-clean-CAND-02162,review-clean4-clean.david.roberson.2162@example.com,David,Roberson,+1-clean-0002162
review-clean4-clean-CAND-02163,review-clean4-clean.anthony.alvarado.2163@example.com,Anthony,Alvarado,+1-clean-0002163
review-clean4-clean-CAND-02164,review-clean4-clean.michelle.nguyen.2164@example.com,Michelle,Nguyen,+1-clean-0002164
review-clean4-clean-CAND-02165,review-clean4-clean.thomas.proctor.2165@example.com,Thomas,Proctor,+1-clean-0002165
review-clean4-clean-CAND-02166,review-clean4-clean.amber.nelson.2166@example.com,Amber,Nelson,+1-clean-0002166
review-clean4-clean-CAND-02167,review-clean4-clean.sean.montes.2167@example.com,Sean,Montes,+1-clean-0002167
review-clean4-clean-CAND-02168,review-clean4-clean.heidi.thompson.2168@example.com,Heidi,Thompson,+1-clean-0002168
review-clean4-clean-CAND-02169,review-clean4-clean.carla.welch.2169@example.com,Carla,Welch,+1-clean-0002169
review-clean4-clean-CAND-02170,review-clean4-clean.cynthia.elliott.2170@example.com,Cynthia,Elliott,+1-clean-0002170
review-clean4-clean-CAND-02171,review-clean4-clean.alexandra.fowler.2171@example.com,Alexandra,Fowler,+1-clean-0002171
review-clean4-clean-CAND-02172,review-clean4-clean.kyle.reed.2172@example.com,Kyle,Reed,+1-clean-0002172
review-clean4-clean-CAND-02173,review-clean4-clean.amber.ballard.2173@example.com,Amber,Ballard,+1-clean-0002173
review-clean4-clean-CAND-02174,review-clean4-clean.scott.diaz.2174@example.com,Scott,Diaz,+1-clean-0002174
review-clean4-clean-CAND-02175,review-clean4-clean.jordan.torres.2175@example.com,Jordan,Torres,+1-clean-0002175
review-clean4-clean-CAND-02176,review-clean4-clean.aaron.ochoa.2176@example.com,Aaron,Ochoa,+1-clean-0002176
review-clean4-clean-CAND-02177,review-clean4-clean.melanie.cooper.2177@example.com,Melanie,Cooper,+1-clean-0002177
review-clean4-clean-CAND-02178,review-clean4-clean.taylor.smith.2178@example.com,Taylor,Smith,+1-clean-0002178
review-clean4-clean-CAND-02179,review-clean4-clean.sandra.arroyo.2179@example.com,Sandra,Arroyo,+1-clean-0002179
review-clean4-clean-CAND-02180,review-clean4-clean.thomas.smith.2180@example.com,Thomas,Smith,+1-clean-0002180
review-clean4-clean-CAND-02181,review-clean4-clean.russell.carter.2181@example.com,Russell,Carter,+1-clean-0002181
review-clean4-clean-CAND-02182,review-clean4-clean.jerry.smith.2182@example.com,Jerry,Smith,+1-clean-0002182
review-clean4-clean-CAND-02183,review-clean4-clean.nathaniel.jenkins.2183@example.com,Nathaniel,Jenkins,+1-clean-0002183
review-clean4-clean-CAND-02184,review-clean4-clean.ann.foster.2184@example.com,Ann,Foster,+1-clean-0002184
review-clean4-clean-CAND-02185,review-clean4-clean.frank.mclaughlin.2185@example.com,Frank,Mclaughlin,+1-clean-0002185
review-clean4-clean-CAND-02186,review-clean4-clean.peter.gray.2186@example.com,Peter,Gray,+1-clean-0002186
review-clean4-clean-CAND-02187,review-clean4-clean.jose.henderson.2187@example.com,Jose,Henderson,+1-clean-0002187
review-clean4-clean-CAND-02188,review-clean4-clean.john.duran.2188@example.com,John,Duran,+1-clean-0002188
review-clean4-clean-CAND-02189,review-clean4-clean.renee.aguirre.2189@example.com,Renee,Aguirre,+1-clean-0002189
review-clean4-clean-CAND-02190,review-clean4-clean.gail.mitchell.2190@example.com,Gail,Mitchell,+1-clean-0002190
review-clean4-clean-CAND-02191,review-clean4-clean.julia.lamb.2191@example.com,Julia,Lamb,+1-clean-0002191
review-clean4-clean-CAND-02192,review-clean4-clean.robert.castaneda.2192@example.com,Robert,Castaneda,+1-clean-0002192
review-clean4-clean-CAND-02193,review-clean4-clean.ian.roberts.2193@example.com,Ian,Roberts,+1-clean-0002193
review-clean4-clean-CAND-02194,review-clean4-clean.dana.williamson.2194@example.com,Dana,Williamson,+1-clean-0002194
review-clean4-clean-CAND-02195,review-clean4-clean.joseph.dean.2195@example.com,Joseph,Dean,+1-clean-0002195
review-clean4-clean-CAND-02196,review-clean4-clean.jacob.smith.2196@example.com,Jacob,Smith,+1-clean-0002196
review-clean4-clean-CAND-02197,review-clean4-clean.brandon.nichols.2197@example.com,Brandon,Nichols,+1-clean-0002197
review-clean4-clean-CAND-02198,review-clean4-clean.jacob.garcia.2198@example.com,Jacob,Garcia,+1-clean-0002198
review-clean4-clean-CAND-02199,review-clean4-clean.joseph.espinoza.2199@example.com,Joseph,Espinoza,+1-clean-0002199
review-clean4-clean-CAND-02200,review-clean4-clean.jessica.hall.2200@example.com,Jessica,Hall,+1-clean-0002200
review-clean4-clean-CAND-02201,review-clean4-clean.edward.snyder.2201@example.com,Edward,Snyder,+1-clean-0002201
review-clean4-clean-CAND-02202,review-clean4-clean.matthew.collins.2202@example.com,Matthew,Collins,+1-clean-0002202
review-clean4-clean-CAND-02203,review-clean4-clean.lauren.bolton.2203@example.com,Lauren,Bolton,+1-clean-0002203
review-clean4-clean-CAND-02204,review-clean4-clean.steven.moody.2204@example.com,Steven,Moody,+1-clean-0002204
review-clean4-clean-CAND-02205,review-clean4-clean.mark.bridges.2205@example.com,Mark,Bridges,+1-clean-0002205
review-clean4-clean-CAND-02206,review-clean4-clean.stephanie.brown.2206@example.com,Stephanie,Brown,+1-clean-0002206
review-clean4-clean-CAND-02207,review-clean4-clean.kimberly.jones.2207@example.com,Kimberly,Jones,+1-clean-0002207
review-clean4-clean-CAND-02208,review-clean4-clean.theodore.lee.2208@example.com,Theodore,Lee,+1-clean-0002208
review-clean4-clean-CAND-02209,review-clean4-clean.mckenzie.roth.2209@example.com,Mckenzie,Roth,+1-clean-0002209
review-clean4-clean-CAND-02210,review-clean4-clean.maria.martinez.2210@example.com,Maria,Martinez,+1-clean-0002210
review-clean4-clean-CAND-02211,review-clean4-clean.kayla.wright.2211@example.com,Kayla,Wright,+1-clean-0002211
review-clean4-clean-CAND-02212,review-clean4-clean.kelsey.ramos.2212@example.com,Kelsey,Ramos,+1-clean-0002212
review-clean4-clean-CAND-02213,review-clean4-clean.joan.johnson.2213@example.com,Joan,Johnson,+1-clean-0002213
review-clean4-clean-CAND-02214,review-clean4-clean.steven.wise.2214@example.com,Steven,Wise,+1-clean-0002214
review-clean4-clean-CAND-02215,review-clean4-clean.adriana.hendrix.2215@example.com,Adriana,Hendrix,+1-clean-0002215
review-clean4-clean-CAND-02216,review-clean4-clean.thomas.maldonado.2216@example.com,Thomas,Maldonado,+1-clean-0002216
review-clean4-clean-CAND-02217,review-clean4-clean.larry.morris.2217@example.com,Larry,Morris,+1-clean-0002217
review-clean4-clean-CAND-02218,review-clean4-clean.crystal.williams.2218@example.com,Crystal,Williams,+1-clean-0002218
review-clean4-clean-CAND-02219,review-clean4-clean.sharon.meyer.2219@example.com,Sharon,Meyer,+1-clean-0002219
review-clean4-clean-CAND-02220,review-clean4-clean.jon.little.2220@example.com,Jon,Little,+1-clean-0002220
review-clean4-clean-CAND-02221,review-clean4-clean.james.clay.2221@example.com,James,Clay,+1-clean-0002221
review-clean4-clean-CAND-02222,review-clean4-clean.michelle.robinson.2222@example.com,Michelle,Robinson,+1-clean-0002222
review-clean4-clean-CAND-02223,review-clean4-clean.daniel.chen.2223@example.com,Daniel,Chen,+1-clean-0002223
review-clean4-clean-CAND-02224,review-clean4-clean.mark.jackson.2224@example.com,Mark,Jackson,+1-clean-0002224
review-clean4-clean-CAND-02225,review-clean4-clean.joshua.wilson.2225@example.com,Joshua,Wilson,+1-clean-0002225
review-clean4-clean-CAND-02226,review-clean4-clean.kristina.smith.2226@example.com,Kristina,Smith,+1-clean-0002226
review-clean4-clean-CAND-02227,review-clean4-clean.bobby.logan.2227@example.com,Bobby,Logan,+1-clean-0002227
review-clean4-clean-CAND-02228,review-clean4-clean.thomas.carlson.2228@example.com,Thomas,Carlson,+1-clean-0002228
review-clean4-clean-CAND-02229,review-clean4-clean.nathan.davis.2229@example.com,Nathan,Davis,+1-clean-0002229
review-clean4-clean-CAND-02230,review-clean4-clean.eric.davis.2230@example.com,Eric,Davis,+1-clean-0002230
review-clean4-clean-CAND-02231,review-clean4-clean.christine.galvan.2231@example.com,Christine,Galvan,+1-clean-0002231
review-clean4-clean-CAND-02232,review-clean4-clean.wendy.garrett.2232@example.com,Wendy,Garrett,+1-clean-0002232
review-clean4-clean-CAND-02233,review-clean4-clean.brian.newman.2233@example.com,Brian,Newman,+1-clean-0002233
review-clean4-clean-CAND-02234,review-clean4-clean.jacqueline.moody.2234@example.com,Jacqueline,Moody,+1-clean-0002234
review-clean4-clean-CAND-02235,review-clean4-clean.david.hall.2235@example.com,David,Hall,+1-clean-0002235
review-clean4-clean-CAND-02236,review-clean4-clean.tina.kramer.2236@example.com,Tina,Kramer,+1-clean-0002236
review-clean4-clean-CAND-02237,review-clean4-clean.katherine.trujillo.2237@example.com,Katherine,Trujillo,+1-clean-0002237
review-clean4-clean-CAND-02238,review-clean4-clean.samuel.lee.2238@example.com,Samuel,Lee,+1-clean-0002238
review-clean4-clean-CAND-02239,review-clean4-clean.hannah.howard.2239@example.com,Hannah,Howard,+1-clean-0002239
review-clean4-clean-CAND-02240,review-clean4-clean.dennis.roach.2240@example.com,Dennis,Roach,+1-clean-0002240
review-clean4-clean-CAND-02241,review-clean4-clean.todd.kim.2241@example.com,Todd,Kim,+1-clean-0002241
review-clean4-clean-CAND-02242,review-clean4-clean.kenneth.terry.2242@example.com,Kenneth,Terry,+1-clean-0002242
review-clean4-clean-CAND-02243,review-clean4-clean.james.lopez.2243@example.com,James,Lopez,+1-clean-0002243
review-clean4-clean-CAND-02244,review-clean4-clean.michael.oconnor.2244@example.com,Michael,Oconnor,+1-clean-0002244
review-clean4-clean-CAND-02245,review-clean4-clean.joshua.guerra.2245@example.com,Joshua,Guerra,+1-clean-0002245
review-clean4-clean-CAND-02246,review-clean4-clean.robin.spencer.2246@example.com,Robin,Spencer,+1-clean-0002246
review-clean4-clean-CAND-02247,review-clean4-clean.casey.moore.2247@example.com,Casey,Moore,+1-clean-0002247
review-clean4-clean-CAND-02248,review-clean4-clean.kenneth.baker.2248@example.com,Kenneth,Baker,+1-clean-0002248
review-clean4-clean-CAND-02249,review-clean4-clean.michael.smith.2249@example.com,Michael,Smith,+1-clean-0002249
review-clean4-clean-CAND-02250,review-clean4-clean.dana.gray.2250@example.com,Dana,Gray,+1-clean-0002250
review-clean4-clean-CAND-02251,review-clean4-clean.jacob.smith.2251@example.com,Jacob,Smith,+1-clean-0002251
review-clean4-clean-CAND-02252,review-clean4-clean.melissa.parsons.2252@example.com,Melissa,Parsons,+1-clean-0002252
review-clean4-clean-CAND-02253,review-clean4-clean.john.le.2253@example.com,John,Le,+1-clean-0002253
review-clean4-clean-CAND-02254,review-clean4-clean.dominique.ryan.2254@example.com,Dominique,Ryan,+1-clean-0002254
review-clean4-clean-CAND-02255,review-clean4-clean.paul.warren.2255@example.com,Paul,Warren,+1-clean-0002255
review-clean4-clean-CAND-02256,review-clean4-clean.tyler.arnold.2256@example.com,Tyler,Arnold,+1-clean-0002256
review-clean4-clean-CAND-02257,review-clean4-clean.chloe.morris.2257@example.com,Chloe,Morris,+1-clean-0002257
review-clean4-clean-CAND-02258,review-clean4-clean.danielle.rodriguez.2258@example.com,Danielle,Rodriguez,+1-clean-0002258
review-clean4-clean-CAND-02259,review-clean4-clean.alexandra.jones.2259@example.com,Alexandra,Jones,+1-clean-0002259
review-clean4-clean-CAND-02260,review-clean4-clean.mary.anderson.2260@example.com,Mary,Anderson,+1-clean-0002260
review-clean4-clean-CAND-02261,review-clean4-clean.morgan.harris.2261@example.com,Morgan,Harris,+1-clean-0002261
review-clean4-clean-CAND-02262,review-clean4-clean.todd.garcia.2262@example.com,Todd,Garcia,+1-clean-0002262
review-clean4-clean-CAND-02263,review-clean4-clean.ashley.huff.2263@example.com,Ashley,Huff,+1-clean-0002263
review-clean4-clean-CAND-02264,review-clean4-clean.diane.fox.2264@example.com,Diane,Fox,+1-clean-0002264
review-clean4-clean-CAND-02265,review-clean4-clean.jacqueline.scott.2265@example.com,Jacqueline,Scott,+1-clean-0002265
review-clean4-clean-CAND-02266,review-clean4-clean.michael.obrien.2266@example.com,Michael,Obrien,+1-clean-0002266
review-clean4-clean-CAND-02267,review-clean4-clean.chad.conrad.2267@example.com,Chad,Conrad,+1-clean-0002267
review-clean4-clean-CAND-02268,review-clean4-clean.jason.henry.2268@example.com,Jason,Henry,+1-clean-0002268
review-clean4-clean-CAND-02269,review-clean4-clean.pamela.miller.2269@example.com,Pamela,Miller,+1-clean-0002269
review-clean4-clean-CAND-02270,review-clean4-clean.laurie.brown.2270@example.com,Laurie,Brown,+1-clean-0002270
review-clean4-clean-CAND-02271,review-clean4-clean.angela.hurley.2271@example.com,Angela,Hurley,+1-clean-0002271
review-clean4-clean-CAND-02272,review-clean4-clean.robert.wood.2272@example.com,Robert,Wood,+1-clean-0002272
review-clean4-clean-CAND-02273,review-clean4-clean.jeanette.colon.2273@example.com,Jeanette,Colon,+1-clean-0002273
review-clean4-clean-CAND-02274,review-clean4-clean.joseph.williams.2274@example.com,Joseph,Williams,+1-clean-0002274
review-clean4-clean-CAND-02275,review-clean4-clean.chad.torres.2275@example.com,Chad,Torres,+1-clean-0002275
review-clean4-clean-CAND-02276,review-clean4-clean.shirley.yu.2276@example.com,Shirley,Yu,+1-clean-0002276
review-clean4-clean-CAND-02277,review-clean4-clean.colton.hardy.2277@example.com,Colton,Hardy,+1-clean-0002277
review-clean4-clean-CAND-02278,review-clean4-clean.amanda.lopez.2278@example.com,Amanda,Lopez,+1-clean-0002278
review-clean4-clean-CAND-02279,review-clean4-clean.alicia.wright.2279@example.com,Alicia,Wright,+1-clean-0002279
review-clean4-clean-CAND-02280,review-clean4-clean.colleen.white.2280@example.com,Colleen,White,+1-clean-0002280
review-clean4-clean-CAND-02281,review-clean4-clean.kara.perry.2281@example.com,Kara,Perry,+1-clean-0002281
review-clean4-clean-CAND-02282,review-clean4-clean.daniel.fowler.2282@example.com,Daniel,Fowler,+1-clean-0002282
review-clean4-clean-CAND-02283,review-clean4-clean.michael.ellis.2283@example.com,Michael,Ellis,+1-clean-0002283
review-clean4-clean-CAND-02284,review-clean4-clean.elizabeth.andrade.2284@example.com,Elizabeth,Andrade,+1-clean-0002284
review-clean4-clean-CAND-02285,review-clean4-clean.garrett.white.2285@example.com,Garrett,White,+1-clean-0002285
review-clean4-clean-CAND-02286,review-clean4-clean.richard.morgan.2286@example.com,Richard,Morgan,+1-clean-0002286
review-clean4-clean-CAND-02287,review-clean4-clean.eric.murillo.2287@example.com,Eric,Murillo,+1-clean-0002287
review-clean4-clean-CAND-02288,review-clean4-clean.scott.gomez.2288@example.com,Scott,Gomez,+1-clean-0002288
review-clean4-clean-CAND-02289,review-clean4-clean.leslie.frey.2289@example.com,Leslie,Frey,+1-clean-0002289
review-clean4-clean-CAND-02290,review-clean4-clean.mark.watson.2290@example.com,Mark,Watson,+1-clean-0002290
review-clean4-clean-CAND-02291,review-clean4-clean.kathryn.jordan.2291@example.com,Kathryn,Jordan,+1-clean-0002291
review-clean4-clean-CAND-02292,review-clean4-clean.jessica.franklin.2292@example.com,Jessica,Franklin,+1-clean-0002292
review-clean4-clean-CAND-02293,review-clean4-clean.anna.lewis.2293@example.com,Anna,Lewis,+1-clean-0002293
review-clean4-clean-CAND-02294,review-clean4-clean.katie.howe.2294@example.com,Katie,Howe,+1-clean-0002294
review-clean4-clean-CAND-02295,review-clean4-clean.jonathan.nixon.2295@example.com,Jonathan,Nixon,+1-clean-0002295
review-clean4-clean-CAND-02296,review-clean4-clean.seth.sanders.2296@example.com,Seth,Sanders,+1-clean-0002296
review-clean4-clean-CAND-02297,review-clean4-clean.jessica.bird.2297@example.com,Jessica,Bird,+1-clean-0002297
review-clean4-clean-CAND-02298,review-clean4-clean.caitlin.holmes.2298@example.com,Caitlin,Holmes,+1-clean-0002298
review-clean4-clean-CAND-02299,review-clean4-clean.victoria.turner.2299@example.com,Victoria,Turner,+1-clean-0002299
review-clean4-clean-CAND-02300,review-clean4-clean.kevin.walker.2300@example.com,Kevin,Walker,+1-clean-0002300
review-clean4-clean-CAND-02301,review-clean4-clean.melissa.smith.2301@example.com,Melissa,Smith,+1-clean-0002301
review-clean4-clean-CAND-02302,review-clean4-clean.lynn.norris.2302@example.com,Lynn,Norris,+1-clean-0002302
review-clean4-clean-CAND-02303,review-clean4-clean.joshua.spencer.2303@example.com,Joshua,Spencer,+1-clean-0002303
review-clean4-clean-CAND-02304,review-clean4-clean.angela.howe.2304@example.com,Angela,Howe,+1-clean-0002304
review-clean4-clean-CAND-02305,review-clean4-clean.eric.johnson.2305@example.com,Eric,Johnson,+1-clean-0002305
review-clean4-clean-CAND-02306,review-clean4-clean.michael.taylor.2306@example.com,Michael,Taylor,+1-clean-0002306
review-clean4-clean-CAND-02307,review-clean4-clean.michael.perkins.2307@example.com,Michael,Perkins,+1-clean-0002307
review-clean4-clean-CAND-02308,review-clean4-clean.jesse.shepherd.2308@example.com,Jesse,Shepherd,+1-clean-0002308
review-clean4-clean-CAND-02309,review-clean4-clean.christopher.ross.2309@example.com,Christopher,Ross,+1-clean-0002309
review-clean4-clean-CAND-02310,review-clean4-clean.samantha.navarro.2310@example.com,Samantha,Navarro,+1-clean-0002310
review-clean4-clean-CAND-02311,review-clean4-clean.jennifer.mcguire.2311@example.com,Jennifer,Mcguire,+1-clean-0002311
review-clean4-clean-CAND-02312,review-clean4-clean.gerald.petersen.2312@example.com,Gerald,Petersen,+1-clean-0002312
review-clean4-clean-CAND-02313,review-clean4-clean.hannah.johnston.2313@example.com,Hannah,Johnston,+1-clean-0002313
review-clean4-clean-CAND-02314,review-clean4-clean.rebecca.larson.2314@example.com,Rebecca,Larson,+1-clean-0002314
review-clean4-clean-CAND-02315,review-clean4-clean.kevin.cross.2315@example.com,Kevin,Cross,+1-clean-0002315
review-clean4-clean-CAND-02316,review-clean4-clean.barbara.miller.2316@example.com,Barbara,Miller,+1-clean-0002316
review-clean4-clean-CAND-02317,review-clean4-clean.brian.wise.2317@example.com,Brian,Wise,+1-clean-0002317
review-clean4-clean-CAND-02318,review-clean4-clean.michael.montoya.2318@example.com,Michael,Montoya,+1-clean-0002318
review-clean4-clean-CAND-02319,review-clean4-clean.robert.parrish.2319@example.com,Robert,Parrish,+1-clean-0002319
review-clean4-clean-CAND-02320,review-clean4-clean.molly.perez.2320@example.com,Molly,Perez,+1-clean-0002320
review-clean4-clean-CAND-02321,review-clean4-clean.denise.guzman.2321@example.com,Denise,Guzman,+1-clean-0002321
review-clean4-clean-CAND-02322,review-clean4-clean.alexander.waters.2322@example.com,Alexander,Waters,+1-clean-0002322
review-clean4-clean-CAND-02323,review-clean4-clean.patrick.torres.2323@example.com,Patrick,Torres,+1-clean-0002323
review-clean4-clean-CAND-02324,review-clean4-clean.blake.fernandez.2324@example.com,Blake,Fernandez,+1-clean-0002324
review-clean4-clean-CAND-02325,review-clean4-clean.edward.shaw.2325@example.com,Edward,Shaw,+1-clean-0002325
review-clean4-clean-CAND-02326,review-clean4-clean.jeffrey.williams.2326@example.com,Jeffrey,Williams,+1-clean-0002326
review-clean4-clean-CAND-02327,review-clean4-clean.jessica.long.2327@example.com,Jessica,Long,+1-clean-0002327
review-clean4-clean-CAND-02328,review-clean4-clean.sean.larson.2328@example.com,Sean,Larson,+1-clean-0002328
review-clean4-clean-CAND-02329,review-clean4-clean.william.walker.2329@example.com,William,Walker,+1-clean-0002329
review-clean4-clean-CAND-02330,review-clean4-clean.keith.foster.2330@example.com,Keith,Foster,+1-clean-0002330
review-clean4-clean-CAND-02331,review-clean4-clean.david.miller.2331@example.com,David,Miller,+1-clean-0002331
review-clean4-clean-CAND-02332,review-clean4-clean.ashley.williams.2332@example.com,Ashley,Williams,+1-clean-0002332
review-clean4-clean-CAND-02333,review-clean4-clean.raymond.miller.2333@example.com,Raymond,Miller,+1-clean-0002333
review-clean4-clean-CAND-02334,review-clean4-clean.warren.ayala.2334@example.com,Warren,Ayala,+1-clean-0002334
review-clean4-clean-CAND-02335,review-clean4-clean.david.taylor.2335@example.com,David,Taylor,+1-clean-0002335
review-clean4-clean-CAND-02336,review-clean4-clean.anita.freeman.2336@example.com,Anita,Freeman,+1-clean-0002336
review-clean4-clean-CAND-02337,review-clean4-clean.denise.gonzalez.2337@example.com,Denise,Gonzalez,+1-clean-0002337
review-clean4-clean-CAND-02338,review-clean4-clean.christina.fitzgerald.2338@example.com,Christina,Fitzgerald,+1-clean-0002338
review-clean4-clean-CAND-02339,review-clean4-clean.john.jones.2339@example.com,John,Jones,+1-clean-0002339
review-clean4-clean-CAND-02340,review-clean4-clean.kimberly.morris.2340@example.com,Kimberly,Morris,+1-clean-0002340
review-clean4-clean-CAND-02341,review-clean4-clean.sandra.davis.2341@example.com,Sandra,Davis,+1-clean-0002341
review-clean4-clean-CAND-02342,review-clean4-clean.emily.henderson.2342@example.com,Emily,Henderson,+1-clean-0002342
review-clean4-clean-CAND-02343,review-clean4-clean.michael.flores.2343@example.com,Michael,Flores,+1-clean-0002343
review-clean4-clean-CAND-02344,review-clean4-clean.brittney.johnson.2344@example.com,Brittney,Johnson,+1-clean-0002344
review-clean4-clean-CAND-02345,review-clean4-clean.kevin.huerta.2345@example.com,Kevin,Huerta,+1-clean-0002345
review-clean4-clean-CAND-02346,review-clean4-clean.christina.branch.2346@example.com,Christina,Branch,+1-clean-0002346
review-clean4-clean-CAND-02347,review-clean4-clean.scott.thomas.2347@example.com,Scott,Thomas,+1-clean-0002347
review-clean4-clean-CAND-02348,review-clean4-clean.brady.meyers.2348@example.com,Brady,Meyers,+1-clean-0002348
review-clean4-clean-CAND-02349,review-clean4-clean.james.brooks.2349@example.com,James,Brooks,+1-clean-0002349
review-clean4-clean-CAND-02350,review-clean4-clean.katherine.farrell.2350@example.com,Katherine,Farrell,+1-clean-0002350
review-clean4-clean-CAND-02351,review-clean4-clean.daniel.brown.2351@example.com,Daniel,Brown,+1-clean-0002351
review-clean4-clean-CAND-02352,review-clean4-clean.stacy.mcintosh.2352@example.com,Stacy,Mcintosh,+1-clean-0002352
review-clean4-clean-CAND-02353,review-clean4-clean.misty.wilkins.2353@example.com,Misty,Wilkins,+1-clean-0002353
review-clean4-clean-CAND-02354,review-clean4-clean.alexander.benson.2354@example.com,Alexander,Benson,+1-clean-0002354
review-clean4-clean-CAND-02355,review-clean4-clean.daniel.cole.2355@example.com,Daniel,Cole,+1-clean-0002355
review-clean4-clean-CAND-02356,review-clean4-clean.andrew.clark.2356@example.com,Andrew,Clark,+1-clean-0002356
review-clean4-clean-CAND-02357,review-clean4-clean.amanda.harris.2357@example.com,Amanda,Harris,+1-clean-0002357
review-clean4-clean-CAND-02358,review-clean4-clean.alexandra.green.2358@example.com,Alexandra,Green,+1-clean-0002358
review-clean4-clean-CAND-02359,review-clean4-clean.timothy.blair.2359@example.com,Timothy,Blair,+1-clean-0002359
review-clean4-clean-CAND-02360,review-clean4-clean.donald.hale.2360@example.com,Donald,Hale,+1-clean-0002360
review-clean4-clean-CAND-02361,review-clean4-clean.andrew.aguilar.2361@example.com,Andrew,Aguilar,+1-clean-0002361
review-clean4-clean-CAND-02362,review-clean4-clean.elizabeth.williams.2362@example.com,Elizabeth,Williams,+1-clean-0002362
review-clean4-clean-CAND-02363,review-clean4-clean.george.campbell.2363@example.com,George,Campbell,+1-clean-0002363
review-clean4-clean-CAND-02364,review-clean4-clean.kristina.williamson.2364@example.com,Kristina,Williamson,+1-clean-0002364
review-clean4-clean-CAND-02365,review-clean4-clean.brian.pena.2365@example.com,Brian,Pena,+1-clean-0002365
review-clean4-clean-CAND-02366,review-clean4-clean.alan.price.2366@example.com,Alan,Price,+1-clean-0002366
review-clean4-clean-CAND-02367,review-clean4-clean.joseph.christian.2367@example.com,Joseph,Christian,+1-clean-0002367
review-clean4-clean-CAND-02368,review-clean4-clean.donna.lin.2368@example.com,Donna,Lin,+1-clean-0002368
review-clean4-clean-CAND-02369,review-clean4-clean.andrew.dillon.2369@example.com,Andrew,Dillon,+1-clean-0002369
review-clean4-clean-CAND-02370,review-clean4-clean.debra.hall.2370@example.com,Debra,Hall,+1-clean-0002370
review-clean4-clean-CAND-02371,review-clean4-clean.oscar.bray.2371@example.com,Oscar,Bray,+1-clean-0002371
review-clean4-clean-CAND-02372,review-clean4-clean.cory.stewart.2372@example.com,Cory,Stewart,+1-clean-0002372
review-clean4-clean-CAND-02373,review-clean4-clean.michelle.schmidt.2373@example.com,Michelle,Schmidt,+1-clean-0002373
review-clean4-clean-CAND-02374,review-clean4-clean.jacob.mason.2374@example.com,Jacob,Mason,+1-clean-0002374
review-clean4-clean-CAND-02375,review-clean4-clean.stephen.house.2375@example.com,Stephen,House,+1-clean-0002375
review-clean4-clean-CAND-02376,review-clean4-clean.andrew.wright.2376@example.com,Andrew,Wright,+1-clean-0002376
review-clean4-clean-CAND-02377,review-clean4-clean.alyssa.cook.2377@example.com,Alyssa,Cook,+1-clean-0002377
review-clean4-clean-CAND-02378,review-clean4-clean.phillip.moore.2378@example.com,Phillip,Moore,+1-clean-0002378
review-clean4-clean-CAND-02379,review-clean4-clean.michael.bell.2379@example.com,Michael,Bell,+1-clean-0002379
review-clean4-clean-CAND-02380,review-clean4-clean.colleen.young.2380@example.com,Colleen,Young,+1-clean-0002380
review-clean4-clean-CAND-02381,review-clean4-clean.tiffany.mason.2381@example.com,Tiffany,Mason,+1-clean-0002381
review-clean4-clean-CAND-02382,review-clean4-clean.lisa.garrett.2382@example.com,Lisa,Garrett,+1-clean-0002382
review-clean4-clean-CAND-02383,review-clean4-clean.natasha.zamora.2383@example.com,Natasha,Zamora,+1-clean-0002383
review-clean4-clean-CAND-02384,review-clean4-clean.lisa.johnson.2384@example.com,Lisa,Johnson,+1-clean-0002384
review-clean4-clean-CAND-02385,review-clean4-clean.angela.ramirez.2385@example.com,Angela,Ramirez,+1-clean-0002385
review-clean4-clean-CAND-02386,review-clean4-clean.edward.prince.2386@example.com,Edward,Prince,+1-clean-0002386
review-clean4-clean-CAND-02387,review-clean4-clean.diane.miller.2387@example.com,Diane,Miller,+1-clean-0002387
review-clean4-clean-CAND-02388,review-clean4-clean.patrick.yu.2388@example.com,Patrick,Yu,+1-clean-0002388
review-clean4-clean-CAND-02389,review-clean4-clean.cheyenne.garrett.2389@example.com,Cheyenne,Garrett,+1-clean-0002389
review-clean4-clean-CAND-02390,review-clean4-clean.jeremy.allen.2390@example.com,Jeremy,Allen,+1-clean-0002390
review-clean4-clean-CAND-02391,review-clean4-clean.eric.waller.2391@example.com,Eric,Waller,+1-clean-0002391
review-clean4-clean-CAND-02392,review-clean4-clean.renee.murphy.2392@example.com,Renee,Murphy,+1-clean-0002392
review-clean4-clean-CAND-02393,review-clean4-clean.amy.clark.2393@example.com,Amy,Clark,+1-clean-0002393
review-clean4-clean-CAND-02394,review-clean4-clean.dillon.weaver.2394@example.com,Dillon,Weaver,+1-clean-0002394
review-clean4-clean-CAND-02395,review-clean4-clean.lauren.huffman.2395@example.com,Lauren,Huffman,+1-clean-0002395
review-clean4-clean-CAND-02396,review-clean4-clean.kyle.thornton.2396@example.com,Kyle,Thornton,+1-clean-0002396
review-clean4-clean-CAND-02397,review-clean4-clean.alexandria.taylor.2397@example.com,Alexandria,Taylor,+1-clean-0002397
review-clean4-clean-CAND-02398,review-clean4-clean.wendy.daugherty.2398@example.com,Wendy,Daugherty,+1-clean-0002398
review-clean4-clean-CAND-02399,review-clean4-clean.dustin.fitzpatrick.2399@example.com,Dustin,Fitzpatrick,+1-clean-0002399
review-clean4-clean-CAND-02400,review-clean4-clean.sally.stewart.2400@example.com,Sally,Stewart,+1-clean-0002400
review-clean4-clean-CAND-02401,review-clean4-clean.angela.fry.2401@example.com,Angela,Fry,+1-clean-0002401
review-clean4-clean-CAND-02402,review-clean4-clean.david.stewart.2402@example.com,David,Stewart,+1-clean-0002402
review-clean4-clean-CAND-02403,review-clean4-clean.nichole.acosta.2403@example.com,Nichole,Acosta,+1-clean-0002403
review-clean4-clean-CAND-02404,review-clean4-clean.kathy.beard.2404@example.com,Kathy,Beard,+1-clean-0002404
review-clean4-clean-CAND-02405,review-clean4-clean.robert.jenkins.2405@example.com,Robert,Jenkins,+1-clean-0002405
review-clean4-clean-CAND-02406,review-clean4-clean.scott.peck.2406@example.com,Scott,Peck,+1-clean-0002406
review-clean4-clean-CAND-02407,review-clean4-clean.patricia.mahoney.2407@example.com,Patricia,Mahoney,+1-clean-0002407
review-clean4-clean-CAND-02408,review-clean4-clean.joshua.maxwell.2408@example.com,Joshua,Maxwell,+1-clean-0002408
review-clean4-clean-CAND-02409,review-clean4-clean.daniel.lopez.2409@example.com,Daniel,Lopez,+1-clean-0002409
review-clean4-clean-CAND-02410,review-clean4-clean.kathryn.salazar.2410@example.com,Kathryn,Salazar,+1-clean-0002410
review-clean4-clean-CAND-02411,review-clean4-clean.joseph.bradley.2411@example.com,Joseph,Bradley,+1-clean-0002411
review-clean4-clean-CAND-02412,review-clean4-clean.jerry.hall.2412@example.com,Jerry,Hall,+1-clean-0002412
review-clean4-clean-CAND-02413,review-clean4-clean.grace.howard.2413@example.com,Grace,Howard,+1-clean-0002413
review-clean4-clean-CAND-02414,review-clean4-clean.hailey.woods.2414@example.com,Hailey,Woods,+1-clean-0002414
review-clean4-clean-CAND-02415,review-clean4-clean.wayne.jacobs.2415@example.com,Wayne,Jacobs,+1-clean-0002415
review-clean4-clean-CAND-02416,review-clean4-clean.jennifer.brooks.2416@example.com,Jennifer,Brooks,+1-clean-0002416
review-clean4-clean-CAND-02417,review-clean4-clean.melissa.henry.2417@example.com,Melissa,Henry,+1-clean-0002417
review-clean4-clean-CAND-02418,review-clean4-clean.devin.lee.2418@example.com,Devin,Lee,+1-clean-0002418
review-clean4-clean-CAND-02419,review-clean4-clean.antonio.duran.2419@example.com,Antonio,Duran,+1-clean-0002419
review-clean4-clean-CAND-02420,review-clean4-clean.alexis.nelson.2420@example.com,Alexis,Nelson,+1-clean-0002420
review-clean4-clean-CAND-02421,review-clean4-clean.robert.newton.2421@example.com,Robert,Newton,+1-clean-0002421
review-clean4-clean-CAND-02422,review-clean4-clean.vanessa.todd.2422@example.com,Vanessa,Todd,+1-clean-0002422
review-clean4-clean-CAND-02423,review-clean4-clean.carl.ho.2423@example.com,Carl,Ho,+1-clean-0002423
review-clean4-clean-CAND-02424,review-clean4-clean.valerie.camacho.2424@example.com,Valerie,Camacho,+1-clean-0002424
review-clean4-clean-CAND-02425,review-clean4-clean.tracy.nguyen.2425@example.com,Tracy,Nguyen,+1-clean-0002425
review-clean4-clean-CAND-02426,review-clean4-clean.stephen.wright.2426@example.com,Stephen,Wright,+1-clean-0002426
review-clean4-clean-CAND-02427,review-clean4-clean.richard.williams.2427@example.com,Richard,Williams,+1-clean-0002427
review-clean4-clean-CAND-02428,review-clean4-clean.jill.james.2428@example.com,Jill,James,+1-clean-0002428
review-clean4-clean-CAND-02429,review-clean4-clean.lawrence.carr.2429@example.com,Lawrence,Carr,+1-clean-0002429
review-clean4-clean-CAND-02430,review-clean4-clean.julia.wheeler.2430@example.com,Julia,Wheeler,+1-clean-0002430
review-clean4-clean-CAND-02431,review-clean4-clean.alicia.liu.2431@example.com,Alicia,Liu,+1-clean-0002431
review-clean4-clean-CAND-02432,review-clean4-clean.kristin.meyer.2432@example.com,Kristin,Meyer,+1-clean-0002432
review-clean4-clean-CAND-02433,review-clean4-clean.shannon.wilcox.2433@example.com,Shannon,Wilcox,+1-clean-0002433
review-clean4-clean-CAND-02434,review-clean4-clean.bobby.forbes.2434@example.com,Bobby,Forbes,+1-clean-0002434
review-clean4-clean-CAND-02435,review-clean4-clean.april.foster.2435@example.com,April,Foster,+1-clean-0002435
review-clean4-clean-CAND-02436,review-clean4-clean.jill.grant.2436@example.com,Jill,Grant,+1-clean-0002436
review-clean4-clean-CAND-02437,review-clean4-clean.zachary.mccoy.2437@example.com,Zachary,Mccoy,+1-clean-0002437
review-clean4-clean-CAND-02438,review-clean4-clean.brandon.carter.2438@example.com,Brandon,Carter,+1-clean-0002438
review-clean4-clean-CAND-02439,review-clean4-clean.raymond.torres.2439@example.com,Raymond,Torres,+1-clean-0002439
review-clean4-clean-CAND-02440,review-clean4-clean.maria.murray.2440@example.com,Maria,Murray,+1-clean-0002440
review-clean4-clean-CAND-02441,review-clean4-clean.roberto.austin.2441@example.com,Roberto,Austin,+1-clean-0002441
review-clean4-clean-CAND-02442,review-clean4-clean.brian.black.2442@example.com,Brian,Black,+1-clean-0002442
review-clean4-clean-CAND-02443,review-clean4-clean.douglas.gallegos.2443@example.com,Douglas,Gallegos,+1-clean-0002443
review-clean4-clean-CAND-02444,review-clean4-clean.shannon.sharp.2444@example.com,Shannon,Sharp,+1-clean-0002444
review-clean4-clean-CAND-02445,review-clean4-clean.daniel.osborne.2445@example.com,Daniel,Osborne,+1-clean-0002445
review-clean4-clean-CAND-02446,review-clean4-clean.sharon.horton.2446@example.com,Sharon,Horton,+1-clean-0002446
review-clean4-clean-CAND-02447,review-clean4-clean.derek.gutierrez.2447@example.com,Derek,Gutierrez,+1-clean-0002447
review-clean4-clean-CAND-02448,review-clean4-clean.shannon.white.2448@example.com,Shannon,White,+1-clean-0002448
review-clean4-clean-CAND-02449,review-clean4-clean.brittany.marquez.2449@example.com,Brittany,Marquez,+1-clean-0002449
review-clean4-clean-CAND-02450,review-clean4-clean.james.gibson.2450@example.com,James,Gibson,+1-clean-0002450
review-clean4-clean-CAND-02451,review-clean4-clean.john.holt.2451@example.com,John,Holt,+1-clean-0002451
review-clean4-clean-CAND-02452,review-clean4-clean.rebecca.hogan.2452@example.com,Rebecca,Hogan,+1-clean-0002452
review-clean4-clean-CAND-02453,review-clean4-clean.jennifer.martinez.2453@example.com,Jennifer,Martinez,+1-clean-0002453
review-clean4-clean-CAND-02454,review-clean4-clean.danny.cole.2454@example.com,Danny,Cole,+1-clean-0002454
review-clean4-clean-CAND-02455,review-clean4-clean.michael.mills.2455@example.com,Michael,Mills,+1-clean-0002455
review-clean4-clean-CAND-02456,review-clean4-clean.patrick.moody.2456@example.com,Patrick,Moody,+1-clean-0002456
review-clean4-clean-CAND-02457,review-clean4-clean.william.herring.2457@example.com,William,Herring,+1-clean-0002457
review-clean4-clean-CAND-02458,review-clean4-clean.nicholas.james.2458@example.com,Nicholas,James,+1-clean-0002458
review-clean4-clean-CAND-02459,review-clean4-clean.kayla.barr.2459@example.com,Kayla,Barr,+1-clean-0002459
review-clean4-clean-CAND-02460,review-clean4-clean.ariana.keller.2460@example.com,Ariana,Keller,+1-clean-0002460
review-clean4-clean-CAND-02461,review-clean4-clean.edward.melton.2461@example.com,Edward,Melton,+1-clean-0002461
review-clean4-clean-CAND-02462,review-clean4-clean.harold.joseph.2462@example.com,Harold,Joseph,+1-clean-0002462
review-clean4-clean-CAND-02463,review-clean4-clean.robert.collins.2463@example.com,Robert,Collins,+1-clean-0002463
review-clean4-clean-CAND-02464,review-clean4-clean.kayla.griffin.2464@example.com,Kayla,Griffin,+1-clean-0002464
review-clean4-clean-CAND-02465,review-clean4-clean.courtney.wilson.2465@example.com,Courtney,Wilson,+1-clean-0002465
review-clean4-clean-CAND-02466,review-clean4-clean.david.harris.2466@example.com,David,Harris,+1-clean-0002466
review-clean4-clean-CAND-02467,review-clean4-clean.cindy.king.2467@example.com,Cindy,King,+1-clean-0002467
review-clean4-clean-CAND-02468,review-clean4-clean.stephen.foley.2468@example.com,Stephen,Foley,+1-clean-0002468
review-clean4-clean-CAND-02469,review-clean4-clean.amy.smith.2469@example.com,Amy,Smith,+1-clean-0002469
review-clean4-clean-CAND-02470,review-clean4-clean.nicole.young.2470@example.com,Nicole,Young,+1-clean-0002470
review-clean4-clean-CAND-02471,review-clean4-clean.brianna.alvarez.2471@example.com,Brianna,Alvarez,+1-clean-0002471
review-clean4-clean-CAND-02472,review-clean4-clean.robert.miller.2472@example.com,Robert,Miller,+1-clean-0002472
review-clean4-clean-CAND-02473,review-clean4-clean.carol.sanchez.2473@example.com,Carol,Sanchez,+1-clean-0002473
review-clean4-clean-CAND-02474,review-clean4-clean.amy.harvey.2474@example.com,Amy,Harvey,+1-clean-0002474
review-clean4-clean-CAND-02475,review-clean4-clean.angela.bryan.2475@example.com,Angela,Bryan,+1-clean-0002475
review-clean4-clean-CAND-02476,review-clean4-clean.brandon.hernandez.2476@example.com,Brandon,Hernandez,+1-clean-0002476
review-clean4-clean-CAND-02477,review-clean4-clean.denise.johnson.2477@example.com,Denise,Johnson,+1-clean-0002477
review-clean4-clean-CAND-02478,review-clean4-clean.melissa.estrada.2478@example.com,Melissa,Estrada,+1-clean-0002478
review-clean4-clean-CAND-02479,review-clean4-clean.mary.evans.2479@example.com,Mary,Evans,+1-clean-0002479
review-clean4-clean-CAND-02480,review-clean4-clean.samantha.williams.2480@example.com,Samantha,Williams,+1-clean-0002480
review-clean4-clean-CAND-02481,review-clean4-clean.robert.thompson.2481@example.com,Robert,Thompson,+1-clean-0002481
review-clean4-clean-CAND-02482,review-clean4-clean.emily.carr.2482@example.com,Emily,Carr,+1-clean-0002482
review-clean4-clean-CAND-02483,review-clean4-clean.heather.larson.2483@example.com,Heather,Larson,+1-clean-0002483
review-clean4-clean-CAND-02484,review-clean4-clean.kristin.thompson.2484@example.com,Kristin,Thompson,+1-clean-0002484
review-clean4-clean-CAND-02485,review-clean4-clean.stanley.riley.2485@example.com,Stanley,Riley,+1-clean-0002485
review-clean4-clean-CAND-02486,review-clean4-clean.sarah.davis.2486@example.com,Sarah,Davis,+1-clean-0002486
review-clean4-clean-CAND-02487,review-clean4-clean.kevin.richardson.2487@example.com,Kevin,Richardson,+1-clean-0002487
review-clean4-clean-CAND-02488,review-clean4-clean.nicholas.jones.2488@example.com,Nicholas,Jones,+1-clean-0002488
review-clean4-clean-CAND-02489,review-clean4-clean.ronald.pierce.2489@example.com,Ronald,Pierce,+1-clean-0002489
review-clean4-clean-CAND-02490,review-clean4-clean.kelly.taylor.2490@example.com,Kelly,Taylor,+1-clean-0002490
review-clean4-clean-CAND-02491,review-clean4-clean.heather.hill.2491@example.com,Heather,Hill,+1-clean-0002491
review-clean4-clean-CAND-02492,review-clean4-clean.alison.warren.2492@example.com,Alison,Warren,+1-clean-0002492
review-clean4-clean-CAND-02493,review-clean4-clean.heather.salazar.2493@example.com,Heather,Salazar,+1-clean-0002493
review-clean4-clean-CAND-02494,review-clean4-clean.daniel.blair.2494@example.com,Daniel,Blair,+1-clean-0002494
review-clean4-clean-CAND-02495,review-clean4-clean.cristina.benitez.2495@example.com,Cristina,Benitez,+1-clean-0002495
review-clean4-clean-CAND-02496,review-clean4-clean.timothy.barker.2496@example.com,Timothy,Barker,+1-clean-0002496
review-clean4-clean-CAND-02497,review-clean4-clean.sarah.andersen.2497@example.com,Sarah,Andersen,+1-clean-0002497
review-clean4-clean-CAND-02498,review-clean4-clean.justin.lynch.2498@example.com,Justin,Lynch,+1-clean-0002498
review-clean4-clean-CAND-02499,review-clean4-clean.leslie.fox.2499@example.com,Leslie,Fox,+1-clean-0002499
review-clean4-clean-CAND-02500,review-clean4-clean.wanda.gomez.2500@example.com,Wanda,Gomez,+1-clean-0002500
review-clean4-clean-CAND-02501,review-clean4-clean.david.hart.2501@example.com,David,Hart,+1-clean-0002501
review-clean4-clean-CAND-02502,review-clean4-clean.april.welch.2502@example.com,April,Welch,+1-clean-0002502
review-clean4-clean-CAND-02503,review-clean4-clean.travis.white.2503@example.com,Travis,White,+1-clean-0002503
review-clean4-clean-CAND-02504,review-clean4-clean.chelsea.erickson.2504@example.com,Chelsea,Erickson,+1-clean-0002504
review-clean4-clean-CAND-02505,review-clean4-clean.tiffany.smith.2505@example.com,Tiffany,Smith,+1-clean-0002505
review-clean4-clean-CAND-02506,review-clean4-clean.andrew.garrett.2506@example.com,Andrew,Garrett,+1-clean-0002506
review-clean4-clean-CAND-02507,review-clean4-clean.david.charles.2507@example.com,David,Charles,+1-clean-0002507
review-clean4-clean-CAND-02508,review-clean4-clean.lauren.duarte.2508@example.com,Lauren,Duarte,+1-clean-0002508
review-clean4-clean-CAND-02509,review-clean4-clean.robert.cook.2509@example.com,Robert,Cook,+1-clean-0002509
review-clean4-clean-CAND-02510,review-clean4-clean.ann.walsh.2510@example.com,Ann,Walsh,+1-clean-0002510
review-clean4-clean-CAND-02511,review-clean4-clean.alex.harris.2511@example.com,Alex,Harris,+1-clean-0002511
review-clean4-clean-CAND-02512,review-clean4-clean.juan.tyler.2512@example.com,Juan,Tyler,+1-clean-0002512
review-clean4-clean-CAND-02513,review-clean4-clean.kyle.hunter.2513@example.com,Kyle,Hunter,+1-clean-0002513
review-clean4-clean-CAND-02514,review-clean4-clean.mario.smith.2514@example.com,Mario,Smith,+1-clean-0002514
review-clean4-clean-CAND-02515,review-clean4-clean.gina.peterson.2515@example.com,Gina,Peterson,+1-clean-0002515
review-clean4-clean-CAND-02516,review-clean4-clean.jennifer.gilbert.2516@example.com,Jennifer,Gilbert,+1-clean-0002516
review-clean4-clean-CAND-02517,review-clean4-clean.anthony.thompson.2517@example.com,Anthony,Thompson,+1-clean-0002517
review-clean4-clean-CAND-02518,review-clean4-clean.mark.morgan.2518@example.com,Mark,Morgan,+1-clean-0002518
review-clean4-clean-CAND-02519,review-clean4-clean.emily.hendricks.2519@example.com,Emily,Hendricks,+1-clean-0002519
review-clean4-clean-CAND-02520,review-clean4-clean.laura.brewer.2520@example.com,Laura,Brewer,+1-clean-0002520
review-clean4-clean-CAND-02521,review-clean4-clean.timothy.burton.2521@example.com,Timothy,Burton,+1-clean-0002521
review-clean4-clean-CAND-02522,review-clean4-clean.patricia.herrera.2522@example.com,Patricia,Herrera,+1-clean-0002522
review-clean4-clean-CAND-02523,review-clean4-clean.matthew.bowers.2523@example.com,Matthew,Bowers,+1-clean-0002523
review-clean4-clean-CAND-02524,review-clean4-clean.robert.newton.2524@example.com,Robert,Newton,+1-clean-0002524
review-clean4-clean-CAND-02525,review-clean4-clean.mary.evans.2525@example.com,Mary,Evans,+1-clean-0002525
review-clean4-clean-CAND-02526,review-clean4-clean.jessica.stewart.2526@example.com,Jessica,Stewart,+1-clean-0002526
review-clean4-clean-CAND-02527,review-clean4-clean.amanda.clark.2527@example.com,Amanda,Clark,+1-clean-0002527
review-clean4-clean-CAND-02528,review-clean4-clean.gina.marsh.2528@example.com,Gina,Marsh,+1-clean-0002528
review-clean4-clean-CAND-02529,review-clean4-clean.pamela.gomez.2529@example.com,Pamela,Gomez,+1-clean-0002529
review-clean4-clean-CAND-02530,review-clean4-clean.tara.ramirez.2530@example.com,Tara,Ramirez,+1-clean-0002530
review-clean4-clean-CAND-02531,review-clean4-clean.anthony.terrell.2531@example.com,Anthony,Terrell,+1-clean-0002531
review-clean4-clean-CAND-02532,review-clean4-clean.courtney.kirby.2532@example.com,Courtney,Kirby,+1-clean-0002532
review-clean4-clean-CAND-02533,review-clean4-clean.ashley.price.2533@example.com,Ashley,Price,+1-clean-0002533
review-clean4-clean-CAND-02534,review-clean4-clean.brooke.hancock.2534@example.com,Brooke,Hancock,+1-clean-0002534
review-clean4-clean-CAND-02535,review-clean4-clean.karen.thornton.2535@example.com,Karen,Thornton,+1-clean-0002535
review-clean4-clean-CAND-02536,review-clean4-clean.leonard.johnson.2536@example.com,Leonard,Johnson,+1-clean-0002536
review-clean4-clean-CAND-02537,review-clean4-clean.robert.crawford.2537@example.com,Robert,Crawford,+1-clean-0002537
review-clean4-clean-CAND-02538,review-clean4-clean.john.hayes.2538@example.com,John,Hayes,+1-clean-0002538
review-clean4-clean-CAND-02539,review-clean4-clean.stephanie.robinson.2539@example.com,Stephanie,Robinson,+1-clean-0002539
review-clean4-clean-CAND-02540,review-clean4-clean.kevin.rodriguez.2540@example.com,Kevin,Rodriguez,+1-clean-0002540
review-clean4-clean-CAND-02541,review-clean4-clean.kristen.strickland.2541@example.com,Kristen,Strickland,+1-clean-0002541
review-clean4-clean-CAND-02542,review-clean4-clean.robin.wallace.2542@example.com,Robin,Wallace,+1-clean-0002542
review-clean4-clean-CAND-02543,review-clean4-clean.angel.webb.2543@example.com,Angel,Webb,+1-clean-0002543
review-clean4-clean-CAND-02544,review-clean4-clean.vincent.lee.2544@example.com,Vincent,Lee,+1-clean-0002544
review-clean4-clean-CAND-02545,review-clean4-clean.sandra.oconnor.2545@example.com,Sandra,Oconnor,+1-clean-0002545
review-clean4-clean-CAND-02546,review-clean4-clean.alexandra.rowe.2546@example.com,Alexandra,Rowe,+1-clean-0002546
review-clean4-clean-CAND-02547,review-clean4-clean.douglas.wiggins.2547@example.com,Douglas,Wiggins,+1-clean-0002547
review-clean4-clean-CAND-02548,review-clean4-clean.lynn.hurley.2548@example.com,Lynn,Hurley,+1-clean-0002548
review-clean4-clean-CAND-02549,review-clean4-clean.erica.anderson.2549@example.com,Erica,Anderson,+1-clean-0002549
review-clean4-clean-CAND-02550,review-clean4-clean.jenny.stevens.2550@example.com,Jenny,Stevens,+1-clean-0002550
review-clean4-clean-CAND-02551,review-clean4-clean.jennifer.boyd.2551@example.com,Jennifer,Boyd,+1-clean-0002551
review-clean4-clean-CAND-02552,review-clean4-clean.adam.randolph.2552@example.com,Adam,Randolph,+1-clean-0002552
review-clean4-clean-CAND-02553,review-clean4-clean.gloria.wheeler.2553@example.com,Gloria,Wheeler,+1-clean-0002553
review-clean4-clean-CAND-02554,review-clean4-clean.christopher.owens.2554@example.com,Christopher,Owens,+1-clean-0002554
review-clean4-clean-CAND-02555,review-clean4-clean.brandon.meyer.2555@example.com,Brandon,Meyer,+1-clean-0002555
review-clean4-clean-CAND-02556,review-clean4-clean.donna.edwards.2556@example.com,Donna,Edwards,+1-clean-0002556
review-clean4-clean-CAND-02557,review-clean4-clean.becky.collins.2557@example.com,Becky,Collins,+1-clean-0002557
review-clean4-clean-CAND-02558,review-clean4-clean.patricia.flores.2558@example.com,Patricia,Flores,+1-clean-0002558
review-clean4-clean-CAND-02559,review-clean4-clean.james.hill.2559@example.com,James,Hill,+1-clean-0002559
review-clean4-clean-CAND-02560,review-clean4-clean.luis.alexander.2560@example.com,Luis,Alexander,+1-clean-0002560
review-clean4-clean-CAND-02561,review-clean4-clean.david.hernandez.2561@example.com,David,Hernandez,+1-clean-0002561
review-clean4-clean-CAND-02562,review-clean4-clean.joshua.smith.2562@example.com,Joshua,Smith,+1-clean-0002562
review-clean4-clean-CAND-02563,review-clean4-clean.cindy.palmer.2563@example.com,Cindy,Palmer,+1-clean-0002563
review-clean4-clean-CAND-02564,review-clean4-clean.jamie.bell.2564@example.com,Jamie,Bell,+1-clean-0002564
review-clean4-clean-CAND-02565,review-clean4-clean.lucas.thomas.2565@example.com,Lucas,Thomas,+1-clean-0002565
review-clean4-clean-CAND-02566,review-clean4-clean.janet.campbell.2566@example.com,Janet,Campbell,+1-clean-0002566
review-clean4-clean-CAND-02567,review-clean4-clean.john.jones.2567@example.com,John,Jones,+1-clean-0002567
review-clean4-clean-CAND-02568,review-clean4-clean.christina.morgan.2568@example.com,Christina,Morgan,+1-clean-0002568
review-clean4-clean-CAND-02569,review-clean4-clean.scott.anderson.2569@example.com,Scott,Anderson,+1-clean-0002569
review-clean4-clean-CAND-02570,review-clean4-clean.thomas.lowe.2570@example.com,Thomas,Lowe,+1-clean-0002570
review-clean4-clean-CAND-02571,review-clean4-clean.daniel.brown.2571@example.com,Daniel,Brown,+1-clean-0002571
review-clean4-clean-CAND-02572,review-clean4-clean.ronald.white.2572@example.com,Ronald,White,+1-clean-0002572
review-clean4-clean-CAND-02573,review-clean4-clean.caitlin.watkins.2573@example.com,Caitlin,Watkins,+1-clean-0002573
review-clean4-clean-CAND-02574,review-clean4-clean.mary.lyons.2574@example.com,Mary,Lyons,+1-clean-0002574
review-clean4-clean-CAND-02575,review-clean4-clean.christina.edwards.2575@example.com,Christina,Edwards,+1-clean-0002575
review-clean4-clean-CAND-02576,review-clean4-clean.lisa.marquez.2576@example.com,Lisa,Marquez,+1-clean-0002576
review-clean4-clean-CAND-02577,review-clean4-clean.emily.ferguson.2577@example.com,Emily,Ferguson,+1-clean-0002577
review-clean4-clean-CAND-02578,review-clean4-clean.terri.campos.2578@example.com,Terri,Campos,+1-clean-0002578
review-clean4-clean-CAND-02579,review-clean4-clean.steven.anderson.2579@example.com,Steven,Anderson,+1-clean-0002579
review-clean4-clean-CAND-02580,review-clean4-clean.lisa.gillespie.2580@example.com,Lisa,Gillespie,+1-clean-0002580
review-clean4-clean-CAND-02581,review-clean4-clean.taylor.bryant.2581@example.com,Taylor,Bryant,+1-clean-0002581
review-clean4-clean-CAND-02582,review-clean4-clean.gabrielle.mckinney.2582@example.com,Gabrielle,Mckinney,+1-clean-0002582
review-clean4-clean-CAND-02583,review-clean4-clean.steven.hall.2583@example.com,Steven,Hall,+1-clean-0002583
review-clean4-clean-CAND-02584,review-clean4-clean.jeffrey.callahan.2584@example.com,Jeffrey,Callahan,+1-clean-0002584
review-clean4-clean-CAND-02585,review-clean4-clean.christina.durham.2585@example.com,Christina,Durham,+1-clean-0002585
review-clean4-clean-CAND-02586,review-clean4-clean.philip.lyons.2586@example.com,Philip,Lyons,+1-clean-0002586
review-clean4-clean-CAND-02587,review-clean4-clean.elizabeth.mccormick.2587@example.com,Elizabeth,Mccormick,+1-clean-0002587
review-clean4-clean-CAND-02588,review-clean4-clean.nicole.chavez.2588@example.com,Nicole,Chavez,+1-clean-0002588
review-clean4-clean-CAND-02589,review-clean4-clean.anthony.alvarez.2589@example.com,Anthony,Alvarez,+1-clean-0002589
review-clean4-clean-CAND-02590,review-clean4-clean.michael.murray.2590@example.com,Michael,Murray,+1-clean-0002590
review-clean4-clean-CAND-02591,review-clean4-clean.george.tate.2591@example.com,George,Tate,+1-clean-0002591
review-clean4-clean-CAND-02592,review-clean4-clean.cassandra.anderson.2592@example.com,Cassandra,Anderson,+1-clean-0002592
review-clean4-clean-CAND-02593,review-clean4-clean.dakota.roth.2593@example.com,Dakota,Roth,+1-clean-0002593
review-clean4-clean-CAND-02594,review-clean4-clean.laura.nguyen.2594@example.com,Laura,Nguyen,+1-clean-0002594
review-clean4-clean-CAND-02595,review-clean4-clean.debra.sparks.2595@example.com,Debra,Sparks,+1-clean-0002595
review-clean4-clean-CAND-02596,review-clean4-clean.amanda.morales.2596@example.com,Amanda,Morales,+1-clean-0002596
review-clean4-clean-CAND-02597,review-clean4-clean.robert.oliver.2597@example.com,Robert,Oliver,+1-clean-0002597
review-clean4-clean-CAND-02598,review-clean4-clean.amy.dickson.2598@example.com,Amy,Dickson,+1-clean-0002598
review-clean4-clean-CAND-02599,review-clean4-clean.patrick.peterson.2599@example.com,Patrick,Peterson,+1-clean-0002599
review-clean4-clean-CAND-02600,review-clean4-clean.lisa.garza.2600@example.com,Lisa,Garza,+1-clean-0002600
review-clean4-clean-CAND-02601,review-clean4-clean.kristen.graham.2601@example.com,Kristen,Graham,+1-clean-0002601
review-clean4-clean-CAND-02602,review-clean4-clean.kristin.stephens.2602@example.com,Kristin,Stephens,+1-clean-0002602
review-clean4-clean-CAND-02603,review-clean4-clean.joel.bates.2603@example.com,Joel,Bates,+1-clean-0002603
review-clean4-clean-CAND-02604,review-clean4-clean.christian.galvan.2604@example.com,Christian,Galvan,+1-clean-0002604
review-clean4-clean-CAND-02605,review-clean4-clean.audrey.tucker.2605@example.com,Audrey,Tucker,+1-clean-0002605
review-clean4-clean-CAND-02606,review-clean4-clean.brittany.ford.2606@example.com,Brittany,Ford,+1-clean-0002606
review-clean4-clean-CAND-02607,review-clean4-clean.angela.short.2607@example.com,Angela,Short,+1-clean-0002607
review-clean4-clean-CAND-02608,review-clean4-clean.gregory.blanchard.2608@example.com,Gregory,Blanchard,+1-clean-0002608
review-clean4-clean-CAND-02609,review-clean4-clean.chad.rodriguez.2609@example.com,Chad,Rodriguez,+1-clean-0002609
review-clean4-clean-CAND-02610,review-clean4-clean.lisa.wise.2610@example.com,Lisa,Wise,+1-clean-0002610
review-clean4-clean-CAND-02611,review-clean4-clean.nicholas.snyder.2611@example.com,Nicholas,Snyder,+1-clean-0002611
review-clean4-clean-CAND-02612,review-clean4-clean.donna.davis.2612@example.com,Donna,Davis,+1-clean-0002612
review-clean4-clean-CAND-02613,review-clean4-clean.lisa.clay.2613@example.com,Lisa,Clay,+1-clean-0002613
review-clean4-clean-CAND-02614,review-clean4-clean.rebecca.fields.2614@example.com,Rebecca,Fields,+1-clean-0002614
review-clean4-clean-CAND-02615,review-clean4-clean.aaron.thomas.2615@example.com,Aaron,Thomas,+1-clean-0002615
review-clean4-clean-CAND-02616,review-clean4-clean.edward.schmidt.2616@example.com,Edward,Schmidt,+1-clean-0002616
review-clean4-clean-CAND-02617,review-clean4-clean.peter.lane.2617@example.com,Peter,Lane,+1-clean-0002617
review-clean4-clean-CAND-02618,review-clean4-clean.james.maldonado.2618@example.com,James,Maldonado,+1-clean-0002618
review-clean4-clean-CAND-02619,review-clean4-clean.leslie.hudson.2619@example.com,Leslie,Hudson,+1-clean-0002619
review-clean4-clean-CAND-02620,review-clean4-clean.robin.torres.2620@example.com,Robin,Torres,+1-clean-0002620
review-clean4-clean-CAND-02621,review-clean4-clean.sherry.graham.2621@example.com,Sherry,Graham,+1-clean-0002621
review-clean4-clean-CAND-02622,review-clean4-clean.toni.cooper.2622@example.com,Toni,Cooper,+1-clean-0002622
review-clean4-clean-CAND-02623,review-clean4-clean.christopher.smith.2623@example.com,Christopher,Smith,+1-clean-0002623
review-clean4-clean-CAND-02624,review-clean4-clean.valerie.powell.2624@example.com,Valerie,Powell,+1-clean-0002624
review-clean4-clean-CAND-02625,review-clean4-clean.david.phillips.2625@example.com,David,Phillips,+1-clean-0002625
review-clean4-clean-CAND-02626,review-clean4-clean.mike.dunn.2626@example.com,Mike,Dunn,+1-clean-0002626
review-clean4-clean-CAND-02627,review-clean4-clean.brian.warner.2627@example.com,Brian,Warner,+1-clean-0002627
review-clean4-clean-CAND-02628,review-clean4-clean.lori.howard.2628@example.com,Lori,Howard,+1-clean-0002628
review-clean4-clean-CAND-02629,review-clean4-clean.michelle.glenn.2629@example.com,Michelle,Glenn,+1-clean-0002629
review-clean4-clean-CAND-02630,review-clean4-clean.joe.park.2630@example.com,Joe,Park,+1-clean-0002630
review-clean4-clean-CAND-02631,review-clean4-clean.phillip.flores.2631@example.com,Phillip,Flores,+1-clean-0002631
review-clean4-clean-CAND-02632,review-clean4-clean.patrick.james.2632@example.com,Patrick,James,+1-clean-0002632
review-clean4-clean-CAND-02633,review-clean4-clean.amy.bates.2633@example.com,Amy,Bates,+1-clean-0002633
review-clean4-clean-CAND-02634,review-clean4-clean.thomas.lopez.2634@example.com,Thomas,Lopez,+1-clean-0002634
review-clean4-clean-CAND-02635,review-clean4-clean.patrick.middleton.2635@example.com,Patrick,Middleton,+1-clean-0002635
review-clean4-clean-CAND-02636,review-clean4-clean.mary.moore.2636@example.com,Mary,Moore,+1-clean-0002636
review-clean4-clean-CAND-02637,review-clean4-clean.whitney.santiago.2637@example.com,Whitney,Santiago,+1-clean-0002637
review-clean4-clean-CAND-02638,review-clean4-clean.dennis.jones.2638@example.com,Dennis,Jones,+1-clean-0002638
review-clean4-clean-CAND-02639,review-clean4-clean.alfred.griffith.2639@example.com,Alfred,Griffith,+1-clean-0002639
review-clean4-clean-CAND-02640,review-clean4-clean.tommy.kim.2640@example.com,Tommy,Kim,+1-clean-0002640
review-clean4-clean-CAND-02641,review-clean4-clean.veronica.miller.2641@example.com,Veronica,Miller,+1-clean-0002641
review-clean4-clean-CAND-02642,review-clean4-clean.dawn.perry.2642@example.com,Dawn,Perry,+1-clean-0002642
review-clean4-clean-CAND-02643,review-clean4-clean.stephen.mccormick.2643@example.com,Stephen,Mccormick,+1-clean-0002643
review-clean4-clean-CAND-02644,review-clean4-clean.cassandra.simmons.2644@example.com,Cassandra,Simmons,+1-clean-0002644
review-clean4-clean-CAND-02645,review-clean4-clean.hector.hicks.2645@example.com,Hector,Hicks,+1-clean-0002645
review-clean4-clean-CAND-02646,review-clean4-clean.andrea.cole.2646@example.com,Andrea,Cole,+1-clean-0002646
review-clean4-clean-CAND-02647,review-clean4-clean.michael.lopez.2647@example.com,Michael,Lopez,+1-clean-0002647
review-clean4-clean-CAND-02648,review-clean4-clean.cassandra.lane.2648@example.com,Cassandra,Lane,+1-clean-0002648
review-clean4-clean-CAND-02649,review-clean4-clean.melanie.young.2649@example.com,Melanie,Young,+1-clean-0002649
review-clean4-clean-CAND-02650,review-clean4-clean.walter.jenkins.2650@example.com,Walter,Jenkins,+1-clean-0002650
review-clean4-clean-CAND-02651,review-clean4-clean.amy.richardson.2651@example.com,Amy,Richardson,+1-clean-0002651
review-clean4-clean-CAND-02652,review-clean4-clean.tiffany.carroll.2652@example.com,Tiffany,Carroll,+1-clean-0002652
review-clean4-clean-CAND-02653,review-clean4-clean.janet.wilson.2653@example.com,Janet,Wilson,+1-clean-0002653
review-clean4-clean-CAND-02654,review-clean4-clean.timothy.vaughn.2654@example.com,Timothy,Vaughn,+1-clean-0002654
review-clean4-clean-CAND-02655,review-clean4-clean.douglas.simon.2655@example.com,Douglas,Simon,+1-clean-0002655
review-clean4-clean-CAND-02656,review-clean4-clean.tonya.terrell.2656@example.com,Tonya,Terrell,+1-clean-0002656
review-clean4-clean-CAND-02657,review-clean4-clean.kimberly.marshall.2657@example.com,Kimberly,Marshall,+1-clean-0002657
review-clean4-clean-CAND-02658,review-clean4-clean.christian.wu.2658@example.com,Christian,Wu,+1-clean-0002658
review-clean4-clean-CAND-02659,review-clean4-clean.christopher.kennedy.2659@example.com,Christopher,Kennedy,+1-clean-0002659
review-clean4-clean-CAND-02660,review-clean4-clean.judith.horne.2660@example.com,Judith,Horne,+1-clean-0002660
review-clean4-clean-CAND-02661,review-clean4-clean.christian.schultz.2661@example.com,Christian,Schultz,+1-clean-0002661
review-clean4-clean-CAND-02662,review-clean4-clean.lauren.edwards.2662@example.com,Lauren,Edwards,+1-clean-0002662
review-clean4-clean-CAND-02663,review-clean4-clean.brian.cooper.2663@example.com,Brian,Cooper,+1-clean-0002663
review-clean4-clean-CAND-02664,review-clean4-clean.kimberly.harrison.2664@example.com,Kimberly,Harrison,+1-clean-0002664
review-clean4-clean-CAND-02665,review-clean4-clean.william.harrison.2665@example.com,William,Harrison,+1-clean-0002665
review-clean4-clean-CAND-02666,review-clean4-clean.jessica.fisher.2666@example.com,Jessica,Fisher,+1-clean-0002666
review-clean4-clean-CAND-02667,review-clean4-clean.susan.yates.2667@example.com,Susan,Yates,+1-clean-0002667
review-clean4-clean-CAND-02668,review-clean4-clean.keith.johnson.2668@example.com,Keith,Johnson,+1-clean-0002668
review-clean4-clean-CAND-02669,review-clean4-clean.sandra.curry.2669@example.com,Sandra,Curry,+1-clean-0002669
review-clean4-clean-CAND-02670,review-clean4-clean.jessica.elliott.2670@example.com,Jessica,Elliott,+1-clean-0002670
review-clean4-clean-CAND-02671,review-clean4-clean.bryan.kennedy.2671@example.com,Bryan,Kennedy,+1-clean-0002671
review-clean4-clean-CAND-02672,review-clean4-clean.gary.williams.2672@example.com,Gary,Williams,+1-clean-0002672
review-clean4-clean-CAND-02673,review-clean4-clean.veronica.lamb.2673@example.com,Veronica,Lamb,+1-clean-0002673
review-clean4-clean-CAND-02674,review-clean4-clean.claudia.mitchell.2674@example.com,Claudia,Mitchell,+1-clean-0002674
review-clean4-clean-CAND-02675,review-clean4-clean.christopher.wagner.2675@example.com,Christopher,Wagner,+1-clean-0002675
review-clean4-clean-CAND-02676,review-clean4-clean.melissa.ramirez.2676@example.com,Melissa,Ramirez,+1-clean-0002676
review-clean4-clean-CAND-02677,review-clean4-clean.david.campbell.2677@example.com,David,Campbell,+1-clean-0002677
review-clean4-clean-CAND-02678,review-clean4-clean.michaela.smith.2678@example.com,Michaela,Smith,+1-clean-0002678
review-clean4-clean-CAND-02679,review-clean4-clean.daniel.thompson.2679@example.com,Daniel,Thompson,+1-clean-0002679
review-clean4-clean-CAND-02680,review-clean4-clean.brittany.hernandez.2680@example.com,Brittany,Hernandez,+1-clean-0002680
review-clean4-clean-CAND-02681,review-clean4-clean.sean.morton.2681@example.com,Sean,Morton,+1-clean-0002681
review-clean4-clean-CAND-02682,review-clean4-clean.jose.haynes.2682@example.com,Jose,Haynes,+1-clean-0002682
review-clean4-clean-CAND-02683,review-clean4-clean.todd.lloyd.2683@example.com,Todd,Lloyd,+1-clean-0002683
review-clean4-clean-CAND-02684,review-clean4-clean.michelle.cooper.2684@example.com,Michelle,Cooper,+1-clean-0002684
review-clean4-clean-CAND-02685,review-clean4-clean.christopher.thomas.2685@example.com,Christopher,Thomas,+1-clean-0002685
review-clean4-clean-CAND-02686,review-clean4-clean.sarah.moore.2686@example.com,Sarah,Moore,+1-clean-0002686
review-clean4-clean-CAND-02687,review-clean4-clean.tyler.chaney.2687@example.com,Tyler,Chaney,+1-clean-0002687
review-clean4-clean-CAND-02688,review-clean4-clean.kaylee.young.2688@example.com,Kaylee,Young,+1-clean-0002688
review-clean4-clean-CAND-02689,review-clean4-clean.scott.walsh.2689@example.com,Scott,Walsh,+1-clean-0002689
review-clean4-clean-CAND-02690,review-clean4-clean.jason.navarro.2690@example.com,Jason,Navarro,+1-clean-0002690
review-clean4-clean-CAND-02691,review-clean4-clean.michael.may.2691@example.com,Michael,May,+1-clean-0002691
review-clean4-clean-CAND-02692,review-clean4-clean.karla.wilson.2692@example.com,Karla,Wilson,+1-clean-0002692
review-clean4-clean-CAND-02693,review-clean4-clean.gary.ross.2693@example.com,Gary,Ross,+1-clean-0002693
review-clean4-clean-CAND-02694,review-clean4-clean.kevin.reese.2694@example.com,Kevin,Reese,+1-clean-0002694
review-clean4-clean-CAND-02695,review-clean4-clean.karen.patel.2695@example.com,Karen,Patel,+1-clean-0002695
review-clean4-clean-CAND-02696,review-clean4-clean.noah.thornton.2696@example.com,Noah,Thornton,+1-clean-0002696
review-clean4-clean-CAND-02697,review-clean4-clean.thomas.thomas.2697@example.com,Thomas,Thomas,+1-clean-0002697
review-clean4-clean-CAND-02698,review-clean4-clean.monica.smith.2698@example.com,Monica,Smith,+1-clean-0002698
review-clean4-clean-CAND-02699,review-clean4-clean.sara.cole.2699@example.com,Sara,Cole,+1-clean-0002699
review-clean4-clean-CAND-02700,review-clean4-clean.erika.nixon.2700@example.com,Erika,Nixon,+1-clean-0002700
review-clean4-clean-CAND-02701,review-clean4-clean.felicia.williams.2701@example.com,Felicia,Williams,+1-clean-0002701
review-clean4-clean-CAND-02702,review-clean4-clean.samantha.walsh.2702@example.com,Samantha,Walsh,+1-clean-0002702
review-clean4-clean-CAND-02703,review-clean4-clean.stephanie.reynolds.2703@example.com,Stephanie,Reynolds,+1-clean-0002703
review-clean4-clean-CAND-02704,review-clean4-clean.samantha.garrison.2704@example.com,Samantha,Garrison,+1-clean-0002704
review-clean4-clean-CAND-02705,review-clean4-clean.matthew.adams.2705@example.com,Matthew,Adams,+1-clean-0002705
review-clean4-clean-CAND-02706,review-clean4-clean.corey.pena.2706@example.com,Corey,Pena,+1-clean-0002706
review-clean4-clean-CAND-02707,review-clean4-clean.peter.mejia.2707@example.com,Peter,Mejia,+1-clean-0002707
review-clean4-clean-CAND-02708,review-clean4-clean.kaitlyn.navarro.2708@example.com,Kaitlyn,Navarro,+1-clean-0002708
review-clean4-clean-CAND-02709,review-clean4-clean.brianna.lee.2709@example.com,Brianna,Lee,+1-clean-0002709
review-clean4-clean-CAND-02710,review-clean4-clean.matthew.vaughn.2710@example.com,Matthew,Vaughn,+1-clean-0002710
review-clean4-clean-CAND-02711,review-clean4-clean.hector.kelley.2711@example.com,Hector,Kelley,+1-clean-0002711
review-clean4-clean-CAND-02712,review-clean4-clean.emily.decker.2712@example.com,Emily,Decker,+1-clean-0002712
review-clean4-clean-CAND-02713,review-clean4-clean.alexander.davis.2713@example.com,Alexander,Davis,+1-clean-0002713
review-clean4-clean-CAND-02714,review-clean4-clean.dalton.griffin.2714@example.com,Dalton,Griffin,+1-clean-0002714
review-clean4-clean-CAND-02715,review-clean4-clean.jeffrey.campbell.2715@example.com,Jeffrey,Campbell,+1-clean-0002715
review-clean4-clean-CAND-02716,review-clean4-clean.james.johnson.2716@example.com,James,Johnson,+1-clean-0002716
review-clean4-clean-CAND-02717,review-clean4-clean.christopher.mays.2717@example.com,Christopher,Mays,+1-clean-0002717
review-clean4-clean-CAND-02718,review-clean4-clean.diane.houston.2718@example.com,Diane,Houston,+1-clean-0002718
review-clean4-clean-CAND-02719,review-clean4-clean.stephanie.little.2719@example.com,Stephanie,Little,+1-clean-0002719
review-clean4-clean-CAND-02720,review-clean4-clean.jean.wilson.2720@example.com,Jean,Wilson,+1-clean-0002720
review-clean4-clean-CAND-02721,review-clean4-clean.melissa.anderson.2721@example.com,Melissa,Anderson,+1-clean-0002721
review-clean4-clean-CAND-02722,review-clean4-clean.diana.yoder.2722@example.com,Diana,Yoder,+1-clean-0002722
review-clean4-clean-CAND-02723,review-clean4-clean.ashlee.coffey.2723@example.com,Ashlee,Coffey,+1-clean-0002723
review-clean4-clean-CAND-02724,review-clean4-clean.paula.dominguez.2724@example.com,Paula,Dominguez,+1-clean-0002724
review-clean4-clean-CAND-02725,review-clean4-clean.jon.owens.2725@example.com,Jon,Owens,+1-clean-0002725
review-clean4-clean-CAND-02726,review-clean4-clean.sharon.fowler.2726@example.com,Sharon,Fowler,+1-clean-0002726
review-clean4-clean-CAND-02727,review-clean4-clean.sandra.hill.2727@example.com,Sandra,Hill,+1-clean-0002727
review-clean4-clean-CAND-02728,review-clean4-clean.ronald.berger.2728@example.com,Ronald,Berger,+1-clean-0002728
review-clean4-clean-CAND-02729,review-clean4-clean.kayla.morris.2729@example.com,Kayla,Morris,+1-clean-0002729
review-clean4-clean-CAND-02730,review-clean4-clean.fernando.jones.2730@example.com,Fernando,Jones,+1-clean-0002730
review-clean4-clean-CAND-02731,review-clean4-clean.kimberly.reyes.2731@example.com,Kimberly,Reyes,+1-clean-0002731
review-clean4-clean-CAND-02732,review-clean4-clean.marvin.brown.2732@example.com,Marvin,Brown,+1-clean-0002732
review-clean4-clean-CAND-02733,review-clean4-clean.stephanie.baker.2733@example.com,Stephanie,Baker,+1-clean-0002733
review-clean4-clean-CAND-02734,review-clean4-clean.scott.vasquez.2734@example.com,Scott,Vasquez,+1-clean-0002734
review-clean4-clean-CAND-02735,review-clean4-clean.sarah.bishop.2735@example.com,Sarah,Bishop,+1-clean-0002735
review-clean4-clean-CAND-02736,review-clean4-clean.gregory.vasquez.2736@example.com,Gregory,Vasquez,+1-clean-0002736
review-clean4-clean-CAND-02737,review-clean4-clean.douglas.mack.2737@example.com,Douglas,Mack,+1-clean-0002737
review-clean4-clean-CAND-02738,review-clean4-clean.jeffery.schneider.2738@example.com,Jeffery,Schneider,+1-clean-0002738
review-clean4-clean-CAND-02739,review-clean4-clean.rita.baldwin.2739@example.com,Rita,Baldwin,+1-clean-0002739
review-clean4-clean-CAND-02740,review-clean4-clean.dakota.jones.2740@example.com,Dakota,Jones,+1-clean-0002740
review-clean4-clean-CAND-02741,review-clean4-clean.ashley.king.2741@example.com,Ashley,King,+1-clean-0002741
review-clean4-clean-CAND-02742,review-clean4-clean.sean.mosley.2742@example.com,Sean,Mosley,+1-clean-0002742
review-clean4-clean-CAND-02743,review-clean4-clean.eduardo.bowman.2743@example.com,Eduardo,Bowman,+1-clean-0002743
review-clean4-clean-CAND-02744,review-clean4-clean.sarah.ortega.2744@example.com,Sarah,Ortega,+1-clean-0002744
review-clean4-clean-CAND-02745,review-clean4-clean.joseph.graves.2745@example.com,Joseph,Graves,+1-clean-0002745
review-clean4-clean-CAND-02746,review-clean4-clean.rebecca.andrews.2746@example.com,Rebecca,Andrews,+1-clean-0002746
review-clean4-clean-CAND-02747,review-clean4-clean.zachary.case.2747@example.com,Zachary,Case,+1-clean-0002747
review-clean4-clean-CAND-02748,review-clean4-clean.tracy.graham.2748@example.com,Tracy,Graham,+1-clean-0002748
review-clean4-clean-CAND-02749,review-clean4-clean.megan.norman.2749@example.com,Megan,Norman,+1-clean-0002749
review-clean4-clean-CAND-02750,review-clean4-clean.kristen.fernandez.2750@example.com,Kristen,Fernandez,+1-clean-0002750
review-clean4-clean-CAND-02751,review-clean4-clean.aaron.finley.2751@example.com,Aaron,Finley,+1-clean-0002751
review-clean4-clean-CAND-02752,review-clean4-clean.lisa.olson.2752@example.com,Lisa,Olson,+1-clean-0002752
review-clean4-clean-CAND-02753,review-clean4-clean.ashley.donovan.2753@example.com,Ashley,Donovan,+1-clean-0002753
review-clean4-clean-CAND-02754,review-clean4-clean.michael.maldonado.2754@example.com,Michael,Maldonado,+1-clean-0002754
review-clean4-clean-CAND-02755,review-clean4-clean.richard.chen.2755@example.com,Richard,Chen,+1-clean-0002755
review-clean4-clean-CAND-02756,review-clean4-clean.susan.davis.2756@example.com,Susan,Davis,+1-clean-0002756
review-clean4-clean-CAND-02757,review-clean4-clean.amanda.woodward.2757@example.com,Amanda,Woodward,+1-clean-0002757
review-clean4-clean-CAND-02758,review-clean4-clean.christopher.stevens.2758@example.com,Christopher,Stevens,+1-clean-0002758
review-clean4-clean-CAND-02759,review-clean4-clean.katie.holland.2759@example.com,Katie,Holland,+1-clean-0002759
review-clean4-clean-CAND-02760,review-clean4-clean.gregory.williams.2760@example.com,Gregory,Williams,+1-clean-0002760
review-clean4-clean-CAND-02761,review-clean4-clean.patrick.lee.2761@example.com,Patrick,Lee,+1-clean-0002761
review-clean4-clean-CAND-02762,review-clean4-clean.heather.mosley.2762@example.com,Heather,Mosley,+1-clean-0002762
review-clean4-clean-CAND-02763,review-clean4-clean.crystal.howard.2763@example.com,Crystal,Howard,+1-clean-0002763
review-clean4-clean-CAND-02764,review-clean4-clean.christopher.chen.2764@example.com,Christopher,Chen,+1-clean-0002764
review-clean4-clean-CAND-02765,review-clean4-clean.jill.taylor.2765@example.com,Jill,Taylor,+1-clean-0002765
review-clean4-clean-CAND-02766,review-clean4-clean.james.cortez.2766@example.com,James,Cortez,+1-clean-0002766
review-clean4-clean-CAND-02767,review-clean4-clean.brittany.burns.2767@example.com,Brittany,Burns,+1-clean-0002767
review-clean4-clean-CAND-02768,review-clean4-clean.bryan.fernandez.2768@example.com,Bryan,Fernandez,+1-clean-0002768
review-clean4-clean-CAND-02769,review-clean4-clean.kyle.ferguson.2769@example.com,Kyle,Ferguson,+1-clean-0002769
review-clean4-clean-CAND-02770,review-clean4-clean.mary.cole.2770@example.com,Mary,Cole,+1-clean-0002770
review-clean4-clean-CAND-02771,review-clean4-clean.wendy.johnson.2771@example.com,Wendy,Johnson,+1-clean-0002771
review-clean4-clean-CAND-02772,review-clean4-clean.brian.french.2772@example.com,Brian,French,+1-clean-0002772
review-clean4-clean-CAND-02773,review-clean4-clean.brad.wilson.2773@example.com,Brad,Wilson,+1-clean-0002773
review-clean4-clean-CAND-02774,review-clean4-clean.lindsay.contreras.2774@example.com,Lindsay,Contreras,+1-clean-0002774
review-clean4-clean-CAND-02775,review-clean4-clean.stephen.gregory.2775@example.com,Stephen,Gregory,+1-clean-0002775
review-clean4-clean-CAND-02776,review-clean4-clean.morgan.hernandez.2776@example.com,Morgan,Hernandez,+1-clean-0002776
review-clean4-clean-CAND-02777,review-clean4-clean.beth.buckley.2777@example.com,Beth,Buckley,+1-clean-0002777
review-clean4-clean-CAND-02778,review-clean4-clean.benjamin.thomas.2778@example.com,Benjamin,Thomas,+1-clean-0002778
review-clean4-clean-CAND-02779,review-clean4-clean.desiree.ruiz.2779@example.com,Desiree,Ruiz,+1-clean-0002779
review-clean4-clean-CAND-02780,review-clean4-clean.samantha.williams.2780@example.com,Samantha,Williams,+1-clean-0002780
review-clean4-clean-CAND-02781,review-clean4-clean.jacqueline.anderson.2781@example.com,Jacqueline,Anderson,+1-clean-0002781
review-clean4-clean-CAND-02782,review-clean4-clean.gerald.williams.2782@example.com,Gerald,Williams,+1-clean-0002782
review-clean4-clean-CAND-02783,review-clean4-clean.kyle.leon.2783@example.com,Kyle,Leon,+1-clean-0002783
review-clean4-clean-CAND-02784,review-clean4-clean.stephen.jackson.2784@example.com,Stephen,Jackson,+1-clean-0002784
review-clean4-clean-CAND-02785,review-clean4-clean.brittany.meyers.2785@example.com,Brittany,Meyers,+1-clean-0002785
review-clean4-clean-CAND-02786,review-clean4-clean.daniel.crawford.2786@example.com,Daniel,Crawford,+1-clean-0002786
review-clean4-clean-CAND-02787,review-clean4-clean.lauren.walker.2787@example.com,Lauren,Walker,+1-clean-0002787
review-clean4-clean-CAND-02788,review-clean4-clean.linda.simmons.2788@example.com,Linda,Simmons,+1-clean-0002788
review-clean4-clean-CAND-02789,review-clean4-clean.lisa.hendrix.2789@example.com,Lisa,Hendrix,+1-clean-0002789
review-clean4-clean-CAND-02790,review-clean4-clean.erika.nguyen.2790@example.com,Erika,Nguyen,+1-clean-0002790
review-clean4-clean-CAND-02791,review-clean4-clean.theresa.johnston.2791@example.com,Theresa,Johnston,+1-clean-0002791
review-clean4-clean-CAND-02792,review-clean4-clean.derrick.copeland.2792@example.com,Derrick,Copeland,+1-clean-0002792
review-clean4-clean-CAND-02793,review-clean4-clean.laura.duran.2793@example.com,Laura,Duran,+1-clean-0002793
review-clean4-clean-CAND-02794,review-clean4-clean.brittany.rogers.2794@example.com,Brittany,Rogers,+1-clean-0002794
review-clean4-clean-CAND-02795,review-clean4-clean.david.thomas.2795@example.com,David,Thomas,+1-clean-0002795
review-clean4-clean-CAND-02796,review-clean4-clean.robert.horton.2796@example.com,Robert,Horton,+1-clean-0002796
review-clean4-clean-CAND-02797,review-clean4-clean.angela.gonzales.2797@example.com,Angela,Gonzales,+1-clean-0002797
review-clean4-clean-CAND-02798,review-clean4-clean.sara.williams.2798@example.com,Sara,Williams,+1-clean-0002798
review-clean4-clean-CAND-02799,review-clean4-clean.craig.boone.2799@example.com,Craig,Boone,+1-clean-0002799
review-clean4-clean-CAND-02800,review-clean4-clean.cheyenne.strickland.2800@example.com,Cheyenne,Strickland,+1-clean-0002800
review-clean4-clean-CAND-02801,review-clean4-clean.alexis.tucker.2801@example.com,Alexis,Tucker,+1-clean-0002801
review-clean4-clean-CAND-02802,review-clean4-clean.adam.white.2802@example.com,Adam,White,+1-clean-0002802
review-clean4-clean-CAND-02803,review-clean4-clean.christopher.pearson.2803@example.com,Christopher,Pearson,+1-clean-0002803
review-clean4-clean-CAND-02804,review-clean4-clean.olivia.butler.2804@example.com,Olivia,Butler,+1-clean-0002804
review-clean4-clean-CAND-02805,review-clean4-clean.lindsay.barton.2805@example.com,Lindsay,Barton,+1-clean-0002805
review-clean4-clean-CAND-02806,review-clean4-clean.heather.harris.2806@example.com,Heather,Harris,+1-clean-0002806
review-clean4-clean-CAND-02807,review-clean4-clean.danielle.mills.2807@example.com,Danielle,Mills,+1-clean-0002807
review-clean4-clean-CAND-02808,review-clean4-clean.robert.hurley.2808@example.com,Robert,Hurley,+1-clean-0002808
review-clean4-clean-CAND-02809,review-clean4-clean.cheryl.johnson.2809@example.com,Cheryl,Johnson,+1-clean-0002809
review-clean4-clean-CAND-02810,review-clean4-clean.hector.porter.2810@example.com,Hector,Porter,+1-clean-0002810
review-clean4-clean-CAND-02811,review-clean4-clean.stephanie.burton.2811@example.com,Stephanie,Burton,+1-clean-0002811
review-clean4-clean-CAND-02812,review-clean4-clean.kimberly.bailey.2812@example.com,Kimberly,Bailey,+1-clean-0002812
review-clean4-clean-CAND-02813,review-clean4-clean.adam.young.2813@example.com,Adam,Young,+1-clean-0002813
review-clean4-clean-CAND-02814,review-clean4-clean.david.moreno.2814@example.com,David,Moreno,+1-clean-0002814
review-clean4-clean-CAND-02815,review-clean4-clean.cody.cox.2815@example.com,Cody,Cox,+1-clean-0002815
review-clean4-clean-CAND-02816,review-clean4-clean.kathleen.fernandez.2816@example.com,Kathleen,Fernandez,+1-clean-0002816
review-clean4-clean-CAND-02817,review-clean4-clean.jeffrey.townsend.2817@example.com,Jeffrey,Townsend,+1-clean-0002817
review-clean4-clean-CAND-02818,review-clean4-clean.donna.hill.2818@example.com,Donna,Hill,+1-clean-0002818
review-clean4-clean-CAND-02819,review-clean4-clean.james.hogan.2819@example.com,James,Hogan,+1-clean-0002819
review-clean4-clean-CAND-02820,review-clean4-clean.gina.schmitt.2820@example.com,Gina,Schmitt,+1-clean-0002820
review-clean4-clean-CAND-02821,review-clean4-clean.thomas.thompson.2821@example.com,Thomas,Thompson,+1-clean-0002821
review-clean4-clean-CAND-02822,review-clean4-clean.elizabeth.williams.2822@example.com,Elizabeth,Williams,+1-clean-0002822
review-clean4-clean-CAND-02823,review-clean4-clean.deanna.mitchell.2823@example.com,Deanna,Mitchell,+1-clean-0002823
review-clean4-clean-CAND-02824,review-clean4-clean.ryan.cook.2824@example.com,Ryan,Cook,+1-clean-0002824
review-clean4-clean-CAND-02825,review-clean4-clean.linda.chang.2825@example.com,Linda,Chang,+1-clean-0002825
review-clean4-clean-CAND-02826,review-clean4-clean.bradley.yang.2826@example.com,Bradley,Yang,+1-clean-0002826
review-clean4-clean-CAND-02827,review-clean4-clean.sara.thompson.2827@example.com,Sara,Thompson,+1-clean-0002827
review-clean4-clean-CAND-02828,review-clean4-clean.kristen.washington.2828@example.com,Kristen,Washington,+1-clean-0002828
review-clean4-clean-CAND-02829,review-clean4-clean.darren.jacobson.2829@example.com,Darren,Jacobson,+1-clean-0002829
review-clean4-clean-CAND-02830,review-clean4-clean.jennifer.watkins.2830@example.com,Jennifer,Watkins,+1-clean-0002830
review-clean4-clean-CAND-02831,review-clean4-clean.mark.gonzalez.2831@example.com,Mark,Gonzalez,+1-clean-0002831
review-clean4-clean-CAND-02832,review-clean4-clean.erica.nguyen.2832@example.com,Erica,Nguyen,+1-clean-0002832
review-clean4-clean-CAND-02833,review-clean4-clean.kimberly.nguyen.2833@example.com,Kimberly,Nguyen,+1-clean-0002833
review-clean4-clean-CAND-02834,review-clean4-clean.corey.rojas.2834@example.com,Corey,Rojas,+1-clean-0002834
review-clean4-clean-CAND-02835,review-clean4-clean.molly.bennett.2835@example.com,Molly,Bennett,+1-clean-0002835
review-clean4-clean-CAND-02836,review-clean4-clean.jeffrey.ruiz.2836@example.com,Jeffrey,Ruiz,+1-clean-0002836
review-clean4-clean-CAND-02837,review-clean4-clean.todd.zamora.2837@example.com,Todd,Zamora,+1-clean-0002837
review-clean4-clean-CAND-02838,review-clean4-clean.dustin.reilly.2838@example.com,Dustin,Reilly,+1-clean-0002838
review-clean4-clean-CAND-02839,review-clean4-clean.spencer.hughes.2839@example.com,Spencer,Hughes,+1-clean-0002839
review-clean4-clean-CAND-02840,review-clean4-clean.derek.cortez.2840@example.com,Derek,Cortez,+1-clean-0002840
review-clean4-clean-CAND-02841,review-clean4-clean.crystal.cantrell.2841@example.com,Crystal,Cantrell,+1-clean-0002841
review-clean4-clean-CAND-02842,review-clean4-clean.james.martinez.2842@example.com,James,Martinez,+1-clean-0002842
review-clean4-clean-CAND-02843,review-clean4-clean.heather.brown.2843@example.com,Heather,Brown,+1-clean-0002843
review-clean4-clean-CAND-02844,review-clean4-clean.derek.york.2844@example.com,Derek,York,+1-clean-0002844
review-clean4-clean-CAND-02845,review-clean4-clean.stephen.jackson.2845@example.com,Stephen,Jackson,+1-clean-0002845
review-clean4-clean-CAND-02846,review-clean4-clean.matthew.tanner.2846@example.com,Matthew,Tanner,+1-clean-0002846
review-clean4-clean-CAND-02847,review-clean4-clean.cassandra.clarke.2847@example.com,Cassandra,Clarke,+1-clean-0002847
review-clean4-clean-CAND-02848,review-clean4-clean.dana.carr.2848@example.com,Dana,Carr,+1-clean-0002848
review-clean4-clean-CAND-02849,review-clean4-clean.george.cordova.2849@example.com,George,Cordova,+1-clean-0002849
review-clean4-clean-CAND-02850,review-clean4-clean.melissa.miller.2850@example.com,Melissa,Miller,+1-clean-0002850
review-clean4-clean-CAND-02851,review-clean4-clean.melody.burns.2851@example.com,Melody,Burns,+1-clean-0002851
review-clean4-clean-CAND-02852,review-clean4-clean.wendy.vargas.2852@example.com,Wendy,Vargas,+1-clean-0002852
review-clean4-clean-CAND-02853,review-clean4-clean.mary.ramirez.2853@example.com,Mary,Ramirez,+1-clean-0002853
review-clean4-clean-CAND-02854,review-clean4-clean.jessica.fitzgerald.2854@example.com,Jessica,Fitzgerald,+1-clean-0002854
review-clean4-clean-CAND-02855,review-clean4-clean.john.murphy.2855@example.com,John,Murphy,+1-clean-0002855
review-clean4-clean-CAND-02856,review-clean4-clean.bethany.snow.2856@example.com,Bethany,Snow,+1-clean-0002856
review-clean4-clean-CAND-02857,review-clean4-clean.brittany.hernandez.2857@example.com,Brittany,Hernandez,+1-clean-0002857
review-clean4-clean-CAND-02858,review-clean4-clean.ashley.smith.2858@example.com,Ashley,Smith,+1-clean-0002858
review-clean4-clean-CAND-02859,review-clean4-clean.tina.williams.2859@example.com,Tina,Williams,+1-clean-0002859
review-clean4-clean-CAND-02860,review-clean4-clean.thomas.mack.2860@example.com,Thomas,Mack,+1-clean-0002860
review-clean4-clean-CAND-02861,review-clean4-clean.arthur.schmidt.2861@example.com,Arthur,Schmidt,+1-clean-0002861
review-clean4-clean-CAND-02862,review-clean4-clean.timothy.yates.2862@example.com,Timothy,Yates,+1-clean-0002862
review-clean4-clean-CAND-02863,review-clean4-clean.lori.chavez.2863@example.com,Lori,Chavez,+1-clean-0002863
review-clean4-clean-CAND-02864,review-clean4-clean.john.hansen.2864@example.com,John,Hansen,+1-clean-0002864
review-clean4-clean-CAND-02865,review-clean4-clean.alexander.dennis.2865@example.com,Alexander,Dennis,+1-clean-0002865
review-clean4-clean-CAND-02866,review-clean4-clean.stephanie.anderson.2866@example.com,Stephanie,Anderson,+1-clean-0002866
review-clean4-clean-CAND-02867,review-clean4-clean.kenneth.holland.2867@example.com,Kenneth,Holland,+1-clean-0002867
review-clean4-clean-CAND-02868,review-clean4-clean.christopher.castillo.2868@example.com,Christopher,Castillo,+1-clean-0002868
review-clean4-clean-CAND-02869,review-clean4-clean.kevin.warner.2869@example.com,Kevin,Warner,+1-clean-0002869
review-clean4-clean-CAND-02870,review-clean4-clean.michaela.burgess.2870@example.com,Michaela,Burgess,+1-clean-0002870
review-clean4-clean-CAND-02871,review-clean4-clean.andrew.gibson.2871@example.com,Andrew,Gibson,+1-clean-0002871
review-clean4-clean-CAND-02872,review-clean4-clean.kelsey.sawyer.2872@example.com,Kelsey,Sawyer,+1-clean-0002872
review-clean4-clean-CAND-02873,review-clean4-clean.richard.clarke.2873@example.com,Richard,Clarke,+1-clean-0002873
review-clean4-clean-CAND-02874,review-clean4-clean.mitchell.marshall.2874@example.com,Mitchell,Marshall,+1-clean-0002874
review-clean4-clean-CAND-02875,review-clean4-clean.cynthia.dalton.2875@example.com,Cynthia,Dalton,+1-clean-0002875
review-clean4-clean-CAND-02876,review-clean4-clean.chad.barry.2876@example.com,Chad,Barry,+1-clean-0002876
review-clean4-clean-CAND-02877,review-clean4-clean.mason.johnson.2877@example.com,Mason,Johnson,+1-clean-0002877
review-clean4-clean-CAND-02878,review-clean4-clean.ronald.nelson.2878@example.com,Ronald,Nelson,+1-clean-0002878
review-clean4-clean-CAND-02879,review-clean4-clean.sophia.daniels.2879@example.com,Sophia,Daniels,+1-clean-0002879
review-clean4-clean-CAND-02880,review-clean4-clean.laura.french.2880@example.com,Laura,French,+1-clean-0002880
review-clean4-clean-CAND-02881,review-clean4-clean.christopher.gilmore.2881@example.com,Christopher,Gilmore,+1-clean-0002881
review-clean4-clean-CAND-02882,review-clean4-clean.jill.brown.2882@example.com,Jill,Brown,+1-clean-0002882
review-clean4-clean-CAND-02883,review-clean4-clean.sierra.leonard.2883@example.com,Sierra,Leonard,+1-clean-0002883
review-clean4-clean-CAND-02884,review-clean4-clean.pamela.rodriguez.2884@example.com,Pamela,Rodriguez,+1-clean-0002884
review-clean4-clean-CAND-02885,review-clean4-clean.michael.harvey.2885@example.com,Michael,Harvey,+1-clean-0002885
review-clean4-clean-CAND-02886,review-clean4-clean.michael.thompson.2886@example.com,Michael,Thompson,+1-clean-0002886
review-clean4-clean-CAND-02887,review-clean4-clean.angelica.jones.2887@example.com,Angelica,Jones,+1-clean-0002887
review-clean4-clean-CAND-02888,review-clean4-clean.jenna.harris.2888@example.com,Jenna,Harris,+1-clean-0002888
review-clean4-clean-CAND-02889,review-clean4-clean.tina.allen.2889@example.com,Tina,Allen,+1-clean-0002889
review-clean4-clean-CAND-02890,review-clean4-clean.daniel.mendoza.2890@example.com,Daniel,Mendoza,+1-clean-0002890
review-clean4-clean-CAND-02891,review-clean4-clean.sheila.carpenter.2891@example.com,Sheila,Carpenter,+1-clean-0002891
review-clean4-clean-CAND-02892,review-clean4-clean.susan.clark.2892@example.com,Susan,Clark,+1-clean-0002892
review-clean4-clean-CAND-02893,review-clean4-clean.julie.perez.2893@example.com,Julie,Perez,+1-clean-0002893
review-clean4-clean-CAND-02894,review-clean4-clean.michael.adams.2894@example.com,Michael,Adams,+1-clean-0002894
review-clean4-clean-CAND-02895,review-clean4-clean.erin.ramirez.2895@example.com,Erin,Ramirez,+1-clean-0002895
review-clean4-clean-CAND-02896,review-clean4-clean.bryan.reed.2896@example.com,Bryan,Reed,+1-clean-0002896
review-clean4-clean-CAND-02897,review-clean4-clean.todd.rose.2897@example.com,Todd,Rose,+1-clean-0002897
review-clean4-clean-CAND-02898,review-clean4-clean.david.mckinney.2898@example.com,David,Mckinney,+1-clean-0002898
review-clean4-clean-CAND-02899,review-clean4-clean.erika.patel.2899@example.com,Erika,Patel,+1-clean-0002899
review-clean4-clean-CAND-02900,review-clean4-clean.kelly.oliver.2900@example.com,Kelly,Oliver,+1-clean-0002900
review-clean4-clean-CAND-02901,review-clean4-clean.lauren.dougherty.2901@example.com,Lauren,Dougherty,+1-clean-0002901
review-clean4-clean-CAND-02902,review-clean4-clean.lisa.everett.2902@example.com,Lisa,Everett,+1-clean-0002902
review-clean4-clean-CAND-02903,review-clean4-clean.cameron.mcclain.2903@example.com,Cameron,Mcclain,+1-clean-0002903
review-clean4-clean-CAND-02904,review-clean4-clean.stephen.miller.2904@example.com,Stephen,Miller,+1-clean-0002904
review-clean4-clean-CAND-02905,review-clean4-clean.rachael.roberts.2905@example.com,Rachael,Roberts,+1-clean-0002905
review-clean4-clean-CAND-02906,review-clean4-clean.sue.rodriguez.2906@example.com,Sue,Rodriguez,+1-clean-0002906
review-clean4-clean-CAND-02907,review-clean4-clean.joshua.terry.2907@example.com,Joshua,Terry,+1-clean-0002907
review-clean4-clean-CAND-02908,review-clean4-clean.tyler.golden.2908@example.com,Tyler,Golden,+1-clean-0002908
review-clean4-clean-CAND-02909,review-clean4-clean.abigail.burton.2909@example.com,Abigail,Burton,+1-clean-0002909
review-clean4-clean-CAND-02910,review-clean4-clean.kelly.montes.2910@example.com,Kelly,Montes,+1-clean-0002910
review-clean4-clean-CAND-02911,review-clean4-clean.amber.anderson.2911@example.com,Amber,Anderson,+1-clean-0002911
review-clean4-clean-CAND-02912,review-clean4-clean.michael.wallace.2912@example.com,Michael,Wallace,+1-clean-0002912
review-clean4-clean-CAND-02913,review-clean4-clean.deanna.carter.2913@example.com,Deanna,Carter,+1-clean-0002913
review-clean4-clean-CAND-02914,review-clean4-clean.bryan.wiggins.2914@example.com,Bryan,Wiggins,+1-clean-0002914
review-clean4-clean-CAND-02915,review-clean4-clean.jesse.meza.2915@example.com,Jesse,Meza,+1-clean-0002915
review-clean4-clean-CAND-02916,review-clean4-clean.deanna.jenkins.2916@example.com,Deanna,Jenkins,+1-clean-0002916
review-clean4-clean-CAND-02917,review-clean4-clean.matthew.lucas.2917@example.com,Matthew,Lucas,+1-clean-0002917
review-clean4-clean-CAND-02918,review-clean4-clean.mark.watkins.2918@example.com,Mark,Watkins,+1-clean-0002918
review-clean4-clean-CAND-02919,review-clean4-clean.heidi.wilkinson.2919@example.com,Heidi,Wilkinson,+1-clean-0002919
review-clean4-clean-CAND-02920,review-clean4-clean.sean.torres.2920@example.com,Sean,Torres,+1-clean-0002920
review-clean4-clean-CAND-02921,review-clean4-clean.david.clarke.2921@example.com,David,Clarke,+1-clean-0002921
review-clean4-clean-CAND-02922,review-clean4-clean.george.green.2922@example.com,George,Green,+1-clean-0002922
review-clean4-clean-CAND-02923,review-clean4-clean.todd.arellano.2923@example.com,Todd,Arellano,+1-clean-0002923
review-clean4-clean-CAND-02924,review-clean4-clean.kayla.williams.2924@example.com,Kayla,Williams,+1-clean-0002924
review-clean4-clean-CAND-02925,review-clean4-clean.michael.bryant.2925@example.com,Michael,Bryant,+1-clean-0002925
review-clean4-clean-CAND-02926,review-clean4-clean.garrett.glass.2926@example.com,Garrett,Glass,+1-clean-0002926
review-clean4-clean-CAND-02927,review-clean4-clean.jennifer.mitchell.2927@example.com,Jennifer,Mitchell,+1-clean-0002927
review-clean4-clean-CAND-02928,review-clean4-clean.teresa.franco.2928@example.com,Teresa,Franco,+1-clean-0002928
review-clean4-clean-CAND-02929,review-clean4-clean.heather.estrada.2929@example.com,Heather,Estrada,+1-clean-0002929
review-clean4-clean-CAND-02930,review-clean4-clean.eric.young.2930@example.com,Eric,Young,+1-clean-0002930
review-clean4-clean-CAND-02931,review-clean4-clean.blake.stewart.2931@example.com,Blake,Stewart,+1-clean-0002931
review-clean4-clean-CAND-02932,review-clean4-clean.david.green.2932@example.com,David,Green,+1-clean-0002932
review-clean4-clean-CAND-02933,review-clean4-clean.jack.hart.2933@example.com,Jack,Hart,+1-clean-0002933
review-clean4-clean-CAND-02934,review-clean4-clean.austin.stewart.2934@example.com,Austin,Stewart,+1-clean-0002934
review-clean4-clean-CAND-02935,review-clean4-clean.maurice.watson.2935@example.com,Maurice,Watson,+1-clean-0002935
review-clean4-clean-CAND-02936,review-clean4-clean.amber.martin.2936@example.com,Amber,Martin,+1-clean-0002936
review-clean4-clean-CAND-02937,review-clean4-clean.kevin.knapp.2937@example.com,Kevin,Knapp,+1-clean-0002937
review-clean4-clean-CAND-02938,review-clean4-clean.richard.porter.2938@example.com,Richard,Porter,+1-clean-0002938
review-clean4-clean-CAND-02939,review-clean4-clean.dustin.ellis.2939@example.com,Dustin,Ellis,+1-clean-0002939
review-clean4-clean-CAND-02940,review-clean4-clean.luke.smith.2940@example.com,Luke,Smith,+1-clean-0002940
review-clean4-clean-CAND-02941,review-clean4-clean.joanna.cantrell.2941@example.com,Joanna,Cantrell,+1-clean-0002941
review-clean4-clean-CAND-02942,review-clean4-clean.mark.thornton.2942@example.com,Mark,Thornton,+1-clean-0002942
review-clean4-clean-CAND-02943,review-clean4-clean.thomas.roberts.2943@example.com,Thomas,Roberts,+1-clean-0002943
review-clean4-clean-CAND-02944,review-clean4-clean.sherry.hooper.2944@example.com,Sherry,Hooper,+1-clean-0002944
review-clean4-clean-CAND-02945,review-clean4-clean.audrey.thomas.2945@example.com,Audrey,Thomas,+1-clean-0002945
review-clean4-clean-CAND-02946,review-clean4-clean.annette.meadows.2946@example.com,Annette,Meadows,+1-clean-0002946
review-clean4-clean-CAND-02947,review-clean4-clean.scott.norris.2947@example.com,Scott,Norris,+1-clean-0002947
review-clean4-clean-CAND-02948,review-clean4-clean.jessica.mccullough.2948@example.com,Jessica,Mccullough,+1-clean-0002948
review-clean4-clean-CAND-02949,review-clean4-clean.donald.pierce.2949@example.com,Donald,Pierce,+1-clean-0002949
review-clean4-clean-CAND-02950,review-clean4-clean.kyle.morales.2950@example.com,Kyle,Morales,+1-clean-0002950
review-clean4-clean-CAND-02951,review-clean4-clean.mary.griffin.2951@example.com,Mary,Griffin,+1-clean-0002951
review-clean4-clean-CAND-02952,review-clean4-clean.christopher.brown.2952@example.com,Christopher,Brown,+1-clean-0002952
review-clean4-clean-CAND-02953,review-clean4-clean.danielle.silva.2953@example.com,Danielle,Silva,+1-clean-0002953
review-clean4-clean-CAND-02954,review-clean4-clean.jeffrey.walls.2954@example.com,Jeffrey,Walls,+1-clean-0002954
review-clean4-clean-CAND-02955,review-clean4-clean.joshua.johnson.2955@example.com,Joshua,Johnson,+1-clean-0002955
review-clean4-clean-CAND-02956,review-clean4-clean.amanda.griffin.2956@example.com,Amanda,Griffin,+1-clean-0002956
review-clean4-clean-CAND-02957,review-clean4-clean.emily.miller.2957@example.com,Emily,Miller,+1-clean-0002957
review-clean4-clean-CAND-02958,review-clean4-clean.william.lee.2958@example.com,William,Lee,+1-clean-0002958
review-clean4-clean-CAND-02959,review-clean4-clean.louis.jacobs.2959@example.com,Louis,Jacobs,+1-clean-0002959
review-clean4-clean-CAND-02960,review-clean4-clean.sherry.kerr.2960@example.com,Sherry,Kerr,+1-clean-0002960
review-clean4-clean-CAND-02961,review-clean4-clean.michael.hernandez.2961@example.com,Michael,Hernandez,+1-clean-0002961
review-clean4-clean-CAND-02962,review-clean4-clean.melissa.wood.2962@example.com,Melissa,Wood,+1-clean-0002962
review-clean4-clean-CAND-02963,review-clean4-clean.nathan.mitchell.2963@example.com,Nathan,Mitchell,+1-clean-0002963
review-clean4-clean-CAND-02964,review-clean4-clean.michael.madden.2964@example.com,Michael,Madden,+1-clean-0002964
review-clean4-clean-CAND-02965,review-clean4-clean.nancy.miller.2965@example.com,Nancy,Miller,+1-clean-0002965
review-clean4-clean-CAND-02966,review-clean4-clean.jessica.wallace.2966@example.com,Jessica,Wallace,+1-clean-0002966
review-clean4-clean-CAND-02967,review-clean4-clean.victoria.lara.2967@example.com,Victoria,Lara,+1-clean-0002967
review-clean4-clean-CAND-02968,review-clean4-clean.keith.shaffer.2968@example.com,Keith,Shaffer,+1-clean-0002968
review-clean4-clean-CAND-02969,review-clean4-clean.tara.coleman.2969@example.com,Tara,Coleman,+1-clean-0002969
review-clean4-clean-CAND-02970,review-clean4-clean.peggy.taylor.2970@example.com,Peggy,Taylor,+1-clean-0002970
review-clean4-clean-CAND-02971,review-clean4-clean.brenda.miller.2971@example.com,Brenda,Miller,+1-clean-0002971
review-clean4-clean-CAND-02972,review-clean4-clean.jared.wells.2972@example.com,Jared,Wells,+1-clean-0002972
review-clean4-clean-CAND-02973,review-clean4-clean.mikayla.hatfield.2973@example.com,Mikayla,Hatfield,+1-clean-0002973
review-clean4-clean-CAND-02974,review-clean4-clean.carl.choi.2974@example.com,Carl,Choi,+1-clean-0002974
review-clean4-clean-CAND-02975,review-clean4-clean.katelyn.davis.2975@example.com,Katelyn,Davis,+1-clean-0002975
review-clean4-clean-CAND-02976,review-clean4-clean.robert.rocha.2976@example.com,Robert,Rocha,+1-clean-0002976
review-clean4-clean-CAND-02977,review-clean4-clean.robert.peters.2977@example.com,Robert,Peters,+1-clean-0002977
review-clean4-clean-CAND-02978,review-clean4-clean.jennifer.fischer.2978@example.com,Jennifer,Fischer,+1-clean-0002978
review-clean4-clean-CAND-02979,review-clean4-clean.derrick.lopez.2979@example.com,Derrick,Lopez,+1-clean-0002979
review-clean4-clean-CAND-02980,review-clean4-clean.patrick.spencer.2980@example.com,Patrick,Spencer,+1-clean-0002980
review-clean4-clean-CAND-02981,review-clean4-clean.bobby.mckenzie.2981@example.com,Bobby,Mckenzie,+1-clean-0002981
review-clean4-clean-CAND-02982,review-clean4-clean.mary.torres.2982@example.com,Mary,Torres,+1-clean-0002982
review-clean4-clean-CAND-02983,review-clean4-clean.anita.ford.2983@example.com,Anita,Ford,+1-clean-0002983
review-clean4-clean-CAND-02984,review-clean4-clean.anthony.smith.2984@example.com,Anthony,Smith,+1-clean-0002984
review-clean4-clean-CAND-02985,review-clean4-clean.jose.blanchard.2985@example.com,Jose,Blanchard,+1-clean-0002985
review-clean4-clean-CAND-02986,review-clean4-clean.mary.kennedy.2986@example.com,Mary,Kennedy,+1-clean-0002986
review-clean4-clean-CAND-02987,review-clean4-clean.desiree.stafford.2987@example.com,Desiree,Stafford,+1-clean-0002987
review-clean4-clean-CAND-02988,review-clean4-clean.robert.vasquez.2988@example.com,Robert,Vasquez,+1-clean-0002988
review-clean4-clean-CAND-02989,review-clean4-clean.gwendolyn.sanchez.2989@example.com,Gwendolyn,Sanchez,+1-clean-0002989
review-clean4-clean-CAND-02990,review-clean4-clean.david.ramirez.2990@example.com,David,Ramirez,+1-clean-0002990
review-clean4-clean-CAND-02991,review-clean4-clean.virginia.jones.2991@example.com,Virginia,Jones,+1-clean-0002991
review-clean4-clean-CAND-02992,review-clean4-clean.julie.perkins.2992@example.com,Julie,Perkins,+1-clean-0002992
review-clean4-clean-CAND-02993,review-clean4-clean.ariana.oneill.2993@example.com,Ariana,Oneill,+1-clean-0002993
review-clean4-clean-CAND-02994,review-clean4-clean.courtney.alvarez.2994@example.com,Courtney,Alvarez,+1-clean-0002994
review-clean4-clean-CAND-02995,review-clean4-clean.heather.wilson.2995@example.com,Heather,Wilson,+1-clean-0002995
review-clean4-clean-CAND-02996,review-clean4-clean.william.johnston.2996@example.com,William,Johnston,+1-clean-0002996
review-clean4-clean-CAND-02997,review-clean4-clean.megan.martin.2997@example.com,Megan,Martin,+1-clean-0002997
review-clean4-clean-CAND-02998,review-clean4-clean.brian.flores.2998@example.com,Brian,Flores,+1-clean-0002998
review-clean4-clean-CAND-02999,review-clean4-clean.natalie.taylor.2999@example.com,Natalie,Taylor,+1-clean-0002999
review-clean4-clean-CAND-03000,review-clean4-clean.frank.nelson.3000@example.com,Frank,Nelson,+1-clean-0003000
review-clean4-clean-CAND-03001,review-clean4-clean.robert.barr.3001@example.com,Robert,Barr,+1-clean-0003001
review-clean4-clean-CAND-03002,review-clean4-clean.michael.roberts.3002@example.com,Michael,Roberts,+1-clean-0003002
review-clean4-clean-CAND-03003,review-clean4-clean.alyssa.mayer.3003@example.com,Alyssa,Mayer,+1-clean-0003003
review-clean4-clean-CAND-03004,review-clean4-clean.willie.miranda.3004@example.com,Willie,Miranda,+1-clean-0003004
review-clean4-clean-CAND-03005,review-clean4-clean.isaac.davis.3005@example.com,Isaac,Davis,+1-clean-0003005
review-clean4-clean-CAND-03006,review-clean4-clean.karen.stephens.3006@example.com,Karen,Stephens,+1-clean-0003006
review-clean4-clean-CAND-03007,review-clean4-clean.monique.serrano.3007@example.com,Monique,Serrano,+1-clean-0003007
review-clean4-clean-CAND-03008,review-clean4-clean.gail.turner.3008@example.com,Gail,Turner,+1-clean-0003008
review-clean4-clean-CAND-03009,review-clean4-clean.gina.barker.3009@example.com,Gina,Barker,+1-clean-0003009
review-clean4-clean-CAND-03010,review-clean4-clean.cody.carpenter.3010@example.com,Cody,Carpenter,+1-clean-0003010
review-clean4-clean-CAND-03011,review-clean4-clean.madeline.smith.3011@example.com,Madeline,Smith,+1-clean-0003011
review-clean4-clean-CAND-03012,review-clean4-clean.april.watson.3012@example.com,April,Watson,+1-clean-0003012
review-clean4-clean-CAND-03013,review-clean4-clean.todd.peterson.3013@example.com,Todd,Peterson,+1-clean-0003013
review-clean4-clean-CAND-03014,review-clean4-clean.renee.garcia.3014@example.com,Renee,Garcia,+1-clean-0003014
review-clean4-clean-CAND-03015,review-clean4-clean.eric.walker.3015@example.com,Eric,Walker,+1-clean-0003015
review-clean4-clean-CAND-03016,review-clean4-clean.jacob.prince.3016@example.com,Jacob,Prince,+1-clean-0003016
review-clean4-clean-CAND-03017,review-clean4-clean.christina.guerra.3017@example.com,Christina,Guerra,+1-clean-0003017
review-clean4-clean-CAND-03018,review-clean4-clean.alicia.patel.3018@example.com,Alicia,Patel,+1-clean-0003018
review-clean4-clean-CAND-03019,review-clean4-clean.andrea.avila.3019@example.com,Andrea,Avila,+1-clean-0003019
review-clean4-clean-CAND-03020,review-clean4-clean.daniel.stevens.3020@example.com,Daniel,Stevens,+1-clean-0003020
review-clean4-clean-CAND-03021,review-clean4-clean.charles.fuentes.3021@example.com,Charles,Fuentes,+1-clean-0003021
review-clean4-clean-CAND-03022,review-clean4-clean.sandra.mendoza.3022@example.com,Sandra,Mendoza,+1-clean-0003022
review-clean4-clean-CAND-03023,review-clean4-clean.larry.cox.3023@example.com,Larry,Cox,+1-clean-0003023
review-clean4-clean-CAND-03024,review-clean4-clean.lisa.preston.3024@example.com,Lisa,Preston,+1-clean-0003024
review-clean4-clean-CAND-03025,review-clean4-clean.carla.gallagher.3025@example.com,Carla,Gallagher,+1-clean-0003025
review-clean4-clean-CAND-03026,review-clean4-clean.matthew.mckinney.3026@example.com,Matthew,Mckinney,+1-clean-0003026
review-clean4-clean-CAND-03027,review-clean4-clean.anthony.olsen.3027@example.com,Anthony,Olsen,+1-clean-0003027
review-clean4-clean-CAND-03028,review-clean4-clean.jeffrey.vincent.3028@example.com,Jeffrey,Vincent,+1-clean-0003028
review-clean4-clean-CAND-03029,review-clean4-clean.douglas.perez.3029@example.com,Douglas,Perez,+1-clean-0003029
review-clean4-clean-CAND-03030,review-clean4-clean.david.anderson.3030@example.com,David,Anderson,+1-clean-0003030
review-clean4-clean-CAND-03031,review-clean4-clean.christian.vazquez.3031@example.com,Christian,Vazquez,+1-clean-0003031
review-clean4-clean-CAND-03032,review-clean4-clean.kristen.jones.3032@example.com,Kristen,Jones,+1-clean-0003032
review-clean4-clean-CAND-03033,review-clean4-clean.kim.todd.3033@example.com,Kim,Todd,+1-clean-0003033
review-clean4-clean-CAND-03034,review-clean4-clean.brad.rodriguez.3034@example.com,Brad,Rodriguez,+1-clean-0003034
review-clean4-clean-CAND-03035,review-clean4-clean.laura.palmer.3035@example.com,Laura,Palmer,+1-clean-0003035
review-clean4-clean-CAND-03036,review-clean4-clean.brian.wilson.3036@example.com,Brian,Wilson,+1-clean-0003036
review-clean4-clean-CAND-03037,review-clean4-clean.johnny.jones.3037@example.com,Johnny,Jones,+1-clean-0003037
review-clean4-clean-CAND-03038,review-clean4-clean.elizabeth.webster.3038@example.com,Elizabeth,Webster,+1-clean-0003038
review-clean4-clean-CAND-03039,review-clean4-clean.kimberly.mora.3039@example.com,Kimberly,Mora,+1-clean-0003039
review-clean4-clean-CAND-03040,review-clean4-clean.jamie.santana.3040@example.com,Jamie,Santana,+1-clean-0003040
review-clean4-clean-CAND-03041,review-clean4-clean.jack.bell.3041@example.com,Jack,Bell,+1-clean-0003041
review-clean4-clean-CAND-03042,review-clean4-clean.christopher.singleton.3042@example.com,Christopher,Singleton,+1-clean-0003042
review-clean4-clean-CAND-03043,review-clean4-clean.shelly.rush.3043@example.com,Shelly,Rush,+1-clean-0003043
review-clean4-clean-CAND-03044,review-clean4-clean.michael.martin.3044@example.com,Michael,Martin,+1-clean-0003044
review-clean4-clean-CAND-03045,review-clean4-clean.vincent.chandler.3045@example.com,Vincent,Chandler,+1-clean-0003045
review-clean4-clean-CAND-03046,review-clean4-clean.john.hudson.3046@example.com,John,Hudson,+1-clean-0003046
review-clean4-clean-CAND-03047,review-clean4-clean.cory.lane.3047@example.com,Cory,Lane,+1-clean-0003047
review-clean4-clean-CAND-03048,review-clean4-clean.alexis.robinson.3048@example.com,Alexis,Robinson,+1-clean-0003048
review-clean4-clean-CAND-03049,review-clean4-clean.james.campbell.3049@example.com,James,Campbell,+1-clean-0003049
review-clean4-clean-CAND-03050,review-clean4-clean.rachel.medina.3050@example.com,Rachel,Medina,+1-clean-0003050
review-clean4-clean-CAND-03051,review-clean4-clean.teresa.garcia.3051@example.com,Teresa,Garcia,+1-clean-0003051
review-clean4-clean-CAND-03052,review-clean4-clean.jason.gordon.3052@example.com,Jason,Gordon,+1-clean-0003052
review-clean4-clean-CAND-03053,review-clean4-clean.jasmine.richardson.3053@example.com,Jasmine,Richardson,+1-clean-0003053
review-clean4-clean-CAND-03054,review-clean4-clean.bridget.gonzales.3054@example.com,Bridget,Gonzales,+1-clean-0003054
review-clean4-clean-CAND-03055,review-clean4-clean.susan.white.3055@example.com,Susan,White,+1-clean-0003055
review-clean4-clean-CAND-03056,review-clean4-clean.michael.gray.3056@example.com,Michael,Gray,+1-clean-0003056
review-clean4-clean-CAND-03057,review-clean4-clean.jason.perez.3057@example.com,Jason,Perez,+1-clean-0003057
review-clean4-clean-CAND-03058,review-clean4-clean.daniel.rollins.3058@example.com,Daniel,Rollins,+1-clean-0003058
review-clean4-clean-CAND-03059,review-clean4-clean.david.rodriguez.3059@example.com,David,Rodriguez,+1-clean-0003059
review-clean4-clean-CAND-03060,review-clean4-clean.derek.farmer.3060@example.com,Derek,Farmer,+1-clean-0003060
review-clean4-clean-CAND-03061,review-clean4-clean.janet.hawkins.3061@example.com,Janet,Hawkins,+1-clean-0003061
review-clean4-clean-CAND-03062,review-clean4-clean.billy.murphy.3062@example.com,Billy,Murphy,+1-clean-0003062
review-clean4-clean-CAND-03063,review-clean4-clean.darrell.campbell.3063@example.com,Darrell,Campbell,+1-clean-0003063
review-clean4-clean-CAND-03064,review-clean4-clean.caroline.collins.3064@example.com,Caroline,Collins,+1-clean-0003064
review-clean4-clean-CAND-03065,review-clean4-clean.theresa.wallace.3065@example.com,Theresa,Wallace,+1-clean-0003065
review-clean4-clean-CAND-03066,review-clean4-clean.angela.roberts.3066@example.com,Angela,Roberts,+1-clean-0003066
review-clean4-clean-CAND-03067,review-clean4-clean.melissa.lopez.3067@example.com,Melissa,Lopez,+1-clean-0003067
review-clean4-clean-CAND-03068,review-clean4-clean.chad.randall.3068@example.com,Chad,Randall,+1-clean-0003068
review-clean4-clean-CAND-03069,review-clean4-clean.thomas.shelton.3069@example.com,Thomas,Shelton,+1-clean-0003069
review-clean4-clean-CAND-03070,review-clean4-clean.harry.lutz.3070@example.com,Harry,Lutz,+1-clean-0003070
review-clean4-clean-CAND-03071,review-clean4-clean.travis.garcia.3071@example.com,Travis,Garcia,+1-clean-0003071
review-clean4-clean-CAND-03072,review-clean4-clean.samuel.barrett.3072@example.com,Samuel,Barrett,+1-clean-0003072
review-clean4-clean-CAND-03073,review-clean4-clean.christopher.thomas.3073@example.com,Christopher,Thomas,+1-clean-0003073
review-clean4-clean-CAND-03074,review-clean4-clean.richard.garza.3074@example.com,Richard,Garza,+1-clean-0003074
review-clean4-clean-CAND-03075,review-clean4-clean.cristian.schaefer.3075@example.com,Cristian,Schaefer,+1-clean-0003075
review-clean4-clean-CAND-03076,review-clean4-clean.tiffany.brown.3076@example.com,Tiffany,Brown,+1-clean-0003076
review-clean4-clean-CAND-03077,review-clean4-clean.theresa.morgan.3077@example.com,Theresa,Morgan,+1-clean-0003077
review-clean4-clean-CAND-03078,review-clean4-clean.brooke.ewing.3078@example.com,Brooke,Ewing,+1-clean-0003078
review-clean4-clean-CAND-03079,review-clean4-clean.david.massey.3079@example.com,David,Massey,+1-clean-0003079
review-clean4-clean-CAND-03080,review-clean4-clean.jessica.ramirez.3080@example.com,Jessica,Ramirez,+1-clean-0003080
review-clean4-clean-CAND-03081,review-clean4-clean.jennifer.perkins.3081@example.com,Jennifer,Perkins,+1-clean-0003081
review-clean4-clean-CAND-03082,review-clean4-clean.joshua.clarke.3082@example.com,Joshua,Clarke,+1-clean-0003082
review-clean4-clean-CAND-03083,review-clean4-clean.dawn.ross.3083@example.com,Dawn,Ross,+1-clean-0003083
review-clean4-clean-CAND-03084,review-clean4-clean.thomas.morrison.3084@example.com,Thomas,Morrison,+1-clean-0003084
review-clean4-clean-CAND-03085,review-clean4-clean.richard.washington.3085@example.com,Richard,Washington,+1-clean-0003085
review-clean4-clean-CAND-03086,review-clean4-clean.joshua.tate.3086@example.com,Joshua,Tate,+1-clean-0003086
review-clean4-clean-CAND-03087,review-clean4-clean.daniel.king.3087@example.com,Daniel,King,+1-clean-0003087
review-clean4-clean-CAND-03088,review-clean4-clean.tyler.fuller.3088@example.com,Tyler,Fuller,+1-clean-0003088
review-clean4-clean-CAND-03089,review-clean4-clean.dennis.garcia.3089@example.com,Dennis,Garcia,+1-clean-0003089
review-clean4-clean-CAND-03090,review-clean4-clean.brian.jones.3090@example.com,Brian,Jones,+1-clean-0003090
review-clean4-clean-CAND-03091,review-clean4-clean.erika.stanton.3091@example.com,Erika,Stanton,+1-clean-0003091
review-clean4-clean-CAND-03092,review-clean4-clean.patrick.shelton.3092@example.com,Patrick,Shelton,+1-clean-0003092
review-clean4-clean-CAND-03093,review-clean4-clean.eric.howell.3093@example.com,Eric,Howell,+1-clean-0003093
review-clean4-clean-CAND-03094,review-clean4-clean.cole.jones.3094@example.com,Cole,Jones,+1-clean-0003094
review-clean4-clean-CAND-03095,review-clean4-clean.karen.saunders.3095@example.com,Karen,Saunders,+1-clean-0003095
review-clean4-clean-CAND-03096,review-clean4-clean.laura.harris.3096@example.com,Laura,Harris,+1-clean-0003096
review-clean4-clean-CAND-03097,review-clean4-clean.ebony.henry.3097@example.com,Ebony,Henry,+1-clean-0003097
review-clean4-clean-CAND-03098,review-clean4-clean.jose.cooper.3098@example.com,Jose,Cooper,+1-clean-0003098
review-clean4-clean-CAND-03099,review-clean4-clean.michele.payne.3099@example.com,Michele,Payne,+1-clean-0003099
review-clean4-clean-CAND-03100,review-clean4-clean.stephanie.johnson.3100@example.com,Stephanie,Johnson,+1-clean-0003100
review-clean4-clean-CAND-03101,review-clean4-clean.russell.melendez.3101@example.com,Russell,Melendez,+1-clean-0003101
review-clean4-clean-CAND-03102,review-clean4-clean.patrick.edwards.3102@example.com,Patrick,Edwards,+1-clean-0003102
review-clean4-clean-CAND-03103,review-clean4-clean.nicholas.stevens.3103@example.com,Nicholas,Stevens,+1-clean-0003103
review-clean4-clean-CAND-03104,review-clean4-clean.antonio.hawkins.3104@example.com,Antonio,Hawkins,+1-clean-0003104
review-clean4-clean-CAND-03105,review-clean4-clean.michelle.turner.3105@example.com,Michelle,Turner,+1-clean-0003105
review-clean4-clean-CAND-03106,review-clean4-clean.janice.henry.3106@example.com,Janice,Henry,+1-clean-0003106
review-clean4-clean-CAND-03107,review-clean4-clean.dennis.baldwin.3107@example.com,Dennis,Baldwin,+1-clean-0003107
review-clean4-clean-CAND-03108,review-clean4-clean.tony.rodriguez.3108@example.com,Tony,Rodriguez,+1-clean-0003108
review-clean4-clean-CAND-03109,review-clean4-clean.emily.keller.3109@example.com,Emily,Keller,+1-clean-0003109
review-clean4-clean-CAND-03110,review-clean4-clean.gina.armstrong.3110@example.com,Gina,Armstrong,+1-clean-0003110
review-clean4-clean-CAND-03111,review-clean4-clean.thomas.dickerson.3111@example.com,Thomas,Dickerson,+1-clean-0003111
review-clean4-clean-CAND-03112,review-clean4-clean.william.myers.3112@example.com,William,Myers,+1-clean-0003112
review-clean4-clean-CAND-03113,review-clean4-clean.troy.arellano.3113@example.com,Troy,Arellano,+1-clean-0003113
review-clean4-clean-CAND-03114,review-clean4-clean.christina.gomez.3114@example.com,Christina,Gomez,+1-clean-0003114
review-clean4-clean-CAND-03115,review-clean4-clean.tiffany.flores.3115@example.com,Tiffany,Flores,+1-clean-0003115
review-clean4-clean-CAND-03116,review-clean4-clean.anthony.williams.3116@example.com,Anthony,Williams,+1-clean-0003116
review-clean4-clean-CAND-03117,review-clean4-clean.mary.bailey.3117@example.com,Mary,Bailey,+1-clean-0003117
review-clean4-clean-CAND-03118,review-clean4-clean.judy.johnson.3118@example.com,Judy,Johnson,+1-clean-0003118
review-clean4-clean-CAND-03119,review-clean4-clean.patricia.peterson.3119@example.com,Patricia,Peterson,+1-clean-0003119
review-clean4-clean-CAND-03120,review-clean4-clean.connor.reed.3120@example.com,Connor,Reed,+1-clean-0003120
review-clean4-clean-CAND-03121,review-clean4-clean.michael.bell.3121@example.com,Michael,Bell,+1-clean-0003121
review-clean4-clean-CAND-03122,review-clean4-clean.donna.wright.3122@example.com,Donna,Wright,+1-clean-0003122
review-clean4-clean-CAND-03123,review-clean4-clean.deborah.watkins.3123@example.com,Deborah,Watkins,+1-clean-0003123
review-clean4-clean-CAND-03124,review-clean4-clean.renee.jones.3124@example.com,Renee,Jones,+1-clean-0003124
review-clean4-clean-CAND-03125,review-clean4-clean.kevin.morgan.3125@example.com,Kevin,Morgan,+1-clean-0003125
review-clean4-clean-CAND-03126,review-clean4-clean.andrew.nguyen.3126@example.com,Andrew,Nguyen,+1-clean-0003126
review-clean4-clean-CAND-03127,review-clean4-clean.steven.boyer.3127@example.com,Steven,Boyer,+1-clean-0003127
review-clean4-clean-CAND-03128,review-clean4-clean.ashley.valenzuela.3128@example.com,Ashley,Valenzuela,+1-clean-0003128
review-clean4-clean-CAND-03129,review-clean4-clean.joseph.dominguez.3129@example.com,Joseph,Dominguez,+1-clean-0003129
review-clean4-clean-CAND-03130,review-clean4-clean.brianna.odom.3130@example.com,Brianna,Odom,+1-clean-0003130
review-clean4-clean-CAND-03131,review-clean4-clean.nicholas.myers.3131@example.com,Nicholas,Myers,+1-clean-0003131
review-clean4-clean-CAND-03132,review-clean4-clean.ashley.stokes.3132@example.com,Ashley,Stokes,+1-clean-0003132
review-clean4-clean-CAND-03133,review-clean4-clean.craig.leonard.3133@example.com,Craig,Leonard,+1-clean-0003133
review-clean4-clean-CAND-03134,review-clean4-clean.matthew.shaw.3134@example.com,Matthew,Shaw,+1-clean-0003134
review-clean4-clean-CAND-03135,review-clean4-clean.kathy.morgan.3135@example.com,Kathy,Morgan,+1-clean-0003135
review-clean4-clean-CAND-03136,review-clean4-clean.christina.cox.3136@example.com,Christina,Cox,+1-clean-0003136
review-clean4-clean-CAND-03137,review-clean4-clean.ryan.crawford.3137@example.com,Ryan,Crawford,+1-clean-0003137
review-clean4-clean-CAND-03138,review-clean4-clean.melanie.cobb.3138@example.com,Melanie,Cobb,+1-clean-0003138
review-clean4-clean-CAND-03139,review-clean4-clean.mary.herrera.3139@example.com,Mary,Herrera,+1-clean-0003139
review-clean4-clean-CAND-03140,review-clean4-clean.karl.williams.3140@example.com,Karl,Williams,+1-clean-0003140
review-clean4-clean-CAND-03141,review-clean4-clean.wendy.morales.3141@example.com,Wendy,Morales,+1-clean-0003141
review-clean4-clean-CAND-03142,review-clean4-clean.jeremiah.newton.3142@example.com,Jeremiah,Newton,+1-clean-0003142
review-clean4-clean-CAND-03143,review-clean4-clean.christopher.richard.3143@example.com,Christopher,Richard,+1-clean-0003143
review-clean4-clean-CAND-03144,review-clean4-clean.cody.rogers.3144@example.com,Cody,Rogers,+1-clean-0003144
review-clean4-clean-CAND-03145,review-clean4-clean.carlos.solis.3145@example.com,Carlos,Solis,+1-clean-0003145
review-clean4-clean-CAND-03146,review-clean4-clean.thomas.clark.3146@example.com,Thomas,Clark,+1-clean-0003146
review-clean4-clean-CAND-03147,review-clean4-clean.laura.pearson.3147@example.com,Laura,Pearson,+1-clean-0003147
review-clean4-clean-CAND-03148,review-clean4-clean.kevin.brock.3148@example.com,Kevin,Brock,+1-clean-0003148
review-clean4-clean-CAND-03149,review-clean4-clean.ryan.fernandez.3149@example.com,Ryan,Fernandez,+1-clean-0003149
review-clean4-clean-CAND-03150,review-clean4-clean.james.morales.3150@example.com,James,Morales,+1-clean-0003150
review-clean4-clean-CAND-03151,review-clean4-clean.colleen.chavez.3151@example.com,Colleen,Chavez,+1-clean-0003151
review-clean4-clean-CAND-03152,review-clean4-clean.kathryn.white.3152@example.com,Kathryn,White,+1-clean-0003152
review-clean4-clean-CAND-03153,review-clean4-clean.andrew.warner.3153@example.com,Andrew,Warner,+1-clean-0003153
review-clean4-clean-CAND-03154,review-clean4-clean.michelle.ray.3154@example.com,Michelle,Ray,+1-clean-0003154
review-clean4-clean-CAND-03155,review-clean4-clean.jason.hayden.3155@example.com,Jason,Hayden,+1-clean-0003155
review-clean4-clean-CAND-03156,review-clean4-clean.judy.mcdonald.3156@example.com,Judy,Mcdonald,+1-clean-0003156
review-clean4-clean-CAND-03157,review-clean4-clean.sharon.patel.3157@example.com,Sharon,Patel,+1-clean-0003157
review-clean4-clean-CAND-03158,review-clean4-clean.christina.hammond.3158@example.com,Christina,Hammond,+1-clean-0003158
review-clean4-clean-CAND-03159,review-clean4-clean.ryan.knight.3159@example.com,Ryan,Knight,+1-clean-0003159
review-clean4-clean-CAND-03160,review-clean4-clean.courtney.boyd.3160@example.com,Courtney,Boyd,+1-clean-0003160
review-clean4-clean-CAND-03161,review-clean4-clean.michael.hernandez.3161@example.com,Michael,Hernandez,+1-clean-0003161
review-clean4-clean-CAND-03162,review-clean4-clean.edward.jennings.3162@example.com,Edward,Jennings,+1-clean-0003162
review-clean4-clean-CAND-03163,review-clean4-clean.kevin.graham.3163@example.com,Kevin,Graham,+1-clean-0003163
review-clean4-clean-CAND-03164,review-clean4-clean.lucas.greer.3164@example.com,Lucas,Greer,+1-clean-0003164
review-clean4-clean-CAND-03165,review-clean4-clean.caleb.harris.3165@example.com,Caleb,Harris,+1-clean-0003165
review-clean4-clean-CAND-03166,review-clean4-clean.robert.colon.3166@example.com,Robert,Colon,+1-clean-0003166
review-clean4-clean-CAND-03167,review-clean4-clean.debbie.scott.3167@example.com,Debbie,Scott,+1-clean-0003167
review-clean4-clean-CAND-03168,review-clean4-clean.carolyn.sullivan.3168@example.com,Carolyn,Sullivan,+1-clean-0003168
review-clean4-clean-CAND-03169,review-clean4-clean.daniel.lee.3169@example.com,Daniel,Lee,+1-clean-0003169
review-clean4-clean-CAND-03170,review-clean4-clean.john.wilcox.3170@example.com,John,Wilcox,+1-clean-0003170
review-clean4-clean-CAND-03171,review-clean4-clean.steven.castro.3171@example.com,Steven,Castro,+1-clean-0003171
review-clean4-clean-CAND-03172,review-clean4-clean.ryan.lucas.3172@example.com,Ryan,Lucas,+1-clean-0003172
review-clean4-clean-CAND-03173,review-clean4-clean.benjamin.moore.3173@example.com,Benjamin,Moore,+1-clean-0003173
review-clean4-clean-CAND-03174,review-clean4-clean.derek.green.3174@example.com,Derek,Green,+1-clean-0003174
review-clean4-clean-CAND-03175,review-clean4-clean.linda.hopkins.3175@example.com,Linda,Hopkins,+1-clean-0003175
review-clean4-clean-CAND-03176,review-clean4-clean.gregory.phelps.3176@example.com,Gregory,Phelps,+1-clean-0003176
review-clean4-clean-CAND-03177,review-clean4-clean.tamara.tucker.3177@example.com,Tamara,Tucker,+1-clean-0003177
review-clean4-clean-CAND-03178,review-clean4-clean.andrew.heath.3178@example.com,Andrew,Heath,+1-clean-0003178
review-clean4-clean-CAND-03179,review-clean4-clean.christopher.guzman.3179@example.com,Christopher,Guzman,+1-clean-0003179
review-clean4-clean-CAND-03180,review-clean4-clean.michelle.lester.3180@example.com,Michelle,Lester,+1-clean-0003180
review-clean4-clean-CAND-03181,review-clean4-clean.richard.cox.3181@example.com,Richard,Cox,+1-clean-0003181
review-clean4-clean-CAND-03182,review-clean4-clean.diane.davis.3182@example.com,Diane,Davis,+1-clean-0003182
review-clean4-clean-CAND-03183,review-clean4-clean.sherry.ramsey.3183@example.com,Sherry,Ramsey,+1-clean-0003183
review-clean4-clean-CAND-03184,review-clean4-clean.donald.rodriguez.3184@example.com,Donald,Rodriguez,+1-clean-0003184
review-clean4-clean-CAND-03185,review-clean4-clean.jessica.fitzpatrick.3185@example.com,Jessica,Fitzpatrick,+1-clean-0003185
review-clean4-clean-CAND-03186,review-clean4-clean.alejandra.calderon.3186@example.com,Alejandra,Calderon,+1-clean-0003186
review-clean4-clean-CAND-03187,review-clean4-clean.stephanie.huynh.3187@example.com,Stephanie,Huynh,+1-clean-0003187
review-clean4-clean-CAND-03188,review-clean4-clean.johnathan.wilkerson.3188@example.com,Johnathan,Wilkerson,+1-clean-0003188
review-clean4-clean-CAND-03189,review-clean4-clean.john.martinez.3189@example.com,John,Martinez,+1-clean-0003189
review-clean4-clean-CAND-03190,review-clean4-clean.lindsay.murphy.3190@example.com,Lindsay,Murphy,+1-clean-0003190
review-clean4-clean-CAND-03191,review-clean4-clean.breanna.price.3191@example.com,Breanna,Price,+1-clean-0003191
review-clean4-clean-CAND-03192,review-clean4-clean.kaitlin.young.3192@example.com,Kaitlin,Young,+1-clean-0003192
review-clean4-clean-CAND-03193,review-clean4-clean.rodney.thomas.3193@example.com,Rodney,Thomas,+1-clean-0003193
review-clean4-clean-CAND-03194,review-clean4-clean.gregory.booker.3194@example.com,Gregory,Booker,+1-clean-0003194
review-clean4-clean-CAND-03195,review-clean4-clean.scott.king.3195@example.com,Scott,King,+1-clean-0003195
review-clean4-clean-CAND-03196,review-clean4-clean.bridget.henry.3196@example.com,Bridget,Henry,+1-clean-0003196
review-clean4-clean-CAND-03197,review-clean4-clean.nicholas.fry.3197@example.com,Nicholas,Fry,+1-clean-0003197
review-clean4-clean-CAND-03198,review-clean4-clean.leslie.coleman.3198@example.com,Leslie,Coleman,+1-clean-0003198
review-clean4-clean-CAND-03199,review-clean4-clean.felicia.richmond.3199@example.com,Felicia,Richmond,+1-clean-0003199
review-clean4-clean-CAND-03200,review-clean4-clean.natasha.giles.3200@example.com,Natasha,Giles,+1-clean-0003200
review-clean4-clean-CAND-03201,review-clean4-clean.michael.baldwin.3201@example.com,Michael,Baldwin,+1-clean-0003201
review-clean4-clean-CAND-03202,review-clean4-clean.lori.smith.3202@example.com,Lori,Smith,+1-clean-0003202
review-clean4-clean-CAND-03203,review-clean4-clean.tammy.obrien.3203@example.com,Tammy,Obrien,+1-clean-0003203
review-clean4-clean-CAND-03204,review-clean4-clean.mckenzie.bates.3204@example.com,Mckenzie,Bates,+1-clean-0003204
review-clean4-clean-CAND-03205,review-clean4-clean.shelley.vazquez.3205@example.com,Shelley,Vazquez,+1-clean-0003205
review-clean4-clean-CAND-03206,review-clean4-clean.kristina.allen.3206@example.com,Kristina,Allen,+1-clean-0003206
review-clean4-clean-CAND-03207,review-clean4-clean.angela.parker.3207@example.com,Angela,Parker,+1-clean-0003207
review-clean4-clean-CAND-03208,review-clean4-clean.susan.cox.3208@example.com,Susan,Cox,+1-clean-0003208
review-clean4-clean-CAND-03209,review-clean4-clean.lisa.martinez.3209@example.com,Lisa,Martinez,+1-clean-0003209
review-clean4-clean-CAND-03210,review-clean4-clean.michelle.mathews.3210@example.com,Michelle,Mathews,+1-clean-0003210
review-clean4-clean-CAND-03211,review-clean4-clean.paul.browning.3211@example.com,Paul,Browning,+1-clean-0003211
review-clean4-clean-CAND-03212,review-clean4-clean.phillip.spence.3212@example.com,Phillip,Spence,+1-clean-0003212
review-clean4-clean-CAND-03213,review-clean4-clean.jonathan.davis.3213@example.com,Jonathan,Davis,+1-clean-0003213
review-clean4-clean-CAND-03214,review-clean4-clean.mackenzie.young.3214@example.com,Mackenzie,Young,+1-clean-0003214
review-clean4-clean-CAND-03215,review-clean4-clean.jason.zamora.3215@example.com,Jason,Zamora,+1-clean-0003215
review-clean4-clean-CAND-03216,review-clean4-clean.ruth.welch.3216@example.com,Ruth,Welch,+1-clean-0003216
review-clean4-clean-CAND-03217,review-clean4-clean.natasha.wang.3217@example.com,Natasha,Wang,+1-clean-0003217
review-clean4-clean-CAND-03218,review-clean4-clean.richard.johnson.3218@example.com,Richard,Johnson,+1-clean-0003218
review-clean4-clean-CAND-03219,review-clean4-clean.michelle.morrow.3219@example.com,Michelle,Morrow,+1-clean-0003219
review-clean4-clean-CAND-03220,review-clean4-clean.shelby.ruiz.3220@example.com,Shelby,Ruiz,+1-clean-0003220
review-clean4-clean-CAND-03221,review-clean4-clean.robert.randall.3221@example.com,Robert,Randall,+1-clean-0003221
review-clean4-clean-CAND-03222,review-clean4-clean.jennifer.mcdowell.3222@example.com,Jennifer,Mcdowell,+1-clean-0003222
review-clean4-clean-CAND-03223,review-clean4-clean.lori.holloway.3223@example.com,Lori,Holloway,+1-clean-0003223
review-clean4-clean-CAND-03224,review-clean4-clean.holly.hunter.3224@example.com,Holly,Hunter,+1-clean-0003224
review-clean4-clean-CAND-03225,review-clean4-clean.michael.guzman.3225@example.com,Michael,Guzman,+1-clean-0003225
review-clean4-clean-CAND-03226,review-clean4-clean.lisa.rojas.3226@example.com,Lisa,Rojas,+1-clean-0003226
review-clean4-clean-CAND-03227,review-clean4-clean.shawn.johnson.3227@example.com,Shawn,Johnson,+1-clean-0003227
review-clean4-clean-CAND-03228,review-clean4-clean.brett.may.3228@example.com,Brett,May,+1-clean-0003228
review-clean4-clean-CAND-03229,review-clean4-clean.crystal.gibbs.3229@example.com,Crystal,Gibbs,+1-clean-0003229
review-clean4-clean-CAND-03230,review-clean4-clean.derek.morales.3230@example.com,Derek,Morales,+1-clean-0003230
review-clean4-clean-CAND-03231,review-clean4-clean.courtney.edwards.3231@example.com,Courtney,Edwards,+1-clean-0003231
review-clean4-clean-CAND-03232,review-clean4-clean.christopher.moore.3232@example.com,Christopher,Moore,+1-clean-0003232
review-clean4-clean-CAND-03233,review-clean4-clean.zachary.booker.3233@example.com,Zachary,Booker,+1-clean-0003233
review-clean4-clean-CAND-03234,review-clean4-clean.maria.hines.3234@example.com,Maria,Hines,+1-clean-0003234
review-clean4-clean-CAND-03235,review-clean4-clean.melanie.jennings.3235@example.com,Melanie,Jennings,+1-clean-0003235
review-clean4-clean-CAND-03236,review-clean4-clean.laura.flores.3236@example.com,Laura,Flores,+1-clean-0003236
review-clean4-clean-CAND-03237,review-clean4-clean.timothy.moss.3237@example.com,Timothy,Moss,+1-clean-0003237
review-clean4-clean-CAND-03238,review-clean4-clean.jorge.mcdaniel.3238@example.com,Jorge,Mcdaniel,+1-clean-0003238
review-clean4-clean-CAND-03239,review-clean4-clean.margaret.marsh.3239@example.com,Margaret,Marsh,+1-clean-0003239
review-clean4-clean-CAND-03240,review-clean4-clean.james.perry.3240@example.com,James,Perry,+1-clean-0003240
review-clean4-clean-CAND-03241,review-clean4-clean.hunter.walter.3241@example.com,Hunter,Walter,+1-clean-0003241
review-clean4-clean-CAND-03242,review-clean4-clean.shirley.wilkerson.3242@example.com,Shirley,Wilkerson,+1-clean-0003242
review-clean4-clean-CAND-03243,review-clean4-clean.jeffrey.vaughan.3243@example.com,Jeffrey,Vaughan,+1-clean-0003243
review-clean4-clean-CAND-03244,review-clean4-clean.sandra.holland.3244@example.com,Sandra,Holland,+1-clean-0003244
review-clean4-clean-CAND-03245,review-clean4-clean.courtney.meadows.3245@example.com,Courtney,Meadows,+1-clean-0003245
review-clean4-clean-CAND-03246,review-clean4-clean.terri.gonzalez.3246@example.com,Terri,Gonzalez,+1-clean-0003246
review-clean4-clean-CAND-03247,review-clean4-clean.jacqueline.jackson.3247@example.com,Jacqueline,Jackson,+1-clean-0003247
review-clean4-clean-CAND-03248,review-clean4-clean.richard.patterson.3248@example.com,Richard,Patterson,+1-clean-0003248
review-clean4-clean-CAND-03249,review-clean4-clean.jorge.davis.3249@example.com,Jorge,Davis,+1-clean-0003249
review-clean4-clean-CAND-03250,review-clean4-clean.micheal.valentine.3250@example.com,Micheal,Valentine,+1-clean-0003250
review-clean4-clean-CAND-03251,review-clean4-clean.david.higgins.3251@example.com,David,Higgins,+1-clean-0003251
review-clean4-clean-CAND-03252,review-clean4-clean.ryan.mora.3252@example.com,Ryan,Mora,+1-clean-0003252
review-clean4-clean-CAND-03253,review-clean4-clean.shawn.nunez.3253@example.com,Shawn,Nunez,+1-clean-0003253
review-clean4-clean-CAND-03254,review-clean4-clean.david.reeves.3254@example.com,David,Reeves,+1-clean-0003254
review-clean4-clean-CAND-03255,review-clean4-clean.james.atkins.3255@example.com,James,Atkins,+1-clean-0003255
review-clean4-clean-CAND-03256,review-clean4-clean.kimberly.roberts.3256@example.com,Kimberly,Roberts,+1-clean-0003256
review-clean4-clean-CAND-03257,review-clean4-clean.troy.anderson.3257@example.com,Troy,Anderson,+1-clean-0003257
review-clean4-clean-CAND-03258,review-clean4-clean.melissa.greene.3258@example.com,Melissa,Greene,+1-clean-0003258
review-clean4-clean-CAND-03259,review-clean4-clean.wanda.campbell.3259@example.com,Wanda,Campbell,+1-clean-0003259
review-clean4-clean-CAND-03260,review-clean4-clean.erica.barnes.3260@example.com,Erica,Barnes,+1-clean-0003260
review-clean4-clean-CAND-03261,review-clean4-clean.ricky.thomas.3261@example.com,Ricky,Thomas,+1-clean-0003261
review-clean4-clean-CAND-03262,review-clean4-clean.kelly.green.3262@example.com,Kelly,Green,+1-clean-0003262
review-clean4-clean-CAND-03263,review-clean4-clean.christine.solomon.3263@example.com,Christine,Solomon,+1-clean-0003263
review-clean4-clean-CAND-03264,review-clean4-clean.mike.sutton.3264@example.com,Mike,Sutton,+1-clean-0003264
review-clean4-clean-CAND-03265,review-clean4-clean.stephen.smith.3265@example.com,Stephen,Smith,+1-clean-0003265
review-clean4-clean-CAND-03266,review-clean4-clean.dean.morris.3266@example.com,Dean,Morris,+1-clean-0003266
review-clean4-clean-CAND-03267,review-clean4-clean.heather.mcdaniel.3267@example.com,Heather,Mcdaniel,+1-clean-0003267
review-clean4-clean-CAND-03268,review-clean4-clean.jennifer.erickson.3268@example.com,Jennifer,Erickson,+1-clean-0003268
review-clean4-clean-CAND-03269,review-clean4-clean.jill.scott.3269@example.com,Jill,Scott,+1-clean-0003269
review-clean4-clean-CAND-03270,review-clean4-clean.cody.brown.3270@example.com,Cody,Brown,+1-clean-0003270
review-clean4-clean-CAND-03271,review-clean4-clean.marvin.young.3271@example.com,Marvin,Young,+1-clean-0003271
review-clean4-clean-CAND-03272,review-clean4-clean.rebekah.barajas.3272@example.com,Rebekah,Barajas,+1-clean-0003272
review-clean4-clean-CAND-03273,review-clean4-clean.sheila.coffey.3273@example.com,Sheila,Coffey,+1-clean-0003273
review-clean4-clean-CAND-03274,review-clean4-clean.carmen.goodman.3274@example.com,Carmen,Goodman,+1-clean-0003274
review-clean4-clean-CAND-03275,review-clean4-clean.brandon.king.3275@example.com,Brandon,King,+1-clean-0003275
review-clean4-clean-CAND-03276,review-clean4-clean.christine.turner.3276@example.com,Christine,Turner,+1-clean-0003276
review-clean4-clean-CAND-03277,review-clean4-clean.ralph.wood.3277@example.com,Ralph,Wood,+1-clean-0003277
review-clean4-clean-CAND-03278,review-clean4-clean.tammy.hansen.3278@example.com,Tammy,Hansen,+1-clean-0003278
review-clean4-clean-CAND-03279,review-clean4-clean.beverly.green.3279@example.com,Beverly,Green,+1-clean-0003279
review-clean4-clean-CAND-03280,review-clean4-clean.william.conrad.3280@example.com,William,Conrad,+1-clean-0003280
review-clean4-clean-CAND-03281,review-clean4-clean.natalie.anderson.3281@example.com,Natalie,Anderson,+1-clean-0003281
review-clean4-clean-CAND-03282,review-clean4-clean.logan.moreno.3282@example.com,Logan,Moreno,+1-clean-0003282
review-clean4-clean-CAND-03283,review-clean4-clean.donald.wilson.3283@example.com,Donald,Wilson,+1-clean-0003283
review-clean4-clean-CAND-03284,review-clean4-clean.bradley.anderson.3284@example.com,Bradley,Anderson,+1-clean-0003284
review-clean4-clean-CAND-03285,review-clean4-clean.monica.davenport.3285@example.com,Monica,Davenport,+1-clean-0003285
review-clean4-clean-CAND-03286,review-clean4-clean.julie.howe.3286@example.com,Julie,Howe,+1-clean-0003286
review-clean4-clean-CAND-03287,review-clean4-clean.justin.mcdowell.3287@example.com,Justin,Mcdowell,+1-clean-0003287
review-clean4-clean-CAND-03288,review-clean4-clean.chloe.juarez.3288@example.com,Chloe,Juarez,+1-clean-0003288
review-clean4-clean-CAND-03289,review-clean4-clean.joseph.edwards.3289@example.com,Joseph,Edwards,+1-clean-0003289
review-clean4-clean-CAND-03290,review-clean4-clean.patricia.stewart.3290@example.com,Patricia,Stewart,+1-clean-0003290
review-clean4-clean-CAND-03291,review-clean4-clean.virginia.gallagher.3291@example.com,Virginia,Gallagher,+1-clean-0003291
review-clean4-clean-CAND-03292,review-clean4-clean.edward.farrell.3292@example.com,Edward,Farrell,+1-clean-0003292
review-clean4-clean-CAND-03293,review-clean4-clean.diane.yates.3293@example.com,Diane,Yates,+1-clean-0003293
review-clean4-clean-CAND-03294,review-clean4-clean.brian.hernandez.3294@example.com,Brian,Hernandez,+1-clean-0003294
review-clean4-clean-CAND-03295,review-clean4-clean.jerry.johnson.3295@example.com,Jerry,Johnson,+1-clean-0003295
review-clean4-clean-CAND-03296,review-clean4-clean.jorge.mccarthy.3296@example.com,Jorge,Mccarthy,+1-clean-0003296
review-clean4-clean-CAND-03297,review-clean4-clean.samuel.carney.3297@example.com,Samuel,Carney,+1-clean-0003297
review-clean4-clean-CAND-03298,review-clean4-clean.sara.williams.3298@example.com,Sara,Williams,+1-clean-0003298
review-clean4-clean-CAND-03299,review-clean4-clean.michael.fletcher.3299@example.com,Michael,Fletcher,+1-clean-0003299
review-clean4-clean-CAND-03300,review-clean4-clean.todd.vasquez.3300@example.com,Todd,Vasquez,+1-clean-0003300
review-clean4-clean-CAND-03301,review-clean4-clean.meghan.camacho.3301@example.com,Meghan,Camacho,+1-clean-0003301
review-clean4-clean-CAND-03302,review-clean4-clean.david.davis.3302@example.com,David,Davis,+1-clean-0003302
review-clean4-clean-CAND-03303,review-clean4-clean.miranda.white.3303@example.com,Miranda,White,+1-clean-0003303
review-clean4-clean-CAND-03304,review-clean4-clean.gary.hicks.3304@example.com,Gary,Hicks,+1-clean-0003304
review-clean4-clean-CAND-03305,review-clean4-clean.joshua.macdonald.3305@example.com,Joshua,Macdonald,+1-clean-0003305
review-clean4-clean-CAND-03306,review-clean4-clean.brenda.silva.3306@example.com,Brenda,Silva,+1-clean-0003306
review-clean4-clean-CAND-03307,review-clean4-clean.teresa.fox.3307@example.com,Teresa,Fox,+1-clean-0003307
review-clean4-clean-CAND-03308,review-clean4-clean.ashley.butler.3308@example.com,Ashley,Butler,+1-clean-0003308
review-clean4-clean-CAND-03309,review-clean4-clean.chase.tate.3309@example.com,Chase,Tate,+1-clean-0003309
review-clean4-clean-CAND-03310,review-clean4-clean.erica.clay.3310@example.com,Erica,Clay,+1-clean-0003310
review-clean4-clean-CAND-03311,review-clean4-clean.anthony.maldonado.3311@example.com,Anthony,Maldonado,+1-clean-0003311
review-clean4-clean-CAND-03312,review-clean4-clean.erin.long.3312@example.com,Erin,Long,+1-clean-0003312
review-clean4-clean-CAND-03313,review-clean4-clean.brittany.bean.3313@example.com,Brittany,Bean,+1-clean-0003313
review-clean4-clean-CAND-03314,review-clean4-clean.mary.hernandez.3314@example.com,Mary,Hernandez,+1-clean-0003314
review-clean4-clean-CAND-03315,review-clean4-clean.christopher.rivas.3315@example.com,Christopher,Rivas,+1-clean-0003315
review-clean4-clean-CAND-03316,review-clean4-clean.donna.gibson.3316@example.com,Donna,Gibson,+1-clean-0003316
review-clean4-clean-CAND-03317,review-clean4-clean.stephanie.wheeler.3317@example.com,Stephanie,Wheeler,+1-clean-0003317
review-clean4-clean-CAND-03318,review-clean4-clean.adam.booker.3318@example.com,Adam,Booker,+1-clean-0003318
review-clean4-clean-CAND-03319,review-clean4-clean.diana.tapia.3319@example.com,Diana,Tapia,+1-clean-0003319
review-clean4-clean-CAND-03320,review-clean4-clean.mark.dennis.3320@example.com,Mark,Dennis,+1-clean-0003320
review-clean4-clean-CAND-03321,review-clean4-clean.jessica.bernard.3321@example.com,Jessica,Bernard,+1-clean-0003321
review-clean4-clean-CAND-03322,review-clean4-clean.ashley.lewis.3322@example.com,Ashley,Lewis,+1-clean-0003322
review-clean4-clean-CAND-03323,review-clean4-clean.brandon.schneider.3323@example.com,Brandon,Schneider,+1-clean-0003323
review-clean4-clean-CAND-03324,review-clean4-clean.marcus.brown.3324@example.com,Marcus,Brown,+1-clean-0003324
review-clean4-clean-CAND-03325,review-clean4-clean.chad.crane.3325@example.com,Chad,Crane,+1-clean-0003325
review-clean4-clean-CAND-03326,review-clean4-clean.patrick.ross.3326@example.com,Patrick,Ross,+1-clean-0003326
review-clean4-clean-CAND-03327,review-clean4-clean.gregory.hanna.3327@example.com,Gregory,Hanna,+1-clean-0003327
review-clean4-clean-CAND-03328,review-clean4-clean.michelle.davis.3328@example.com,Michelle,Davis,+1-clean-0003328
review-clean4-clean-CAND-03329,review-clean4-clean.melissa.martin.3329@example.com,Melissa,Martin,+1-clean-0003329
review-clean4-clean-CAND-03330,review-clean4-clean.kimberly.mitchell.3330@example.com,Kimberly,Mitchell,+1-clean-0003330
review-clean4-clean-CAND-03331,review-clean4-clean.karen.valdez.3331@example.com,Karen,Valdez,+1-clean-0003331
review-clean4-clean-CAND-03332,review-clean4-clean.david.henry.3332@example.com,David,Henry,+1-clean-0003332
review-clean4-clean-CAND-03333,review-clean4-clean.ryan.drake.3333@example.com,Ryan,Drake,+1-clean-0003333
review-clean4-clean-CAND-03334,review-clean4-clean.kyle.cohen.3334@example.com,Kyle,Cohen,+1-clean-0003334
review-clean4-clean-CAND-03335,review-clean4-clean.david.wade.3335@example.com,David,Wade,+1-clean-0003335
review-clean4-clean-CAND-03336,review-clean4-clean.marilyn.hunt.3336@example.com,Marilyn,Hunt,+1-clean-0003336
review-clean4-clean-CAND-03337,review-clean4-clean.tracy.mcclure.3337@example.com,Tracy,Mcclure,+1-clean-0003337
review-clean4-clean-CAND-03338,review-clean4-clean.thomas.hart.3338@example.com,Thomas,Hart,+1-clean-0003338
review-clean4-clean-CAND-03339,review-clean4-clean.rodney.avila.3339@example.com,Rodney,Avila,+1-clean-0003339
review-clean4-clean-CAND-03340,review-clean4-clean.lisa.austin.3340@example.com,Lisa,Austin,+1-clean-0003340
review-clean4-clean-CAND-03341,review-clean4-clean.ryan.simmons.3341@example.com,Ryan,Simmons,+1-clean-0003341
review-clean4-clean-CAND-03342,review-clean4-clean.billy.peterson.3342@example.com,Billy,Peterson,+1-clean-0003342
review-clean4-clean-CAND-03343,review-clean4-clean.steven.walker.3343@example.com,Steven,Walker,+1-clean-0003343
review-clean4-clean-CAND-03344,review-clean4-clean.gina.moore.3344@example.com,Gina,Moore,+1-clean-0003344
review-clean4-clean-CAND-03345,review-clean4-clean.tyler.soto.3345@example.com,Tyler,Soto,+1-clean-0003345
review-clean4-clean-CAND-03346,review-clean4-clean.alicia.roberts.3346@example.com,Alicia,Roberts,+1-clean-0003346
review-clean4-clean-CAND-03347,review-clean4-clean.samuel.solomon.3347@example.com,Samuel,Solomon,+1-clean-0003347
review-clean4-clean-CAND-03348,review-clean4-clean.tim.hernandez.3348@example.com,Tim,Hernandez,+1-clean-0003348
review-clean4-clean-CAND-03349,review-clean4-clean.david.leach.3349@example.com,David,Leach,+1-clean-0003349
review-clean4-clean-CAND-03350,review-clean4-clean.mckenzie.mills.3350@example.com,Mckenzie,Mills,+1-clean-0003350
review-clean4-clean-CAND-03351,review-clean4-clean.kenneth.williams.3351@example.com,Kenneth,Williams,+1-clean-0003351
review-clean4-clean-CAND-03352,review-clean4-clean.charles.williams.3352@example.com,Charles,Williams,+1-clean-0003352
review-clean4-clean-CAND-03353,review-clean4-clean.daniel.coleman.3353@example.com,Daniel,Coleman,+1-clean-0003353
review-clean4-clean-CAND-03354,review-clean4-clean.cody.guerrero.3354@example.com,Cody,Guerrero,+1-clean-0003354
review-clean4-clean-CAND-03355,review-clean4-clean.ashley.king.3355@example.com,Ashley,King,+1-clean-0003355
review-clean4-clean-CAND-03356,review-clean4-clean.jonathan.miller.3356@example.com,Jonathan,Miller,+1-clean-0003356
review-clean4-clean-CAND-03357,review-clean4-clean.wesley.wilson.3357@example.com,Wesley,Wilson,+1-clean-0003357
review-clean4-clean-CAND-03358,review-clean4-clean.dorothy.white.3358@example.com,Dorothy,White,+1-clean-0003358
review-clean4-clean-CAND-03359,review-clean4-clean.ian.long.3359@example.com,Ian,Long,+1-clean-0003359
review-clean4-clean-CAND-03360,review-clean4-clean.christopher.mcdowell.3360@example.com,Christopher,Mcdowell,+1-clean-0003360
review-clean4-clean-CAND-03361,review-clean4-clean.kenneth.matthews.3361@example.com,Kenneth,Matthews,+1-clean-0003361
review-clean4-clean-CAND-03362,review-clean4-clean.spencer.santiago.3362@example.com,Spencer,Santiago,+1-clean-0003362
review-clean4-clean-CAND-03363,review-clean4-clean.cindy.baker.3363@example.com,Cindy,Baker,+1-clean-0003363
review-clean4-clean-CAND-03364,review-clean4-clean.tammy.savage.3364@example.com,Tammy,Savage,+1-clean-0003364
review-clean4-clean-CAND-03365,review-clean4-clean.jacob.lopez.3365@example.com,Jacob,Lopez,+1-clean-0003365
review-clean4-clean-CAND-03366,review-clean4-clean.julie.munoz.3366@example.com,Julie,Munoz,+1-clean-0003366
review-clean4-clean-CAND-03367,review-clean4-clean.monica.rodriguez.3367@example.com,Monica,Rodriguez,+1-clean-0003367
review-clean4-clean-CAND-03368,review-clean4-clean.amanda.smith.3368@example.com,Amanda,Smith,+1-clean-0003368
review-clean4-clean-CAND-03369,review-clean4-clean.darryl.jackson.3369@example.com,Darryl,Jackson,+1-clean-0003369
review-clean4-clean-CAND-03370,review-clean4-clean.thomas.holt.3370@example.com,Thomas,Holt,+1-clean-0003370
review-clean4-clean-CAND-03371,review-clean4-clean.misty.church.3371@example.com,Misty,Church,+1-clean-0003371
review-clean4-clean-CAND-03372,review-clean4-clean.carolyn.tucker.3372@example.com,Carolyn,Tucker,+1-clean-0003372
review-clean4-clean-CAND-03373,review-clean4-clean.christine.dickson.3373@example.com,Christine,Dickson,+1-clean-0003373
review-clean4-clean-CAND-03374,review-clean4-clean.michael.nunez.3374@example.com,Michael,Nunez,+1-clean-0003374
review-clean4-clean-CAND-03375,review-clean4-clean.hannah.foster.3375@example.com,Hannah,Foster,+1-clean-0003375
review-clean4-clean-CAND-03376,review-clean4-clean.kevin.martinez.3376@example.com,Kevin,Martinez,+1-clean-0003376
review-clean4-clean-CAND-03377,review-clean4-clean.alexander.rodriguez.3377@example.com,Alexander,Rodriguez,+1-clean-0003377
review-clean4-clean-CAND-03378,review-clean4-clean.allen.waller.3378@example.com,Allen,Waller,+1-clean-0003378
review-clean4-clean-CAND-03379,review-clean4-clean.michele.clark.3379@example.com,Michele,Clark,+1-clean-0003379
review-clean4-clean-CAND-03380,review-clean4-clean.deborah.santos.3380@example.com,Deborah,Santos,+1-clean-0003380
review-clean4-clean-CAND-03381,review-clean4-clean.ryan.garrett.3381@example.com,Ryan,Garrett,+1-clean-0003381
review-clean4-clean-CAND-03382,review-clean4-clean.kristy.lee.3382@example.com,Kristy,Lee,+1-clean-0003382
review-clean4-clean-CAND-03383,review-clean4-clean.kevin.ford.3383@example.com,Kevin,Ford,+1-clean-0003383
review-clean4-clean-CAND-03384,review-clean4-clean.thomas.johnson.3384@example.com,Thomas,Johnson,+1-clean-0003384
review-clean4-clean-CAND-03385,review-clean4-clean.gabriel.hernandez.3385@example.com,Gabriel,Hernandez,+1-clean-0003385
review-clean4-clean-CAND-03386,review-clean4-clean.jacqueline.maynard.3386@example.com,Jacqueline,Maynard,+1-clean-0003386
review-clean4-clean-CAND-03387,review-clean4-clean.thomas.heath.3387@example.com,Thomas,Heath,+1-clean-0003387
review-clean4-clean-CAND-03388,review-clean4-clean.brenda.harris.3388@example.com,Brenda,Harris,+1-clean-0003388
review-clean4-clean-CAND-03389,review-clean4-clean.ashley.bass.3389@example.com,Ashley,Bass,+1-clean-0003389
review-clean4-clean-CAND-03390,review-clean4-clean.brent.smith.3390@example.com,Brent,Smith,+1-clean-0003390
review-clean4-clean-CAND-03391,review-clean4-clean.crystal.marquez.3391@example.com,Crystal,Marquez,+1-clean-0003391
review-clean4-clean-CAND-03392,review-clean4-clean.tiffany.allison.3392@example.com,Tiffany,Allison,+1-clean-0003392
review-clean4-clean-CAND-03393,review-clean4-clean.jillian.larson.3393@example.com,Jillian,Larson,+1-clean-0003393
review-clean4-clean-CAND-03394,review-clean4-clean.angela.roberts.3394@example.com,Angela,Roberts,+1-clean-0003394
review-clean4-clean-CAND-03395,review-clean4-clean.tony.tucker.3395@example.com,Tony,Tucker,+1-clean-0003395
review-clean4-clean-CAND-03396,review-clean4-clean.brittany.carr.3396@example.com,Brittany,Carr,+1-clean-0003396
review-clean4-clean-CAND-03397,review-clean4-clean.erika.velasquez.3397@example.com,Erika,Velasquez,+1-clean-0003397
review-clean4-clean-CAND-03398,review-clean4-clean.tony.klein.3398@example.com,Tony,Klein,+1-clean-0003398
review-clean4-clean-CAND-03399,review-clean4-clean.allison.henderson.3399@example.com,Allison,Henderson,+1-clean-0003399
review-clean4-clean-CAND-03400,review-clean4-clean.leslie.brown.3400@example.com,Leslie,Brown,+1-clean-0003400
review-clean4-clean-CAND-03401,review-clean4-clean.patricia.butler.3401@example.com,Patricia,Butler,+1-clean-0003401
review-clean4-clean-CAND-03402,review-clean4-clean.thomas.simpson.3402@example.com,Thomas,Simpson,+1-clean-0003402
review-clean4-clean-CAND-03403,review-clean4-clean.sheila.reed.3403@example.com,Sheila,Reed,+1-clean-0003403
review-clean4-clean-CAND-03404,review-clean4-clean.heidi.smith.3404@example.com,Heidi,Smith,+1-clean-0003404
review-clean4-clean-CAND-03405,review-clean4-clean.keith.lee.3405@example.com,Keith,Lee,+1-clean-0003405
review-clean4-clean-CAND-03406,review-clean4-clean.maurice.hall.3406@example.com,Maurice,Hall,+1-clean-0003406
review-clean4-clean-CAND-03407,review-clean4-clean.jeffrey.stout.3407@example.com,Jeffrey,Stout,+1-clean-0003407
review-clean4-clean-CAND-03408,review-clean4-clean.matthew.guzman.3408@example.com,Matthew,Guzman,+1-clean-0003408
review-clean4-clean-CAND-03409,review-clean4-clean.megan.sandoval.3409@example.com,Megan,Sandoval,+1-clean-0003409
review-clean4-clean-CAND-03410,review-clean4-clean.david.carter.3410@example.com,David,Carter,+1-clean-0003410
review-clean4-clean-CAND-03411,review-clean4-clean.jennifer.moyer.3411@example.com,Jennifer,Moyer,+1-clean-0003411
review-clean4-clean-CAND-03412,review-clean4-clean.marissa.nunez.3412@example.com,Marissa,Nunez,+1-clean-0003412
review-clean4-clean-CAND-03413,review-clean4-clean.jessica.flynn.3413@example.com,Jessica,Flynn,+1-clean-0003413
review-clean4-clean-CAND-03414,review-clean4-clean.lauren.richard.3414@example.com,Lauren,Richard,+1-clean-0003414
review-clean4-clean-CAND-03415,review-clean4-clean.christy.campbell.3415@example.com,Christy,Campbell,+1-clean-0003415
review-clean4-clean-CAND-03416,review-clean4-clean.kara.estrada.3416@example.com,Kara,Estrada,+1-clean-0003416
review-clean4-clean-CAND-03417,review-clean4-clean.david.gonzalez.3417@example.com,David,Gonzalez,+1-clean-0003417
review-clean4-clean-CAND-03418,review-clean4-clean.catherine.garcia.3418@example.com,Catherine,Garcia,+1-clean-0003418
review-clean4-clean-CAND-03419,review-clean4-clean.robert.chaney.3419@example.com,Robert,Chaney,+1-clean-0003419
review-clean4-clean-CAND-03420,review-clean4-clean.kevin.clark.3420@example.com,Kevin,Clark,+1-clean-0003420
review-clean4-clean-CAND-03421,review-clean4-clean.brandon.smith.3421@example.com,Brandon,Smith,+1-clean-0003421
review-clean4-clean-CAND-03422,review-clean4-clean.nicole.kelly.3422@example.com,Nicole,Kelly,+1-clean-0003422
review-clean4-clean-CAND-03423,review-clean4-clean.eric.clayton.3423@example.com,Eric,Clayton,+1-clean-0003423
review-clean4-clean-CAND-03424,review-clean4-clean.patricia.johnson.3424@example.com,Patricia,Johnson,+1-clean-0003424
review-clean4-clean-CAND-03425,review-clean4-clean.bryce.jordan.3425@example.com,Bryce,Jordan,+1-clean-0003425
review-clean4-clean-CAND-03426,review-clean4-clean.christina.martinez.3426@example.com,Christina,Martinez,+1-clean-0003426
review-clean4-clean-CAND-03427,review-clean4-clean.jeffrey.scott.3427@example.com,Jeffrey,Scott,+1-clean-0003427
review-clean4-clean-CAND-03428,review-clean4-clean.matthew.kelly.3428@example.com,Matthew,Kelly,+1-clean-0003428
review-clean4-clean-CAND-03429,review-clean4-clean.brandon.rich.3429@example.com,Brandon,Rich,+1-clean-0003429
review-clean4-clean-CAND-03430,review-clean4-clean.joseph.hernandez.3430@example.com,Joseph,Hernandez,+1-clean-0003430
review-clean4-clean-CAND-03431,review-clean4-clean.hannah.robertson.3431@example.com,Hannah,Robertson,+1-clean-0003431
review-clean4-clean-CAND-03432,review-clean4-clean.elizabeth.mccarthy.3432@example.com,Elizabeth,Mccarthy,+1-clean-0003432
review-clean4-clean-CAND-03433,review-clean4-clean.sara.kim.3433@example.com,Sara,Kim,+1-clean-0003433
review-clean4-clean-CAND-03434,review-clean4-clean.stephen.skinner.3434@example.com,Stephen,Skinner,+1-clean-0003434
review-clean4-clean-CAND-03435,review-clean4-clean.daniel.rodriguez.3435@example.com,Daniel,Rodriguez,+1-clean-0003435
review-clean4-clean-CAND-03436,review-clean4-clean.cheryl.casey.3436@example.com,Cheryl,Casey,+1-clean-0003436
review-clean4-clean-CAND-03437,review-clean4-clean.stacey.colon.3437@example.com,Stacey,Colon,+1-clean-0003437
review-clean4-clean-CAND-03438,review-clean4-clean.bobby.garcia.3438@example.com,Bobby,Garcia,+1-clean-0003438
review-clean4-clean-CAND-03439,review-clean4-clean.crystal.pitts.3439@example.com,Crystal,Pitts,+1-clean-0003439
review-clean4-clean-CAND-03440,review-clean4-clean.rhonda.moore.3440@example.com,Rhonda,Moore,+1-clean-0003440
review-clean4-clean-CAND-03441,review-clean4-clean.kelly.alexander.3441@example.com,Kelly,Alexander,+1-clean-0003441
review-clean4-clean-CAND-03442,review-clean4-clean.william.oconnor.3442@example.com,William,Oconnor,+1-clean-0003442
review-clean4-clean-CAND-03443,review-clean4-clean.cory.holland.3443@example.com,Cory,Holland,+1-clean-0003443
review-clean4-clean-CAND-03444,review-clean4-clean.matthew.taylor.3444@example.com,Matthew,Taylor,+1-clean-0003444
review-clean4-clean-CAND-03445,review-clean4-clean.melinda.gonzales.3445@example.com,Melinda,Gonzales,+1-clean-0003445
review-clean4-clean-CAND-03446,review-clean4-clean.robert.mack.3446@example.com,Robert,Mack,+1-clean-0003446
review-clean4-clean-CAND-03447,review-clean4-clean.john.lamb.3447@example.com,John,Lamb,+1-clean-0003447
review-clean4-clean-CAND-03448,review-clean4-clean.matthew.wagner.3448@example.com,Matthew,Wagner,+1-clean-0003448
review-clean4-clean-CAND-03449,review-clean4-clean.christopher.watson.3449@example.com,Christopher,Watson,+1-clean-0003449
review-clean4-clean-CAND-03450,review-clean4-clean.kari.ward.3450@example.com,Kari,Ward,+1-clean-0003450
review-clean4-clean-CAND-03451,review-clean4-clean.elizabeth.hernandez.3451@example.com,Elizabeth,Hernandez,+1-clean-0003451
review-clean4-clean-CAND-03452,review-clean4-clean.karen.fisher.3452@example.com,Karen,Fisher,+1-clean-0003452
review-clean4-clean-CAND-03453,review-clean4-clean.jeremy.pham.3453@example.com,Jeremy,Pham,+1-clean-0003453
review-clean4-clean-CAND-03454,review-clean4-clean.robert.ortiz.3454@example.com,Robert,Ortiz,+1-clean-0003454
review-clean4-clean-CAND-03455,review-clean4-clean.stephen.phelps.3455@example.com,Stephen,Phelps,+1-clean-0003455
review-clean4-clean-CAND-03456,review-clean4-clean.laura.cox.3456@example.com,Laura,Cox,+1-clean-0003456
review-clean4-clean-CAND-03457,review-clean4-clean.anthony.thomas.3457@example.com,Anthony,Thomas,+1-clean-0003457
review-clean4-clean-CAND-03458,review-clean4-clean.alejandro.drake.3458@example.com,Alejandro,Drake,+1-clean-0003458
review-clean4-clean-CAND-03459,review-clean4-clean.sherry.miller.3459@example.com,Sherry,Miller,+1-clean-0003459
review-clean4-clean-CAND-03460,review-clean4-clean.leroy.holden.3460@example.com,Leroy,Holden,+1-clean-0003460
review-clean4-clean-CAND-03461,review-clean4-clean.frank.brown.3461@example.com,Frank,Brown,+1-clean-0003461
review-clean4-clean-CAND-03462,review-clean4-clean.katherine.keller.3462@example.com,Katherine,Keller,+1-clean-0003462
review-clean4-clean-CAND-03463,review-clean4-clean.darlene.orr.3463@example.com,Darlene,Orr,+1-clean-0003463
review-clean4-clean-CAND-03464,review-clean4-clean.brian.welch.3464@example.com,Brian,Welch,+1-clean-0003464
review-clean4-clean-CAND-03465,review-clean4-clean.jennifer.guerrero.3465@example.com,Jennifer,Guerrero,+1-clean-0003465
review-clean4-clean-CAND-03466,review-clean4-clean.april.phillips.3466@example.com,April,Phillips,+1-clean-0003466
review-clean4-clean-CAND-03467,review-clean4-clean.richard.becker.3467@example.com,Richard,Becker,+1-clean-0003467
review-clean4-clean-CAND-03468,review-clean4-clean.angela.torres.3468@example.com,Angela,Torres,+1-clean-0003468
review-clean4-clean-CAND-03469,review-clean4-clean.julia.blankenship.3469@example.com,Julia,Blankenship,+1-clean-0003469
review-clean4-clean-CAND-03470,review-clean4-clean.alan.ramirez.3470@example.com,Alan,Ramirez,+1-clean-0003470
review-clean4-clean-CAND-03471,review-clean4-clean.allison.knapp.3471@example.com,Allison,Knapp,+1-clean-0003471
review-clean4-clean-CAND-03472,review-clean4-clean.isabella.griffin.3472@example.com,Isabella,Griffin,+1-clean-0003472
review-clean4-clean-CAND-03473,review-clean4-clean.jamie.stephens.3473@example.com,Jamie,Stephens,+1-clean-0003473
review-clean4-clean-CAND-03474,review-clean4-clean.kristina.pearson.3474@example.com,Kristina,Pearson,+1-clean-0003474
review-clean4-clean-CAND-03475,review-clean4-clean.heidi.barron.3475@example.com,Heidi,Barron,+1-clean-0003475
review-clean4-clean-CAND-03476,review-clean4-clean.kimberly.sullivan.3476@example.com,Kimberly,Sullivan,+1-clean-0003476
review-clean4-clean-CAND-03477,review-clean4-clean.james.turner.3477@example.com,James,Turner,+1-clean-0003477
review-clean4-clean-CAND-03478,review-clean4-clean.benjamin.cook.3478@example.com,Benjamin,Cook,+1-clean-0003478
review-clean4-clean-CAND-03479,review-clean4-clean.jessica.singh.3479@example.com,Jessica,Singh,+1-clean-0003479
review-clean4-clean-CAND-03480,review-clean4-clean.david.braun.3480@example.com,David,Braun,+1-clean-0003480
review-clean4-clean-CAND-03481,review-clean4-clean.justin.davis.3481@example.com,Justin,Davis,+1-clean-0003481
review-clean4-clean-CAND-03482,review-clean4-clean.andrea.boyd.3482@example.com,Andrea,Boyd,+1-clean-0003482
review-clean4-clean-CAND-03483,review-clean4-clean.katherine.moore.3483@example.com,Katherine,Moore,+1-clean-0003483
review-clean4-clean-CAND-03484,review-clean4-clean.anthony.hogan.3484@example.com,Anthony,Hogan,+1-clean-0003484
review-clean4-clean-CAND-03485,review-clean4-clean.brittany.allen.3485@example.com,Brittany,Allen,+1-clean-0003485
review-clean4-clean-CAND-03486,review-clean4-clean.kim.barber.3486@example.com,Kim,Barber,+1-clean-0003486
review-clean4-clean-CAND-03487,review-clean4-clean.valerie.rodriguez.3487@example.com,Valerie,Rodriguez,+1-clean-0003487
review-clean4-clean-CAND-03488,review-clean4-clean.brian.watson.3488@example.com,Brian,Watson,+1-clean-0003488
review-clean4-clean-CAND-03489,review-clean4-clean.courtney.gomez.3489@example.com,Courtney,Gomez,+1-clean-0003489
review-clean4-clean-CAND-03490,review-clean4-clean.brandon.curtis.3490@example.com,Brandon,Curtis,+1-clean-0003490
review-clean4-clean-CAND-03491,review-clean4-clean.david.evans.3491@example.com,David,Evans,+1-clean-0003491
review-clean4-clean-CAND-03492,review-clean4-clean.jillian.chavez.3492@example.com,Jillian,Chavez,+1-clean-0003492
review-clean4-clean-CAND-03493,review-clean4-clean.tonya.trujillo.3493@example.com,Tonya,Trujillo,+1-clean-0003493
review-clean4-clean-CAND-03494,review-clean4-clean.vanessa.cunningham.3494@example.com,Vanessa,Cunningham,+1-clean-0003494
review-clean4-clean-CAND-03495,review-clean4-clean.patricia.burton.3495@example.com,Patricia,Burton,+1-clean-0003495
review-clean4-clean-CAND-03496,review-clean4-clean.amanda.larson.3496@example.com,Amanda,Larson,+1-clean-0003496
review-clean4-clean-CAND-03497,review-clean4-clean.michael.mitchell.3497@example.com,Michael,Mitchell,+1-clean-0003497
review-clean4-clean-CAND-03498,review-clean4-clean.kristen.espinoza.3498@example.com,Kristen,Espinoza,+1-clean-0003498
review-clean4-clean-CAND-03499,review-clean4-clean.emily.klein.3499@example.com,Emily,Klein,+1-clean-0003499
review-clean4-clean-CAND-03500,review-clean4-clean.april.wright.3500@example.com,April,Wright,+1-clean-0003500
review-clean4-clean-CAND-03501,review-clean4-clean.mark.aguilar.3501@example.com,Mark,Aguilar,+1-clean-0003501
review-clean4-clean-CAND-03502,review-clean4-clean.mackenzie.ward.3502@example.com,Mackenzie,Ward,+1-clean-0003502
review-clean4-clean-CAND-03503,review-clean4-clean.corey.dawson.3503@example.com,Corey,Dawson,+1-clean-0003503
review-clean4-clean-CAND-03504,review-clean4-clean.maria.miller.3504@example.com,Maria,Miller,+1-clean-0003504
review-clean4-clean-CAND-03505,review-clean4-clean.bryan.beasley.3505@example.com,Bryan,Beasley,+1-clean-0003505
review-clean4-clean-CAND-03506,review-clean4-clean.thomas.griffin.3506@example.com,Thomas,Griffin,+1-clean-0003506
review-clean4-clean-CAND-03507,review-clean4-clean.mike.fox.3507@example.com,Mike,Fox,+1-clean-0003507
review-clean4-clean-CAND-03508,review-clean4-clean.brianna.stone.3508@example.com,Brianna,Stone,+1-clean-0003508
review-clean4-clean-CAND-03509,review-clean4-clean.ralph.baker.3509@example.com,Ralph,Baker,+1-clean-0003509
review-clean4-clean-CAND-03510,review-clean4-clean.victor.henderson.3510@example.com,Victor,Henderson,+1-clean-0003510
review-clean4-clean-CAND-03511,review-clean4-clean.scott.galvan.3511@example.com,Scott,Galvan,+1-clean-0003511
review-clean4-clean-CAND-03512,review-clean4-clean.tracy.mcpherson.3512@example.com,Tracy,Mcpherson,+1-clean-0003512
review-clean4-clean-CAND-03513,review-clean4-clean.madison.thomas.3513@example.com,Madison,Thomas,+1-clean-0003513
review-clean4-clean-CAND-03514,review-clean4-clean.david.dawson.3514@example.com,David,Dawson,+1-clean-0003514
review-clean4-clean-CAND-03515,review-clean4-clean.david.bush.3515@example.com,David,Bush,+1-clean-0003515
review-clean4-clean-CAND-03516,review-clean4-clean.michelle.wilson.3516@example.com,Michelle,Wilson,+1-clean-0003516
review-clean4-clean-CAND-03517,review-clean4-clean.jason.kennedy.3517@example.com,Jason,Kennedy,+1-clean-0003517
review-clean4-clean-CAND-03518,review-clean4-clean.julie.raymond.3518@example.com,Julie,Raymond,+1-clean-0003518
review-clean4-clean-CAND-03519,review-clean4-clean.mike.crane.3519@example.com,Mike,Crane,+1-clean-0003519
review-clean4-clean-CAND-03520,review-clean4-clean.carolyn.ortiz.3520@example.com,Carolyn,Ortiz,+1-clean-0003520
review-clean4-clean-CAND-03521,review-clean4-clean.david.armstrong.3521@example.com,David,Armstrong,+1-clean-0003521
review-clean4-clean-CAND-03522,review-clean4-clean.billy.hernandez.3522@example.com,Billy,Hernandez,+1-clean-0003522
review-clean4-clean-CAND-03523,review-clean4-clean.nathan.ritter.3523@example.com,Nathan,Ritter,+1-clean-0003523
review-clean4-clean-CAND-03524,review-clean4-clean.kevin.tucker.3524@example.com,Kevin,Tucker,+1-clean-0003524
review-clean4-clean-CAND-03525,review-clean4-clean.kylie.thomas.3525@example.com,Kylie,Thomas,+1-clean-0003525
review-clean4-clean-CAND-03526,review-clean4-clean.brittany.williams.3526@example.com,Brittany,Williams,+1-clean-0003526
review-clean4-clean-CAND-03527,review-clean4-clean.patricia.small.3527@example.com,Patricia,Small,+1-clean-0003527
review-clean4-clean-CAND-03528,review-clean4-clean.jason.fuentes.3528@example.com,Jason,Fuentes,+1-clean-0003528
review-clean4-clean-CAND-03529,review-clean4-clean.tracy.martinez.3529@example.com,Tracy,Martinez,+1-clean-0003529
review-clean4-clean-CAND-03530,review-clean4-clean.michael.harrell.3530@example.com,Michael,Harrell,+1-clean-0003530
review-clean4-clean-CAND-03531,review-clean4-clean.robert.berry.3531@example.com,Robert,Berry,+1-clean-0003531
review-clean4-clean-CAND-03532,review-clean4-clean.ariel.mccullough.3532@example.com,Ariel,Mccullough,+1-clean-0003532
review-clean4-clean-CAND-03533,review-clean4-clean.kimberly.alvarez.3533@example.com,Kimberly,Alvarez,+1-clean-0003533
review-clean4-clean-CAND-03534,review-clean4-clean.jennifer.obrien.3534@example.com,Jennifer,Obrien,+1-clean-0003534
review-clean4-clean-CAND-03535,review-clean4-clean.kathleen.wagner.3535@example.com,Kathleen,Wagner,+1-clean-0003535
review-clean4-clean-CAND-03536,review-clean4-clean.steven.cole.3536@example.com,Steven,Cole,+1-clean-0003536
review-clean4-clean-CAND-03537,review-clean4-clean.shane.cline.3537@example.com,Shane,Cline,+1-clean-0003537
review-clean4-clean-CAND-03538,review-clean4-clean.mark.marsh.3538@example.com,Mark,Marsh,+1-clean-0003538
review-clean4-clean-CAND-03539,review-clean4-clean.elizabeth.ortiz.3539@example.com,Elizabeth,Ortiz,+1-clean-0003539
review-clean4-clean-CAND-03540,review-clean4-clean.jesse.foster.3540@example.com,Jesse,Foster,+1-clean-0003540
review-clean4-clean-CAND-03541,review-clean4-clean.amber.rubio.3541@example.com,Amber,Rubio,+1-clean-0003541
review-clean4-clean-CAND-03542,review-clean4-clean.pamela.fitzgerald.3542@example.com,Pamela,Fitzgerald,+1-clean-0003542
review-clean4-clean-CAND-03543,review-clean4-clean.debbie.cline.3543@example.com,Debbie,Cline,+1-clean-0003543
review-clean4-clean-CAND-03544,review-clean4-clean.jasmine.armstrong.3544@example.com,Jasmine,Armstrong,+1-clean-0003544
review-clean4-clean-CAND-03545,review-clean4-clean.laura.zimmerman.3545@example.com,Laura,Zimmerman,+1-clean-0003545
review-clean4-clean-CAND-03546,review-clean4-clean.ann.martinez.3546@example.com,Ann,Martinez,+1-clean-0003546
review-clean4-clean-CAND-03547,review-clean4-clean.anita.lee.3547@example.com,Anita,Lee,+1-clean-0003547
review-clean4-clean-CAND-03548,review-clean4-clean.christine.ray.3548@example.com,Christine,Ray,+1-clean-0003548
review-clean4-clean-CAND-03549,review-clean4-clean.brian.hudson.3549@example.com,Brian,Hudson,+1-clean-0003549
review-clean4-clean-CAND-03550,review-clean4-clean.jaime.alvarez.3550@example.com,Jaime,Alvarez,+1-clean-0003550
review-clean4-clean-CAND-03551,review-clean4-clean.penny.martinez.3551@example.com,Penny,Martinez,+1-clean-0003551
review-clean4-clean-CAND-03552,review-clean4-clean.sharon.white.3552@example.com,Sharon,White,+1-clean-0003552
review-clean4-clean-CAND-03553,review-clean4-clean.andrew.buchanan.3553@example.com,Andrew,Buchanan,+1-clean-0003553
review-clean4-clean-CAND-03554,review-clean4-clean.john.thornton.3554@example.com,John,Thornton,+1-clean-0003554
review-clean4-clean-CAND-03555,review-clean4-clean.pam.wallace.3555@example.com,Pam,Wallace,+1-clean-0003555
review-clean4-clean-CAND-03556,review-clean4-clean.lindsay.lawson.3556@example.com,Lindsay,Lawson,+1-clean-0003556
review-clean4-clean-CAND-03557,review-clean4-clean.richard.williams.3557@example.com,Richard,Williams,+1-clean-0003557
review-clean4-clean-CAND-03558,review-clean4-clean.michelle.johnson.3558@example.com,Michelle,Johnson,+1-clean-0003558
review-clean4-clean-CAND-03559,review-clean4-clean.samuel.perry.3559@example.com,Samuel,Perry,+1-clean-0003559
review-clean4-clean-CAND-03560,review-clean4-clean.michele.stewart.3560@example.com,Michele,Stewart,+1-clean-0003560
review-clean4-clean-CAND-03561,review-clean4-clean.jonathan.wilson.3561@example.com,Jonathan,Wilson,+1-clean-0003561
review-clean4-clean-CAND-03562,review-clean4-clean.cory.jackson.3562@example.com,Cory,Jackson,+1-clean-0003562
review-clean4-clean-CAND-03563,review-clean4-clean.douglas.scott.3563@example.com,Douglas,Scott,+1-clean-0003563
review-clean4-clean-CAND-03564,review-clean4-clean.christopher.parker.3564@example.com,Christopher,Parker,+1-clean-0003564
review-clean4-clean-CAND-03565,review-clean4-clean.richard.jackson.3565@example.com,Richard,Jackson,+1-clean-0003565
review-clean4-clean-CAND-03566,review-clean4-clean.christina.nguyen.3566@example.com,Christina,Nguyen,+1-clean-0003566
review-clean4-clean-CAND-03567,review-clean4-clean.anthony.brown.3567@example.com,Anthony,Brown,+1-clean-0003567
review-clean4-clean-CAND-03568,review-clean4-clean.peter.flores.3568@example.com,Peter,Flores,+1-clean-0003568
review-clean4-clean-CAND-03569,review-clean4-clean.robert.nguyen.3569@example.com,Robert,Nguyen,+1-clean-0003569
review-clean4-clean-CAND-03570,review-clean4-clean.nicholas.carey.3570@example.com,Nicholas,Carey,+1-clean-0003570
review-clean4-clean-CAND-03571,review-clean4-clean.david.harris.3571@example.com,David,Harris,+1-clean-0003571
review-clean4-clean-CAND-03572,review-clean4-clean.karen.willis.3572@example.com,Karen,Willis,+1-clean-0003572
review-clean4-clean-CAND-03573,review-clean4-clean.trevor.goodwin.3573@example.com,Trevor,Goodwin,+1-clean-0003573
review-clean4-clean-CAND-03574,review-clean4-clean.paul.wilson.3574@example.com,Paul,Wilson,+1-clean-0003574
review-clean4-clean-CAND-03575,review-clean4-clean.bruce.marshall.3575@example.com,Bruce,Marshall,+1-clean-0003575
review-clean4-clean-CAND-03576,review-clean4-clean.richard.washington.3576@example.com,Richard,Washington,+1-clean-0003576
review-clean4-clean-CAND-03577,review-clean4-clean.rick.hall.3577@example.com,Rick,Hall,+1-clean-0003577
review-clean4-clean-CAND-03578,review-clean4-clean.olivia.adams.3578@example.com,Olivia,Adams,+1-clean-0003578
review-clean4-clean-CAND-03579,review-clean4-clean.tabitha.leonard.3579@example.com,Tabitha,Leonard,+1-clean-0003579
review-clean4-clean-CAND-03580,review-clean4-clean.john.peters.3580@example.com,John,Peters,+1-clean-0003580
review-clean4-clean-CAND-03581,review-clean4-clean.kristen.torres.3581@example.com,Kristen,Torres,+1-clean-0003581
review-clean4-clean-CAND-03582,review-clean4-clean.richard.miller.3582@example.com,Richard,Miller,+1-clean-0003582
review-clean4-clean-CAND-03583,review-clean4-clean.cynthia.harris.3583@example.com,Cynthia,Harris,+1-clean-0003583
review-clean4-clean-CAND-03584,review-clean4-clean.tammy.brooks.3584@example.com,Tammy,Brooks,+1-clean-0003584
review-clean4-clean-CAND-03585,review-clean4-clean.tricia.casey.3585@example.com,Tricia,Casey,+1-clean-0003585
review-clean4-clean-CAND-03586,review-clean4-clean.amanda.henderson.3586@example.com,Amanda,Henderson,+1-clean-0003586
review-clean4-clean-CAND-03587,review-clean4-clean.rhonda.hayes.3587@example.com,Rhonda,Hayes,+1-clean-0003587
review-clean4-clean-CAND-03588,review-clean4-clean.aaron.marshall.3588@example.com,Aaron,Marshall,+1-clean-0003588
review-clean4-clean-CAND-03589,review-clean4-clean.maria.roberts.3589@example.com,Maria,Roberts,+1-clean-0003589
review-clean4-clean-CAND-03590,review-clean4-clean.teresa.smith.3590@example.com,Teresa,Smith,+1-clean-0003590
review-clean4-clean-CAND-03591,review-clean4-clean.sarah.olson.3591@example.com,Sarah,Olson,+1-clean-0003591
review-clean4-clean-CAND-03592,review-clean4-clean.carla.franco.3592@example.com,Carla,Franco,+1-clean-0003592
review-clean4-clean-CAND-03593,review-clean4-clean.omar.bell.3593@example.com,Omar,Bell,+1-clean-0003593
review-clean4-clean-CAND-03594,review-clean4-clean.crystal.richards.3594@example.com,Crystal,Richards,+1-clean-0003594
review-clean4-clean-CAND-03595,review-clean4-clean.william.williams.3595@example.com,William,Williams,+1-clean-0003595
review-clean4-clean-CAND-03596,review-clean4-clean.jocelyn.hart.3596@example.com,Jocelyn,Hart,+1-clean-0003596
review-clean4-clean-CAND-03597,review-clean4-clean.kevin.foster.3597@example.com,Kevin,Foster,+1-clean-0003597
review-clean4-clean-CAND-03598,review-clean4-clean.david.taylor.3598@example.com,David,Taylor,+1-clean-0003598
review-clean4-clean-CAND-03599,review-clean4-clean.angela.ramirez.3599@example.com,Angela,Ramirez,+1-clean-0003599
review-clean4-clean-CAND-03600,review-clean4-clean.ryan.bishop.3600@example.com,Ryan,Bishop,+1-clean-0003600
review-clean4-clean-CAND-03601,review-clean4-clean.susan.flores.3601@example.com,Susan,Flores,+1-clean-0003601
review-clean4-clean-CAND-03602,review-clean4-clean.evelyn.cooper.3602@example.com,Evelyn,Cooper,+1-clean-0003602
review-clean4-clean-CAND-03603,review-clean4-clean.jose.mullins.3603@example.com,Jose,Mullins,+1-clean-0003603
review-clean4-clean-CAND-03604,review-clean4-clean.shawn.sanchez.3604@example.com,Shawn,Sanchez,+1-clean-0003604
review-clean4-clean-CAND-03605,review-clean4-clean.tonya.peterson.3605@example.com,Tonya,Peterson,+1-clean-0003605
review-clean4-clean-CAND-03606,review-clean4-clean.steve.greene.3606@example.com,Steve,Greene,+1-clean-0003606
review-clean4-clean-CAND-03607,review-clean4-clean.allen.holt.3607@example.com,Allen,Holt,+1-clean-0003607
review-clean4-clean-CAND-03608,review-clean4-clean.deborah.smith.3608@example.com,Deborah,Smith,+1-clean-0003608
review-clean4-clean-CAND-03609,review-clean4-clean.thomas.valenzuela.3609@example.com,Thomas,Valenzuela,+1-clean-0003609
review-clean4-clean-CAND-03610,review-clean4-clean.emily.gutierrez.3610@example.com,Emily,Gutierrez,+1-clean-0003610
review-clean4-clean-CAND-03611,review-clean4-clean.paula.warner.3611@example.com,Paula,Warner,+1-clean-0003611
review-clean4-clean-CAND-03612,review-clean4-clean.kathryn.medina.3612@example.com,Kathryn,Medina,+1-clean-0003612
review-clean4-clean-CAND-03613,review-clean4-clean.kristin.banks.3613@example.com,Kristin,Banks,+1-clean-0003613
review-clean4-clean-CAND-03614,review-clean4-clean.chris.johnson.3614@example.com,Chris,Johnson,+1-clean-0003614
review-clean4-clean-CAND-03615,review-clean4-clean.marilyn.powers.3615@example.com,Marilyn,Powers,+1-clean-0003615
review-clean4-clean-CAND-03616,review-clean4-clean.emily.gomez.3616@example.com,Emily,Gomez,+1-clean-0003616
review-clean4-clean-CAND-03617,review-clean4-clean.lisa.carey.3617@example.com,Lisa,Carey,+1-clean-0003617
review-clean4-clean-CAND-03618,review-clean4-clean.michael.thompson.3618@example.com,Michael,Thompson,+1-clean-0003618
review-clean4-clean-CAND-03619,review-clean4-clean.katrina.terry.3619@example.com,Katrina,Terry,+1-clean-0003619
review-clean4-clean-CAND-03620,review-clean4-clean.alan.ford.3620@example.com,Alan,Ford,+1-clean-0003620
review-clean4-clean-CAND-03621,review-clean4-clean.sharon.wallace.3621@example.com,Sharon,Wallace,+1-clean-0003621
review-clean4-clean-CAND-03622,review-clean4-clean.jeffrey.smith.3622@example.com,Jeffrey,Smith,+1-clean-0003622
review-clean4-clean-CAND-03623,review-clean4-clean.juan.morse.3623@example.com,Juan,Morse,+1-clean-0003623
review-clean4-clean-CAND-03624,review-clean4-clean.michael.davis.3624@example.com,Michael,Davis,+1-clean-0003624
review-clean4-clean-CAND-03625,review-clean4-clean.christina.turner.3625@example.com,Christina,Turner,+1-clean-0003625
review-clean4-clean-CAND-03626,review-clean4-clean.jennifer.young.3626@example.com,Jennifer,Young,+1-clean-0003626
review-clean4-clean-CAND-03627,review-clean4-clean.troy.cox.3627@example.com,Troy,Cox,+1-clean-0003627
review-clean4-clean-CAND-03628,review-clean4-clean.juan.conway.3628@example.com,Juan,Conway,+1-clean-0003628
review-clean4-clean-CAND-03629,review-clean4-clean.jasmine.clark.3629@example.com,Jasmine,Clark,+1-clean-0003629
review-clean4-clean-CAND-03630,review-clean4-clean.james.nicholson.3630@example.com,James,Nicholson,+1-clean-0003630
review-clean4-clean-CAND-03631,review-clean4-clean.randy.kane.3631@example.com,Randy,Kane,+1-clean-0003631
review-clean4-clean-CAND-03632,review-clean4-clean.ashley.snyder.3632@example.com,Ashley,Snyder,+1-clean-0003632
review-clean4-clean-CAND-03633,review-clean4-clean.andrea.keller.3633@example.com,Andrea,Keller,+1-clean-0003633
review-clean4-clean-CAND-03634,review-clean4-clean.ariel.fleming.3634@example.com,Ariel,Fleming,+1-clean-0003634
review-clean4-clean-CAND-03635,review-clean4-clean.annette.jones.3635@example.com,Annette,Jones,+1-clean-0003635
review-clean4-clean-CAND-03636,review-clean4-clean.david.brown.3636@example.com,David,Brown,+1-clean-0003636
review-clean4-clean-CAND-03637,review-clean4-clean.jordan.hudson.3637@example.com,Jordan,Hudson,+1-clean-0003637
review-clean4-clean-CAND-03638,review-clean4-clean.jeremy.mills.3638@example.com,Jeremy,Mills,+1-clean-0003638
review-clean4-clean-CAND-03639,review-clean4-clean.kimberly.lee.3639@example.com,Kimberly,Lee,+1-clean-0003639
review-clean4-clean-CAND-03640,review-clean4-clean.erica.braun.3640@example.com,Erica,Braun,+1-clean-0003640
review-clean4-clean-CAND-03641,review-clean4-clean.heather.patel.3641@example.com,Heather,Patel,+1-clean-0003641
review-clean4-clean-CAND-03642,review-clean4-clean.johnny.castro.3642@example.com,Johnny,Castro,+1-clean-0003642
review-clean4-clean-CAND-03643,review-clean4-clean.shawn.pace.3643@example.com,Shawn,Pace,+1-clean-0003643
review-clean4-clean-CAND-03644,review-clean4-clean.danielle.hahn.3644@example.com,Danielle,Hahn,+1-clean-0003644
review-clean4-clean-CAND-03645,review-clean4-clean.brett.mcmillan.3645@example.com,Brett,Mcmillan,+1-clean-0003645
review-clean4-clean-CAND-03646,review-clean4-clean.ryan.carney.3646@example.com,Ryan,Carney,+1-clean-0003646
review-clean4-clean-CAND-03647,review-clean4-clean.joshua.frazier.3647@example.com,Joshua,Frazier,+1-clean-0003647
review-clean4-clean-CAND-03648,review-clean4-clean.steven.ward.3648@example.com,Steven,Ward,+1-clean-0003648
review-clean4-clean-CAND-03649,review-clean4-clean.katherine.stephenson.3649@example.com,Katherine,Stephenson,+1-clean-0003649
review-clean4-clean-CAND-03650,review-clean4-clean.jeffrey.ramirez.3650@example.com,Jeffrey,Ramirez,+1-clean-0003650
review-clean4-clean-CAND-03651,review-clean4-clean.robert.cole.3651@example.com,Robert,Cole,+1-clean-0003651
review-clean4-clean-CAND-03652,review-clean4-clean.adam.lee.3652@example.com,Adam,Lee,+1-clean-0003652
review-clean4-clean-CAND-03653,review-clean4-clean.christopher.armstrong.3653@example.com,Christopher,Armstrong,+1-clean-0003653
review-clean4-clean-CAND-03654,review-clean4-clean.anthony.mclaughlin.3654@example.com,Anthony,Mclaughlin,+1-clean-0003654
review-clean4-clean-CAND-03655,review-clean4-clean.tiffany.coleman.3655@example.com,Tiffany,Coleman,+1-clean-0003655
review-clean4-clean-CAND-03656,review-clean4-clean.charles.wright.3656@example.com,Charles,Wright,+1-clean-0003656
review-clean4-clean-CAND-03657,review-clean4-clean.frank.collins.3657@example.com,Frank,Collins,+1-clean-0003657
review-clean4-clean-CAND-03658,review-clean4-clean.connie.davis.3658@example.com,Connie,Davis,+1-clean-0003658
review-clean4-clean-CAND-03659,review-clean4-clean.timothy.morton.3659@example.com,Timothy,Morton,+1-clean-0003659
review-clean4-clean-CAND-03660,review-clean4-clean.brittany.sims.3660@example.com,Brittany,Sims,+1-clean-0003660
review-clean4-clean-CAND-03661,review-clean4-clean.matthew.wright.3661@example.com,Matthew,Wright,+1-clean-0003661
review-clean4-clean-CAND-03662,review-clean4-clean.daniel.allen.3662@example.com,Daniel,Allen,+1-clean-0003662
review-clean4-clean-CAND-03663,review-clean4-clean.matthew.brown.3663@example.com,Matthew,Brown,+1-clean-0003663
review-clean4-clean-CAND-03664,review-clean4-clean.matthew.bauer.3664@example.com,Matthew,Bauer,+1-clean-0003664
review-clean4-clean-CAND-03665,review-clean4-clean.sherry.parsons.3665@example.com,Sherry,Parsons,+1-clean-0003665
review-clean4-clean-CAND-03666,review-clean4-clean.christine.duran.3666@example.com,Christine,Duran,+1-clean-0003666
review-clean4-clean-CAND-03667,review-clean4-clean.colleen.riley.3667@example.com,Colleen,Riley,+1-clean-0003667
review-clean4-clean-CAND-03668,review-clean4-clean.christopher.brown.3668@example.com,Christopher,Brown,+1-clean-0003668
review-clean4-clean-CAND-03669,review-clean4-clean.arthur.edwards.3669@example.com,Arthur,Edwards,+1-clean-0003669
review-clean4-clean-CAND-03670,review-clean4-clean.melanie.brown.3670@example.com,Melanie,Brown,+1-clean-0003670
review-clean4-clean-CAND-03671,review-clean4-clean.david.ellison.3671@example.com,David,Ellison,+1-clean-0003671
review-clean4-clean-CAND-03672,review-clean4-clean.scott.turner.3672@example.com,Scott,Turner,+1-clean-0003672
review-clean4-clean-CAND-03673,review-clean4-clean.connie.jones.3673@example.com,Connie,Jones,+1-clean-0003673
review-clean4-clean-CAND-03674,review-clean4-clean.erica.hansen.3674@example.com,Erica,Hansen,+1-clean-0003674
review-clean4-clean-CAND-03675,review-clean4-clean.kenneth.james.3675@example.com,Kenneth,James,+1-clean-0003675
review-clean4-clean-CAND-03676,review-clean4-clean.cody.walton.3676@example.com,Cody,Walton,+1-clean-0003676
review-clean4-clean-CAND-03677,review-clean4-clean.jesse.greene.3677@example.com,Jesse,Greene,+1-clean-0003677
review-clean4-clean-CAND-03678,review-clean4-clean.donna.smith.3678@example.com,Donna,Smith,+1-clean-0003678
review-clean4-clean-CAND-03679,review-clean4-clean.patrick.pope.3679@example.com,Patrick,Pope,+1-clean-0003679
review-clean4-clean-CAND-03680,review-clean4-clean.nichole.harvey.3680@example.com,Nichole,Harvey,+1-clean-0003680
review-clean4-clean-CAND-03681,review-clean4-clean.matthew.pace.3681@example.com,Matthew,Pace,+1-clean-0003681
review-clean4-clean-CAND-03682,review-clean4-clean.krista.gibson.3682@example.com,Krista,Gibson,+1-clean-0003682
review-clean4-clean-CAND-03683,review-clean4-clean.mark.lee.3683@example.com,Mark,Lee,+1-clean-0003683
review-clean4-clean-CAND-03684,review-clean4-clean.curtis.larson.3684@example.com,Curtis,Larson,+1-clean-0003684
review-clean4-clean-CAND-03685,review-clean4-clean.carlos.clarke.3685@example.com,Carlos,Clarke,+1-clean-0003685
review-clean4-clean-CAND-03686,review-clean4-clean.james.berry.3686@example.com,James,Berry,+1-clean-0003686
review-clean4-clean-CAND-03687,review-clean4-clean.dana.scott.3687@example.com,Dana,Scott,+1-clean-0003687
review-clean4-clean-CAND-03688,review-clean4-clean.robert.hardy.3688@example.com,Robert,Hardy,+1-clean-0003688
review-clean4-clean-CAND-03689,review-clean4-clean.sean.sanchez.3689@example.com,Sean,Sanchez,+1-clean-0003689
review-clean4-clean-CAND-03690,review-clean4-clean.laura.brown.3690@example.com,Laura,Brown,+1-clean-0003690
review-clean4-clean-CAND-03691,review-clean4-clean.larry.graham.3691@example.com,Larry,Graham,+1-clean-0003691
review-clean4-clean-CAND-03692,review-clean4-clean.susan.webster.3692@example.com,Susan,Webster,+1-clean-0003692
review-clean4-clean-CAND-03693,review-clean4-clean.larry.mcclure.3693@example.com,Larry,Mcclure,+1-clean-0003693
review-clean4-clean-CAND-03694,review-clean4-clean.kimberly.hernandez.3694@example.com,Kimberly,Hernandez,+1-clean-0003694
review-clean4-clean-CAND-03695,review-clean4-clean.kyle.cooper.3695@example.com,Kyle,Cooper,+1-clean-0003695
review-clean4-clean-CAND-03696,review-clean4-clean.miguel.smith.3696@example.com,Miguel,Smith,+1-clean-0003696
review-clean4-clean-CAND-03697,review-clean4-clean.brenda.gregory.3697@example.com,Brenda,Gregory,+1-clean-0003697
review-clean4-clean-CAND-03698,review-clean4-clean.brian.hunter.3698@example.com,Brian,Hunter,+1-clean-0003698
review-clean4-clean-CAND-03699,review-clean4-clean.mary.trevino.3699@example.com,Mary,Trevino,+1-clean-0003699
review-clean4-clean-CAND-03700,review-clean4-clean.robert.gonzalez.3700@example.com,Robert,Gonzalez,+1-clean-0003700
review-clean4-clean-CAND-03701,review-clean4-clean.james.kerr.3701@example.com,James,Kerr,+1-clean-0003701
review-clean4-clean-CAND-03702,review-clean4-clean.kristen.peterson.3702@example.com,Kristen,Peterson,+1-clean-0003702
review-clean4-clean-CAND-03703,review-clean4-clean.elizabeth.neal.3703@example.com,Elizabeth,Neal,+1-clean-0003703
review-clean4-clean-CAND-03704,review-clean4-clean.tina.greene.3704@example.com,Tina,Greene,+1-clean-0003704
review-clean4-clean-CAND-03705,review-clean4-clean.mark.lane.3705@example.com,Mark,Lane,+1-clean-0003705
review-clean4-clean-CAND-03706,review-clean4-clean.sylvia.jensen.3706@example.com,Sylvia,Jensen,+1-clean-0003706
review-clean4-clean-CAND-03707,review-clean4-clean.robert.martin.3707@example.com,Robert,Martin,+1-clean-0003707
review-clean4-clean-CAND-03708,review-clean4-clean.shawn.mccormick.3708@example.com,Shawn,Mccormick,+1-clean-0003708
review-clean4-clean-CAND-03709,review-clean4-clean.bobby.robinson.3709@example.com,Bobby,Robinson,+1-clean-0003709
review-clean4-clean-CAND-03710,review-clean4-clean.adam.walker.3710@example.com,Adam,Walker,+1-clean-0003710
review-clean4-clean-CAND-03711,review-clean4-clean.jerry.hanson.3711@example.com,Jerry,Hanson,+1-clean-0003711
review-clean4-clean-CAND-03712,review-clean4-clean.john.navarro.3712@example.com,John,Navarro,+1-clean-0003712
review-clean4-clean-CAND-03713,review-clean4-clean.stephanie.rivera.3713@example.com,Stephanie,Rivera,+1-clean-0003713
review-clean4-clean-CAND-03714,review-clean4-clean.jody.harris.3714@example.com,Jody,Harris,+1-clean-0003714
review-clean4-clean-CAND-03715,review-clean4-clean.jack.fritz.3715@example.com,Jack,Fritz,+1-clean-0003715
review-clean4-clean-CAND-03716,review-clean4-clean.michael.jones.3716@example.com,Michael,Jones,+1-clean-0003716
review-clean4-clean-CAND-03717,review-clean4-clean.anthony.wilson.3717@example.com,Anthony,Wilson,+1-clean-0003717
review-clean4-clean-CAND-03718,review-clean4-clean.kelly.lee.3718@example.com,Kelly,Lee,+1-clean-0003718
review-clean4-clean-CAND-03719,review-clean4-clean.brenda.cannon.3719@example.com,Brenda,Cannon,+1-clean-0003719
review-clean4-clean-CAND-03720,review-clean4-clean.bradley.johnson.3720@example.com,Bradley,Johnson,+1-clean-0003720
review-clean4-clean-CAND-03721,review-clean4-clean.james.thompson.3721@example.com,James,Thompson,+1-clean-0003721
review-clean4-clean-CAND-03722,review-clean4-clean.nicole.higgins.3722@example.com,Nicole,Higgins,+1-clean-0003722
review-clean4-clean-CAND-03723,review-clean4-clean.matthew.spencer.3723@example.com,Matthew,Spencer,+1-clean-0003723
review-clean4-clean-CAND-03724,review-clean4-clean.gregory.smith.3724@example.com,Gregory,Smith,+1-clean-0003724
review-clean4-clean-CAND-03725,review-clean4-clean.megan.lozano.3725@example.com,Megan,Lozano,+1-clean-0003725
review-clean4-clean-CAND-03726,review-clean4-clean.andrew.byrd.3726@example.com,Andrew,Byrd,+1-clean-0003726
review-clean4-clean-CAND-03727,review-clean4-clean.nicholas.cobb.3727@example.com,Nicholas,Cobb,+1-clean-0003727
review-clean4-clean-CAND-03728,review-clean4-clean.daniel.boyle.3728@example.com,Daniel,Boyle,+1-clean-0003728
review-clean4-clean-CAND-03729,review-clean4-clean.kevin.allen.3729@example.com,Kevin,Allen,+1-clean-0003729
review-clean4-clean-CAND-03730,review-clean4-clean.lisa.guerrero.3730@example.com,Lisa,Guerrero,+1-clean-0003730
review-clean4-clean-CAND-03731,review-clean4-clean.shelley.rowland.3731@example.com,Shelley,Rowland,+1-clean-0003731
review-clean4-clean-CAND-03732,review-clean4-clean.whitney.keith.3732@example.com,Whitney,Keith,+1-clean-0003732
review-clean4-clean-CAND-03733,review-clean4-clean.natalie.jones.3733@example.com,Natalie,Jones,+1-clean-0003733
review-clean4-clean-CAND-03734,review-clean4-clean.drew.glass.3734@example.com,Drew,Glass,+1-clean-0003734
review-clean4-clean-CAND-03735,review-clean4-clean.laura.lee.3735@example.com,Laura,Lee,+1-clean-0003735
review-clean4-clean-CAND-03736,review-clean4-clean.nicholas.brooks.3736@example.com,Nicholas,Brooks,+1-clean-0003736
review-clean4-clean-CAND-03737,review-clean4-clean.carol.rowland.3737@example.com,Carol,Rowland,+1-clean-0003737
review-clean4-clean-CAND-03738,review-clean4-clean.john.williams.3738@example.com,John,Williams,+1-clean-0003738
review-clean4-clean-CAND-03739,review-clean4-clean.christina.lopez.3739@example.com,Christina,Lopez,+1-clean-0003739
review-clean4-clean-CAND-03740,review-clean4-clean.amanda.clarke.3740@example.com,Amanda,Clarke,+1-clean-0003740
review-clean4-clean-CAND-03741,review-clean4-clean.mark.brown.3741@example.com,Mark,Brown,+1-clean-0003741
review-clean4-clean-CAND-03742,review-clean4-clean.laura.salas.3742@example.com,Laura,Salas,+1-clean-0003742
review-clean4-clean-CAND-03743,review-clean4-clean.melissa.schmitt.3743@example.com,Melissa,Schmitt,+1-clean-0003743
review-clean4-clean-CAND-03744,review-clean4-clean.norma.clark.3744@example.com,Norma,Clark,+1-clean-0003744
review-clean4-clean-CAND-03745,review-clean4-clean.christopher.ruiz.3745@example.com,Christopher,Ruiz,+1-clean-0003745
review-clean4-clean-CAND-03746,review-clean4-clean.elizabeth.brown.3746@example.com,Elizabeth,Brown,+1-clean-0003746
review-clean4-clean-CAND-03747,review-clean4-clean.william.potter.3747@example.com,William,Potter,+1-clean-0003747
review-clean4-clean-CAND-03748,review-clean4-clean.deanna.hicks.3748@example.com,Deanna,Hicks,+1-clean-0003748
review-clean4-clean-CAND-03749,review-clean4-clean.victor.marshall.3749@example.com,Victor,Marshall,+1-clean-0003749
review-clean4-clean-CAND-03750,review-clean4-clean.marc.brooks.3750@example.com,Marc,Brooks,+1-clean-0003750
review-clean4-clean-CAND-03751,review-clean4-clean.heather.baldwin.3751@example.com,Heather,Baldwin,+1-clean-0003751
review-clean4-clean-CAND-03752,review-clean4-clean.troy.adams.3752@example.com,Troy,Adams,+1-clean-0003752
review-clean4-clean-CAND-03753,review-clean4-clean.richard.morse.3753@example.com,Richard,Morse,+1-clean-0003753
review-clean4-clean-CAND-03754,review-clean4-clean.brandy.johnson.3754@example.com,Brandy,Johnson,+1-clean-0003754
review-clean4-clean-CAND-03755,review-clean4-clean.jeffrey.harris.3755@example.com,Jeffrey,Harris,+1-clean-0003755
review-clean4-clean-CAND-03756,review-clean4-clean.michelle.foster.3756@example.com,Michelle,Foster,+1-clean-0003756
review-clean4-clean-CAND-03757,review-clean4-clean.kevin.oneal.3757@example.com,Kevin,Oneal,+1-clean-0003757
review-clean4-clean-CAND-03758,review-clean4-clean.ashley.walls.3758@example.com,Ashley,Walls,+1-clean-0003758
review-clean4-clean-CAND-03759,review-clean4-clean.neil.pierce.3759@example.com,Neil,Pierce,+1-clean-0003759
review-clean4-clean-CAND-03760,review-clean4-clean.dennis.miller.3760@example.com,Dennis,Miller,+1-clean-0003760
review-clean4-clean-CAND-03761,review-clean4-clean.sean.bell.3761@example.com,Sean,Bell,+1-clean-0003761
review-clean4-clean-CAND-03762,review-clean4-clean.brandy.marshall.3762@example.com,Brandy,Marshall,+1-clean-0003762
review-clean4-clean-CAND-03763,review-clean4-clean.christine.simmons.3763@example.com,Christine,Simmons,+1-clean-0003763
review-clean4-clean-CAND-03764,review-clean4-clean.taylor.ortiz.3764@example.com,Taylor,Ortiz,+1-clean-0003764
review-clean4-clean-CAND-03765,review-clean4-clean.linda.stewart.3765@example.com,Linda,Stewart,+1-clean-0003765
review-clean4-clean-CAND-03766,review-clean4-clean.patrick.white.3766@example.com,Patrick,White,+1-clean-0003766
review-clean4-clean-CAND-03767,review-clean4-clean.jesus.brewer.3767@example.com,Jesus,Brewer,+1-clean-0003767
review-clean4-clean-CAND-03768,review-clean4-clean.michael.miller.3768@example.com,Michael,Miller,+1-clean-0003768
review-clean4-clean-CAND-03769,review-clean4-clean.megan.hunt.3769@example.com,Megan,Hunt,+1-clean-0003769
review-clean4-clean-CAND-03770,review-clean4-clean.dawn.hartman.3770@example.com,Dawn,Hartman,+1-clean-0003770
review-clean4-clean-CAND-03771,review-clean4-clean.sara.garcia.3771@example.com,Sara,Garcia,+1-clean-0003771
review-clean4-clean-CAND-03772,review-clean4-clean.charles.johnson.3772@example.com,Charles,Johnson,+1-clean-0003772
review-clean4-clean-CAND-03773,review-clean4-clean.james.gonzalez.3773@example.com,James,Gonzalez,+1-clean-0003773
review-clean4-clean-CAND-03774,review-clean4-clean.mark.turner.3774@example.com,Mark,Turner,+1-clean-0003774
review-clean4-clean-CAND-03775,review-clean4-clean.lisa.sutton.3775@example.com,Lisa,Sutton,+1-clean-0003775
review-clean4-clean-CAND-03776,review-clean4-clean.joshua.thornton.3776@example.com,Joshua,Thornton,+1-clean-0003776
review-clean4-clean-CAND-03777,review-clean4-clean.whitney.murillo.3777@example.com,Whitney,Murillo,+1-clean-0003777
review-clean4-clean-CAND-03778,review-clean4-clean.karen.singh.3778@example.com,Karen,Singh,+1-clean-0003778
review-clean4-clean-CAND-03779,review-clean4-clean.rita.smith.3779@example.com,Rita,Smith,+1-clean-0003779
review-clean4-clean-CAND-03780,review-clean4-clean.kevin.short.3780@example.com,Kevin,Short,+1-clean-0003780
review-clean4-clean-CAND-03781,review-clean4-clean.krista.powell.3781@example.com,Krista,Powell,+1-clean-0003781
review-clean4-clean-CAND-03782,review-clean4-clean.richard.carpenter.3782@example.com,Richard,Carpenter,+1-clean-0003782
review-clean4-clean-CAND-03783,review-clean4-clean.diana.kennedy.3783@example.com,Diana,Kennedy,+1-clean-0003783
review-clean4-clean-CAND-03784,review-clean4-clean.william.juarez.3784@example.com,William,Juarez,+1-clean-0003784
review-clean4-clean-CAND-03785,review-clean4-clean.edward.sanders.3785@example.com,Edward,Sanders,+1-clean-0003785
review-clean4-clean-CAND-03786,review-clean4-clean.jeremy.curry.3786@example.com,Jeremy,Curry,+1-clean-0003786
review-clean4-clean-CAND-03787,review-clean4-clean.thomas.black.3787@example.com,Thomas,Black,+1-clean-0003787
review-clean4-clean-CAND-03788,review-clean4-clean.kristi.todd.3788@example.com,Kristi,Todd,+1-clean-0003788
review-clean4-clean-CAND-03789,review-clean4-clean.jennifer.murray.3789@example.com,Jennifer,Murray,+1-clean-0003789
review-clean4-clean-CAND-03790,review-clean4-clean.latoya.edwards.3790@example.com,Latoya,Edwards,+1-clean-0003790
review-clean4-clean-CAND-03791,review-clean4-clean.jacob.carrillo.3791@example.com,Jacob,Carrillo,+1-clean-0003791
review-clean4-clean-CAND-03792,review-clean4-clean.heidi.clark.3792@example.com,Heidi,Clark,+1-clean-0003792
review-clean4-clean-CAND-03793,review-clean4-clean.shannon.hansen.3793@example.com,Shannon,Hansen,+1-clean-0003793
review-clean4-clean-CAND-03794,review-clean4-clean.nicholas.ray.3794@example.com,Nicholas,Ray,+1-clean-0003794
review-clean4-clean-CAND-03795,review-clean4-clean.david.harding.3795@example.com,David,Harding,+1-clean-0003795
review-clean4-clean-CAND-03796,review-clean4-clean.alec.cochran.3796@example.com,Alec,Cochran,+1-clean-0003796
review-clean4-clean-CAND-03797,review-clean4-clean.mary.morgan.3797@example.com,Mary,Morgan,+1-clean-0003797
review-clean4-clean-CAND-03798,review-clean4-clean.robert.jennings.3798@example.com,Robert,Jennings,+1-clean-0003798
review-clean4-clean-CAND-03799,review-clean4-clean.richard.osborne.3799@example.com,Richard,Osborne,+1-clean-0003799
review-clean4-clean-CAND-03800,review-clean4-clean.amanda.nguyen.3800@example.com,Amanda,Nguyen,+1-clean-0003800
review-clean4-clean-CAND-03801,review-clean4-clean.andrew.floyd.3801@example.com,Andrew,Floyd,+1-clean-0003801
review-clean4-clean-CAND-03802,review-clean4-clean.sandra.hernandez.3802@example.com,Sandra,Hernandez,+1-clean-0003802
review-clean4-clean-CAND-03803,review-clean4-clean.stephanie.rivera.3803@example.com,Stephanie,Rivera,+1-clean-0003803
review-clean4-clean-CAND-03804,review-clean4-clean.crystal.morrison.3804@example.com,Crystal,Morrison,+1-clean-0003804
review-clean4-clean-CAND-03805,review-clean4-clean.cathy.camacho.3805@example.com,Cathy,Camacho,+1-clean-0003805
review-clean4-clean-CAND-03806,review-clean4-clean.tina.harris.3806@example.com,Tina,Harris,+1-clean-0003806
review-clean4-clean-CAND-03807,review-clean4-clean.peter.ferguson.3807@example.com,Peter,Ferguson,+1-clean-0003807
review-clean4-clean-CAND-03808,review-clean4-clean.jacob.rodriguez.3808@example.com,Jacob,Rodriguez,+1-clean-0003808
review-clean4-clean-CAND-03809,review-clean4-clean.ashley.hayes.3809@example.com,Ashley,Hayes,+1-clean-0003809
review-clean4-clean-CAND-03810,review-clean4-clean.patricia.davis.3810@example.com,Patricia,Davis,+1-clean-0003810
review-clean4-clean-CAND-03811,review-clean4-clean.damon.tran.3811@example.com,Damon,Tran,+1-clean-0003811
review-clean4-clean-CAND-03812,review-clean4-clean.antonio.barker.3812@example.com,Antonio,Barker,+1-clean-0003812
review-clean4-clean-CAND-03813,review-clean4-clean.tracy.lopez.3813@example.com,Tracy,Lopez,+1-clean-0003813
review-clean4-clean-CAND-03814,review-clean4-clean.chad.mccarty.3814@example.com,Chad,Mccarty,+1-clean-0003814
review-clean4-clean-CAND-03815,review-clean4-clean.justin.hall.3815@example.com,Justin,Hall,+1-clean-0003815
review-clean4-clean-CAND-03816,review-clean4-clean.donna.jones.3816@example.com,Donna,Jones,+1-clean-0003816
review-clean4-clean-CAND-03817,review-clean4-clean.brian.stone.3817@example.com,Brian,Stone,+1-clean-0003817
review-clean4-clean-CAND-03818,review-clean4-clean.george.heath.3818@example.com,George,Heath,+1-clean-0003818
review-clean4-clean-CAND-03819,review-clean4-clean.robert.moore.3819@example.com,Robert,Moore,+1-clean-0003819
review-clean4-clean-CAND-03820,review-clean4-clean.daniel.herrera.3820@example.com,Daniel,Herrera,+1-clean-0003820
review-clean4-clean-CAND-03821,review-clean4-clean.timothy.jones.3821@example.com,Timothy,Jones,+1-clean-0003821
review-clean4-clean-CAND-03822,review-clean4-clean.stephanie.glenn.3822@example.com,Stephanie,Glenn,+1-clean-0003822
review-clean4-clean-CAND-03823,review-clean4-clean.david.harris.3823@example.com,David,Harris,+1-clean-0003823
review-clean4-clean-CAND-03824,review-clean4-clean.ryan.mckinney.3824@example.com,Ryan,Mckinney,+1-clean-0003824
review-clean4-clean-CAND-03825,review-clean4-clean.thomas.munoz.3825@example.com,Thomas,Munoz,+1-clean-0003825
review-clean4-clean-CAND-03826,review-clean4-clean.sheila.matthews.3826@example.com,Sheila,Matthews,+1-clean-0003826
review-clean4-clean-CAND-03827,review-clean4-clean.wayne.cohen.3827@example.com,Wayne,Cohen,+1-clean-0003827
review-clean4-clean-CAND-03828,review-clean4-clean.joshua.smith.3828@example.com,Joshua,Smith,+1-clean-0003828
review-clean4-clean-CAND-03829,review-clean4-clean.douglas.brown.3829@example.com,Douglas,Brown,+1-clean-0003829
review-clean4-clean-CAND-03830,review-clean4-clean.reginald.aguirre.3830@example.com,Reginald,Aguirre,+1-clean-0003830
review-clean4-clean-CAND-03831,review-clean4-clean.alicia.kent.3831@example.com,Alicia,Kent,+1-clean-0003831
review-clean4-clean-CAND-03832,review-clean4-clean.natasha.stevens.3832@example.com,Natasha,Stevens,+1-clean-0003832
review-clean4-clean-CAND-03833,review-clean4-clean.barbara.mclaughlin.3833@example.com,Barbara,Mclaughlin,+1-clean-0003833
review-clean4-clean-CAND-03834,review-clean4-clean.keith.ibarra.3834@example.com,Keith,Ibarra,+1-clean-0003834
review-clean4-clean-CAND-03835,review-clean4-clean.stephen.graves.3835@example.com,Stephen,Graves,+1-clean-0003835
review-clean4-clean-CAND-03836,review-clean4-clean.jennifer.evans.3836@example.com,Jennifer,Evans,+1-clean-0003836
review-clean4-clean-CAND-03837,review-clean4-clean.chloe.patrick.3837@example.com,Chloe,Patrick,+1-clean-0003837
review-clean4-clean-CAND-03838,review-clean4-clean.gregory.wright.3838@example.com,Gregory,Wright,+1-clean-0003838
review-clean4-clean-CAND-03839,review-clean4-clean.rachel.quinn.3839@example.com,Rachel,Quinn,+1-clean-0003839
review-clean4-clean-CAND-03840,review-clean4-clean.stephen.bartlett.3840@example.com,Stephen,Bartlett,+1-clean-0003840
review-clean4-clean-CAND-03841,review-clean4-clean.isaac.carroll.3841@example.com,Isaac,Carroll,+1-clean-0003841
review-clean4-clean-CAND-03842,review-clean4-clean.phillip.bautista.3842@example.com,Phillip,Bautista,+1-clean-0003842
review-clean4-clean-CAND-03843,review-clean4-clean.john.harrell.3843@example.com,John,Harrell,+1-clean-0003843
review-clean4-clean-CAND-03844,review-clean4-clean.joshua.fuller.3844@example.com,Joshua,Fuller,+1-clean-0003844
review-clean4-clean-CAND-03845,review-clean4-clean.kelly.hendricks.3845@example.com,Kelly,Hendricks,+1-clean-0003845
review-clean4-clean-CAND-03846,review-clean4-clean.helen.bowen.3846@example.com,Helen,Bowen,+1-clean-0003846
review-clean4-clean-CAND-03847,review-clean4-clean.jeff.snyder.3847@example.com,Jeff,Snyder,+1-clean-0003847
review-clean4-clean-CAND-03848,review-clean4-clean.victoria.tran.3848@example.com,Victoria,Tran,+1-clean-0003848
review-clean4-clean-CAND-03849,review-clean4-clean.wanda.jones.3849@example.com,Wanda,Jones,+1-clean-0003849
review-clean4-clean-CAND-03850,review-clean4-clean.daniel.miranda.3850@example.com,Daniel,Miranda,+1-clean-0003850
review-clean4-clean-CAND-03851,review-clean4-clean.mark.hayes.3851@example.com,Mark,Hayes,+1-clean-0003851
review-clean4-clean-CAND-03852,review-clean4-clean.johnny.hunter.3852@example.com,Johnny,Hunter,+1-clean-0003852
review-clean4-clean-CAND-03853,review-clean4-clean.steven.jones.3853@example.com,Steven,Jones,+1-clean-0003853
review-clean4-clean-CAND-03854,review-clean4-clean.heather.brady.3854@example.com,Heather,Brady,+1-clean-0003854
review-clean4-clean-CAND-03855,review-clean4-clean.patrick.reese.3855@example.com,Patrick,Reese,+1-clean-0003855
review-clean4-clean-CAND-03856,review-clean4-clean.melissa.sanders.3856@example.com,Melissa,Sanders,+1-clean-0003856
review-clean4-clean-CAND-03857,review-clean4-clean.alex.wilson.3857@example.com,Alex,Wilson,+1-clean-0003857
review-clean4-clean-CAND-03858,review-clean4-clean.sally.murphy.3858@example.com,Sally,Murphy,+1-clean-0003858
review-clean4-clean-CAND-03859,review-clean4-clean.kaitlyn.washington.3859@example.com,Kaitlyn,Washington,+1-clean-0003859
review-clean4-clean-CAND-03860,review-clean4-clean.carlos.kelley.3860@example.com,Carlos,Kelley,+1-clean-0003860
review-clean4-clean-CAND-03861,review-clean4-clean.john.dodson.3861@example.com,John,Dodson,+1-clean-0003861
review-clean4-clean-CAND-03862,review-clean4-clean.donald.hoover.3862@example.com,Donald,Hoover,+1-clean-0003862
review-clean4-clean-CAND-03863,review-clean4-clean.mckenzie.jackson.3863@example.com,Mckenzie,Jackson,+1-clean-0003863
review-clean4-clean-CAND-03864,review-clean4-clean.andrew.garcia.3864@example.com,Andrew,Garcia,+1-clean-0003864
review-clean4-clean-CAND-03865,review-clean4-clean.kelly.nichols.3865@example.com,Kelly,Nichols,+1-clean-0003865
review-clean4-clean-CAND-03866,review-clean4-clean.peter.jones.3866@example.com,Peter,Jones,+1-clean-0003866
review-clean4-clean-CAND-03867,review-clean4-clean.kathryn.byrd.3867@example.com,Kathryn,Byrd,+1-clean-0003867
review-clean4-clean-CAND-03868,review-clean4-clean.eric.howard.3868@example.com,Eric,Howard,+1-clean-0003868
review-clean4-clean-CAND-03869,review-clean4-clean.jay.johnson.3869@example.com,Jay,Johnson,+1-clean-0003869
review-clean4-clean-CAND-03870,review-clean4-clean.emily.robinson.3870@example.com,Emily,Robinson,+1-clean-0003870
review-clean4-clean-CAND-03871,review-clean4-clean.heather.copeland.3871@example.com,Heather,Copeland,+1-clean-0003871
review-clean4-clean-CAND-03872,review-clean4-clean.lisa.davidson.3872@example.com,Lisa,Davidson,+1-clean-0003872
review-clean4-clean-CAND-03873,review-clean4-clean.jennifer.prince.3873@example.com,Jennifer,Prince,+1-clean-0003873
review-clean4-clean-CAND-03874,review-clean4-clean.peter.parker.3874@example.com,Peter,Parker,+1-clean-0003874
review-clean4-clean-CAND-03875,review-clean4-clean.brian.smith.3875@example.com,Brian,Smith,+1-clean-0003875
review-clean4-clean-CAND-03876,review-clean4-clean.kelsey.wang.3876@example.com,Kelsey,Wang,+1-clean-0003876
review-clean4-clean-CAND-03877,review-clean4-clean.sarah.brooks.3877@example.com,Sarah,Brooks,+1-clean-0003877
review-clean4-clean-CAND-03878,review-clean4-clean.john.davis.3878@example.com,John,Davis,+1-clean-0003878
review-clean4-clean-CAND-03879,review-clean4-clean.robert.hays.3879@example.com,Robert,Hays,+1-clean-0003879
review-clean4-clean-CAND-03880,review-clean4-clean.matthew.lee.3880@example.com,Matthew,Lee,+1-clean-0003880
review-clean4-clean-CAND-03881,review-clean4-clean.elizabeth.walker.3881@example.com,Elizabeth,Walker,+1-clean-0003881
review-clean4-clean-CAND-03882,review-clean4-clean.nicole.robles.3882@example.com,Nicole,Robles,+1-clean-0003882
review-clean4-clean-CAND-03883,review-clean4-clean.maria.jackson.3883@example.com,Maria,Jackson,+1-clean-0003883
review-clean4-clean-CAND-03884,review-clean4-clean.gary.perry.3884@example.com,Gary,Perry,+1-clean-0003884
review-clean4-clean-CAND-03885,review-clean4-clean.daniel.murphy.3885@example.com,Daniel,Murphy,+1-clean-0003885
review-clean4-clean-CAND-03886,review-clean4-clean.anna.lopez.3886@example.com,Anna,Lopez,+1-clean-0003886
review-clean4-clean-CAND-03887,review-clean4-clean.jamie.weaver.3887@example.com,Jamie,Weaver,+1-clean-0003887
review-clean4-clean-CAND-03888,review-clean4-clean.sheila.martinez.3888@example.com,Sheila,Martinez,+1-clean-0003888
review-clean4-clean-CAND-03889,review-clean4-clean.jason.kelly.3889@example.com,Jason,Kelly,+1-clean-0003889
review-clean4-clean-CAND-03890,review-clean4-clean.glenn.morales.3890@example.com,Glenn,Morales,+1-clean-0003890
review-clean4-clean-CAND-03891,review-clean4-clean.leslie.price.3891@example.com,Leslie,Price,+1-clean-0003891
review-clean4-clean-CAND-03892,review-clean4-clean.stephen.jones.3892@example.com,Stephen,Jones,+1-clean-0003892
review-clean4-clean-CAND-03893,review-clean4-clean.lisa.santos.3893@example.com,Lisa,Santos,+1-clean-0003893
review-clean4-clean-CAND-03894,review-clean4-clean.miguel.jones.3894@example.com,Miguel,Jones,+1-clean-0003894
review-clean4-clean-CAND-03895,review-clean4-clean.jeffery.turner.3895@example.com,Jeffery,Turner,+1-clean-0003895
review-clean4-clean-CAND-03896,review-clean4-clean.carol.bird.3896@example.com,Carol,Bird,+1-clean-0003896
review-clean4-clean-CAND-03897,review-clean4-clean.cristian.herrera.3897@example.com,Cristian,Herrera,+1-clean-0003897
review-clean4-clean-CAND-03898,review-clean4-clean.veronica.jefferson.3898@example.com,Veronica,Jefferson,+1-clean-0003898
review-clean4-clean-CAND-03899,review-clean4-clean.george.haley.3899@example.com,George,Haley,+1-clean-0003899
review-clean4-clean-CAND-03900,review-clean4-clean.carol.jarvis.3900@example.com,Carol,Jarvis,+1-clean-0003900
review-clean4-clean-CAND-03901,review-clean4-clean.heather.gregory.3901@example.com,Heather,Gregory,+1-clean-0003901
review-clean4-clean-CAND-03902,review-clean4-clean.teresa.benson.3902@example.com,Teresa,Benson,+1-clean-0003902
review-clean4-clean-CAND-03903,review-clean4-clean.martin.reid.3903@example.com,Martin,Reid,+1-clean-0003903
review-clean4-clean-CAND-03904,review-clean4-clean.nicole.stewart.3904@example.com,Nicole,Stewart,+1-clean-0003904
review-clean4-clean-CAND-03905,review-clean4-clean.melissa.olson.3905@example.com,Melissa,Olson,+1-clean-0003905
review-clean4-clean-CAND-03906,review-clean4-clean.matthew.franklin.3906@example.com,Matthew,Franklin,+1-clean-0003906
review-clean4-clean-CAND-03907,review-clean4-clean.brenda.reyes.3907@example.com,Brenda,Reyes,+1-clean-0003907
review-clean4-clean-CAND-03908,review-clean4-clean.danielle.hall.3908@example.com,Danielle,Hall,+1-clean-0003908
review-clean4-clean-CAND-03909,review-clean4-clean.briana.mcneil.3909@example.com,Briana,Mcneil,+1-clean-0003909
review-clean4-clean-CAND-03910,review-clean4-clean.jesse.jensen.3910@example.com,Jesse,Jensen,+1-clean-0003910
review-clean4-clean-CAND-03911,review-clean4-clean.penny.parker.3911@example.com,Penny,Parker,+1-clean-0003911
review-clean4-clean-CAND-03912,review-clean4-clean.joann.todd.3912@example.com,Joann,Todd,+1-clean-0003912
review-clean4-clean-CAND-03913,review-clean4-clean.christine.brown.3913@example.com,Christine,Brown,+1-clean-0003913
review-clean4-clean-CAND-03914,review-clean4-clean.nicholas.phillips.3914@example.com,Nicholas,Phillips,+1-clean-0003914
review-clean4-clean-CAND-03915,review-clean4-clean.edward.harris.3915@example.com,Edward,Harris,+1-clean-0003915
review-clean4-clean-CAND-03916,review-clean4-clean.benjamin.mclean.3916@example.com,Benjamin,Mclean,+1-clean-0003916
review-clean4-clean-CAND-03917,review-clean4-clean.carly.bautista.3917@example.com,Carly,Bautista,+1-clean-0003917
review-clean4-clean-CAND-03918,review-clean4-clean.jocelyn.murphy.3918@example.com,Jocelyn,Murphy,+1-clean-0003918
review-clean4-clean-CAND-03919,review-clean4-clean.joshua.schneider.3919@example.com,Joshua,Schneider,+1-clean-0003919
review-clean4-clean-CAND-03920,review-clean4-clean.kathleen.meyer.3920@example.com,Kathleen,Meyer,+1-clean-0003920
review-clean4-clean-CAND-03921,review-clean4-clean.tiffany.wong.3921@example.com,Tiffany,Wong,+1-clean-0003921
review-clean4-clean-CAND-03922,review-clean4-clean.keith.johnson.3922@example.com,Keith,Johnson,+1-clean-0003922
review-clean4-clean-CAND-03923,review-clean4-clean.melanie.rivera.3923@example.com,Melanie,Rivera,+1-clean-0003923
review-clean4-clean-CAND-03924,review-clean4-clean.john.ryan.3924@example.com,John,Ryan,+1-clean-0003924
review-clean4-clean-CAND-03925,review-clean4-clean.rebecca.ortega.3925@example.com,Rebecca,Ortega,+1-clean-0003925
review-clean4-clean-CAND-03926,review-clean4-clean.john.mcdaniel.3926@example.com,John,Mcdaniel,+1-clean-0003926
review-clean4-clean-CAND-03927,review-clean4-clean.jennifer.franklin.3927@example.com,Jennifer,Franklin,+1-clean-0003927
review-clean4-clean-CAND-03928,review-clean4-clean.patrick.morris.3928@example.com,Patrick,Morris,+1-clean-0003928
review-clean4-clean-CAND-03929,review-clean4-clean.scott.smith.3929@example.com,Scott,Smith,+1-clean-0003929
review-clean4-clean-CAND-03930,review-clean4-clean.molly.jones.3930@example.com,Molly,Jones,+1-clean-0003930
review-clean4-clean-CAND-03931,review-clean4-clean.james.walters.3931@example.com,James,Walters,+1-clean-0003931
review-clean4-clean-CAND-03932,review-clean4-clean.donald.harris.3932@example.com,Donald,Harris,+1-clean-0003932
review-clean4-clean-CAND-03933,review-clean4-clean.christopher.watkins.3933@example.com,Christopher,Watkins,+1-clean-0003933
review-clean4-clean-CAND-03934,review-clean4-clean.marie.frederick.3934@example.com,Marie,Frederick,+1-clean-0003934
review-clean4-clean-CAND-03935,review-clean4-clean.joel.miller.3935@example.com,Joel,Miller,+1-clean-0003935
review-clean4-clean-CAND-03936,review-clean4-clean.jessica.collins.3936@example.com,Jessica,Collins,+1-clean-0003936
review-clean4-clean-CAND-03937,review-clean4-clean.jennifer.sanchez.3937@example.com,Jennifer,Sanchez,+1-clean-0003937
review-clean4-clean-CAND-03938,review-clean4-clean.gregory.wright.3938@example.com,Gregory,Wright,+1-clean-0003938
review-clean4-clean-CAND-03939,review-clean4-clean.justin.west.3939@example.com,Justin,West,+1-clean-0003939
review-clean4-clean-CAND-03940,review-clean4-clean.cynthia.nelson.3940@example.com,Cynthia,Nelson,+1-clean-0003940
review-clean4-clean-CAND-03941,review-clean4-clean.kimberly.miller.3941@example.com,Kimberly,Miller,+1-clean-0003941
review-clean4-clean-CAND-03942,review-clean4-clean.teresa.sanders.3942@example.com,Teresa,Sanders,+1-clean-0003942
review-clean4-clean-CAND-03943,review-clean4-clean.gary.alexander.3943@example.com,Gary,Alexander,+1-clean-0003943
review-clean4-clean-CAND-03944,review-clean4-clean.william.moss.3944@example.com,William,Moss,+1-clean-0003944
review-clean4-clean-CAND-03945,review-clean4-clean.kathleen.weiss.3945@example.com,Kathleen,Weiss,+1-clean-0003945
review-clean4-clean-CAND-03946,review-clean4-clean.laura.smith.3946@example.com,Laura,Smith,+1-clean-0003946
review-clean4-clean-CAND-03947,review-clean4-clean.patrick.dickerson.3947@example.com,Patrick,Dickerson,+1-clean-0003947
review-clean4-clean-CAND-03948,review-clean4-clean.katherine.dorsey.3948@example.com,Katherine,Dorsey,+1-clean-0003948
review-clean4-clean-CAND-03949,review-clean4-clean.brooke.hernandez.3949@example.com,Brooke,Hernandez,+1-clean-0003949
review-clean4-clean-CAND-03950,review-clean4-clean.jessica.scott.3950@example.com,Jessica,Scott,+1-clean-0003950
review-clean4-clean-CAND-03951,review-clean4-clean.steven.chavez.3951@example.com,Steven,Chavez,+1-clean-0003951
review-clean4-clean-CAND-03952,review-clean4-clean.nicholas.obrien.3952@example.com,Nicholas,Obrien,+1-clean-0003952
review-clean4-clean-CAND-03953,review-clean4-clean.charles.taylor.3953@example.com,Charles,Taylor,+1-clean-0003953
review-clean4-clean-CAND-03954,review-clean4-clean.taylor.moore.3954@example.com,Taylor,Moore,+1-clean-0003954
review-clean4-clean-CAND-03955,review-clean4-clean.jake.smith.3955@example.com,Jake,Smith,+1-clean-0003955
review-clean4-clean-CAND-03956,review-clean4-clean.vincent.swanson.3956@example.com,Vincent,Swanson,+1-clean-0003956
review-clean4-clean-CAND-03957,review-clean4-clean.travis.frost.3957@example.com,Travis,Frost,+1-clean-0003957
review-clean4-clean-CAND-03958,review-clean4-clean.shelby.waller.3958@example.com,Shelby,Waller,+1-clean-0003958
review-clean4-clean-CAND-03959,review-clean4-clean.nathan.burns.3959@example.com,Nathan,Burns,+1-clean-0003959
review-clean4-clean-CAND-03960,review-clean4-clean.danielle.chapman.3960@example.com,Danielle,Chapman,+1-clean-0003960
review-clean4-clean-CAND-03961,review-clean4-clean.riley.williams.3961@example.com,Riley,Williams,+1-clean-0003961
review-clean4-clean-CAND-03962,review-clean4-clean.sandra.cruz.3962@example.com,Sandra,Cruz,+1-clean-0003962
review-clean4-clean-CAND-03963,review-clean4-clean.ariel.lee.3963@example.com,Ariel,Lee,+1-clean-0003963
review-clean4-clean-CAND-03964,review-clean4-clean.samuel.scott.3964@example.com,Samuel,Scott,+1-clean-0003964
review-clean4-clean-CAND-03965,review-clean4-clean.robin.bowen.3965@example.com,Robin,Bowen,+1-clean-0003965
review-clean4-clean-CAND-03966,review-clean4-clean.william.burns.3966@example.com,William,Burns,+1-clean-0003966
review-clean4-clean-CAND-03967,review-clean4-clean.haley.horton.3967@example.com,Haley,Horton,+1-clean-0003967
review-clean4-clean-CAND-03968,review-clean4-clean.debra.house.3968@example.com,Debra,House,+1-clean-0003968
review-clean4-clean-CAND-03969,review-clean4-clean.jill.allen.3969@example.com,Jill,Allen,+1-clean-0003969
review-clean4-clean-CAND-03970,review-clean4-clean.austin.li.3970@example.com,Austin,Li,+1-clean-0003970
review-clean4-clean-CAND-03971,review-clean4-clean.crystal.rhodes.3971@example.com,Crystal,Rhodes,+1-clean-0003971
review-clean4-clean-CAND-03972,review-clean4-clean.heidi.brewer.3972@example.com,Heidi,Brewer,+1-clean-0003972
review-clean4-clean-CAND-03973,review-clean4-clean.jose.gibson.3973@example.com,Jose,Gibson,+1-clean-0003973
review-clean4-clean-CAND-03974,review-clean4-clean.erin.king.3974@example.com,Erin,King,+1-clean-0003974
review-clean4-clean-CAND-03975,review-clean4-clean.carrie.lynn.3975@example.com,Carrie,Lynn,+1-clean-0003975
review-clean4-clean-CAND-03976,review-clean4-clean.mckenzie.smith.3976@example.com,Mckenzie,Smith,+1-clean-0003976
review-clean4-clean-CAND-03977,review-clean4-clean.kelli.newman.3977@example.com,Kelli,Newman,+1-clean-0003977
review-clean4-clean-CAND-03978,review-clean4-clean.sabrina.sanders.3978@example.com,Sabrina,Sanders,+1-clean-0003978
review-clean4-clean-CAND-03979,review-clean4-clean.brenda.santana.3979@example.com,Brenda,Santana,+1-clean-0003979
review-clean4-clean-CAND-03980,review-clean4-clean.april.lopez.3980@example.com,April,Lopez,+1-clean-0003980
review-clean4-clean-CAND-03981,review-clean4-clean.rodney.gallegos.3981@example.com,Rodney,Gallegos,+1-clean-0003981
review-clean4-clean-CAND-03982,review-clean4-clean.johnny.turner.3982@example.com,Johnny,Turner,+1-clean-0003982
review-clean4-clean-CAND-03983,review-clean4-clean.tammy.barrett.3983@example.com,Tammy,Barrett,+1-clean-0003983
review-clean4-clean-CAND-03984,review-clean4-clean.patrick.parker.3984@example.com,Patrick,Parker,+1-clean-0003984
review-clean4-clean-CAND-03985,review-clean4-clean.robert.walter.3985@example.com,Robert,Walter,+1-clean-0003985
review-clean4-clean-CAND-03986,review-clean4-clean.jessica.davis.3986@example.com,Jessica,Davis,+1-clean-0003986
review-clean4-clean-CAND-03987,review-clean4-clean.daisy.frank.3987@example.com,Daisy,Frank,+1-clean-0003987
review-clean4-clean-CAND-03988,review-clean4-clean.maxwell.thomas.3988@example.com,Maxwell,Thomas,+1-clean-0003988
review-clean4-clean-CAND-03989,review-clean4-clean.kaitlyn.conrad.3989@example.com,Kaitlyn,Conrad,+1-clean-0003989
review-clean4-clean-CAND-03990,review-clean4-clean.raymond.parker.3990@example.com,Raymond,Parker,+1-clean-0003990
review-clean4-clean-CAND-03991,review-clean4-clean.valerie.velasquez.3991@example.com,Valerie,Velasquez,+1-clean-0003991
review-clean4-clean-CAND-03992,review-clean4-clean.aaron.jones.3992@example.com,Aaron,Jones,+1-clean-0003992
review-clean4-clean-CAND-03993,review-clean4-clean.heather.warren.3993@example.com,Heather,Warren,+1-clean-0003993
review-clean4-clean-CAND-03994,review-clean4-clean.diamond.quinn.3994@example.com,Diamond,Quinn,+1-clean-0003994
review-clean4-clean-CAND-03995,review-clean4-clean.george.brooks.3995@example.com,George,Brooks,+1-clean-0003995
review-clean4-clean-CAND-03996,review-clean4-clean.jane.gonzalez.3996@example.com,Jane,Gonzalez,+1-clean-0003996
review-clean4-clean-CAND-03997,review-clean4-clean.hunter.fry.3997@example.com,Hunter,Fry,+1-clean-0003997
review-clean4-clean-CAND-03998,review-clean4-clean.shannon.olsen.3998@example.com,Shannon,Olsen,+1-clean-0003998
review-clean4-clean-CAND-03999,review-clean4-clean.jacob.brown.3999@example.com,Jacob,Brown,+1-clean-0003999
review-clean4-clean-CAND-04000,review-clean4-clean.ian.malone.4000@example.com,Ian,Malone,+1-clean-0004000
review-clean4-clean-CAND-04001,review-clean4-clean.jordan.barrera.4001@example.com,Jordan,Barrera,+1-clean-0004001
review-clean4-clean-CAND-04002,review-clean4-clean.riley.sims.4002@example.com,Riley,Sims,+1-clean-0004002
review-clean4-clean-CAND-04003,review-clean4-clean.claudia.oneill.4003@example.com,Claudia,Oneill,+1-clean-0004003
review-clean4-clean-CAND-04004,review-clean4-clean.gabriel.carter.4004@example.com,Gabriel,Carter,+1-clean-0004004
review-clean4-clean-CAND-04005,review-clean4-clean.nicholas.hill.4005@example.com,Nicholas,Hill,+1-clean-0004005
review-clean4-clean-CAND-04006,review-clean4-clean.matthew.richards.4006@example.com,Matthew,Richards,+1-clean-0004006
review-clean4-clean-CAND-04007,review-clean4-clean.timothy.chambers.4007@example.com,Timothy,Chambers,+1-clean-0004007
review-clean4-clean-CAND-04008,review-clean4-clean.craig.brown.4008@example.com,Craig,Brown,+1-clean-0004008
review-clean4-clean-CAND-04009,review-clean4-clean.karen.smith.4009@example.com,Karen,Smith,+1-clean-0004009
review-clean4-clean-CAND-04010,review-clean4-clean.brandi.huerta.4010@example.com,Brandi,Huerta,+1-clean-0004010
review-clean4-clean-CAND-04011,review-clean4-clean.collin.boyd.4011@example.com,Collin,Boyd,+1-clean-0004011
review-clean4-clean-CAND-04012,review-clean4-clean.adrian.morrison.4012@example.com,Adrian,Morrison,+1-clean-0004012
review-clean4-clean-CAND-04013,review-clean4-clean.valerie.juarez.4013@example.com,Valerie,Juarez,+1-clean-0004013
review-clean4-clean-CAND-04014,review-clean4-clean.sarah.kennedy.4014@example.com,Sarah,Kennedy,+1-clean-0004014
review-clean4-clean-CAND-04015,review-clean4-clean.matthew.jordan.4015@example.com,Matthew,Jordan,+1-clean-0004015
review-clean4-clean-CAND-04016,review-clean4-clean.nathan.wu.4016@example.com,Nathan,Wu,+1-clean-0004016
review-clean4-clean-CAND-04017,review-clean4-clean.yvonne.montoya.4017@example.com,Yvonne,Montoya,+1-clean-0004017
review-clean4-clean-CAND-04018,review-clean4-clean.shelley.ortega.4018@example.com,Shelley,Ortega,+1-clean-0004018
review-clean4-clean-CAND-04019,review-clean4-clean.nicholas.brown.4019@example.com,Nicholas,Brown,+1-clean-0004019
review-clean4-clean-CAND-04020,review-clean4-clean.michael.rivera.4020@example.com,Michael,Rivera,+1-clean-0004020
review-clean4-clean-CAND-04021,review-clean4-clean.craig.bryant.4021@example.com,Craig,Bryant,+1-clean-0004021
review-clean4-clean-CAND-04022,review-clean4-clean.holly.hardy.4022@example.com,Holly,Hardy,+1-clean-0004022
review-clean4-clean-CAND-04023,review-clean4-clean.pamela.taylor.4023@example.com,Pamela,Taylor,+1-clean-0004023
review-clean4-clean-CAND-04024,review-clean4-clean.carolyn.melton.4024@example.com,Carolyn,Melton,+1-clean-0004024
review-clean4-clean-CAND-04025,review-clean4-clean.joshua.lyons.4025@example.com,Joshua,Lyons,+1-clean-0004025
review-clean4-clean-CAND-04026,review-clean4-clean.lisa.richardson.4026@example.com,Lisa,Richardson,+1-clean-0004026
review-clean4-clean-CAND-04027,review-clean4-clean.christine.hopkins.4027@example.com,Christine,Hopkins,+1-clean-0004027
review-clean4-clean-CAND-04028,review-clean4-clean.thomas.gutierrez.4028@example.com,Thomas,Gutierrez,+1-clean-0004028
review-clean4-clean-CAND-04029,review-clean4-clean.jacob.andersen.4029@example.com,Jacob,Andersen,+1-clean-0004029
review-clean4-clean-CAND-04030,review-clean4-clean.susan.hess.4030@example.com,Susan,Hess,+1-clean-0004030
review-clean4-clean-CAND-04031,review-clean4-clean.allen.ward.4031@example.com,Allen,Ward,+1-clean-0004031
review-clean4-clean-CAND-04032,review-clean4-clean.brandon.aguirre.4032@example.com,Brandon,Aguirre,+1-clean-0004032
review-clean4-clean-CAND-04033,review-clean4-clean.mark.wallace.4033@example.com,Mark,Wallace,+1-clean-0004033
review-clean4-clean-CAND-04034,review-clean4-clean.catherine.ross.4034@example.com,Catherine,Ross,+1-clean-0004034
review-clean4-clean-CAND-04035,review-clean4-clean.cheyenne.miller.4035@example.com,Cheyenne,Miller,+1-clean-0004035
review-clean4-clean-CAND-04036,review-clean4-clean.ronnie.huynh.4036@example.com,Ronnie,Huynh,+1-clean-0004036
review-clean4-clean-CAND-04037,review-clean4-clean.sarah.hatfield.4037@example.com,Sarah,Hatfield,+1-clean-0004037
review-clean4-clean-CAND-04038,review-clean4-clean.mercedes.stein.4038@example.com,Mercedes,Stein,+1-clean-0004038
review-clean4-clean-CAND-04039,review-clean4-clean.jessica.carter.4039@example.com,Jessica,Carter,+1-clean-0004039
review-clean4-clean-CAND-04040,review-clean4-clean.james.thomas.4040@example.com,James,Thomas,+1-clean-0004040
review-clean4-clean-CAND-04041,review-clean4-clean.abigail.armstrong.4041@example.com,Abigail,Armstrong,+1-clean-0004041
review-clean4-clean-CAND-04042,review-clean4-clean.melissa.wagner.4042@example.com,Melissa,Wagner,+1-clean-0004042
review-clean4-clean-CAND-04043,review-clean4-clean.david.robles.4043@example.com,David,Robles,+1-clean-0004043
review-clean4-clean-CAND-04044,review-clean4-clean.kevin.nunez.4044@example.com,Kevin,Nunez,+1-clean-0004044
review-clean4-clean-CAND-04045,review-clean4-clean.ana.baxter.4045@example.com,Ana,Baxter,+1-clean-0004045
review-clean4-clean-CAND-04046,review-clean4-clean.gary.griffin.4046@example.com,Gary,Griffin,+1-clean-0004046
review-clean4-clean-CAND-04047,review-clean4-clean.darrell.bates.4047@example.com,Darrell,Bates,+1-clean-0004047
review-clean4-clean-CAND-04048,review-clean4-clean.john.lewis.4048@example.com,John,Lewis,+1-clean-0004048
review-clean4-clean-CAND-04049,review-clean4-clean.karen.keller.4049@example.com,Karen,Keller,+1-clean-0004049
review-clean4-clean-CAND-04050,review-clean4-clean.christopher.graham.4050@example.com,Christopher,Graham,+1-clean-0004050
review-clean4-clean-CAND-04051,review-clean4-clean.jennifer.martin.4051@example.com,Jennifer,Martin,+1-clean-0004051
review-clean4-clean-CAND-04052,review-clean4-clean.sarah.orr.4052@example.com,Sarah,Orr,+1-clean-0004052
review-clean4-clean-CAND-04053,review-clean4-clean.katie.robinson.4053@example.com,Katie,Robinson,+1-clean-0004053
review-clean4-clean-CAND-04054,review-clean4-clean.jonathan.alvarez.4054@example.com,Jonathan,Alvarez,+1-clean-0004054
review-clean4-clean-CAND-04055,review-clean4-clean.priscilla.martinez.4055@example.com,Priscilla,Martinez,+1-clean-0004055
review-clean4-clean-CAND-04056,review-clean4-clean.derek.nichols.4056@example.com,Derek,Nichols,+1-clean-0004056
review-clean4-clean-CAND-04057,review-clean4-clean.jessica.davis.4057@example.com,Jessica,Davis,+1-clean-0004057
review-clean4-clean-CAND-04058,review-clean4-clean.heather.wiggins.4058@example.com,Heather,Wiggins,+1-clean-0004058
review-clean4-clean-CAND-04059,review-clean4-clean.sarah.miranda.4059@example.com,Sarah,Miranda,+1-clean-0004059
review-clean4-clean-CAND-04060,review-clean4-clean.caroline.schneider.4060@example.com,Caroline,Schneider,+1-clean-0004060
review-clean4-clean-CAND-04061,review-clean4-clean.nicholas.love.4061@example.com,Nicholas,Love,+1-clean-0004061
review-clean4-clean-CAND-04062,review-clean4-clean.jill.james.4062@example.com,Jill,James,+1-clean-0004062
review-clean4-clean-CAND-04063,review-clean4-clean.dawn.hoffman.4063@example.com,Dawn,Hoffman,+1-clean-0004063
review-clean4-clean-CAND-04064,review-clean4-clean.melissa.stokes.4064@example.com,Melissa,Stokes,+1-clean-0004064
review-clean4-clean-CAND-04065,review-clean4-clean.jeffrey.wilson.4065@example.com,Jeffrey,Wilson,+1-clean-0004065
review-clean4-clean-CAND-04066,review-clean4-clean.christopher.davis.4066@example.com,Christopher,Davis,+1-clean-0004066
review-clean4-clean-CAND-04067,review-clean4-clean.joy.pineda.4067@example.com,Joy,Pineda,+1-clean-0004067
review-clean4-clean-CAND-04068,review-clean4-clean.julie.wilson.4068@example.com,Julie,Wilson,+1-clean-0004068
review-clean4-clean-CAND-04069,review-clean4-clean.michael.castaneda.4069@example.com,Michael,Castaneda,+1-clean-0004069
review-clean4-clean-CAND-04070,review-clean4-clean.stephanie.ray.4070@example.com,Stephanie,Ray,+1-clean-0004070
review-clean4-clean-CAND-04071,review-clean4-clean.aaron.brown.4071@example.com,Aaron,Brown,+1-clean-0004071
review-clean4-clean-CAND-04072,review-clean4-clean.amanda.boone.4072@example.com,Amanda,Boone,+1-clean-0004072
review-clean4-clean-CAND-04073,review-clean4-clean.tina.flores.4073@example.com,Tina,Flores,+1-clean-0004073
review-clean4-clean-CAND-04074,review-clean4-clean.michael.shelton.4074@example.com,Michael,Shelton,+1-clean-0004074
review-clean4-clean-CAND-04075,review-clean4-clean.laura.meyer.4075@example.com,Laura,Meyer,+1-clean-0004075
review-clean4-clean-CAND-04076,review-clean4-clean.carolyn.walker.4076@example.com,Carolyn,Walker,+1-clean-0004076
review-clean4-clean-CAND-04077,review-clean4-clean.randall.medina.4077@example.com,Randall,Medina,+1-clean-0004077
review-clean4-clean-CAND-04078,review-clean4-clean.steven.thomas.4078@example.com,Steven,Thomas,+1-clean-0004078
review-clean4-clean-CAND-04079,review-clean4-clean.sherri.hood.4079@example.com,Sherri,Hood,+1-clean-0004079
review-clean4-clean-CAND-04080,review-clean4-clean.vincent.bryant.4080@example.com,Vincent,Bryant,+1-clean-0004080
review-clean4-clean-CAND-04081,review-clean4-clean.carolyn.thomas.4081@example.com,Carolyn,Thomas,+1-clean-0004081
review-clean4-clean-CAND-04082,review-clean4-clean.elizabeth.solis.4082@example.com,Elizabeth,Solis,+1-clean-0004082
review-clean4-clean-CAND-04083,review-clean4-clean.jacqueline.george.4083@example.com,Jacqueline,George,+1-clean-0004083
review-clean4-clean-CAND-04084,review-clean4-clean.kyle.mooney.4084@example.com,Kyle,Mooney,+1-clean-0004084
review-clean4-clean-CAND-04085,review-clean4-clean.david.shea.4085@example.com,David,Shea,+1-clean-0004085
review-clean4-clean-CAND-04086,review-clean4-clean.jasmine.mendoza.4086@example.com,Jasmine,Mendoza,+1-clean-0004086
review-clean4-clean-CAND-04087,review-clean4-clean.maria.simpson.4087@example.com,Maria,Simpson,+1-clean-0004087
review-clean4-clean-CAND-04088,review-clean4-clean.janet.bennett.4088@example.com,Janet,Bennett,+1-clean-0004088
review-clean4-clean-CAND-04089,review-clean4-clean.tina.cook.4089@example.com,Tina,Cook,+1-clean-0004089
review-clean4-clean-CAND-04090,review-clean4-clean.maria.clark.4090@example.com,Maria,Clark,+1-clean-0004090
review-clean4-clean-CAND-04091,review-clean4-clean.jessica.cochran.4091@example.com,Jessica,Cochran,+1-clean-0004091
review-clean4-clean-CAND-04092,review-clean4-clean.isabella.williams.4092@example.com,Isabella,Williams,+1-clean-0004092
review-clean4-clean-CAND-04093,review-clean4-clean.michelle.white.4093@example.com,Michelle,White,+1-clean-0004093
review-clean4-clean-CAND-04094,review-clean4-clean.tony.myers.4094@example.com,Tony,Myers,+1-clean-0004094
review-clean4-clean-CAND-04095,review-clean4-clean.tracey.hopkins.4095@example.com,Tracey,Hopkins,+1-clean-0004095
review-clean4-clean-CAND-04096,review-clean4-clean.melinda.ritter.4096@example.com,Melinda,Ritter,+1-clean-0004096
review-clean4-clean-CAND-04097,review-clean4-clean.amy.rogers.4097@example.com,Amy,Rogers,+1-clean-0004097
review-clean4-clean-CAND-04098,review-clean4-clean.erica.mooney.4098@example.com,Erica,Mooney,+1-clean-0004098
review-clean4-clean-CAND-04099,review-clean4-clean.katherine.myers.4099@example.com,Katherine,Myers,+1-clean-0004099
review-clean4-clean-CAND-04100,review-clean4-clean.allison.campbell.4100@example.com,Allison,Campbell,+1-clean-0004100
review-clean4-clean-CAND-04101,review-clean4-clean.heather.lee.4101@example.com,Heather,Lee,+1-clean-0004101
review-clean4-clean-CAND-04102,review-clean4-clean.melissa.long.4102@example.com,Melissa,Long,+1-clean-0004102
review-clean4-clean-CAND-04103,review-clean4-clean.david.goodwin.4103@example.com,David,Goodwin,+1-clean-0004103
review-clean4-clean-CAND-04104,review-clean4-clean.betty.trujillo.4104@example.com,Betty,Trujillo,+1-clean-0004104
review-clean4-clean-CAND-04105,review-clean4-clean.melissa.mckinney.4105@example.com,Melissa,Mckinney,+1-clean-0004105
review-clean4-clean-CAND-04106,review-clean4-clean.stephen.martin.4106@example.com,Stephen,Martin,+1-clean-0004106
review-clean4-clean-CAND-04107,review-clean4-clean.devin.dominguez.4107@example.com,Devin,Dominguez,+1-clean-0004107
review-clean4-clean-CAND-04108,review-clean4-clean.kelly.thomas.4108@example.com,Kelly,Thomas,+1-clean-0004108
review-clean4-clean-CAND-04109,review-clean4-clean.jeffery.goodman.4109@example.com,Jeffery,Goodman,+1-clean-0004109
review-clean4-clean-CAND-04110,review-clean4-clean.jill.smith.4110@example.com,Jill,Smith,+1-clean-0004110
review-clean4-clean-CAND-04111,review-clean4-clean.jessica.johnston.4111@example.com,Jessica,Johnston,+1-clean-0004111
review-clean4-clean-CAND-04112,review-clean4-clean.erika.hinton.4112@example.com,Erika,Hinton,+1-clean-0004112
review-clean4-clean-CAND-04113,review-clean4-clean.dylan.clements.4113@example.com,Dylan,Clements,+1-clean-0004113
review-clean4-clean-CAND-04114,review-clean4-clean.ronald.skinner.4114@example.com,Ronald,Skinner,+1-clean-0004114
review-clean4-clean-CAND-04115,review-clean4-clean.sara.davis.4115@example.com,Sara,Davis,+1-clean-0004115
review-clean4-clean-CAND-04116,review-clean4-clean.terri.white.4116@example.com,Terri,White,+1-clean-0004116
review-clean4-clean-CAND-04117,review-clean4-clean.brian.baird.4117@example.com,Brian,Baird,+1-clean-0004117
review-clean4-clean-CAND-04118,review-clean4-clean.debra.watkins.4118@example.com,Debra,Watkins,+1-clean-0004118
review-clean4-clean-CAND-04119,review-clean4-clean.tara.sims.4119@example.com,Tara,Sims,+1-clean-0004119
review-clean4-clean-CAND-04120,review-clean4-clean.richard.johnson.4120@example.com,Richard,Johnson,+1-clean-0004120
review-clean4-clean-CAND-04121,review-clean4-clean.john.burns.4121@example.com,John,Burns,+1-clean-0004121
review-clean4-clean-CAND-04122,review-clean4-clean.hailey.blevins.4122@example.com,Hailey,Blevins,+1-clean-0004122
review-clean4-clean-CAND-04123,review-clean4-clean.denise.bennett.4123@example.com,Denise,Bennett,+1-clean-0004123
review-clean4-clean-CAND-04124,review-clean4-clean.heather.pope.4124@example.com,Heather,Pope,+1-clean-0004124
review-clean4-clean-CAND-04125,review-clean4-clean.donna.strickland.4125@example.com,Donna,Strickland,+1-clean-0004125
review-clean4-clean-CAND-04126,review-clean4-clean.michelle.santos.4126@example.com,Michelle,Santos,+1-clean-0004126
review-clean4-clean-CAND-04127,review-clean4-clean.joshua.delgado.4127@example.com,Joshua,Delgado,+1-clean-0004127
review-clean4-clean-CAND-04128,review-clean4-clean.michael.wilson.4128@example.com,Michael,Wilson,+1-clean-0004128
review-clean4-clean-CAND-04129,review-clean4-clean.christopher.burns.4129@example.com,Christopher,Burns,+1-clean-0004129
review-clean4-clean-CAND-04130,review-clean4-clean.elizabeth.hicks.4130@example.com,Elizabeth,Hicks,+1-clean-0004130
review-clean4-clean-CAND-04131,review-clean4-clean.andrew.berry.4131@example.com,Andrew,Berry,+1-clean-0004131
review-clean4-clean-CAND-04132,review-clean4-clean.ashley.hill.4132@example.com,Ashley,Hill,+1-clean-0004132
review-clean4-clean-CAND-04133,review-clean4-clean.julie.bauer.4133@example.com,Julie,Bauer,+1-clean-0004133
review-clean4-clean-CAND-04134,review-clean4-clean.herbert.washington.4134@example.com,Herbert,Washington,+1-clean-0004134
review-clean4-clean-CAND-04135,review-clean4-clean.deanna.hamilton.4135@example.com,Deanna,Hamilton,+1-clean-0004135
review-clean4-clean-CAND-04136,review-clean4-clean.ashley.garcia.4136@example.com,Ashley,Garcia,+1-clean-0004136
review-clean4-clean-CAND-04137,review-clean4-clean.bryan.stout.4137@example.com,Bryan,Stout,+1-clean-0004137
review-clean4-clean-CAND-04138,review-clean4-clean.laura.lopez.4138@example.com,Laura,Lopez,+1-clean-0004138
review-clean4-clean-CAND-04139,review-clean4-clean.lisa.smith.4139@example.com,Lisa,Smith,+1-clean-0004139
review-clean4-clean-CAND-04140,review-clean4-clean.angela.herrera.4140@example.com,Angela,Herrera,+1-clean-0004140
review-clean4-clean-CAND-04141,review-clean4-clean.lisa.freeman.4141@example.com,Lisa,Freeman,+1-clean-0004141
review-clean4-clean-CAND-04142,review-clean4-clean.april.richards.4142@example.com,April,Richards,+1-clean-0004142
review-clean4-clean-CAND-04143,review-clean4-clean.jennifer.tyler.4143@example.com,Jennifer,Tyler,+1-clean-0004143
review-clean4-clean-CAND-04144,review-clean4-clean.david.mullins.4144@example.com,David,Mullins,+1-clean-0004144
review-clean4-clean-CAND-04145,review-clean4-clean.tammy.merritt.4145@example.com,Tammy,Merritt,+1-clean-0004145
review-clean4-clean-CAND-04146,review-clean4-clean.henry.george.4146@example.com,Henry,George,+1-clean-0004146
review-clean4-clean-CAND-04147,review-clean4-clean.hector.peters.4147@example.com,Hector,Peters,+1-clean-0004147
review-clean4-clean-CAND-04148,review-clean4-clean.lauren.martinez.4148@example.com,Lauren,Martinez,+1-clean-0004148
review-clean4-clean-CAND-04149,review-clean4-clean.david.harris.4149@example.com,David,Harris,+1-clean-0004149
review-clean4-clean-CAND-04150,review-clean4-clean.evan.hart.4150@example.com,Evan,Hart,+1-clean-0004150
review-clean4-clean-CAND-04151,review-clean4-clean.melissa.johnson.4151@example.com,Melissa,Johnson,+1-clean-0004151
review-clean4-clean-CAND-04152,review-clean4-clean.tina.hunter.4152@example.com,Tina,Hunter,+1-clean-0004152
review-clean4-clean-CAND-04153,review-clean4-clean.michael.stephens.4153@example.com,Michael,Stephens,+1-clean-0004153
review-clean4-clean-CAND-04154,review-clean4-clean.rodney.landry.4154@example.com,Rodney,Landry,+1-clean-0004154
review-clean4-clean-CAND-04155,review-clean4-clean.aaron.turner.4155@example.com,Aaron,Turner,+1-clean-0004155
review-clean4-clean-CAND-04156,review-clean4-clean.sophia.stone.4156@example.com,Sophia,Stone,+1-clean-0004156
review-clean4-clean-CAND-04157,review-clean4-clean.kirsten.hopkins.4157@example.com,Kirsten,Hopkins,+1-clean-0004157
review-clean4-clean-CAND-04158,review-clean4-clean.sean.ray.4158@example.com,Sean,Ray,+1-clean-0004158
review-clean4-clean-CAND-04159,review-clean4-clean.heather.mills.4159@example.com,Heather,Mills,+1-clean-0004159
review-clean4-clean-CAND-04160,review-clean4-clean.valerie.bell.4160@example.com,Valerie,Bell,+1-clean-0004160
review-clean4-clean-CAND-04161,review-clean4-clean.amanda.clark.4161@example.com,Amanda,Clark,+1-clean-0004161
review-clean4-clean-CAND-04162,review-clean4-clean.corey.weiss.4162@example.com,Corey,Weiss,+1-clean-0004162
review-clean4-clean-CAND-04163,review-clean4-clean.joel.lopez.4163@example.com,Joel,Lopez,+1-clean-0004163
review-clean4-clean-CAND-04164,review-clean4-clean.kevin.wall.4164@example.com,Kevin,Wall,+1-clean-0004164
review-clean4-clean-CAND-04165,review-clean4-clean.susan.guzman.4165@example.com,Susan,Guzman,+1-clean-0004165
review-clean4-clean-CAND-04166,review-clean4-clean.jason.howard.4166@example.com,Jason,Howard,+1-clean-0004166
review-clean4-clean-CAND-04167,review-clean4-clean.david.dean.4167@example.com,David,Dean,+1-clean-0004167
review-clean4-clean-CAND-04168,review-clean4-clean.charles.scott.4168@example.com,Charles,Scott,+1-clean-0004168
review-clean4-clean-CAND-04169,review-clean4-clean.patrick.mckee.4169@example.com,Patrick,Mckee,+1-clean-0004169
review-clean4-clean-CAND-04170,review-clean4-clean.ricardo.miller.4170@example.com,Ricardo,Miller,+1-clean-0004170
review-clean4-clean-CAND-04171,review-clean4-clean.jonathan.coleman.4171@example.com,Jonathan,Coleman,+1-clean-0004171
review-clean4-clean-CAND-04172,review-clean4-clean.heather.herrera.4172@example.com,Heather,Herrera,+1-clean-0004172
review-clean4-clean-CAND-04173,review-clean4-clean.chad.oconnor.4173@example.com,Chad,Oconnor,+1-clean-0004173
review-clean4-clean-CAND-04174,review-clean4-clean.wanda.terry.4174@example.com,Wanda,Terry,+1-clean-0004174
review-clean4-clean-CAND-04175,review-clean4-clean.james.watson.4175@example.com,James,Watson,+1-clean-0004175
review-clean4-clean-CAND-04176,review-clean4-clean.diane.hoover.4176@example.com,Diane,Hoover,+1-clean-0004176
review-clean4-clean-CAND-04177,review-clean4-clean.cassidy.barnes.4177@example.com,Cassidy,Barnes,+1-clean-0004177
review-clean4-clean-CAND-04178,review-clean4-clean.eric.riddle.4178@example.com,Eric,Riddle,+1-clean-0004178
review-clean4-clean-CAND-04179,review-clean4-clean.ryan.johnson.4179@example.com,Ryan,Johnson,+1-clean-0004179
review-clean4-clean-CAND-04180,review-clean4-clean.cassandra.jones.4180@example.com,Cassandra,Jones,+1-clean-0004180
review-clean4-clean-CAND-04181,review-clean4-clean.david.rodriguez.4181@example.com,David,Rodriguez,+1-clean-0004181
review-clean4-clean-CAND-04182,review-clean4-clean.amy.jones.4182@example.com,Amy,Jones,+1-clean-0004182
review-clean4-clean-CAND-04183,review-clean4-clean.danielle.cox.4183@example.com,Danielle,Cox,+1-clean-0004183
review-clean4-clean-CAND-04184,review-clean4-clean.matthew.nelson.4184@example.com,Matthew,Nelson,+1-clean-0004184
review-clean4-clean-CAND-04185,review-clean4-clean.misty.perez.4185@example.com,Misty,Perez,+1-clean-0004185
review-clean4-clean-CAND-04186,review-clean4-clean.alejandro.bennett.4186@example.com,Alejandro,Bennett,+1-clean-0004186
review-clean4-clean-CAND-04187,review-clean4-clean.tanya.gray.4187@example.com,Tanya,Gray,+1-clean-0004187
review-clean4-clean-CAND-04188,review-clean4-clean.daniel.frost.4188@example.com,Daniel,Frost,+1-clean-0004188
review-clean4-clean-CAND-04189,review-clean4-clean.gregory.chandler.4189@example.com,Gregory,Chandler,+1-clean-0004189
review-clean4-clean-CAND-04190,review-clean4-clean.kristopher.nicholson.4190@example.com,Kristopher,Nicholson,+1-clean-0004190
review-clean4-clean-CAND-04191,review-clean4-clean.tracy.rice.4191@example.com,Tracy,Rice,+1-clean-0004191
review-clean4-clean-CAND-04192,review-clean4-clean.jackie.grimes.4192@example.com,Jackie,Grimes,+1-clean-0004192
review-clean4-clean-CAND-04193,review-clean4-clean.andrea.lawson.4193@example.com,Andrea,Lawson,+1-clean-0004193
review-clean4-clean-CAND-04194,review-clean4-clean.peggy.jackson.4194@example.com,Peggy,Jackson,+1-clean-0004194
review-clean4-clean-CAND-04195,review-clean4-clean.stacey.price.4195@example.com,Stacey,Price,+1-clean-0004195
review-clean4-clean-CAND-04196,review-clean4-clean.michael.figueroa.4196@example.com,Michael,Figueroa,+1-clean-0004196
review-clean4-clean-CAND-04197,review-clean4-clean.tammy.schmidt.4197@example.com,Tammy,Schmidt,+1-clean-0004197
review-clean4-clean-CAND-04198,review-clean4-clean.brooke.atkinson.4198@example.com,Brooke,Atkinson,+1-clean-0004198
review-clean4-clean-CAND-04199,review-clean4-clean.thomas.anderson.4199@example.com,Thomas,Anderson,+1-clean-0004199
review-clean4-clean-CAND-04200,review-clean4-clean.albert.palmer.4200@example.com,Albert,Palmer,+1-clean-0004200
review-clean4-clean-CAND-04201,review-clean4-clean.eric.martinez.4201@example.com,Eric,Martinez,+1-clean-0004201
review-clean4-clean-CAND-04202,review-clean4-clean.nicholas.moss.4202@example.com,Nicholas,Moss,+1-clean-0004202
review-clean4-clean-CAND-04203,review-clean4-clean.brian.swanson.4203@example.com,Brian,Swanson,+1-clean-0004203
review-clean4-clean-CAND-04204,review-clean4-clean.terri.zimmerman.4204@example.com,Terri,Zimmerman,+1-clean-0004204
review-clean4-clean-CAND-04205,review-clean4-clean.john.franklin.4205@example.com,John,Franklin,+1-clean-0004205
review-clean4-clean-CAND-04206,review-clean4-clean.jasmine.white.4206@example.com,Jasmine,White,+1-clean-0004206
review-clean4-clean-CAND-04207,review-clean4-clean.valerie.lindsey.4207@example.com,Valerie,Lindsey,+1-clean-0004207
review-clean4-clean-CAND-04208,review-clean4-clean.wayne.hill.4208@example.com,Wayne,Hill,+1-clean-0004208
review-clean4-clean-CAND-04209,review-clean4-clean.ronald.david.4209@example.com,Ronald,David,+1-clean-0004209
review-clean4-clean-CAND-04210,review-clean4-clean.nicole.cervantes.4210@example.com,Nicole,Cervantes,+1-clean-0004210
review-clean4-clean-CAND-04211,review-clean4-clean.kevin.hodge.4211@example.com,Kevin,Hodge,+1-clean-0004211
review-clean4-clean-CAND-04212,review-clean4-clean.stacey.russell.4212@example.com,Stacey,Russell,+1-clean-0004212
review-clean4-clean-CAND-04213,review-clean4-clean.lawrence.davis.4213@example.com,Lawrence,Davis,+1-clean-0004213
review-clean4-clean-CAND-04214,review-clean4-clean.christopher.blair.4214@example.com,Christopher,Blair,+1-clean-0004214
review-clean4-clean-CAND-04215,review-clean4-clean.shirley.martin.4215@example.com,Shirley,Martin,+1-clean-0004215
review-clean4-clean-CAND-04216,review-clean4-clean.brian.paul.4216@example.com,Brian,Paul,+1-clean-0004216
review-clean4-clean-CAND-04217,review-clean4-clean.angela.vasquez.4217@example.com,Angela,Vasquez,+1-clean-0004217
review-clean4-clean-CAND-04218,review-clean4-clean.nancy.hayden.4218@example.com,Nancy,Hayden,+1-clean-0004218
review-clean4-clean-CAND-04219,review-clean4-clean.roger.romero.4219@example.com,Roger,Romero,+1-clean-0004219
review-clean4-clean-CAND-04220,review-clean4-clean.jessica.castillo.4220@example.com,Jessica,Castillo,+1-clean-0004220
review-clean4-clean-CAND-04221,review-clean4-clean.zachary.cuevas.4221@example.com,Zachary,Cuevas,+1-clean-0004221
review-clean4-clean-CAND-04222,review-clean4-clean.pamela.wolfe.4222@example.com,Pamela,Wolfe,+1-clean-0004222
review-clean4-clean-CAND-04223,review-clean4-clean.richard.jensen.4223@example.com,Richard,Jensen,+1-clean-0004223
review-clean4-clean-CAND-04224,review-clean4-clean.rhonda.reese.4224@example.com,Rhonda,Reese,+1-clean-0004224
review-clean4-clean-CAND-04225,review-clean4-clean.jennifer.park.4225@example.com,Jennifer,Park,+1-clean-0004225
review-clean4-clean-CAND-04226,review-clean4-clean.kara.sanchez.4226@example.com,Kara,Sanchez,+1-clean-0004226
review-clean4-clean-CAND-04227,review-clean4-clean.joanne.tapia.4227@example.com,Joanne,Tapia,+1-clean-0004227
review-clean4-clean-CAND-04228,review-clean4-clean.madeline.beard.4228@example.com,Madeline,Beard,+1-clean-0004228
review-clean4-clean-CAND-04229,review-clean4-clean.allison.lynch.4229@example.com,Allison,Lynch,+1-clean-0004229
review-clean4-clean-CAND-04230,review-clean4-clean.catherine.oconnell.4230@example.com,Catherine,Oconnell,+1-clean-0004230
review-clean4-clean-CAND-04231,review-clean4-clean.emily.macias.4231@example.com,Emily,Macias,+1-clean-0004231
review-clean4-clean-CAND-04232,review-clean4-clean.alexandra.walker.4232@example.com,Alexandra,Walker,+1-clean-0004232
review-clean4-clean-CAND-04233,review-clean4-clean.charles.franco.4233@example.com,Charles,Franco,+1-clean-0004233
review-clean4-clean-CAND-04234,review-clean4-clean.willie.farley.4234@example.com,Willie,Farley,+1-clean-0004234
review-clean4-clean-CAND-04235,review-clean4-clean.roberto.gray.4235@example.com,Roberto,Gray,+1-clean-0004235
review-clean4-clean-CAND-04236,review-clean4-clean.nathaniel.wilson.4236@example.com,Nathaniel,Wilson,+1-clean-0004236
review-clean4-clean-CAND-04237,review-clean4-clean.robin.wright.4237@example.com,Robin,Wright,+1-clean-0004237
review-clean4-clean-CAND-04238,review-clean4-clean.amber.miranda.4238@example.com,Amber,Miranda,+1-clean-0004238
review-clean4-clean-CAND-04239,review-clean4-clean.david.evans.4239@example.com,David,Evans,+1-clean-0004239
review-clean4-clean-CAND-04240,review-clean4-clean.kelly.lewis.4240@example.com,Kelly,Lewis,+1-clean-0004240
review-clean4-clean-CAND-04241,review-clean4-clean.joann.carroll.4241@example.com,Joann,Carroll,+1-clean-0004241
review-clean4-clean-CAND-04242,review-clean4-clean.jeff.torres.4242@example.com,Jeff,Torres,+1-clean-0004242
review-clean4-clean-CAND-04243,review-clean4-clean.sarah.day.4243@example.com,Sarah,Day,+1-clean-0004243
review-clean4-clean-CAND-04244,review-clean4-clean.margaret.johnson.4244@example.com,Margaret,Johnson,+1-clean-0004244
review-clean4-clean-CAND-04245,review-clean4-clean.steven.williamson.4245@example.com,Steven,Williamson,+1-clean-0004245
review-clean4-clean-CAND-04246,review-clean4-clean.tracy.kelly.4246@example.com,Tracy,Kelly,+1-clean-0004246
review-clean4-clean-CAND-04247,review-clean4-clean.christina.murphy.4247@example.com,Christina,Murphy,+1-clean-0004247
review-clean4-clean-CAND-04248,review-clean4-clean.michael.smith.4248@example.com,Michael,Smith,+1-clean-0004248
review-clean4-clean-CAND-04249,review-clean4-clean.pamela.lopez.4249@example.com,Pamela,Lopez,+1-clean-0004249
review-clean4-clean-CAND-04250,review-clean4-clean.michael.garcia.4250@example.com,Michael,Garcia,+1-clean-0004250
review-clean4-clean-CAND-04251,review-clean4-clean.travis.miller.4251@example.com,Travis,Miller,+1-clean-0004251
review-clean4-clean-CAND-04252,review-clean4-clean.willie.hernandez.4252@example.com,Willie,Hernandez,+1-clean-0004252
review-clean4-clean-CAND-04253,review-clean4-clean.david.freeman.4253@example.com,David,Freeman,+1-clean-0004253
review-clean4-clean-CAND-04254,review-clean4-clean.eric.douglas.4254@example.com,Eric,Douglas,+1-clean-0004254
review-clean4-clean-CAND-04255,review-clean4-clean.jeremy.foster.4255@example.com,Jeremy,Foster,+1-clean-0004255
review-clean4-clean-CAND-04256,review-clean4-clean.kevin.patterson.4256@example.com,Kevin,Patterson,+1-clean-0004256
review-clean4-clean-CAND-04257,review-clean4-clean.ian.cain.4257@example.com,Ian,Cain,+1-clean-0004257
review-clean4-clean-CAND-04258,review-clean4-clean.daniel.gonzales.4258@example.com,Daniel,Gonzales,+1-clean-0004258
review-clean4-clean-CAND-04259,review-clean4-clean.mary.martin.4259@example.com,Mary,Martin,+1-clean-0004259
review-clean4-clean-CAND-04260,review-clean4-clean.michael.hamilton.4260@example.com,Michael,Hamilton,+1-clean-0004260
review-clean4-clean-CAND-04261,review-clean4-clean.michael.harrell.4261@example.com,Michael,Harrell,+1-clean-0004261
review-clean4-clean-CAND-04262,review-clean4-clean.james.lopez.4262@example.com,James,Lopez,+1-clean-0004262
review-clean4-clean-CAND-04263,review-clean4-clean.billy.foster.4263@example.com,Billy,Foster,+1-clean-0004263
review-clean4-clean-CAND-04264,review-clean4-clean.julie.santana.4264@example.com,Julie,Santana,+1-clean-0004264
review-clean4-clean-CAND-04265,review-clean4-clean.ethan.gonzalez.4265@example.com,Ethan,Gonzalez,+1-clean-0004265
review-clean4-clean-CAND-04266,review-clean4-clean.timothy.ortega.4266@example.com,Timothy,Ortega,+1-clean-0004266
review-clean4-clean-CAND-04267,review-clean4-clean.joseph.fisher.4267@example.com,Joseph,Fisher,+1-clean-0004267
review-clean4-clean-CAND-04268,review-clean4-clean.andrea.marsh.4268@example.com,Andrea,Marsh,+1-clean-0004268
review-clean4-clean-CAND-04269,review-clean4-clean.jennifer.nguyen.4269@example.com,Jennifer,Nguyen,+1-clean-0004269
review-clean4-clean-CAND-04270,review-clean4-clean.kathy.macias.4270@example.com,Kathy,Macias,+1-clean-0004270
review-clean4-clean-CAND-04271,review-clean4-clean.warren.mclean.4271@example.com,Warren,Mclean,+1-clean-0004271
review-clean4-clean-CAND-04272,review-clean4-clean.megan.price.4272@example.com,Megan,Price,+1-clean-0004272
review-clean4-clean-CAND-04273,review-clean4-clean.daniel.rodriguez.4273@example.com,Daniel,Rodriguez,+1-clean-0004273
review-clean4-clean-CAND-04274,review-clean4-clean.andrew.moore.4274@example.com,Andrew,Moore,+1-clean-0004274
review-clean4-clean-CAND-04275,review-clean4-clean.vincent.saunders.4275@example.com,Vincent,Saunders,+1-clean-0004275
review-clean4-clean-CAND-04276,review-clean4-clean.joel.gregory.4276@example.com,Joel,Gregory,+1-clean-0004276
review-clean4-clean-CAND-04277,review-clean4-clean.matthew.bray.4277@example.com,Matthew,Bray,+1-clean-0004277
review-clean4-clean-CAND-04278,review-clean4-clean.joan.hamilton.4278@example.com,Joan,Hamilton,+1-clean-0004278
review-clean4-clean-CAND-04279,review-clean4-clean.keith.tucker.4279@example.com,Keith,Tucker,+1-clean-0004279
review-clean4-clean-CAND-04280,review-clean4-clean.kathleen.wright.4280@example.com,Kathleen,Wright,+1-clean-0004280
review-clean4-clean-CAND-04281,review-clean4-clean.elijah.dixon.4281@example.com,Elijah,Dixon,+1-clean-0004281
review-clean4-clean-CAND-04282,review-clean4-clean.john.wang.4282@example.com,John,Wang,+1-clean-0004282
review-clean4-clean-CAND-04283,review-clean4-clean.michelle.gamble.4283@example.com,Michelle,Gamble,+1-clean-0004283
review-clean4-clean-CAND-04284,review-clean4-clean.john.hoover.4284@example.com,John,Hoover,+1-clean-0004284
review-clean4-clean-CAND-04285,review-clean4-clean.james.mccarthy.4285@example.com,James,Mccarthy,+1-clean-0004285
review-clean4-clean-CAND-04286,review-clean4-clean.lisa.haynes.4286@example.com,Lisa,Haynes,+1-clean-0004286
review-clean4-clean-CAND-04287,review-clean4-clean.wayne.white.4287@example.com,Wayne,White,+1-clean-0004287
review-clean4-clean-CAND-04288,review-clean4-clean.victoria.garza.4288@example.com,Victoria,Garza,+1-clean-0004288
review-clean4-clean-CAND-04289,review-clean4-clean.cynthia.perez.4289@example.com,Cynthia,Perez,+1-clean-0004289
review-clean4-clean-CAND-04290,review-clean4-clean.david.johnson.4290@example.com,David,Johnson,+1-clean-0004290
review-clean4-clean-CAND-04291,review-clean4-clean.veronica.hickman.4291@example.com,Veronica,Hickman,+1-clean-0004291
review-clean4-clean-CAND-04292,review-clean4-clean.ronald.jensen.4292@example.com,Ronald,Jensen,+1-clean-0004292
review-clean4-clean-CAND-04293,review-clean4-clean.christopher.williams.4293@example.com,Christopher,Williams,+1-clean-0004293
review-clean4-clean-CAND-04294,review-clean4-clean.richard.torres.4294@example.com,Richard,Torres,+1-clean-0004294
review-clean4-clean-CAND-04295,review-clean4-clean.cynthia.hall.4295@example.com,Cynthia,Hall,+1-clean-0004295
review-clean4-clean-CAND-04296,review-clean4-clean.matthew.mendoza.4296@example.com,Matthew,Mendoza,+1-clean-0004296
review-clean4-clean-CAND-04297,review-clean4-clean.william.schneider.4297@example.com,William,Schneider,+1-clean-0004297
review-clean4-clean-CAND-04298,review-clean4-clean.kevin.adams.4298@example.com,Kevin,Adams,+1-clean-0004298
review-clean4-clean-CAND-04299,review-clean4-clean.juan.bell.4299@example.com,Juan,Bell,+1-clean-0004299
review-clean4-clean-CAND-04300,review-clean4-clean.robert.flores.4300@example.com,Robert,Flores,+1-clean-0004300
review-clean4-clean-CAND-04301,review-clean4-clean.brandon.williams.4301@example.com,Brandon,Williams,+1-clean-0004301
review-clean4-clean-CAND-04302,review-clean4-clean.brett.garner.4302@example.com,Brett,Garner,+1-clean-0004302
review-clean4-clean-CAND-04303,review-clean4-clean.jason.kennedy.4303@example.com,Jason,Kennedy,+1-clean-0004303
review-clean4-clean-CAND-04304,review-clean4-clean.rebekah.garcia.4304@example.com,Rebekah,Garcia,+1-clean-0004304
review-clean4-clean-CAND-04305,review-clean4-clean.jack.vaughan.4305@example.com,Jack,Vaughan,+1-clean-0004305
review-clean4-clean-CAND-04306,review-clean4-clean.michael.torres.4306@example.com,Michael,Torres,+1-clean-0004306
review-clean4-clean-CAND-04307,review-clean4-clean.collin.smith.4307@example.com,Collin,Smith,+1-clean-0004307
review-clean4-clean-CAND-04308,review-clean4-clean.andrea.atkins.4308@example.com,Andrea,Atkins,+1-clean-0004308
review-clean4-clean-CAND-04309,review-clean4-clean.mark.figueroa.4309@example.com,Mark,Figueroa,+1-clean-0004309
review-clean4-clean-CAND-04310,review-clean4-clean.michael.maxwell.4310@example.com,Michael,Maxwell,+1-clean-0004310
review-clean4-clean-CAND-04311,review-clean4-clean.allison.watson.4311@example.com,Allison,Watson,+1-clean-0004311
review-clean4-clean-CAND-04312,review-clean4-clean.debra.clark.4312@example.com,Debra,Clark,+1-clean-0004312
review-clean4-clean-CAND-04313,review-clean4-clean.patrick.eaton.4313@example.com,Patrick,Eaton,+1-clean-0004313
review-clean4-clean-CAND-04314,review-clean4-clean.david.newton.4314@example.com,David,Newton,+1-clean-0004314
review-clean4-clean-CAND-04315,review-clean4-clean.david.willis.4315@example.com,David,Willis,+1-clean-0004315
review-clean4-clean-CAND-04316,review-clean4-clean.rhonda.pena.4316@example.com,Rhonda,Pena,+1-clean-0004316
review-clean4-clean-CAND-04317,review-clean4-clean.james.bush.4317@example.com,James,Bush,+1-clean-0004317
review-clean4-clean-CAND-04318,review-clean4-clean.sara.jones.4318@example.com,Sara,Jones,+1-clean-0004318
review-clean4-clean-CAND-04319,review-clean4-clean.amy.cooper.4319@example.com,Amy,Cooper,+1-clean-0004319
review-clean4-clean-CAND-04320,review-clean4-clean.jessica.mayo.4320@example.com,Jessica,Mayo,+1-clean-0004320
review-clean4-clean-CAND-04321,review-clean4-clean.james.le.4321@example.com,James,Le,+1-clean-0004321
review-clean4-clean-CAND-04322,review-clean4-clean.bradley.lee.4322@example.com,Bradley,Lee,+1-clean-0004322
review-clean4-clean-CAND-04323,review-clean4-clean.andrea.king.4323@example.com,Andrea,King,+1-clean-0004323
review-clean4-clean-CAND-04324,review-clean4-clean.natalie.castaneda.4324@example.com,Natalie,Castaneda,+1-clean-0004324
review-clean4-clean-CAND-04325,review-clean4-clean.rebecca.hester.4325@example.com,Rebecca,Hester,+1-clean-0004325
review-clean4-clean-CAND-04326,review-clean4-clean.patricia.west.4326@example.com,Patricia,West,+1-clean-0004326
review-clean4-clean-CAND-04327,review-clean4-clean.jennifer.bartlett.4327@example.com,Jennifer,Bartlett,+1-clean-0004327
review-clean4-clean-CAND-04328,review-clean4-clean.carlos.barnes.4328@example.com,Carlos,Barnes,+1-clean-0004328
review-clean4-clean-CAND-04329,review-clean4-clean.sarah.gordon.4329@example.com,Sarah,Gordon,+1-clean-0004329
review-clean4-clean-CAND-04330,review-clean4-clean.andrew.greene.4330@example.com,Andrew,Greene,+1-clean-0004330
review-clean4-clean-CAND-04331,review-clean4-clean.heather.anderson.4331@example.com,Heather,Anderson,+1-clean-0004331
review-clean4-clean-CAND-04332,review-clean4-clean.brandon.knight.4332@example.com,Brandon,Knight,+1-clean-0004332
review-clean4-clean-CAND-04333,review-clean4-clean.laura.benson.4333@example.com,Laura,Benson,+1-clean-0004333
review-clean4-clean-CAND-04334,review-clean4-clean.joy.sanders.4334@example.com,Joy,Sanders,+1-clean-0004334
review-clean4-clean-CAND-04335,review-clean4-clean.gail.berg.4335@example.com,Gail,Berg,+1-clean-0004335
review-clean4-clean-CAND-04336,review-clean4-clean.teresa.martin.4336@example.com,Teresa,Martin,+1-clean-0004336
review-clean4-clean-CAND-04337,review-clean4-clean.karen.cruz.4337@example.com,Karen,Cruz,+1-clean-0004337
review-clean4-clean-CAND-04338,review-clean4-clean.kimberly.morales.4338@example.com,Kimberly,Morales,+1-clean-0004338
review-clean4-clean-CAND-04339,review-clean4-clean.joseph.white.4339@example.com,Joseph,White,+1-clean-0004339
review-clean4-clean-CAND-04340,review-clean4-clean.ernest.robinson.4340@example.com,Ernest,Robinson,+1-clean-0004340
review-clean4-clean-CAND-04341,review-clean4-clean.heather.suarez.4341@example.com,Heather,Suarez,+1-clean-0004341
review-clean4-clean-CAND-04342,review-clean4-clean.krystal.gibson.4342@example.com,Krystal,Gibson,+1-clean-0004342
review-clean4-clean-CAND-04343,review-clean4-clean.jasmine.warren.4343@example.com,Jasmine,Warren,+1-clean-0004343
review-clean4-clean-CAND-04344,review-clean4-clean.kevin.robinson.4344@example.com,Kevin,Robinson,+1-clean-0004344
review-clean4-clean-CAND-04345,review-clean4-clean.jeanette.arnold.4345@example.com,Jeanette,Arnold,+1-clean-0004345
review-clean4-clean-CAND-04346,review-clean4-clean.george.williams.4346@example.com,George,Williams,+1-clean-0004346
review-clean4-clean-CAND-04347,review-clean4-clean.john.williams.4347@example.com,John,Williams,+1-clean-0004347
review-clean4-clean-CAND-04348,review-clean4-clean.eddie.stephenson.4348@example.com,Eddie,Stephenson,+1-clean-0004348
review-clean4-clean-CAND-04349,review-clean4-clean.sara.nelson.4349@example.com,Sara,Nelson,+1-clean-0004349
review-clean4-clean-CAND-04350,review-clean4-clean.krystal.day.4350@example.com,Krystal,Day,+1-clean-0004350
review-clean4-clean-CAND-04351,review-clean4-clean.john.colon.4351@example.com,John,Colon,+1-clean-0004351
review-clean4-clean-CAND-04352,review-clean4-clean.amanda.smith.4352@example.com,Amanda,Smith,+1-clean-0004352
review-clean4-clean-CAND-04353,review-clean4-clean.michael.jacobs.4353@example.com,Michael,Jacobs,+1-clean-0004353
review-clean4-clean-CAND-04354,review-clean4-clean.miguel.miller.4354@example.com,Miguel,Miller,+1-clean-0004354
review-clean4-clean-CAND-04355,review-clean4-clean.janice.dunn.4355@example.com,Janice,Dunn,+1-clean-0004355
review-clean4-clean-CAND-04356,review-clean4-clean.jennifer.ortiz.4356@example.com,Jennifer,Ortiz,+1-clean-0004356
review-clean4-clean-CAND-04357,review-clean4-clean.cheryl.nguyen.4357@example.com,Cheryl,Nguyen,+1-clean-0004357
review-clean4-clean-CAND-04358,review-clean4-clean.brian.cabrera.4358@example.com,Brian,Cabrera,+1-clean-0004358
review-clean4-clean-CAND-04359,review-clean4-clean.madison.robinson.4359@example.com,Madison,Robinson,+1-clean-0004359
review-clean4-clean-CAND-04360,review-clean4-clean.tammy.thompson.4360@example.com,Tammy,Thompson,+1-clean-0004360
review-clean4-clean-CAND-04361,review-clean4-clean.teresa.medina.4361@example.com,Teresa,Medina,+1-clean-0004361
review-clean4-clean-CAND-04362,review-clean4-clean.tiffany.osborne.4362@example.com,Tiffany,Osborne,+1-clean-0004362
review-clean4-clean-CAND-04363,review-clean4-clean.kimberly.rodriguez.4363@example.com,Kimberly,Rodriguez,+1-clean-0004363
review-clean4-clean-CAND-04364,review-clean4-clean.julie.reyes.4364@example.com,Julie,Reyes,+1-clean-0004364
review-clean4-clean-CAND-04365,review-clean4-clean.desiree.berg.4365@example.com,Desiree,Berg,+1-clean-0004365
review-clean4-clean-CAND-04366,review-clean4-clean.cynthia.pierce.4366@example.com,Cynthia,Pierce,+1-clean-0004366
review-clean4-clean-CAND-04367,review-clean4-clean.lisa.walker.4367@example.com,Lisa,Walker,+1-clean-0004367
review-clean4-clean-CAND-04368,review-clean4-clean.joseph.perkins.4368@example.com,Joseph,Perkins,+1-clean-0004368
review-clean4-clean-CAND-04369,review-clean4-clean.lindsey.mullins.4369@example.com,Lindsey,Mullins,+1-clean-0004369
review-clean4-clean-CAND-04370,review-clean4-clean.eric.hall.4370@example.com,Eric,Hall,+1-clean-0004370
review-clean4-clean-CAND-04371,review-clean4-clean.jessica.richardson.4371@example.com,Jessica,Richardson,+1-clean-0004371
review-clean4-clean-CAND-04372,review-clean4-clean.rachel.davis.4372@example.com,Rachel,Davis,+1-clean-0004372
review-clean4-clean-CAND-04373,review-clean4-clean.hunter.lopez.4373@example.com,Hunter,Lopez,+1-clean-0004373
review-clean4-clean-CAND-04374,review-clean4-clean.michelle.lopez.4374@example.com,Michelle,Lopez,+1-clean-0004374
review-clean4-clean-CAND-04375,review-clean4-clean.tracy.blair.4375@example.com,Tracy,Blair,+1-clean-0004375
review-clean4-clean-CAND-04376,review-clean4-clean.deborah.smith.4376@example.com,Deborah,Smith,+1-clean-0004376
review-clean4-clean-CAND-04377,review-clean4-clean.frank.thompson.4377@example.com,Frank,Thompson,+1-clean-0004377
review-clean4-clean-CAND-04378,review-clean4-clean.phillip.franklin.4378@example.com,Phillip,Franklin,+1-clean-0004378
review-clean4-clean-CAND-04379,review-clean4-clean.chad.jones.4379@example.com,Chad,Jones,+1-clean-0004379
review-clean4-clean-CAND-04380,review-clean4-clean.john.stout.4380@example.com,John,Stout,+1-clean-0004380
review-clean4-clean-CAND-04381,review-clean4-clean.tara.garcia.4381@example.com,Tara,Garcia,+1-clean-0004381
review-clean4-clean-CAND-04382,review-clean4-clean.alison.acosta.4382@example.com,Alison,Acosta,+1-clean-0004382
review-clean4-clean-CAND-04383,review-clean4-clean.lindsey.morrison.4383@example.com,Lindsey,Morrison,+1-clean-0004383
review-clean4-clean-CAND-04384,review-clean4-clean.nicholas.smith.4384@example.com,Nicholas,Smith,+1-clean-0004384
review-clean4-clean-CAND-04385,review-clean4-clean.margaret.hines.4385@example.com,Margaret,Hines,+1-clean-0004385
review-clean4-clean-CAND-04386,review-clean4-clean.deanna.williams.4386@example.com,Deanna,Williams,+1-clean-0004386
review-clean4-clean-CAND-04387,review-clean4-clean.john.miller.4387@example.com,John,Miller,+1-clean-0004387
review-clean4-clean-CAND-04388,review-clean4-clean.douglas.burton.4388@example.com,Douglas,Burton,+1-clean-0004388
review-clean4-clean-CAND-04389,review-clean4-clean.alexander.burch.4389@example.com,Alexander,Burch,+1-clean-0004389
review-clean4-clean-CAND-04390,review-clean4-clean.susan.rodriguez.4390@example.com,Susan,Rodriguez,+1-clean-0004390
review-clean4-clean-CAND-04391,review-clean4-clean.jill.morgan.4391@example.com,Jill,Morgan,+1-clean-0004391
review-clean4-clean-CAND-04392,review-clean4-clean.jasmine.harris.4392@example.com,Jasmine,Harris,+1-clean-0004392
review-clean4-clean-CAND-04393,review-clean4-clean.timothy.hart.4393@example.com,Timothy,Hart,+1-clean-0004393
review-clean4-clean-CAND-04394,review-clean4-clean.sean.martin.4394@example.com,Sean,Martin,+1-clean-0004394
review-clean4-clean-CAND-04395,review-clean4-clean.martin.moore.4395@example.com,Martin,Moore,+1-clean-0004395
review-clean4-clean-CAND-04396,review-clean4-clean.brian.holt.4396@example.com,Brian,Holt,+1-clean-0004396
review-clean4-clean-CAND-04397,review-clean4-clean.courtney.martinez.4397@example.com,Courtney,Martinez,+1-clean-0004397
review-clean4-clean-CAND-04398,review-clean4-clean.mallory.garcia.4398@example.com,Mallory,Garcia,+1-clean-0004398
review-clean4-clean-CAND-04399,review-clean4-clean.kenneth.hunt.4399@example.com,Kenneth,Hunt,+1-clean-0004399
review-clean4-clean-CAND-04400,review-clean4-clean.mary.thomas.4400@example.com,Mary,Thomas,+1-clean-0004400
review-clean4-clean-CAND-04401,review-clean4-clean.rhonda.johnson.4401@example.com,Rhonda,Johnson,+1-clean-0004401
review-clean4-clean-CAND-04402,review-clean4-clean.ronald.hernandez.4402@example.com,Ronald,Hernandez,+1-clean-0004402
review-clean4-clean-CAND-04403,review-clean4-clean.diana.perez.4403@example.com,Diana,Perez,+1-clean-0004403
review-clean4-clean-CAND-04404,review-clean4-clean.natasha.cruz.4404@example.com,Natasha,Cruz,+1-clean-0004404
review-clean4-clean-CAND-04405,review-clean4-clean.nicole.carson.4405@example.com,Nicole,Carson,+1-clean-0004405
review-clean4-clean-CAND-04406,review-clean4-clean.daniel.jackson.4406@example.com,Daniel,Jackson,+1-clean-0004406
review-clean4-clean-CAND-04407,review-clean4-clean.daniel.garcia.4407@example.com,Daniel,Garcia,+1-clean-0004407
review-clean4-clean-CAND-04408,review-clean4-clean.stephanie.howard.4408@example.com,Stephanie,Howard,+1-clean-0004408
review-clean4-clean-CAND-04409,review-clean4-clean.christina.wilson.4409@example.com,Christina,Wilson,+1-clean-0004409
review-clean4-clean-CAND-04410,review-clean4-clean.sandra.gillespie.4410@example.com,Sandra,Gillespie,+1-clean-0004410
review-clean4-clean-CAND-04411,review-clean4-clean.paula.munoz.4411@example.com,Paula,Munoz,+1-clean-0004411
review-clean4-clean-CAND-04412,review-clean4-clean.gregory.moreno.4412@example.com,Gregory,Moreno,+1-clean-0004412
review-clean4-clean-CAND-04413,review-clean4-clean.carol.shelton.4413@example.com,Carol,Shelton,+1-clean-0004413
review-clean4-clean-CAND-04414,review-clean4-clean.edward.contreras.4414@example.com,Edward,Contreras,+1-clean-0004414
review-clean4-clean-CAND-04415,review-clean4-clean.kevin.roth.4415@example.com,Kevin,Roth,+1-clean-0004415
review-clean4-clean-CAND-04416,review-clean4-clean.michael.garcia.4416@example.com,Michael,Garcia,+1-clean-0004416
review-clean4-clean-CAND-04417,review-clean4-clean.sabrina.stanley.4417@example.com,Sabrina,Stanley,+1-clean-0004417
review-clean4-clean-CAND-04418,review-clean4-clean.sarah.cochran.4418@example.com,Sarah,Cochran,+1-clean-0004418
review-clean4-clean-CAND-04419,review-clean4-clean.jennifer.jones.4419@example.com,Jennifer,Jones,+1-clean-0004419
review-clean4-clean-CAND-04420,review-clean4-clean.aaron.fitzpatrick.4420@example.com,Aaron,Fitzpatrick,+1-clean-0004420
review-clean4-clean-CAND-04421,review-clean4-clean.edgar.rios.4421@example.com,Edgar,Rios,+1-clean-0004421
review-clean4-clean-CAND-04422,review-clean4-clean.luke.myers.4422@example.com,Luke,Myers,+1-clean-0004422
review-clean4-clean-CAND-04423,review-clean4-clean.jennifer.floyd.4423@example.com,Jennifer,Floyd,+1-clean-0004423
review-clean4-clean-CAND-04424,review-clean4-clean.timothy.jones.4424@example.com,Timothy,Jones,+1-clean-0004424
review-clean4-clean-CAND-04425,review-clean4-clean.becky.moyer.4425@example.com,Becky,Moyer,+1-clean-0004425
review-clean4-clean-CAND-04426,review-clean4-clean.joshua.davis.4426@example.com,Joshua,Davis,+1-clean-0004426
review-clean4-clean-CAND-04427,review-clean4-clean.wanda.white.4427@example.com,Wanda,White,+1-clean-0004427
review-clean4-clean-CAND-04428,review-clean4-clean.paul.flores.4428@example.com,Paul,Flores,+1-clean-0004428
review-clean4-clean-CAND-04429,review-clean4-clean.rodney.steele.4429@example.com,Rodney,Steele,+1-clean-0004429
review-clean4-clean-CAND-04430,review-clean4-clean.robert.leon.4430@example.com,Robert,Leon,+1-clean-0004430
review-clean4-clean-CAND-04431,review-clean4-clean.mathew.pham.4431@example.com,Mathew,Pham,+1-clean-0004431
review-clean4-clean-CAND-04432,review-clean4-clean.desiree.sanchez.4432@example.com,Desiree,Sanchez,+1-clean-0004432
review-clean4-clean-CAND-04433,review-clean4-clean.robert.crawford.4433@example.com,Robert,Crawford,+1-clean-0004433
review-clean4-clean-CAND-04434,review-clean4-clean.amanda.patel.4434@example.com,Amanda,Patel,+1-clean-0004434
review-clean4-clean-CAND-04435,review-clean4-clean.lori.cruz.4435@example.com,Lori,Cruz,+1-clean-0004435
review-clean4-clean-CAND-04436,review-clean4-clean.bianca.fisher.4436@example.com,Bianca,Fisher,+1-clean-0004436
review-clean4-clean-CAND-04437,review-clean4-clean.becky.steele.4437@example.com,Becky,Steele,+1-clean-0004437
review-clean4-clean-CAND-04438,review-clean4-clean.kaitlin.warner.4438@example.com,Kaitlin,Warner,+1-clean-0004438
review-clean4-clean-CAND-04439,review-clean4-clean.joe.smith.4439@example.com,Joe,Smith,+1-clean-0004439
review-clean4-clean-CAND-04440,review-clean4-clean.victoria.smith.4440@example.com,Victoria,Smith,+1-clean-0004440
review-clean4-clean-CAND-04441,review-clean4-clean.angela.rosario.4441@example.com,Angela,Rosario,+1-clean-0004441
review-clean4-clean-CAND-04442,review-clean4-clean.samantha.brown.4442@example.com,Samantha,Brown,+1-clean-0004442
review-clean4-clean-CAND-04443,review-clean4-clean.michael.allison.4443@example.com,Michael,Allison,+1-clean-0004443
review-clean4-clean-CAND-04444,review-clean4-clean.michelle.fuentes.4444@example.com,Michelle,Fuentes,+1-clean-0004444
review-clean4-clean-CAND-04445,review-clean4-clean.kenneth.thomas.4445@example.com,Kenneth,Thomas,+1-clean-0004445
review-clean4-clean-CAND-04446,review-clean4-clean.melissa.bonilla.4446@example.com,Melissa,Bonilla,+1-clean-0004446
review-clean4-clean-CAND-04447,review-clean4-clean.robin.sanchez.4447@example.com,Robin,Sanchez,+1-clean-0004447
review-clean4-clean-CAND-04448,review-clean4-clean.maria.brown.4448@example.com,Maria,Brown,+1-clean-0004448
review-clean4-clean-CAND-04449,review-clean4-clean.devin.hayden.4449@example.com,Devin,Hayden,+1-clean-0004449
review-clean4-clean-CAND-04450,review-clean4-clean.jane.bennett.4450@example.com,Jane,Bennett,+1-clean-0004450
review-clean4-clean-CAND-04451,review-clean4-clean.anthony.hanna.4451@example.com,Anthony,Hanna,+1-clean-0004451
review-clean4-clean-CAND-04452,review-clean4-clean.nathan.miles.4452@example.com,Nathan,Miles,+1-clean-0004452
review-clean4-clean-CAND-04453,review-clean4-clean.elizabeth.jones.4453@example.com,Elizabeth,Jones,+1-clean-0004453
review-clean4-clean-CAND-04454,review-clean4-clean.mary.harrell.4454@example.com,Mary,Harrell,+1-clean-0004454
review-clean4-clean-CAND-04455,review-clean4-clean.anthony.diaz.4455@example.com,Anthony,Diaz,+1-clean-0004455
review-clean4-clean-CAND-04456,review-clean4-clean.christian.jones.4456@example.com,Christian,Jones,+1-clean-0004456
review-clean4-clean-CAND-04457,review-clean4-clean.ashley.cervantes.4457@example.com,Ashley,Cervantes,+1-clean-0004457
review-clean4-clean-CAND-04458,review-clean4-clean.edward.white.4458@example.com,Edward,White,+1-clean-0004458
review-clean4-clean-CAND-04459,review-clean4-clean.julia.adkins.4459@example.com,Julia,Adkins,+1-clean-0004459
review-clean4-clean-CAND-04460,review-clean4-clean.holly.evans.4460@example.com,Holly,Evans,+1-clean-0004460
review-clean4-clean-CAND-04461,review-clean4-clean.robert.rogers.4461@example.com,Robert,Rogers,+1-clean-0004461
review-clean4-clean-CAND-04462,review-clean4-clean.kimberly.dominguez.4462@example.com,Kimberly,Dominguez,+1-clean-0004462
review-clean4-clean-CAND-04463,review-clean4-clean.justin.moore.4463@example.com,Justin,Moore,+1-clean-0004463
review-clean4-clean-CAND-04464,review-clean4-clean.nicole.johnson.4464@example.com,Nicole,Johnson,+1-clean-0004464
review-clean4-clean-CAND-04465,review-clean4-clean.karen.gordon.4465@example.com,Karen,Gordon,+1-clean-0004465
review-clean4-clean-CAND-04466,review-clean4-clean.alex.wall.4466@example.com,Alex,Wall,+1-clean-0004466
review-clean4-clean-CAND-04467,review-clean4-clean.erin.liu.4467@example.com,Erin,Liu,+1-clean-0004467
review-clean4-clean-CAND-04468,review-clean4-clean.angela.gallegos.4468@example.com,Angela,Gallegos,+1-clean-0004468
review-clean4-clean-CAND-04469,review-clean4-clean.samantha.shaw.4469@example.com,Samantha,Shaw,+1-clean-0004469
review-clean4-clean-CAND-04470,review-clean4-clean.jenna.henderson.4470@example.com,Jenna,Henderson,+1-clean-0004470
review-clean4-clean-CAND-04471,review-clean4-clean.eric.dudley.4471@example.com,Eric,Dudley,+1-clean-0004471
review-clean4-clean-CAND-04472,review-clean4-clean.adrienne.spence.4472@example.com,Adrienne,Spence,+1-clean-0004472
review-clean4-clean-CAND-04473,review-clean4-clean.david.lewis.4473@example.com,David,Lewis,+1-clean-0004473
review-clean4-clean-CAND-04474,review-clean4-clean.christine.robinson.4474@example.com,Christine,Robinson,+1-clean-0004474
review-clean4-clean-CAND-04475,review-clean4-clean.isaiah.reese.4475@example.com,Isaiah,Reese,+1-clean-0004475
review-clean4-clean-CAND-04476,review-clean4-clean.anita.skinner.4476@example.com,Anita,Skinner,+1-clean-0004476
review-clean4-clean-CAND-04477,review-clean4-clean.lisa.mcdonald.4477@example.com,Lisa,Mcdonald,+1-clean-0004477
review-clean4-clean-CAND-04478,review-clean4-clean.lawrence.may.4478@example.com,Lawrence,May,+1-clean-0004478
review-clean4-clean-CAND-04479,review-clean4-clean.margaret.martin.4479@example.com,Margaret,Martin,+1-clean-0004479
review-clean4-clean-CAND-04480,review-clean4-clean.linda.lucas.4480@example.com,Linda,Lucas,+1-clean-0004480
review-clean4-clean-CAND-04481,review-clean4-clean.james.rodriguez.4481@example.com,James,Rodriguez,+1-clean-0004481
review-clean4-clean-CAND-04482,review-clean4-clean.christian.morrison.4482@example.com,Christian,Morrison,+1-clean-0004482
review-clean4-clean-CAND-04483,review-clean4-clean.melanie.johnson.4483@example.com,Melanie,Johnson,+1-clean-0004483
review-clean4-clean-CAND-04484,review-clean4-clean.julian.weaver.4484@example.com,Julian,Weaver,+1-clean-0004484
review-clean4-clean-CAND-04485,review-clean4-clean.cameron.harper.4485@example.com,Cameron,Harper,+1-clean-0004485
review-clean4-clean-CAND-04486,review-clean4-clean.katherine.parker.4486@example.com,Katherine,Parker,+1-clean-0004486
review-clean4-clean-CAND-04487,review-clean4-clean.andrea.little.4487@example.com,Andrea,Little,+1-clean-0004487
review-clean4-clean-CAND-04488,review-clean4-clean.antonio.adams.4488@example.com,Antonio,Adams,+1-clean-0004488
review-clean4-clean-CAND-04489,review-clean4-clean.tiffany.cunningham.4489@example.com,Tiffany,Cunningham,+1-clean-0004489
review-clean4-clean-CAND-04490,review-clean4-clean.anne.tyler.4490@example.com,Anne,Tyler,+1-clean-0004490
review-clean4-clean-CAND-04491,review-clean4-clean.brandon.edwards.4491@example.com,Brandon,Edwards,+1-clean-0004491
review-clean4-clean-CAND-04492,review-clean4-clean.sherry.smith.4492@example.com,Sherry,Smith,+1-clean-0004492
review-clean4-clean-CAND-04493,review-clean4-clean.michael.campbell.4493@example.com,Michael,Campbell,+1-clean-0004493
review-clean4-clean-CAND-04494,review-clean4-clean.raymond.lee.4494@example.com,Raymond,Lee,+1-clean-0004494
review-clean4-clean-CAND-04495,review-clean4-clean.karen.swanson.4495@example.com,Karen,Swanson,+1-clean-0004495
review-clean4-clean-CAND-04496,review-clean4-clean.terri.park.4496@example.com,Terri,Park,+1-clean-0004496
review-clean4-clean-CAND-04497,review-clean4-clean.connor.russell.4497@example.com,Connor,Russell,+1-clean-0004497
review-clean4-clean-CAND-04498,review-clean4-clean.judith.garcia.4498@example.com,Judith,Garcia,+1-clean-0004498
review-clean4-clean-CAND-04499,review-clean4-clean.lindsey.hernandez.4499@example.com,Lindsey,Hernandez,+1-clean-0004499
review-clean4-clean-CAND-04500,review-clean4-clean.brenda.reyes.4500@example.com,Brenda,Reyes,+1-clean-0004500
review-clean4-clean-CAND-04501,review-clean4-clean.brenda.christian.4501@example.com,Brenda,Christian,+1-clean-0004501
review-clean4-clean-CAND-04502,review-clean4-clean.kelly.hernandez.4502@example.com,Kelly,Hernandez,+1-clean-0004502
review-clean4-clean-CAND-04503,review-clean4-clean.steven.mcclure.4503@example.com,Steven,Mcclure,+1-clean-0004503
review-clean4-clean-CAND-04504,review-clean4-clean.christopher.higgins.4504@example.com,Christopher,Higgins,+1-clean-0004504
review-clean4-clean-CAND-04505,review-clean4-clean.nicole.aguirre.4505@example.com,Nicole,Aguirre,+1-clean-0004505
review-clean4-clean-CAND-04506,review-clean4-clean.destiny.mack.4506@example.com,Destiny,Mack,+1-clean-0004506
review-clean4-clean-CAND-04507,review-clean4-clean.eugene.stuart.4507@example.com,Eugene,Stuart,+1-clean-0004507
review-clean4-clean-CAND-04508,review-clean4-clean.zachary.chandler.4508@example.com,Zachary,Chandler,+1-clean-0004508
review-clean4-clean-CAND-04509,review-clean4-clean.denise.conrad.4509@example.com,Denise,Conrad,+1-clean-0004509
review-clean4-clean-CAND-04510,review-clean4-clean.matthew.floyd.4510@example.com,Matthew,Floyd,+1-clean-0004510
review-clean4-clean-CAND-04511,review-clean4-clean.matthew.ward.4511@example.com,Matthew,Ward,+1-clean-0004511
review-clean4-clean-CAND-04512,review-clean4-clean.melissa.jordan.4512@example.com,Melissa,Jordan,+1-clean-0004512
review-clean4-clean-CAND-04513,review-clean4-clean.pamela.schroeder.4513@example.com,Pamela,Schroeder,+1-clean-0004513
review-clean4-clean-CAND-04514,review-clean4-clean.paul.clark.4514@example.com,Paul,Clark,+1-clean-0004514
review-clean4-clean-CAND-04515,review-clean4-clean.cheryl.jones.4515@example.com,Cheryl,Jones,+1-clean-0004515
review-clean4-clean-CAND-04516,review-clean4-clean.elijah.burton.4516@example.com,Elijah,Burton,+1-clean-0004516
review-clean4-clean-CAND-04517,review-clean4-clean.tyler.ballard.4517@example.com,Tyler,Ballard,+1-clean-0004517
review-clean4-clean-CAND-04518,review-clean4-clean.douglas.harrell.4518@example.com,Douglas,Harrell,+1-clean-0004518
review-clean4-clean-CAND-04519,review-clean4-clean.amy.novak.4519@example.com,Amy,Novak,+1-clean-0004519
review-clean4-clean-CAND-04520,review-clean4-clean.kimberly.miller.4520@example.com,Kimberly,Miller,+1-clean-0004520
review-clean4-clean-CAND-04521,review-clean4-clean.clinton.edwards.4521@example.com,Clinton,Edwards,+1-clean-0004521
review-clean4-clean-CAND-04522,review-clean4-clean.sarah.martin.4522@example.com,Sarah,Martin,+1-clean-0004522
review-clean4-clean-CAND-04523,review-clean4-clean.joshua.cox.4523@example.com,Joshua,Cox,+1-clean-0004523
review-clean4-clean-CAND-04524,review-clean4-clean.christopher.white.4524@example.com,Christopher,White,+1-clean-0004524
review-clean4-clean-CAND-04525,review-clean4-clean.kelsey.scott.4525@example.com,Kelsey,Scott,+1-clean-0004525
review-clean4-clean-CAND-04526,review-clean4-clean.thomas.scott.4526@example.com,Thomas,Scott,+1-clean-0004526
review-clean4-clean-CAND-04527,review-clean4-clean.nancy.santos.4527@example.com,Nancy,Santos,+1-clean-0004527
review-clean4-clean-CAND-04528,review-clean4-clean.donald.martinez.4528@example.com,Donald,Martinez,+1-clean-0004528
review-clean4-clean-CAND-04529,review-clean4-clean.ashley.williams.4529@example.com,Ashley,Williams,+1-clean-0004529
review-clean4-clean-CAND-04530,review-clean4-clean.michele.morales.4530@example.com,Michele,Morales,+1-clean-0004530
review-clean4-clean-CAND-04531,review-clean4-clean.melody.stark.4531@example.com,Melody,Stark,+1-clean-0004531
review-clean4-clean-CAND-04532,review-clean4-clean.david.richardson.4532@example.com,David,Richardson,+1-clean-0004532
review-clean4-clean-CAND-04533,review-clean4-clean.megan.crane.4533@example.com,Megan,Crane,+1-clean-0004533
review-clean4-clean-CAND-04534,review-clean4-clean.nathaniel.fleming.4534@example.com,Nathaniel,Fleming,+1-clean-0004534
review-clean4-clean-CAND-04535,review-clean4-clean.william.baker.4535@example.com,William,Baker,+1-clean-0004535
review-clean4-clean-CAND-04536,review-clean4-clean.nancy.fleming.4536@example.com,Nancy,Fleming,+1-clean-0004536
review-clean4-clean-CAND-04537,review-clean4-clean.christine.schneider.4537@example.com,Christine,Schneider,+1-clean-0004537
review-clean4-clean-CAND-04538,review-clean4-clean.joyce.sanchez.4538@example.com,Joyce,Sanchez,+1-clean-0004538
review-clean4-clean-CAND-04539,review-clean4-clean.lori.smith.4539@example.com,Lori,Smith,+1-clean-0004539
review-clean4-clean-CAND-04540,review-clean4-clean.melissa.roberts.4540@example.com,Melissa,Roberts,+1-clean-0004540
review-clean4-clean-CAND-04541,review-clean4-clean.eric.ross.4541@example.com,Eric,Ross,+1-clean-0004541
review-clean4-clean-CAND-04542,review-clean4-clean.charles.price.4542@example.com,Charles,Price,+1-clean-0004542
review-clean4-clean-CAND-04543,review-clean4-clean.steven.davis.4543@example.com,Steven,Davis,+1-clean-0004543
review-clean4-clean-CAND-04544,review-clean4-clean.steven.day.4544@example.com,Steven,Day,+1-clean-0004544
review-clean4-clean-CAND-04545,review-clean4-clean.rachel.marshall.4545@example.com,Rachel,Marshall,+1-clean-0004545
review-clean4-clean-CAND-04546,review-clean4-clean.christopher.dennis.4546@example.com,Christopher,Dennis,+1-clean-0004546
review-clean4-clean-CAND-04547,review-clean4-clean.samantha.nielsen.4547@example.com,Samantha,Nielsen,+1-clean-0004547
review-clean4-clean-CAND-04548,review-clean4-clean.kayla.gonzalez.4548@example.com,Kayla,Gonzalez,+1-clean-0004548
review-clean4-clean-CAND-04549,review-clean4-clean.mark.stewart.4549@example.com,Mark,Stewart,+1-clean-0004549
review-clean4-clean-CAND-04550,review-clean4-clean.wendy.tucker.4550@example.com,Wendy,Tucker,+1-clean-0004550
review-clean4-clean-CAND-04551,review-clean4-clean.jacqueline.alvarez.4551@example.com,Jacqueline,Alvarez,+1-clean-0004551
review-clean4-clean-CAND-04552,review-clean4-clean.joshua.johnson.4552@example.com,Joshua,Johnson,+1-clean-0004552
review-clean4-clean-CAND-04553,review-clean4-clean.eric.harrison.4553@example.com,Eric,Harrison,+1-clean-0004553
review-clean4-clean-CAND-04554,review-clean4-clean.danielle.flores.4554@example.com,Danielle,Flores,+1-clean-0004554
review-clean4-clean-CAND-04555,review-clean4-clean.anthony.burke.4555@example.com,Anthony,Burke,+1-clean-0004555
review-clean4-clean-CAND-04556,review-clean4-clean.omar.mayer.4556@example.com,Omar,Mayer,+1-clean-0004556
review-clean4-clean-CAND-04557,review-clean4-clean.michael.jordan.4557@example.com,Michael,Jordan,+1-clean-0004557
review-clean4-clean-CAND-04558,review-clean4-clean.thomas.brown.4558@example.com,Thomas,Brown,+1-clean-0004558
review-clean4-clean-CAND-04559,review-clean4-clean.miranda.cisneros.4559@example.com,Miranda,Cisneros,+1-clean-0004559
review-clean4-clean-CAND-04560,review-clean4-clean.gabriela.nelson.4560@example.com,Gabriela,Nelson,+1-clean-0004560
review-clean4-clean-CAND-04561,review-clean4-clean.cynthia.miller.4561@example.com,Cynthia,Miller,+1-clean-0004561
review-clean4-clean-CAND-04562,review-clean4-clean.chad.sullivan.4562@example.com,Chad,Sullivan,+1-clean-0004562
review-clean4-clean-CAND-04563,review-clean4-clean.kenneth.joseph.4563@example.com,Kenneth,Joseph,+1-clean-0004563
review-clean4-clean-CAND-04564,review-clean4-clean.monica.warren.4564@example.com,Monica,Warren,+1-clean-0004564
review-clean4-clean-CAND-04565,review-clean4-clean.elizabeth.green.4565@example.com,Elizabeth,Green,+1-clean-0004565
review-clean4-clean-CAND-04566,review-clean4-clean.maria.davis.4566@example.com,Maria,Davis,+1-clean-0004566
review-clean4-clean-CAND-04567,review-clean4-clean.rachel.peterson.4567@example.com,Rachel,Peterson,+1-clean-0004567
review-clean4-clean-CAND-04568,review-clean4-clean.karen.martin.4568@example.com,Karen,Martin,+1-clean-0004568
review-clean4-clean-CAND-04569,review-clean4-clean.michael.barnes.4569@example.com,Michael,Barnes,+1-clean-0004569
review-clean4-clean-CAND-04570,review-clean4-clean.thomas.barker.4570@example.com,Thomas,Barker,+1-clean-0004570
review-clean4-clean-CAND-04571,review-clean4-clean.ethan.horton.4571@example.com,Ethan,Horton,+1-clean-0004571
review-clean4-clean-CAND-04572,review-clean4-clean.michael.schwartz.4572@example.com,Michael,Schwartz,+1-clean-0004572
review-clean4-clean-CAND-04573,review-clean4-clean.paul.smith.4573@example.com,Paul,Smith,+1-clean-0004573
review-clean4-clean-CAND-04574,review-clean4-clean.krista.harper.4574@example.com,Krista,Harper,+1-clean-0004574
review-clean4-clean-CAND-04575,review-clean4-clean.christian.contreras.4575@example.com,Christian,Contreras,+1-clean-0004575
review-clean4-clean-CAND-04576,review-clean4-clean.christina.morris.4576@example.com,Christina,Morris,+1-clean-0004576
review-clean4-clean-CAND-04577,review-clean4-clean.valerie.mcmillan.4577@example.com,Valerie,Mcmillan,+1-clean-0004577
review-clean4-clean-CAND-04578,review-clean4-clean.julia.doyle.4578@example.com,Julia,Doyle,+1-clean-0004578
review-clean4-clean-CAND-04579,review-clean4-clean.leslie.hernandez.4579@example.com,Leslie,Hernandez,+1-clean-0004579
review-clean4-clean-CAND-04580,review-clean4-clean.stephen.hernandez.4580@example.com,Stephen,Hernandez,+1-clean-0004580
review-clean4-clean-CAND-04581,review-clean4-clean.michelle.wilson.4581@example.com,Michelle,Wilson,+1-clean-0004581
review-clean4-clean-CAND-04582,review-clean4-clean.tara.russell.4582@example.com,Tara,Russell,+1-clean-0004582
review-clean4-clean-CAND-04583,review-clean4-clean.abigail.smith.4583@example.com,Abigail,Smith,+1-clean-0004583
review-clean4-clean-CAND-04584,review-clean4-clean.shannon.wall.4584@example.com,Shannon,Wall,+1-clean-0004584
review-clean4-clean-CAND-04585,review-clean4-clean.david.cole.4585@example.com,David,Cole,+1-clean-0004585
review-clean4-clean-CAND-04586,review-clean4-clean.tara.davis.4586@example.com,Tara,Davis,+1-clean-0004586
review-clean4-clean-CAND-04587,review-clean4-clean.jeffery.werner.4587@example.com,Jeffery,Werner,+1-clean-0004587
review-clean4-clean-CAND-04588,review-clean4-clean.robert.payne.4588@example.com,Robert,Payne,+1-clean-0004588
review-clean4-clean-CAND-04589,review-clean4-clean.gabriel.gray.4589@example.com,Gabriel,Gray,+1-clean-0004589
review-clean4-clean-CAND-04590,review-clean4-clean.michael.farley.4590@example.com,Michael,Farley,+1-clean-0004590
review-clean4-clean-CAND-04591,review-clean4-clean.teresa.ray.4591@example.com,Teresa,Ray,+1-clean-0004591
review-clean4-clean-CAND-04592,review-clean4-clean.alexis.cervantes.4592@example.com,Alexis,Cervantes,+1-clean-0004592
review-clean4-clean-CAND-04593,review-clean4-clean.allen.mosley.4593@example.com,Allen,Mosley,+1-clean-0004593
review-clean4-clean-CAND-04594,review-clean4-clean.wayne.parrish.4594@example.com,Wayne,Parrish,+1-clean-0004594
review-clean4-clean-CAND-04595,review-clean4-clean.holly.banks.4595@example.com,Holly,Banks,+1-clean-0004595
review-clean4-clean-CAND-04596,review-clean4-clean.stephen.jenkins.4596@example.com,Stephen,Jenkins,+1-clean-0004596
review-clean4-clean-CAND-04597,review-clean4-clean.michael.daniels.4597@example.com,Michael,Daniels,+1-clean-0004597
review-clean4-clean-CAND-04598,review-clean4-clean.alexandra.hubbard.4598@example.com,Alexandra,Hubbard,+1-clean-0004598
review-clean4-clean-CAND-04599,review-clean4-clean.daniel.thompson.4599@example.com,Daniel,Thompson,+1-clean-0004599
review-clean4-clean-CAND-04600,review-clean4-clean.ross.thompson.4600@example.com,Ross,Thompson,+1-clean-0004600
review-clean4-clean-CAND-04601,review-clean4-clean.brooke.daniels.4601@example.com,Brooke,Daniels,+1-clean-0004601
review-clean4-clean-CAND-04602,review-clean4-clean.patrick.bruce.4602@example.com,Patrick,Bruce,+1-clean-0004602
review-clean4-clean-CAND-04603,review-clean4-clean.haley.kim.4603@example.com,Haley,Kim,+1-clean-0004603
review-clean4-clean-CAND-04604,review-clean4-clean.justin.oliver.4604@example.com,Justin,Oliver,+1-clean-0004604
review-clean4-clean-CAND-04605,review-clean4-clean.sara.vincent.4605@example.com,Sara,Vincent,+1-clean-0004605
review-clean4-clean-CAND-04606,review-clean4-clean.wanda.shaffer.4606@example.com,Wanda,Shaffer,+1-clean-0004606
review-clean4-clean-CAND-04607,review-clean4-clean.dale.banks.4607@example.com,Dale,Banks,+1-clean-0004607
review-clean4-clean-CAND-04608,review-clean4-clean.christina.jenkins.4608@example.com,Christina,Jenkins,+1-clean-0004608
review-clean4-clean-CAND-04609,review-clean4-clean.tyler.walton.4609@example.com,Tyler,Walton,+1-clean-0004609
review-clean4-clean-CAND-04610,review-clean4-clean.sara.garcia.4610@example.com,Sara,Garcia,+1-clean-0004610
review-clean4-clean-CAND-04611,review-clean4-clean.sean.perkins.4611@example.com,Sean,Perkins,+1-clean-0004611
review-clean4-clean-CAND-04612,review-clean4-clean.antonio.roberts.4612@example.com,Antonio,Roberts,+1-clean-0004612
review-clean4-clean-CAND-04613,review-clean4-clean.robert.walker.4613@example.com,Robert,Walker,+1-clean-0004613
review-clean4-clean-CAND-04614,review-clean4-clean.shawn.james.4614@example.com,Shawn,James,+1-clean-0004614
review-clean4-clean-CAND-04615,review-clean4-clean.james.harrison.4615@example.com,James,Harrison,+1-clean-0004615
review-clean4-clean-CAND-04616,review-clean4-clean.david.ponce.4616@example.com,David,Ponce,+1-clean-0004616
review-clean4-clean-CAND-04617,review-clean4-clean.robin.gutierrez.4617@example.com,Robin,Gutierrez,+1-clean-0004617
review-clean4-clean-CAND-04618,review-clean4-clean.lori.padilla.4618@example.com,Lori,Padilla,+1-clean-0004618
review-clean4-clean-CAND-04619,review-clean4-clean.joyce.smith.4619@example.com,Joyce,Smith,+1-clean-0004619
review-clean4-clean-CAND-04620,review-clean4-clean.nicholas.walker.4620@example.com,Nicholas,Walker,+1-clean-0004620
review-clean4-clean-CAND-04621,review-clean4-clean.justin.hobbs.4621@example.com,Justin,Hobbs,+1-clean-0004621
review-clean4-clean-CAND-04622,review-clean4-clean.joseph.roberson.4622@example.com,Joseph,Roberson,+1-clean-0004622
review-clean4-clean-CAND-04623,review-clean4-clean.laura.perry.4623@example.com,Laura,Perry,+1-clean-0004623
review-clean4-clean-CAND-04624,review-clean4-clean.john.mccullough.4624@example.com,John,Mccullough,+1-clean-0004624
review-clean4-clean-CAND-04625,review-clean4-clean.robert.smith.4625@example.com,Robert,Smith,+1-clean-0004625
review-clean4-clean-CAND-04626,review-clean4-clean.eric.brooks.4626@example.com,Eric,Brooks,+1-clean-0004626
review-clean4-clean-CAND-04627,review-clean4-clean.lisa.wilkins.4627@example.com,Lisa,Wilkins,+1-clean-0004627
review-clean4-clean-CAND-04628,review-clean4-clean.carol.rogers.4628@example.com,Carol,Rogers,+1-clean-0004628
review-clean4-clean-CAND-04629,review-clean4-clean.susan.haney.4629@example.com,Susan,Haney,+1-clean-0004629
review-clean4-clean-CAND-04630,review-clean4-clean.john.beltran.4630@example.com,John,Beltran,+1-clean-0004630
review-clean4-clean-CAND-04631,review-clean4-clean.james.newman.4631@example.com,James,Newman,+1-clean-0004631
review-clean4-clean-CAND-04632,review-clean4-clean.maria.solis.4632@example.com,Maria,Solis,+1-clean-0004632
review-clean4-clean-CAND-04633,review-clean4-clean.becky.anderson.4633@example.com,Becky,Anderson,+1-clean-0004633
review-clean4-clean-CAND-04634,review-clean4-clean.daisy.madden.4634@example.com,Daisy,Madden,+1-clean-0004634
review-clean4-clean-CAND-04635,review-clean4-clean.glenn.strong.4635@example.com,Glenn,Strong,+1-clean-0004635
review-clean4-clean-CAND-04636,review-clean4-clean.zachary.kim.4636@example.com,Zachary,Kim,+1-clean-0004636
review-clean4-clean-CAND-04637,review-clean4-clean.cory.owen.4637@example.com,Cory,Owen,+1-clean-0004637
review-clean4-clean-CAND-04638,review-clean4-clean.william.welch.4638@example.com,William,Welch,+1-clean-0004638
review-clean4-clean-CAND-04639,review-clean4-clean.kristen.cameron.4639@example.com,Kristen,Cameron,+1-clean-0004639
review-clean4-clean-CAND-04640,review-clean4-clean.courtney.green.4640@example.com,Courtney,Green,+1-clean-0004640
review-clean4-clean-CAND-04641,review-clean4-clean.angela.fry.4641@example.com,Angela,Fry,+1-clean-0004641
review-clean4-clean-CAND-04642,review-clean4-clean.james.davis.4642@example.com,James,Davis,+1-clean-0004642
review-clean4-clean-CAND-04643,review-clean4-clean.samuel.fuller.4643@example.com,Samuel,Fuller,+1-clean-0004643
review-clean4-clean-CAND-04644,review-clean4-clean.brittney.johnson.4644@example.com,Brittney,Johnson,+1-clean-0004644
review-clean4-clean-CAND-04645,review-clean4-clean.jasmine.knapp.4645@example.com,Jasmine,Knapp,+1-clean-0004645
review-clean4-clean-CAND-04646,review-clean4-clean.christian.reyes.4646@example.com,Christian,Reyes,+1-clean-0004646
review-clean4-clean-CAND-04647,review-clean4-clean.julia.anderson.4647@example.com,Julia,Anderson,+1-clean-0004647
review-clean4-clean-CAND-04648,review-clean4-clean.shawn.welch.4648@example.com,Shawn,Welch,+1-clean-0004648
review-clean4-clean-CAND-04649,review-clean4-clean.michael.allen.4649@example.com,Michael,Allen,+1-clean-0004649
review-clean4-clean-CAND-04650,review-clean4-clean.rachael.phillips.4650@example.com,Rachael,Phillips,+1-clean-0004650
review-clean4-clean-CAND-04651,review-clean4-clean.amanda.sanchez.4651@example.com,Amanda,Sanchez,+1-clean-0004651
review-clean4-clean-CAND-04652,review-clean4-clean.kimberly.hartman.4652@example.com,Kimberly,Hartman,+1-clean-0004652
review-clean4-clean-CAND-04653,review-clean4-clean.kaylee.hopkins.4653@example.com,Kaylee,Hopkins,+1-clean-0004653
review-clean4-clean-CAND-04654,review-clean4-clean.joshua.donovan.4654@example.com,Joshua,Donovan,+1-clean-0004654
review-clean4-clean-CAND-04655,review-clean4-clean.courtney.little.4655@example.com,Courtney,Little,+1-clean-0004655
review-clean4-clean-CAND-04656,review-clean4-clean.beth.garcia.4656@example.com,Beth,Garcia,+1-clean-0004656
review-clean4-clean-CAND-04657,review-clean4-clean.stephen.carlson.4657@example.com,Stephen,Carlson,+1-clean-0004657
review-clean4-clean-CAND-04658,review-clean4-clean.daniel.campbell.4658@example.com,Daniel,Campbell,+1-clean-0004658
review-clean4-clean-CAND-04659,review-clean4-clean.patricia.davis.4659@example.com,Patricia,Davis,+1-clean-0004659
review-clean4-clean-CAND-04660,review-clean4-clean.troy.ward.4660@example.com,Troy,Ward,+1-clean-0004660
review-clean4-clean-CAND-04661,review-clean4-clean.mary.myers.4661@example.com,Mary,Myers,+1-clean-0004661
review-clean4-clean-CAND-04662,review-clean4-clean.travis.johnson.4662@example.com,Travis,Johnson,+1-clean-0004662
review-clean4-clean-CAND-04663,review-clean4-clean.charles.chung.4663@example.com,Charles,Chung,+1-clean-0004663
review-clean4-clean-CAND-04664,review-clean4-clean.charles.mcdaniel.4664@example.com,Charles,Mcdaniel,+1-clean-0004664
review-clean4-clean-CAND-04665,review-clean4-clean.nicholas.edwards.4665@example.com,Nicholas,Edwards,+1-clean-0004665
review-clean4-clean-CAND-04666,review-clean4-clean.rebekah.stokes.4666@example.com,Rebekah,Stokes,+1-clean-0004666
review-clean4-clean-CAND-04667,review-clean4-clean.hector.smith.4667@example.com,Hector,Smith,+1-clean-0004667
review-clean4-clean-CAND-04668,review-clean4-clean.guy.bradley.4668@example.com,Guy,Bradley,+1-clean-0004668
review-clean4-clean-CAND-04669,review-clean4-clean.catherine.johnson.4669@example.com,Catherine,Johnson,+1-clean-0004669
review-clean4-clean-CAND-04670,review-clean4-clean.theresa.chaney.4670@example.com,Theresa,Chaney,+1-clean-0004670
review-clean4-clean-CAND-04671,review-clean4-clean.timothy.mendez.4671@example.com,Timothy,Mendez,+1-clean-0004671
review-clean4-clean-CAND-04672,review-clean4-clean.amy.moore.4672@example.com,Amy,Moore,+1-clean-0004672
review-clean4-clean-CAND-04673,review-clean4-clean.judy.house.4673@example.com,Judy,House,+1-clean-0004673
review-clean4-clean-CAND-04674,review-clean4-clean.james.johnson.4674@example.com,James,Johnson,+1-clean-0004674
review-clean4-clean-CAND-04675,review-clean4-clean.andrew.hunt.4675@example.com,Andrew,Hunt,+1-clean-0004675
review-clean4-clean-CAND-04676,review-clean4-clean.edwin.camacho.4676@example.com,Edwin,Camacho,+1-clean-0004676
review-clean4-clean-CAND-04677,review-clean4-clean.danny.robinson.4677@example.com,Danny,Robinson,+1-clean-0004677
review-clean4-clean-CAND-04678,review-clean4-clean.mark.robinson.4678@example.com,Mark,Robinson,+1-clean-0004678
review-clean4-clean-CAND-04679,review-clean4-clean.jessica.case.4679@example.com,Jessica,Case,+1-clean-0004679
review-clean4-clean-CAND-04680,review-clean4-clean.joseph.olson.4680@example.com,Joseph,Olson,+1-clean-0004680
review-clean4-clean-CAND-04681,review-clean4-clean.stephanie.bailey.4681@example.com,Stephanie,Bailey,+1-clean-0004681
review-clean4-clean-CAND-04682,review-clean4-clean.andrea.phillips.4682@example.com,Andrea,Phillips,+1-clean-0004682
review-clean4-clean-CAND-04683,review-clean4-clean.julie.simpson.4683@example.com,Julie,Simpson,+1-clean-0004683
review-clean4-clean-CAND-04684,review-clean4-clean.william.ross.4684@example.com,William,Ross,+1-clean-0004684
review-clean4-clean-CAND-04685,review-clean4-clean.james.thompson.4685@example.com,James,Thompson,+1-clean-0004685
review-clean4-clean-CAND-04686,review-clean4-clean.gloria.clay.4686@example.com,Gloria,Clay,+1-clean-0004686
review-clean4-clean-CAND-04687,review-clean4-clean.juan.long.4687@example.com,Juan,Long,+1-clean-0004687
review-clean4-clean-CAND-04688,review-clean4-clean.brandy.miranda.4688@example.com,Brandy,Miranda,+1-clean-0004688
review-clean4-clean-CAND-04689,review-clean4-clean.larry.bauer.4689@example.com,Larry,Bauer,+1-clean-0004689
review-clean4-clean-CAND-04690,review-clean4-clean.stephanie.freeman.4690@example.com,Stephanie,Freeman,+1-clean-0004690
review-clean4-clean-CAND-04691,review-clean4-clean.nicole.henderson.4691@example.com,Nicole,Henderson,+1-clean-0004691
review-clean4-clean-CAND-04692,review-clean4-clean.julie.cabrera.4692@example.com,Julie,Cabrera,+1-clean-0004692
review-clean4-clean-CAND-04693,review-clean4-clean.cindy.lawson.4693@example.com,Cindy,Lawson,+1-clean-0004693
review-clean4-clean-CAND-04694,review-clean4-clean.ruben.bradley.4694@example.com,Ruben,Bradley,+1-clean-0004694
review-clean4-clean-CAND-04695,review-clean4-clean.nathaniel.chen.4695@example.com,Nathaniel,Chen,+1-clean-0004695
review-clean4-clean-CAND-04696,review-clean4-clean.caleb.jackson.4696@example.com,Caleb,Jackson,+1-clean-0004696
review-clean4-clean-CAND-04697,review-clean4-clean.arthur.dixon.4697@example.com,Arthur,Dixon,+1-clean-0004697
review-clean4-clean-CAND-04698,review-clean4-clean.brenda.carter.4698@example.com,Brenda,Carter,+1-clean-0004698
review-clean4-clean-CAND-04699,review-clean4-clean.margaret.newman.4699@example.com,Margaret,Newman,+1-clean-0004699
review-clean4-clean-CAND-04700,review-clean4-clean.tammy.bell.4700@example.com,Tammy,Bell,+1-clean-0004700
review-clean4-clean-CAND-04701,review-clean4-clean.anthony.white.4701@example.com,Anthony,White,+1-clean-0004701
review-clean4-clean-CAND-04702,review-clean4-clean.marcus.gibbs.4702@example.com,Marcus,Gibbs,+1-clean-0004702
review-clean4-clean-CAND-04703,review-clean4-clean.michael.jones.4703@example.com,Michael,Jones,+1-clean-0004703
review-clean4-clean-CAND-04704,review-clean4-clean.diane.watson.4704@example.com,Diane,Watson,+1-clean-0004704
review-clean4-clean-CAND-04705,review-clean4-clean.kimberly.martinez.4705@example.com,Kimberly,Martinez,+1-clean-0004705
review-clean4-clean-CAND-04706,review-clean4-clean.lucas.smith.4706@example.com,Lucas,Smith,+1-clean-0004706
review-clean4-clean-CAND-04707,review-clean4-clean.mark.marshall.4707@example.com,Mark,Marshall,+1-clean-0004707
review-clean4-clean-CAND-04708,review-clean4-clean.laura.roach.4708@example.com,Laura,Roach,+1-clean-0004708
review-clean4-clean-CAND-04709,review-clean4-clean.anna.cruz.4709@example.com,Anna,Cruz,+1-clean-0004709
review-clean4-clean-CAND-04710,review-clean4-clean.carolyn.rose.4710@example.com,Carolyn,Rose,+1-clean-0004710
review-clean4-clean-CAND-04711,review-clean4-clean.dakota.ramirez.4711@example.com,Dakota,Ramirez,+1-clean-0004711
review-clean4-clean-CAND-04712,review-clean4-clean.cathy.ware.4712@example.com,Cathy,Ware,+1-clean-0004712
review-clean4-clean-CAND-04713,review-clean4-clean.michelle.jones.4713@example.com,Michelle,Jones,+1-clean-0004713
review-clean4-clean-CAND-04714,review-clean4-clean.patricia.fisher.4714@example.com,Patricia,Fisher,+1-clean-0004714
review-clean4-clean-CAND-04715,review-clean4-clean.katelyn.stewart.4715@example.com,Katelyn,Stewart,+1-clean-0004715
review-clean4-clean-CAND-04716,review-clean4-clean.luke.gonzalez.4716@example.com,Luke,Gonzalez,+1-clean-0004716
review-clean4-clean-CAND-04717,review-clean4-clean.leah.jimenez.4717@example.com,Leah,Jimenez,+1-clean-0004717
review-clean4-clean-CAND-04718,review-clean4-clean.veronica.fisher.4718@example.com,Veronica,Fisher,+1-clean-0004718
review-clean4-clean-CAND-04719,review-clean4-clean.david.jackson.4719@example.com,David,Jackson,+1-clean-0004719
review-clean4-clean-CAND-04720,review-clean4-clean.mark.reyes.4720@example.com,Mark,Reyes,+1-clean-0004720
review-clean4-clean-CAND-04721,review-clean4-clean.barbara.mitchell.4721@example.com,Barbara,Mitchell,+1-clean-0004721
review-clean4-clean-CAND-04722,review-clean4-clean.dawn.chase.4722@example.com,Dawn,Chase,+1-clean-0004722
review-clean4-clean-CAND-04723,review-clean4-clean.vanessa.buck.4723@example.com,Vanessa,Buck,+1-clean-0004723
review-clean4-clean-CAND-04724,review-clean4-clean.justin.skinner.4724@example.com,Justin,Skinner,+1-clean-0004724
review-clean4-clean-CAND-04725,review-clean4-clean.richard.huang.4725@example.com,Richard,Huang,+1-clean-0004725
review-clean4-clean-CAND-04726,review-clean4-clean.samantha.williams.4726@example.com,Samantha,Williams,+1-clean-0004726
review-clean4-clean-CAND-04727,review-clean4-clean.deanna.jones.4727@example.com,Deanna,Jones,+1-clean-0004727
review-clean4-clean-CAND-04728,review-clean4-clean.cody.lang.4728@example.com,Cody,Lang,+1-clean-0004728
review-clean4-clean-CAND-04729,review-clean4-clean.jennifer.hill.4729@example.com,Jennifer,Hill,+1-clean-0004729
review-clean4-clean-CAND-04730,review-clean4-clean.karen.ross.4730@example.com,Karen,Ross,+1-clean-0004730
review-clean4-clean-CAND-04731,review-clean4-clean.angela.edwards.4731@example.com,Angela,Edwards,+1-clean-0004731
review-clean4-clean-CAND-04732,review-clean4-clean.cheryl.long.4732@example.com,Cheryl,Long,+1-clean-0004732
review-clean4-clean-CAND-04733,review-clean4-clean.heather.gibson.4733@example.com,Heather,Gibson,+1-clean-0004733
review-clean4-clean-CAND-04734,review-clean4-clean.melinda.coffey.4734@example.com,Melinda,Coffey,+1-clean-0004734
review-clean4-clean-CAND-04735,review-clean4-clean.david.brooks.4735@example.com,David,Brooks,+1-clean-0004735
review-clean4-clean-CAND-04736,review-clean4-clean.christine.johnson.4736@example.com,Christine,Johnson,+1-clean-0004736
review-clean4-clean-CAND-04737,review-clean4-clean.brandon.smith.4737@example.com,Brandon,Smith,+1-clean-0004737
review-clean4-clean-CAND-04738,review-clean4-clean.daniel.morris.4738@example.com,Daniel,Morris,+1-clean-0004738
review-clean4-clean-CAND-04739,review-clean4-clean.grace.graham.4739@example.com,Grace,Graham,+1-clean-0004739
review-clean4-clean-CAND-04740,review-clean4-clean.george.lee.4740@example.com,George,Lee,+1-clean-0004740
review-clean4-clean-CAND-04741,review-clean4-clean.rachel.wood.4741@example.com,Rachel,Wood,+1-clean-0004741
review-clean4-clean-CAND-04742,review-clean4-clean.rebecca.mayo.4742@example.com,Rebecca,Mayo,+1-clean-0004742
review-clean4-clean-CAND-04743,review-clean4-clean.sarah.parrish.4743@example.com,Sarah,Parrish,+1-clean-0004743
review-clean4-clean-CAND-04744,review-clean4-clean.jordan.glover.4744@example.com,Jordan,Glover,+1-clean-0004744
review-clean4-clean-CAND-04745,review-clean4-clean.daniel.valentine.4745@example.com,Daniel,Valentine,+1-clean-0004745
review-clean4-clean-CAND-04746,review-clean4-clean.charles.murphy.4746@example.com,Charles,Murphy,+1-clean-0004746
review-clean4-clean-CAND-04747,review-clean4-clean.cheyenne.burnett.4747@example.com,Cheyenne,Burnett,+1-clean-0004747
review-clean4-clean-CAND-04748,review-clean4-clean.joseph.jackson.4748@example.com,Joseph,Jackson,+1-clean-0004748
review-clean4-clean-CAND-04749,review-clean4-clean.devin.murray.4749@example.com,Devin,Murray,+1-clean-0004749
review-clean4-clean-CAND-04750,review-clean4-clean.david.atkins.4750@example.com,David,Atkins,+1-clean-0004750
review-clean4-clean-CAND-04751,review-clean4-clean.karen.barron.4751@example.com,Karen,Barron,+1-clean-0004751
review-clean4-clean-CAND-04752,review-clean4-clean.tammy.gutierrez.4752@example.com,Tammy,Gutierrez,+1-clean-0004752
review-clean4-clean-CAND-04753,review-clean4-clean.sean.martinez.4753@example.com,Sean,Martinez,+1-clean-0004753
review-clean4-clean-CAND-04754,review-clean4-clean.allison.lane.4754@example.com,Allison,Lane,+1-clean-0004754
review-clean4-clean-CAND-04755,review-clean4-clean.donna.bray.4755@example.com,Donna,Bray,+1-clean-0004755
review-clean4-clean-CAND-04756,review-clean4-clean.marc.simon.4756@example.com,Marc,Simon,+1-clean-0004756
review-clean4-clean-CAND-04757,review-clean4-clean.jeremiah.baker.4757@example.com,Jeremiah,Baker,+1-clean-0004757
review-clean4-clean-CAND-04758,review-clean4-clean.kenneth.miller.4758@example.com,Kenneth,Miller,+1-clean-0004758
review-clean4-clean-CAND-04759,review-clean4-clean.angelica.salas.4759@example.com,Angelica,Salas,+1-clean-0004759
review-clean4-clean-CAND-04760,review-clean4-clean.donna.moss.4760@example.com,Donna,Moss,+1-clean-0004760
review-clean4-clean-CAND-04761,review-clean4-clean.jamie.miller.4761@example.com,Jamie,Miller,+1-clean-0004761
review-clean4-clean-CAND-04762,review-clean4-clean.teresa.brown.4762@example.com,Teresa,Brown,+1-clean-0004762
review-clean4-clean-CAND-04763,review-clean4-clean.alexander.robinson.4763@example.com,Alexander,Robinson,+1-clean-0004763
review-clean4-clean-CAND-04764,review-clean4-clean.lori.lopez.4764@example.com,Lori,Lopez,+1-clean-0004764
review-clean4-clean-CAND-04765,review-clean4-clean.dan.clark.4765@example.com,Dan,Clark,+1-clean-0004765
review-clean4-clean-CAND-04766,review-clean4-clean.brittany.rose.4766@example.com,Brittany,Rose,+1-clean-0004766
review-clean4-clean-CAND-04767,review-clean4-clean.michele.hodges.4767@example.com,Michele,Hodges,+1-clean-0004767
review-clean4-clean-CAND-04768,review-clean4-clean.larry.gibson.4768@example.com,Larry,Gibson,+1-clean-0004768
review-clean4-clean-CAND-04769,review-clean4-clean.eric.wagner.4769@example.com,Eric,Wagner,+1-clean-0004769
review-clean4-clean-CAND-04770,review-clean4-clean.robin.robinson.4770@example.com,Robin,Robinson,+1-clean-0004770
review-clean4-clean-CAND-04771,review-clean4-clean.michael.hester.4771@example.com,Michael,Hester,+1-clean-0004771
review-clean4-clean-CAND-04772,review-clean4-clean.miranda.palmer.4772@example.com,Miranda,Palmer,+1-clean-0004772
review-clean4-clean-CAND-04773,review-clean4-clean.kimberly.lopez.4773@example.com,Kimberly,Lopez,+1-clean-0004773
review-clean4-clean-CAND-04774,review-clean4-clean.joshua.martin.4774@example.com,Joshua,Martin,+1-clean-0004774
review-clean4-clean-CAND-04775,review-clean4-clean.kurt.kane.4775@example.com,Kurt,Kane,+1-clean-0004775
review-clean4-clean-CAND-04776,review-clean4-clean.deborah.thomas.4776@example.com,Deborah,Thomas,+1-clean-0004776
review-clean4-clean-CAND-04777,review-clean4-clean.nancy.mcgee.4777@example.com,Nancy,Mcgee,+1-clean-0004777
review-clean4-clean-CAND-04778,review-clean4-clean.john.shannon.4778@example.com,John,Shannon,+1-clean-0004778
review-clean4-clean-CAND-04779,review-clean4-clean.jacob.johnson.4779@example.com,Jacob,Johnson,+1-clean-0004779
review-clean4-clean-CAND-04780,review-clean4-clean.dorothy.chavez.4780@example.com,Dorothy,Chavez,+1-clean-0004780
review-clean4-clean-CAND-04781,review-clean4-clean.joseph.mcintosh.4781@example.com,Joseph,Mcintosh,+1-clean-0004781
review-clean4-clean-CAND-04782,review-clean4-clean.christopher.reynolds.4782@example.com,Christopher,Reynolds,+1-clean-0004782
review-clean4-clean-CAND-04783,review-clean4-clean.edward.shaw.4783@example.com,Edward,Shaw,+1-clean-0004783
review-clean4-clean-CAND-04784,review-clean4-clean.william.brown.4784@example.com,William,Brown,+1-clean-0004784
review-clean4-clean-CAND-04785,review-clean4-clean.joseph.davis.4785@example.com,Joseph,Davis,+1-clean-0004785
review-clean4-clean-CAND-04786,review-clean4-clean.deborah.dennis.4786@example.com,Deborah,Dennis,+1-clean-0004786
review-clean4-clean-CAND-04787,review-clean4-clean.roberto.carter.4787@example.com,Roberto,Carter,+1-clean-0004787
review-clean4-clean-CAND-04788,review-clean4-clean.richard.wheeler.4788@example.com,Richard,Wheeler,+1-clean-0004788
review-clean4-clean-CAND-04789,review-clean4-clean.alyssa.snyder.4789@example.com,Alyssa,Snyder,+1-clean-0004789
review-clean4-clean-CAND-04790,review-clean4-clean.ryan.maldonado.4790@example.com,Ryan,Maldonado,+1-clean-0004790
review-clean4-clean-CAND-04791,review-clean4-clean.debbie.haley.4791@example.com,Debbie,Haley,+1-clean-0004791
review-clean4-clean-CAND-04792,review-clean4-clean.jeffrey.brown.4792@example.com,Jeffrey,Brown,+1-clean-0004792
review-clean4-clean-CAND-04793,review-clean4-clean.austin.adams.4793@example.com,Austin,Adams,+1-clean-0004793
review-clean4-clean-CAND-04794,review-clean4-clean.cameron.garcia.4794@example.com,Cameron,Garcia,+1-clean-0004794
review-clean4-clean-CAND-04795,review-clean4-clean.jeremy.oliver.4795@example.com,Jeremy,Oliver,+1-clean-0004795
review-clean4-clean-CAND-04796,review-clean4-clean.jennifer.myers.4796@example.com,Jennifer,Myers,+1-clean-0004796
review-clean4-clean-CAND-04797,review-clean4-clean.craig.gross.4797@example.com,Craig,Gross,+1-clean-0004797
review-clean4-clean-CAND-04798,review-clean4-clean.natasha.adams.4798@example.com,Natasha,Adams,+1-clean-0004798
review-clean4-clean-CAND-04799,review-clean4-clean.jamie.floyd.4799@example.com,Jamie,Floyd,+1-clean-0004799
review-clean4-clean-CAND-04800,review-clean4-clean.michael.roberts.4800@example.com,Michael,Roberts,+1-clean-0004800
review-clean4-clean-CAND-04801,review-clean4-clean.caitlyn.gross.4801@example.com,Caitlyn,Gross,+1-clean-0004801
review-clean4-clean-CAND-04802,review-clean4-clean.clinton.gordon.4802@example.com,Clinton,Gordon,+1-clean-0004802
review-clean4-clean-CAND-04803,review-clean4-clean.jackie.woods.4803@example.com,Jackie,Woods,+1-clean-0004803
review-clean4-clean-CAND-04804,review-clean4-clean.kevin.knox.4804@example.com,Kevin,Knox,+1-clean-0004804
review-clean4-clean-CAND-04805,review-clean4-clean.john.edwards.4805@example.com,John,Edwards,+1-clean-0004805
review-clean4-clean-CAND-04806,review-clean4-clean.chad.lopez.4806@example.com,Chad,Lopez,+1-clean-0004806
review-clean4-clean-CAND-04807,review-clean4-clean.rachel.thomas.4807@example.com,Rachel,Thomas,+1-clean-0004807
review-clean4-clean-CAND-04808,review-clean4-clean.alexander.wells.4808@example.com,Alexander,Wells,+1-clean-0004808
review-clean4-clean-CAND-04809,review-clean4-clean.matthew.thompson.4809@example.com,Matthew,Thompson,+1-clean-0004809
review-clean4-clean-CAND-04810,review-clean4-clean.joseph.jones.4810@example.com,Joseph,Jones,+1-clean-0004810
review-clean4-clean-CAND-04811,review-clean4-clean.erin.castaneda.4811@example.com,Erin,Castaneda,+1-clean-0004811
review-clean4-clean-CAND-04812,review-clean4-clean.brooke.montes.4812@example.com,Brooke,Montes,+1-clean-0004812
review-clean4-clean-CAND-04813,review-clean4-clean.brandy.freeman.4813@example.com,Brandy,Freeman,+1-clean-0004813
review-clean4-clean-CAND-04814,review-clean4-clean.john.rodriguez.4814@example.com,John,Rodriguez,+1-clean-0004814
review-clean4-clean-CAND-04815,review-clean4-clean.lori.bradley.4815@example.com,Lori,Bradley,+1-clean-0004815
review-clean4-clean-CAND-04816,review-clean4-clean.veronica.conley.4816@example.com,Veronica,Conley,+1-clean-0004816
review-clean4-clean-CAND-04817,review-clean4-clean.alicia.jackson.4817@example.com,Alicia,Jackson,+1-clean-0004817
review-clean4-clean-CAND-04818,review-clean4-clean.dwayne.davis.4818@example.com,Dwayne,Davis,+1-clean-0004818
review-clean4-clean-CAND-04819,review-clean4-clean.kevin.fitzgerald.4819@example.com,Kevin,Fitzgerald,+1-clean-0004819
review-clean4-clean-CAND-04820,review-clean4-clean.shaun.navarro.4820@example.com,Shaun,Navarro,+1-clean-0004820
review-clean4-clean-CAND-04821,review-clean4-clean.veronica.scott.4821@example.com,Veronica,Scott,+1-clean-0004821
review-clean4-clean-CAND-04822,review-clean4-clean.tom.diaz.4822@example.com,Tom,Diaz,+1-clean-0004822
review-clean4-clean-CAND-04823,review-clean4-clean.alexander.gomez.4823@example.com,Alexander,Gomez,+1-clean-0004823
review-clean4-clean-CAND-04824,review-clean4-clean.jennifer.vance.4824@example.com,Jennifer,Vance,+1-clean-0004824
review-clean4-clean-CAND-04825,review-clean4-clean.kim.vincent.4825@example.com,Kim,Vincent,+1-clean-0004825
review-clean4-clean-CAND-04826,review-clean4-clean.rachel.larson.4826@example.com,Rachel,Larson,+1-clean-0004826
review-clean4-clean-CAND-04827,review-clean4-clean.daniel.jennings.4827@example.com,Daniel,Jennings,+1-clean-0004827
review-clean4-clean-CAND-04828,review-clean4-clean.jessica.smith.4828@example.com,Jessica,Smith,+1-clean-0004828
review-clean4-clean-CAND-04829,review-clean4-clean.tiffany.chase.4829@example.com,Tiffany,Chase,+1-clean-0004829
review-clean4-clean-CAND-04830,review-clean4-clean.donna.thomas.4830@example.com,Donna,Thomas,+1-clean-0004830
review-clean4-clean-CAND-04831,review-clean4-clean.tyler.sanchez.4831@example.com,Tyler,Sanchez,+1-clean-0004831
review-clean4-clean-CAND-04832,review-clean4-clean.joyce.mcpherson.4832@example.com,Joyce,Mcpherson,+1-clean-0004832
review-clean4-clean-CAND-04833,review-clean4-clean.michael.garner.4833@example.com,Michael,Garner,+1-clean-0004833
review-clean4-clean-CAND-04834,review-clean4-clean.james.blevins.4834@example.com,James,Blevins,+1-clean-0004834
review-clean4-clean-CAND-04835,review-clean4-clean.danielle.sheppard.4835@example.com,Danielle,Sheppard,+1-clean-0004835
review-clean4-clean-CAND-04836,review-clean4-clean.natalie.shelton.4836@example.com,Natalie,Shelton,+1-clean-0004836
review-clean4-clean-CAND-04837,review-clean4-clean.rachel.cole.4837@example.com,Rachel,Cole,+1-clean-0004837
review-clean4-clean-CAND-04838,review-clean4-clean.susan.rose.4838@example.com,Susan,Rose,+1-clean-0004838
review-clean4-clean-CAND-04839,review-clean4-clean.joseph.shelton.4839@example.com,Joseph,Shelton,+1-clean-0004839
review-clean4-clean-CAND-04840,review-clean4-clean.pamela.myers.4840@example.com,Pamela,Myers,+1-clean-0004840
review-clean4-clean-CAND-04841,review-clean4-clean.robert.mcknight.4841@example.com,Robert,Mcknight,+1-clean-0004841
review-clean4-clean-CAND-04842,review-clean4-clean.kyle.williams.4842@example.com,Kyle,Williams,+1-clean-0004842
review-clean4-clean-CAND-04843,review-clean4-clean.abigail.cooper.4843@example.com,Abigail,Cooper,+1-clean-0004843
review-clean4-clean-CAND-04844,review-clean4-clean.cheryl.hamilton.4844@example.com,Cheryl,Hamilton,+1-clean-0004844
review-clean4-clean-CAND-04845,review-clean4-clean.spencer.donaldson.4845@example.com,Spencer,Donaldson,+1-clean-0004845
review-clean4-clean-CAND-04846,review-clean4-clean.laura.roberts.4846@example.com,Laura,Roberts,+1-clean-0004846
review-clean4-clean-CAND-04847,review-clean4-clean.tara.porter.4847@example.com,Tara,Porter,+1-clean-0004847
review-clean4-clean-CAND-04848,review-clean4-clean.gina.owens.4848@example.com,Gina,Owens,+1-clean-0004848
review-clean4-clean-CAND-04849,review-clean4-clean.edward.levy.4849@example.com,Edward,Levy,+1-clean-0004849
review-clean4-clean-CAND-04850,review-clean4-clean.cindy.beck.4850@example.com,Cindy,Beck,+1-clean-0004850
review-clean4-clean-CAND-04851,review-clean4-clean.kevin.roberts.4851@example.com,Kevin,Roberts,+1-clean-0004851
review-clean4-clean-CAND-04852,review-clean4-clean.lauren.smith.4852@example.com,Lauren,Smith,+1-clean-0004852
review-clean4-clean-CAND-04853,review-clean4-clean.blake.campbell.4853@example.com,Blake,Campbell,+1-clean-0004853
review-clean4-clean-CAND-04854,review-clean4-clean.brittany.brown.4854@example.com,Brittany,Brown,+1-clean-0004854
review-clean4-clean-CAND-04855,review-clean4-clean.kevin.jordan.4855@example.com,Kevin,Jordan,+1-clean-0004855
review-clean4-clean-CAND-04856,review-clean4-clean.donna.smith.4856@example.com,Donna,Smith,+1-clean-0004856
review-clean4-clean-CAND-04857,review-clean4-clean.john.bell.4857@example.com,John,Bell,+1-clean-0004857
review-clean4-clean-CAND-04858,review-clean4-clean.justin.trevino.4858@example.com,Justin,Trevino,+1-clean-0004858
review-clean4-clean-CAND-04859,review-clean4-clean.elizabeth.mack.4859@example.com,Elizabeth,Mack,+1-clean-0004859
review-clean4-clean-CAND-04860,review-clean4-clean.eric.miller.4860@example.com,Eric,Miller,+1-clean-0004860
review-clean4-clean-CAND-04861,review-clean4-clean.joseph.ferrell.4861@example.com,Joseph,Ferrell,+1-clean-0004861
review-clean4-clean-CAND-04862,review-clean4-clean.james.richards.4862@example.com,James,Richards,+1-clean-0004862
review-clean4-clean-CAND-04863,review-clean4-clean.christopher.robinson.4863@example.com,Christopher,Robinson,+1-clean-0004863
review-clean4-clean-CAND-04864,review-clean4-clean.thomas.gomez.4864@example.com,Thomas,Gomez,+1-clean-0004864
review-clean4-clean-CAND-04865,review-clean4-clean.lisa.walsh.4865@example.com,Lisa,Walsh,+1-clean-0004865
review-clean4-clean-CAND-04866,review-clean4-clean.roberto.rasmussen.4866@example.com,Roberto,Rasmussen,+1-clean-0004866
review-clean4-clean-CAND-04867,review-clean4-clean.corey.green.4867@example.com,Corey,Green,+1-clean-0004867
review-clean4-clean-CAND-04868,review-clean4-clean.kevin.collins.4868@example.com,Kevin,Collins,+1-clean-0004868
review-clean4-clean-CAND-04869,review-clean4-clean.anne.shelton.4869@example.com,Anne,Shelton,+1-clean-0004869
review-clean4-clean-CAND-04870,review-clean4-clean.marcus.lane.4870@example.com,Marcus,Lane,+1-clean-0004870
review-clean4-clean-CAND-04871,review-clean4-clean.felicia.gonzalez.4871@example.com,Felicia,Gonzalez,+1-clean-0004871
review-clean4-clean-CAND-04872,review-clean4-clean.derek.spencer.4872@example.com,Derek,Spencer,+1-clean-0004872
review-clean4-clean-CAND-04873,review-clean4-clean.kevin.miller.4873@example.com,Kevin,Miller,+1-clean-0004873
review-clean4-clean-CAND-04874,review-clean4-clean.ashley.fuller.4874@example.com,Ashley,Fuller,+1-clean-0004874
review-clean4-clean-CAND-04875,review-clean4-clean.amy.bennett.4875@example.com,Amy,Bennett,+1-clean-0004875
review-clean4-clean-CAND-04876,review-clean4-clean.nancy.kim.4876@example.com,Nancy,Kim,+1-clean-0004876
review-clean4-clean-CAND-04877,review-clean4-clean.dillon.ramos.4877@example.com,Dillon,Ramos,+1-clean-0004877
review-clean4-clean-CAND-04878,review-clean4-clean.lawrence.donovan.4878@example.com,Lawrence,Donovan,+1-clean-0004878
review-clean4-clean-CAND-04879,review-clean4-clean.jennifer.mcdonald.4879@example.com,Jennifer,Mcdonald,+1-clean-0004879
review-clean4-clean-CAND-04880,review-clean4-clean.ronald.fisher.4880@example.com,Ronald,Fisher,+1-clean-0004880
review-clean4-clean-CAND-04881,review-clean4-clean.robert.johnson.4881@example.com,Robert,Johnson,+1-clean-0004881
review-clean4-clean-CAND-04882,review-clean4-clean.angelica.bernard.4882@example.com,Angelica,Bernard,+1-clean-0004882
review-clean4-clean-CAND-04883,review-clean4-clean.robert.campos.4883@example.com,Robert,Campos,+1-clean-0004883
review-clean4-clean-CAND-04884,review-clean4-clean.christina.turner.4884@example.com,Christina,Turner,+1-clean-0004884
review-clean4-clean-CAND-04885,review-clean4-clean.john.hunt.4885@example.com,John,Hunt,+1-clean-0004885
review-clean4-clean-CAND-04886,review-clean4-clean.david.daniels.4886@example.com,David,Daniels,+1-clean-0004886
review-clean4-clean-CAND-04887,review-clean4-clean.ariana.carter.4887@example.com,Ariana,Carter,+1-clean-0004887
review-clean4-clean-CAND-04888,review-clean4-clean.karina.long.4888@example.com,Karina,Long,+1-clean-0004888
review-clean4-clean-CAND-04889,review-clean4-clean.richard.smith.4889@example.com,Richard,Smith,+1-clean-0004889
review-clean4-clean-CAND-04890,review-clean4-clean.lindsey.golden.4890@example.com,Lindsey,Golden,+1-clean-0004890
review-clean4-clean-CAND-04891,review-clean4-clean.steve.brown.4891@example.com,Steve,Brown,+1-clean-0004891
review-clean4-clean-CAND-04892,review-clean4-clean.brian.gallegos.4892@example.com,Brian,Gallegos,+1-clean-0004892
review-clean4-clean-CAND-04893,review-clean4-clean.debra.cook.4893@example.com,Debra,Cook,+1-clean-0004893
review-clean4-clean-CAND-04894,review-clean4-clean.connor.roberts.4894@example.com,Connor,Roberts,+1-clean-0004894
review-clean4-clean-CAND-04895,review-clean4-clean.timothy.rivera.4895@example.com,Timothy,Rivera,+1-clean-0004895
review-clean4-clean-CAND-04896,review-clean4-clean.bruce.yang.4896@example.com,Bruce,Yang,+1-clean-0004896
review-clean4-clean-CAND-04897,review-clean4-clean.emily.stevenson.4897@example.com,Emily,Stevenson,+1-clean-0004897
review-clean4-clean-CAND-04898,review-clean4-clean.brian.harris.4898@example.com,Brian,Harris,+1-clean-0004898
review-clean4-clean-CAND-04899,review-clean4-clean.douglas.yang.4899@example.com,Douglas,Yang,+1-clean-0004899
review-clean4-clean-CAND-04900,review-clean4-clean.tyler.walker.4900@example.com,Tyler,Walker,+1-clean-0004900
review-clean4-clean-CAND-04901,review-clean4-clean.emma.phelps.4901@example.com,Emma,Phelps,+1-clean-0004901
review-clean4-clean-CAND-04902,review-clean4-clean.kevin.collins.4902@example.com,Kevin,Collins,+1-clean-0004902
review-clean4-clean-CAND-04903,review-clean4-clean.veronica.smith.4903@example.com,Veronica,Smith,+1-clean-0004903
review-clean4-clean-CAND-04904,review-clean4-clean.todd.watts.4904@example.com,Todd,Watts,+1-clean-0004904
review-clean4-clean-CAND-04905,review-clean4-clean.danny.smith.4905@example.com,Danny,Smith,+1-clean-0004905
review-clean4-clean-CAND-04906,review-clean4-clean.cassandra.martinez.4906@example.com,Cassandra,Martinez,+1-clean-0004906
review-clean4-clean-CAND-04907,review-clean4-clean.collin.harris.4907@example.com,Collin,Harris,+1-clean-0004907
review-clean4-clean-CAND-04908,review-clean4-clean.thomas.wall.4908@example.com,Thomas,Wall,+1-clean-0004908
review-clean4-clean-CAND-04909,review-clean4-clean.scott.brown.4909@example.com,Scott,Brown,+1-clean-0004909
review-clean4-clean-CAND-04910,review-clean4-clean.david.sullivan.4910@example.com,David,Sullivan,+1-clean-0004910
review-clean4-clean-CAND-04911,review-clean4-clean.toni.wilkins.4911@example.com,Toni,Wilkins,+1-clean-0004911
review-clean4-clean-CAND-04912,review-clean4-clean.meagan.payne.4912@example.com,Meagan,Payne,+1-clean-0004912
review-clean4-clean-CAND-04913,review-clean4-clean.lorraine.maldonado.4913@example.com,Lorraine,Maldonado,+1-clean-0004913
review-clean4-clean-CAND-04914,review-clean4-clean.michele.williamson.4914@example.com,Michele,Williamson,+1-clean-0004914
review-clean4-clean-CAND-04915,review-clean4-clean.ryan.fields.4915@example.com,Ryan,Fields,+1-clean-0004915
review-clean4-clean-CAND-04916,review-clean4-clean.jack.cardenas.4916@example.com,Jack,Cardenas,+1-clean-0004916
review-clean4-clean-CAND-04917,review-clean4-clean.diane.jackson.4917@example.com,Diane,Jackson,+1-clean-0004917
review-clean4-clean-CAND-04918,review-clean4-clean.judith.payne.4918@example.com,Judith,Payne,+1-clean-0004918
review-clean4-clean-CAND-04919,review-clean4-clean.thomas.roberts.4919@example.com,Thomas,Roberts,+1-clean-0004919
review-clean4-clean-CAND-04920,review-clean4-clean.elizabeth.haley.4920@example.com,Elizabeth,Haley,+1-clean-0004920
review-clean4-clean-CAND-04921,review-clean4-clean.trevor.contreras.4921@example.com,Trevor,Contreras,+1-clean-0004921
review-clean4-clean-CAND-04922,review-clean4-clean.peter.wolfe.4922@example.com,Peter,Wolfe,+1-clean-0004922
review-clean4-clean-CAND-04923,review-clean4-clean.daniel.butler.4923@example.com,Daniel,Butler,+1-clean-0004923
review-clean4-clean-CAND-04924,review-clean4-clean.roger.johnson.4924@example.com,Roger,Johnson,+1-clean-0004924
review-clean4-clean-CAND-04925,review-clean4-clean.stephen.elliott.4925@example.com,Stephen,Elliott,+1-clean-0004925
review-clean4-clean-CAND-04926,review-clean4-clean.alex.turner.4926@example.com,Alex,Turner,+1-clean-0004926
review-clean4-clean-CAND-04927,review-clean4-clean.deanna.barry.4927@example.com,Deanna,Barry,+1-clean-0004927
review-clean4-clean-CAND-04928,review-clean4-clean.christine.williams.4928@example.com,Christine,Williams,+1-clean-0004928
review-clean4-clean-CAND-04929,review-clean4-clean.rebecca.estes.4929@example.com,Rebecca,Estes,+1-clean-0004929
review-clean4-clean-CAND-04930,review-clean4-clean.taylor.sharp.4930@example.com,Taylor,Sharp,+1-clean-0004930
review-clean4-clean-CAND-04931,review-clean4-clean.joshua.holden.4931@example.com,Joshua,Holden,+1-clean-0004931
review-clean4-clean-CAND-04932,review-clean4-clean.michael.foley.4932@example.com,Michael,Foley,+1-clean-0004932
review-clean4-clean-CAND-04933,review-clean4-clean.wesley.bailey.4933@example.com,Wesley,Bailey,+1-clean-0004933
review-clean4-clean-CAND-04934,review-clean4-clean.jasmin.myers.4934@example.com,Jasmin,Myers,+1-clean-0004934
review-clean4-clean-CAND-04935,review-clean4-clean.bryan.rios.4935@example.com,Bryan,Rios,+1-clean-0004935
review-clean4-clean-CAND-04936,review-clean4-clean.michael.ball.4936@example.com,Michael,Ball,+1-clean-0004936
review-clean4-clean-CAND-04937,review-clean4-clean.matthew.espinoza.4937@example.com,Matthew,Espinoza,+1-clean-0004937
review-clean4-clean-CAND-04938,review-clean4-clean.kristin.ramirez.4938@example.com,Kristin,Ramirez,+1-clean-0004938
review-clean4-clean-CAND-04939,review-clean4-clean.kathryn.turner.4939@example.com,Kathryn,Turner,+1-clean-0004939
review-clean4-clean-CAND-04940,review-clean4-clean.phillip.hendricks.4940@example.com,Phillip,Hendricks,+1-clean-0004940
review-clean4-clean-CAND-04941,review-clean4-clean.deanna.bennett.4941@example.com,Deanna,Bennett,+1-clean-0004941
review-clean4-clean-CAND-04942,review-clean4-clean.thomas.hopkins.4942@example.com,Thomas,Hopkins,+1-clean-0004942
review-clean4-clean-CAND-04943,review-clean4-clean.barbara.pennington.4943@example.com,Barbara,Pennington,+1-clean-0004943
review-clean4-clean-CAND-04944,review-clean4-clean.kimberly.fox.4944@example.com,Kimberly,Fox,+1-clean-0004944
review-clean4-clean-CAND-04945,review-clean4-clean.david.nguyen.4945@example.com,David,Nguyen,+1-clean-0004945
review-clean4-clean-CAND-04946,review-clean4-clean.stephanie.bailey.4946@example.com,Stephanie,Bailey,+1-clean-0004946
review-clean4-clean-CAND-04947,review-clean4-clean.christina.powell.4947@example.com,Christina,Powell,+1-clean-0004947
review-clean4-clean-CAND-04948,review-clean4-clean.brady.christian.4948@example.com,Brady,Christian,+1-clean-0004948
review-clean4-clean-CAND-04949,review-clean4-clean.erik.davis.4949@example.com,Erik,Davis,+1-clean-0004949
review-clean4-clean-CAND-04950,review-clean4-clean.daniel.villa.4950@example.com,Daniel,Villa,+1-clean-0004950
review-clean4-clean-CAND-04951,review-clean4-clean.thomas.wolf.4951@example.com,Thomas,Wolf,+1-clean-0004951
review-clean4-clean-CAND-04952,review-clean4-clean.tina.stokes.4952@example.com,Tina,Stokes,+1-clean-0004952
review-clean4-clean-CAND-04953,review-clean4-clean.jessica.young.4953@example.com,Jessica,Young,+1-clean-0004953
review-clean4-clean-CAND-04954,review-clean4-clean.rachel.thompson.4954@example.com,Rachel,Thompson,+1-clean-0004954
review-clean4-clean-CAND-04955,review-clean4-clean.patricia.campos.4955@example.com,Patricia,Campos,+1-clean-0004955
review-clean4-clean-CAND-04956,review-clean4-clean.robert.brown.4956@example.com,Robert,Brown,+1-clean-0004956
review-clean4-clean-CAND-04957,review-clean4-clean.cheryl.wilson.4957@example.com,Cheryl,Wilson,+1-clean-0004957
review-clean4-clean-CAND-04958,review-clean4-clean.melanie.jones.4958@example.com,Melanie,Jones,+1-clean-0004958
review-clean4-clean-CAND-04959,review-clean4-clean.kathryn.obrien.4959@example.com,Kathryn,Obrien,+1-clean-0004959
review-clean4-clean-CAND-04960,review-clean4-clean.mary.mclean.4960@example.com,Mary,Mclean,+1-clean-0004960
review-clean4-clean-CAND-04961,review-clean4-clean.manuel.hale.4961@example.com,Manuel,Hale,+1-clean-0004961
review-clean4-clean-CAND-04962,review-clean4-clean.nicholas.zhang.4962@example.com,Nicholas,Zhang,+1-clean-0004962
review-clean4-clean-CAND-04963,review-clean4-clean.audrey.gonzalez.4963@example.com,Audrey,Gonzalez,+1-clean-0004963
review-clean4-clean-CAND-04964,review-clean4-clean.johnny.kim.4964@example.com,Johnny,Kim,+1-clean-0004964
review-clean4-clean-CAND-04965,review-clean4-clean.justin.harris.4965@example.com,Justin,Harris,+1-clean-0004965
review-clean4-clean-CAND-04966,review-clean4-clean.fernando.cervantes.4966@example.com,Fernando,Cervantes,+1-clean-0004966
review-clean4-clean-CAND-04967,review-clean4-clean.lindsey.lee.4967@example.com,Lindsey,Lee,+1-clean-0004967
review-clean4-clean-CAND-04968,review-clean4-clean.brandi.soto.4968@example.com,Brandi,Soto,+1-clean-0004968
review-clean4-clean-CAND-04969,review-clean4-clean.elizabeth.harris.4969@example.com,Elizabeth,Harris,+1-clean-0004969
review-clean4-clean-CAND-04970,review-clean4-clean.lisa.barry.4970@example.com,Lisa,Barry,+1-clean-0004970
review-clean4-clean-CAND-04971,review-clean4-clean.michael.russell.4971@example.com,Michael,Russell,+1-clean-0004971
review-clean4-clean-CAND-04972,review-clean4-clean.amy.jones.4972@example.com,Amy,Jones,+1-clean-0004972
review-clean4-clean-CAND-04973,review-clean4-clean.jacob.blair.4973@example.com,Jacob,Blair,+1-clean-0004973
review-clean4-clean-CAND-04974,review-clean4-clean.rhonda.may.4974@example.com,Rhonda,May,+1-clean-0004974
review-clean4-clean-CAND-04975,review-clean4-clean.tyler.collier.4975@example.com,Tyler,Collier,+1-clean-0004975
review-clean4-clean-CAND-04976,review-clean4-clean.ashley.wells.4976@example.com,Ashley,Wells,+1-clean-0004976
review-clean4-clean-CAND-04977,review-clean4-clean.michael.montgomery.4977@example.com,Michael,Montgomery,+1-clean-0004977
review-clean4-clean-CAND-04978,review-clean4-clean.angelica.taylor.4978@example.com,Angelica,Taylor,+1-clean-0004978
review-clean4-clean-CAND-04979,review-clean4-clean.carlos.patterson.4979@example.com,Carlos,Patterson,+1-clean-0004979
review-clean4-clean-CAND-04980,review-clean4-clean.nicholas.jones.4980@example.com,Nicholas,Jones,+1-clean-0004980
review-clean4-clean-CAND-04981,review-clean4-clean.christian.patton.4981@example.com,Christian,Patton,+1-clean-0004981
review-clean4-clean-CAND-04982,review-clean4-clean.kenneth.wilson.4982@example.com,Kenneth,Wilson,+1-clean-0004982
review-clean4-clean-CAND-04983,review-clean4-clean.jerry.guzman.4983@example.com,Jerry,Guzman,+1-clean-0004983
review-clean4-clean-CAND-04984,review-clean4-clean.mark.walker.4984@example.com,Mark,Walker,+1-clean-0004984
review-clean4-clean-CAND-04985,review-clean4-clean.shelia.nielsen.4985@example.com,Shelia,Nielsen,+1-clean-0004985
review-clean4-clean-CAND-04986,review-clean4-clean.john.warner.4986@example.com,John,Warner,+1-clean-0004986
review-clean4-clean-CAND-04987,review-clean4-clean.carlos.savage.4987@example.com,Carlos,Savage,+1-clean-0004987
review-clean4-clean-CAND-04988,review-clean4-clean.tammy.jones.4988@example.com,Tammy,Jones,+1-clean-0004988
review-clean4-clean-CAND-04989,review-clean4-clean.barbara.castaneda.4989@example.com,Barbara,Castaneda,+1-clean-0004989
review-clean4-clean-CAND-04990,review-clean4-clean.sarah.porter.4990@example.com,Sarah,Porter,+1-clean-0004990
review-clean4-clean-CAND-04991,review-clean4-clean.reginald.brown.4991@example.com,Reginald,Brown,+1-clean-0004991
review-clean4-clean-CAND-04992,review-clean4-clean.heidi.rodriguez.4992@example.com,Heidi,Rodriguez,+1-clean-0004992
review-clean4-clean-CAND-04993,review-clean4-clean.thomas.lowery.4993@example.com,Thomas,Lowery,+1-clean-0004993
review-clean4-clean-CAND-04994,review-clean4-clean.jose.johnson.4994@example.com,Jose,Johnson,+1-clean-0004994
review-clean4-clean-CAND-04995,review-clean4-clean.matthew.green.4995@example.com,Matthew,Green,+1-clean-0004995
review-clean4-clean-CAND-04996,review-clean4-clean.matthew.hubbard.4996@example.com,Matthew,Hubbard,+1-clean-0004996
review-clean4-clean-CAND-04997,review-clean4-clean.donald.payne.4997@example.com,Donald,Payne,+1-clean-0004997
review-clean4-clean-CAND-04998,review-clean4-clean.jessica.glass.4998@example.com,Jessica,Glass,+1-clean-0004998
review-clean4-clean-CAND-04999,review-clean4-clean.elizabeth.johns.4999@example.com,Elizabeth,Johns,+1-clean-0004999
review-clean4-clean-CAND-05000,review-clean4-clean.joe.jones.5000@example.com,Joe,Jones,+1-clean-0005000
