offer_id,application_id,candidate_id,offer_date,offered_role,offered_salary,currency,joining_date,offer_status,response_date,offer_rejection_reason
review-clean4-clean-OFF-000001,review-clean4-clean-APP-000030,review-clean4-clean-CAND-03407,2026-08-09,Analyst,86840,USD,2026-08-24,Expired,,
review-clean4-clean-OFF-000002,review-clean4-clean-APP-000044,review-clean4-clean-CAND-00223,2026-09-09,Product Manager,134102,USD,2026-09-27,Accepted,,
review-clean4-clean-OFF-000003,review-clean4-clean-APP-000059,review-clean4-clean-CAND-03810,2026-07-31,Senior Engineer,109981,USD,2026-08-17,Accepted,,
review-clean4-clean-OFF-000004,review-clean4-clean-APP-000060,review-clean4-clean-CAND-03022,2026-07-07,Sales Rep,88416,USD,2026-08-05,Expired,2026-07-11,Competing Offer
review-clean4-clean-OFF-000005,review-clean4-clean-APP-000079,review-clean4-clean-CAND-02213,2026-08-04,Sales Rep,73049,USD,2026-08-24,Accepted,,
review-clean4-clean-OFF-000006,review-clean4-clean-APP-000080,review-clean4-clean-CAND-03961,2026-09-11,Senior Engineer,123984,USD,2026-10-06,Sent,,
review-clean4-clean-OFF-000007,review-clean4-clean-APP-000130,review-clean4-clean-CAND-01849,2026-08-04,Analyst,70328,USD,2026-08-28,Declined,2026-08-08,
review-clean4-clean-OFF-000008,review-clean4-clean-APP-000132,review-clean4-clean-CAND-02436,2026-09-06,Analyst,101330,USD,2026-09-21,Accepted,2026-09-08,
review-clean4-clean-OFF-000009,review-clean4-clean-APP-000150,review-clean4-clean-CAND-00585,2026-09-17,Product Manager,136641,USD,2026-10-16,Accepted,2026-09-21,
review-clean4-clean-OFF-000010,review-clean4-clean-APP-000198,review-clean4-clean-CAND-02189,2026-09-06,Product Manager,144815,USD,2026-10-06,Accepted,2026-09-08,
review-clean4-clean-OFF-000011,review-clean4-clean-APP-000227,review-clean4-clean-CAND-00824,2026-07-23,Senior Engineer,96571,USD,2026-08-12,Accepted,2026-07-29,
review-clean4-clean-OFF-000012,review-clean4-clean-APP-000260,review-clean4-clean-CAND-02677,2026-07-11,Sales Rep,84111,USD,2026-07-30,Accepted,,
review-clean4-clean-OFF-000013,review-clean4-clean-APP-000266,review-clean4-clean-CAND-00944,2026-07-29,Analyst,89946,USD,2026-08-26,Sent,2026-08-01,
review-clean4-clean-OFF-000014,review-clean4-clean-APP-000267,review-clean4-clean-CAND-01154,2026-07-17,Sales Rep,76133,USD,2026-08-08,Accepted,2026-07-19,
review-clean4-clean-OFF-000015,review-clean4-clean-APP-000283,review-clean4-clean-CAND-03717,2026-08-20,Senior Engineer,148877,USD,2026-09-06,Declined,,Salary Negotiation
review-clean4-clean-OFF-000016,review-clean4-clean-APP-000295,review-clean4-clean-CAND-03726,2026-07-23,Senior Engineer,66802,USD,2026-08-16,Accepted,,
review-clean4-clean-OFF-000017,review-clean4-clean-APP-000314,review-clean4-clean-CAND-00894,2026-08-01,Sales Rep,112831,USD,2026-08-23,Accepted,2026-08-04,
review-clean4-clean-OFF-000018,review-clean4-clean-APP-000341,review-clean4-clean-CAND-04558,2026-06-27,Senior Engineer,142022,USD,2026-07-13,Declined,2026-07-04,
review-clean4-clean-OFF-000019,review-clean4-clean-APP-000342,review-clean4-clean-CAND-04601,2026-07-23,Senior Engineer,76607,USD,2026-08-15,Expired,2026-07-27,Competing Offer
review-clean4-clean-OFF-000020,review-clean4-clean-APP-000353,review-clean4-clean-CAND-04596,2026-07-20,Analyst,115575,USD,2026-08-04,Declined,,Competing Offer
review-clean4-clean-OFF-000021,review-clean4-clean-APP-000355,review-clean4-clean-CAND-02191,2026-08-31,Analyst,70602,USD,2026-09-15,Accepted,2026-09-06,
review-clean4-clean-OFF-000022,review-clean4-clean-APP-000363,review-clean4-clean-CAND-03440,2026-07-25,Analyst,124961,USD,2026-08-14,Accepted,,
review-clean4-clean-OFF-000023,review-clean4-clean-APP-000366,review-clean4-clean-CAND-04885,2026-07-19,Sales Rep,148049,USD,2026-08-05,Declined,2026-07-25,
review-clean4-clean-OFF-000024,review-clean4-clean-APP-000423,review-clean4-clean-CAND-03897,2026-06-29,Analyst,68620,USD,2026-07-16,Declined,,
review-clean4-clean-OFF-000025,review-clean4-clean-APP-000426,review-clean4-clean-CAND-04134,2026-09-01,Sales Rep,67361,USD,2026-09-20,Expired,2026-09-04,
review-clean4-clean-OFF-000026,review-clean4-clean-APP-000427,review-clean4-clean-CAND-00321,2026-07-10,Sales Rep,127082,USD,2026-07-26,Declined,2026-07-16,Competing Offer
review-clean4-clean-OFF-000027,review-clean4-clean-APP-000437,review-clean4-clean-CAND-02731,2026-07-19,Sales Rep,76755,USD,2026-08-02,Sent,,
review-clean4-clean-OFF-000028,review-clean4-clean-APP-000445,review-clean4-clean-CAND-03469,2026-07-14,Senior Engineer,67641,USD,2026-08-10,Accepted,2026-07-19,
review-clean4-clean-OFF-000029,review-clean4-clean-APP-000455,review-clean4-clean-CAND-01264,2026-07-04,Product Manager,146434,USD,2026-07-23,Expired,2026-07-10,Competing Offer
review-clean4-clean-OFF-000030,review-clean4-clean-APP-000520,review-clean4-clean-CAND-01566,2026-08-13,Analyst,122984,USD,2026-09-02,Sent,2026-08-15,
review-clean4-clean-OFF-000031,review-clean4-clean-APP-000534,review-clean4-clean-CAND-04937,2026-08-19,Product Manager,100689,USD,2026-09-02,Sent,,
review-clean4-clean-OFF-000032,review-clean4-clean-APP-000541,review-clean4-clean-CAND-01311,2026-06-17,Sales Rep,103312,USD,2026-07-16,Expired,2026-06-23,
review-clean4-clean-OFF-000033,review-clean4-clean-APP-000550,review-clean4-clean-CAND-04338,2026-08-20,Sales Rep,91363,USD,2026-09-15,Declined,2026-08-23,Competing Offer
review-clean4-clean-OFF-000034,review-clean4-clean-APP-000570,review-clean4-clean-CAND-00216,2026-07-22,Senior Engineer,138463,USD,2026-08-19,Accepted,2026-07-25,
review-clean4-clean-OFF-000035,review-clean4-clean-APP-000573,review-clean4-clean-CAND-00707,2026-09-13,Senior Engineer,80932,USD,2026-10-13,Sent,2026-09-19,
review-clean4-clean-OFF-000036,review-clean4-clean-APP-000580,review-clean4-clean-CAND-04517,2026-08-27,Senior Engineer,143643,USD,2026-09-23,Sent,2026-09-02,
review-clean4-clean-OFF-000037,review-clean4-clean-APP-000608,review-clean4-clean-CAND-02561,2026-09-12,Sales Rep,64772,USD,2026-10-10,Accepted,2026-09-17,
review-clean4-clean-OFF-000038,review-clean4-clean-APP-000619,review-clean4-clean-CAND-04082,2026-06-23,Senior Engineer,134027,USD,2026-07-11,Sent,2026-06-30,
review-clean4-clean-OFF-000039,review-clean4-clean-APP-000652,review-clean4-clean-CAND-00898,2026-08-11,Sales Rep,142855,USD,2026-09-08,Sent,,
review-clean4-clean-OFF-000040,review-clean4-clean-APP-000655,review-clean4-clean-CAND-02176,2026-08-28,Product Manager,134825,USD,2026-09-19,Accepted,2026-09-02,
review-clean4-clean-OFF-000041,review-clean4-clean-APP-000660,review-clean4-clean-CAND-01985,2026-09-03,Analyst,146710,USD,2026-09-23,Declined,2026-09-06,Competing Offer
review-clean4-clean-OFF-000042,review-clean4-clean-APP-000666,review-clean4-clean-CAND-00511,2026-09-15,Sales Rep,128284,USD,2026-10-07,Accepted,,
review-clean4-clean-OFF-000043,review-clean4-clean-APP-000707,review-clean4-clean-CAND-00076,2026-08-14,Product Manager,116786,USD,2026-09-06,Accepted,2026-08-17,
review-clean4-clean-OFF-000044,review-clean4-clean-APP-000713,review-clean4-clean-CAND-00923,2026-08-25,Senior Engineer,147685,USD,2026-09-09,Accepted,,
review-clean4-clean-OFF-000045,review-clean4-clean-APP-000726,review-clean4-clean-CAND-02701,2026-08-26,Senior Engineer,116615,USD,2026-09-25,Declined,2026-08-29,Competing Offer
review-clean4-clean-OFF-000046,review-clean4-clean-APP-000738,review-clean4-clean-CAND-04404,2026-08-11,Analyst,65397,USD,2026-09-02,Accepted,,
review-clean4-clean-OFF-000047,review-clean4-clean-APP-000751,review-clean4-clean-CAND-03715,2026-07-16,Senior Engineer,69916,USD,2026-08-15,Declined,2026-07-23,Salary Negotiation
review-clean4-clean-OFF-000048,review-clean4-clean-APP-000762,review-clean4-clean-CAND-03444,2026-07-15,Senior Engineer,76096,USD,2026-08-06,Sent,,
review-clean4-clean-OFF-000049,review-clean4-clean-APP-000780,review-clean4-clean-CAND-00399,2026-07-31,Analyst,109390,USD,2026-08-21,Declined,2026-08-04,Salary Negotiation
review-clean4-clean-OFF-000050,review-clean4-clean-APP-000806,review-clean4-clean-CAND-00648,2026-09-10,Analyst,133014,USD,2026-10-05,Sent,2026-09-16,
review-clean4-clean-OFF-000051,review-clean4-clean-APP-000809,review-clean4-clean-CAND-03090,2026-07-04,Senior Engineer,101952,USD,2026-07-19,Sent,,
review-clean4-clean-OFF-000052,review-clean4-clean-APP-000828,review-clean4-clean-CAND-00133,2026-07-28,Analyst,125117,USD,2026-08-13,Sent,2026-08-01,
review-clean4-clean-OFF-000053,review-clean4-clean-APP-000830,review-clean4-clean-CAND-03421,2026-07-11,Product Manager,84345,USD,2026-07-27,Accepted,2026-07-18,
review-clean4-clean-OFF-000054,review-clean4-clean-APP-000936,review-clean4-clean-CAND-03782,2026-07-28,Senior Engineer,60228,USD,2026-08-12,Declined,2026-07-30,
review-clean4-clean-OFF-000055,review-clean4-clean-APP-000949,review-clean4-clean-CAND-02909,2026-08-25,Senior Engineer,61693,USD,2026-09-08,Accepted,,
review-clean4-clean-OFF-000056,review-clean4-clean-APP-000995,review-clean4-clean-CAND-03427,2026-07-17,Senior Engineer,141199,USD,2026-08-03,Expired,2026-07-23,
review-clean4-clean-OFF-000057,review-clean4-clean-APP-001006,review-clean4-clean-CAND-04055,2026-07-16,Senior Engineer,73752,USD,2026-08-05,Sent,2026-07-22,
review-clean4-clean-OFF-000058,review-clean4-clean-APP-001012,review-clean4-clean-CAND-02365,2026-07-25,Sales Rep,77267,USD,2026-08-24,Sent,2026-07-31,
review-clean4-clean-OFF-000059,review-clean4-clean-APP-001017,review-clean4-clean-CAND-04441,2026-09-18,Senior Engineer,122299,USD,2026-10-03,Accepted,2026-09-24,
review-clean4-clean-OFF-000060,review-clean4-clean-APP-001025,review-clean4-clean-CAND-05000,2026-08-30,Analyst,79921,USD,2026-09-15,Declined,,Competing Offer
review-clean4-clean-OFF-000061,review-clean4-clean-APP-001035,review-clean4-clean-CAND-01040,2026-09-22,Sales Rep,107325,USD,2026-10-20,Sent,,
review-clean4-clean-OFF-000062,review-clean4-clean-APP-001045,review-clean4-clean-CAND-02682,2026-08-31,Senior Engineer,82124,USD,2026-09-22,Sent,2026-09-03,
review-clean4-clean-OFF-000063,review-clean4-clean-APP-001062,review-clean4-clean-CAND-01356,2026-07-16,Product Manager,139538,USD,2026-08-02,Declined,,Salary Negotiation
review-clean4-clean-OFF-000064,review-clean4-clean-APP-001068,review-clean4-clean-CAND-01853,2026-09-01,Sales Rep,148832,USD,2026-10-01,Accepted,,
review-clean4-clean-OFF-000065,review-clean4-clean-APP-001071,review-clean4-clean-CAND-03460,2026-09-10,Sales Rep,70709,USD,2026-09-24,Declined,2026-09-17,
review-clean4-clean-OFF-000066,review-clean4-clean-APP-001089,review-clean4-clean-CAND-00691,2026-08-25,Analyst,135945,USD,2026-09-23,Declined,2026-08-30,
review-clean4-clean-OFF-000067,review-clean4-clean-APP-001091,review-clean4-clean-CAND-04978,2026-08-04,Sales Rep,147286,USD,2026-08-22,Declined,2026-08-06,Salary Negotiation
review-clean4-clean-OFF-000068,review-clean4-clean-APP-001092,review-clean4-clean-CAND-00220,2026-09-17,Product Manager,92515,USD,2026-10-10,Sent,,
review-clean4-clean-OFF-000069,review-clean4-clean-APP-001106,review-clean4-clean-CAND-01768,2026-08-29,Analyst,63333,USD,2026-09-16,Sent,,
review-clean4-clean-OFF-000070,review-clean4-clean-APP-001114,review-clean4-clean-CAND-01273,2026-08-17,Product Manager,125319,USD,2026-09-15,Accepted,,
review-clean4-clean-OFF-000071,review-clean4-clean-APP-001122,review-clean4-clean-CAND-01125,2026-07-29,Product Manager,72260,USD,2026-08-19,Declined,2026-08-03,Salary Negotiation
review-clean4-clean-OFF-000072,review-clean4-clean-APP-001144,review-clean4-clean-CAND-02034,2026-07-16,Analyst,124639,USD,2026-07-31,Sent,2026-07-18,
review-clean4-clean-OFF-000073,review-clean4-clean-APP-001150,review-clean4-clean-CAND-00565,2026-08-30,Analyst,60184,USD,2026-09-28,Sent,2026-09-03,
review-clean4-clean-OFF-000074,review-clean4-clean-APP-001165,review-clean4-clean-CAND-02520,2026-09-24,Product Manager,102834,USD,2026-10-17,Accepted,2026-09-30,
review-clean4-clean-OFF-000075,review-clean4-clean-APP-001183,review-clean4-clean-CAND-01347,2026-07-27,Sales Rep,139227,USD,2026-08-24,Expired,2026-08-02,
review-clean4-clean-OFF-000076,review-clean4-clean-APP-001189,review-clean4-clean-CAND-02493,2026-07-23,Senior Engineer,108986,USD,2026-08-14,Declined,,
review-clean4-clean-OFF-000077,review-clean4-clean-APP-001191,review-clean4-clean-CAND-02686,2026-09-03,Analyst,111192,USD,2026-09-18,Accepted,,
review-clean4-clean-OFF-000078,review-clean4-clean-APP-001232,review-clean4-clean-CAND-01907,2026-07-07,Product Manager,111741,USD,2026-07-23,Declined,2026-07-09,
review-clean4-clean-OFF-000079,review-clean4-clean-APP-001235,review-clean4-clean-CAND-00459,2026-09-01,Analyst,95627,USD,2026-09-28,Accepted,2026-09-05,
review-clean4-clean-OFF-000080,review-clean4-clean-APP-001241,review-clean4-clean-CAND-00232,2026-08-09,Sales Rep,84429,USD,2026-08-28,Accepted,,
review-clean4-clean-OFF-000081,review-clean4-clean-APP-001265,review-clean4-clean-CAND-03100,2026-08-04,Product Manager,115611,USD,2026-08-20,Accepted,,
review-clean4-clean-OFF-000082,review-clean4-clean-APP-001274,review-clean4-clean-CAND-00638,2026-08-16,Senior Engineer,149541,USD,2026-09-11,Declined,2026-08-23,Salary Negotiation
review-clean4-clean-OFF-000083,review-clean4-clean-APP-001290,review-clean4-clean-CAND-02140,2026-08-24,Product Manager,107838,USD,2026-09-12,Sent,2026-08-28,
review-clean4-clean-OFF-000084,review-clean4-clean-APP-001314,review-clean4-clean-CAND-02171,2026-07-16,Analyst,74446,USD,2026-08-13,Accepted,2026-07-22,
review-clean4-clean-OFF-000085,review-clean4-clean-APP-001326,review-clean4-clean-CAND-03172,2026-07-18,Senior Engineer,91778,USD,2026-08-06,Sent,2026-07-22,
review-clean4-clean-OFF-000086,review-clean4-clean-APP-001340,review-clean4-clean-CAND-02113,2026-07-27,Sales Rep,111080,USD,2026-08-12,Accepted,2026-07-31,
review-clean4-clean-OFF-000087,review-clean4-clean-APP-001348,review-clean4-clean-CAND-04774,2026-07-27,Sales Rep,92772,USD,2026-08-11,Sent,2026-07-29,
review-clean4-clean-OFF-000088,review-clean4-clean-APP-001352,review-clean4-clean-CAND-02164,2026-09-15,Analyst,93776,USD,2026-10-14,Declined,,Salary Negotiation
review-clean4-clean-OFF-000089,review-clean4-clean-APP-001363,review-clean4-clean-CAND-00805,2026-09-02,Analyst,101091,USD,2026-09-18,Declined,2026-09-09,
review-clean4-clean-OFF-000090,review-clean4-clean-APP-001375,review-clean4-clean-CAND-00238,2026-07-05,Product Manager,105680,USD,2026-08-04,Accepted,2026-07-07,
review-clean4-clean-OFF-000091,review-clean4-clean-APP-001378,review-clean4-clean-CAND-00415,2026-07-05,Senior Engineer,89161,USD,2026-07-19,Sent,2026-07-11,
review-clean4-clean-OFF-000092,review-clean4-clean-APP-001386,review-clean4-clean-CAND-02119,2026-07-29,Senior Engineer,102648,USD,2026-08-24,Accepted,2026-08-05,
review-clean4-clean-OFF-000093,review-clean4-clean-APP-001388,review-clean4-clean-CAND-03167,2026-07-10,Product Manager,64238,USD,2026-07-28,Declined,2026-07-14,
review-clean4-clean-OFF-000094,review-clean4-clean-APP-001416,review-clean4-clean-CAND-00290,2026-08-17,Senior Engineer,91163,USD,2026-09-14,Sent,,
review-clean4-clean-OFF-000095,review-clean4-clean-APP-001429,review-clean4-clean-CAND-02516,2026-07-29,Product Manager,106719,USD,2026-08-15,Accepted,2026-08-04,
review-clean4-clean-OFF-000096,review-clean4-clean-APP-001446,review-clean4-clean-CAND-04721,2026-08-17,Senior Engineer,77859,USD,2026-09-10,Accepted,2026-08-23,
review-clean4-clean-OFF-000097,review-clean4-clean-APP-001467,review-clean4-clean-CAND-01351,2026-07-23,Senior Engineer,89779,USD,2026-08-22,Sent,2026-07-28,
review-clean4-clean-OFF-000098,review-clean4-clean-APP-001502,review-clean4-clean-CAND-00818,2026-08-27,Analyst,95103,USD,2026-09-17,Accepted,,
review-clean4-clean-OFF-000099,review-clean4-clean-APP-001515,review-clean4-clean-CAND-03918,2026-07-02,Sales Rep,95630,USD,2026-07-23,Declined,,Salary Negotiation
review-clean4-clean-OFF-000100,review-clean4-clean-APP-001531,review-clean4-clean-CAND-02772,2026-08-04,Sales Rep,90572,USD,2026-08-22,Accepted,,
review-clean4-clean-OFF-000101,review-clean4-clean-APP-001532,review-clean4-clean-CAND-00781,2026-09-11,Senior Engineer,130592,USD,2026-10-09,Accepted,2026-09-14,
review-clean4-clean-OFF-000102,review-clean4-clean-APP-001540,review-clean4-clean-CAND-02279,2026-09-06,Senior Engineer,143860,USD,2026-09-30,Sent,,
review-clean4-clean-OFF-000103,review-clean4-clean-APP-001548,review-clean4-clean-CAND-03378,2026-09-01,Product Manager,100540,USD,2026-09-18,Sent,2026-09-08,
review-clean4-clean-OFF-000104,review-clean4-clean-APP-001554,review-clean4-clean-CAND-02977,2026-07-08,Analyst,127076,USD,2026-08-02,Declined,,Competing Offer
review-clean4-clean-OFF-000105,review-clean4-clean-APP-001566,review-clean4-clean-CAND-03353,2026-08-29,Senior Engineer,86652,USD,2026-09-12,Declined,2026-09-05,Salary Negotiation
review-clean4-clean-OFF-000106,review-clean4-clean-APP-001612,review-clean4-clean-CAND-02357,2026-07-13,Analyst,149845,USD,2026-07-29,Accepted,,
review-clean4-clean-OFF-000107,review-clean4-clean-APP-001624,review-clean4-clean-CAND-01532,2026-09-21,Senior Engineer,110956,USD,2026-10-13,Declined,2026-09-24,Competing Offer
review-clean4-clean-OFF-000108,review-clean4-clean-APP-001635,review-clean4-clean-CAND-01507,2026-07-08,Analyst,103364,USD,2026-07-28,Sent,2026-07-11,
review-clean4-clean-OFF-000109,review-clean4-clean-APP-001642,review-clean4-clean-CAND-04346,2026-07-26,Senior Engineer,147227,USD,2026-08-19,Declined,2026-07-31,
review-clean4-clean-OFF-000110,review-clean4-clean-APP-001651,review-clean4-clean-CAND-02429,2026-08-23,Sales Rep,110468,USD,2026-09-22,Sent,,
review-clean4-clean-OFF-000111,review-clean4-clean-APP-001655,review-clean4-clean-CAND-04369,2026-08-29,Sales Rep,124783,USD,2026-09-16,Sent,2026-09-04,
review-clean4-clean-OFF-000112,review-clean4-clean-APP-001659,review-clean4-clean-CAND-01685,2026-08-17,Analyst,130651,USD,2026-09-08,Sent,2026-08-19,
review-clean4-clean-OFF-000113,review-clean4-clean-APP-001670,review-clean4-clean-CAND-04382,2026-07-15,Product Manager,84074,USD,2026-07-29,Sent,,
review-clean4-clean-OFF-000114,review-clean4-clean-APP-001682,review-clean4-clean-CAND-01181,2026-08-11,Senior Engineer,111189,USD,2026-09-06,Sent,,
review-clean4-clean-OFF-000115,review-clean4-clean-APP-001696,review-clean4-clean-CAND-00600,2026-08-27,Sales Rep,148444,USD,2026-09-14,Declined,2026-09-02,Salary Negotiation
review-clean4-clean-OFF-000116,review-clean4-clean-APP-001697,review-clean4-clean-CAND-00552,2026-07-07,Sales Rep,116537,USD,2026-08-03,Declined,2026-07-09,Salary Negotiation
review-clean4-clean-OFF-000117,review-clean4-clean-APP-001699,review-clean4-clean-CAND-03992,2026-06-27,Product Manager,101392,USD,2026-07-23,Declined,2026-07-02,Competing Offer
review-clean4-clean-OFF-000118,review-clean4-clean-APP-001742,review-clean4-clean-CAND-00381,2026-07-29,Analyst,132318,USD,2026-08-15,Accepted,2026-08-01,
review-clean4-clean-OFF-000119,review-clean4-clean-APP-001744,review-clean4-clean-CAND-04272,2026-08-05,Product Manager,76960,USD,2026-08-22,Accepted,,
review-clean4-clean-OFF-000120,review-clean4-clean-APP-001747,review-clean4-clean-CAND-03101,2026-07-29,Analyst,88878,USD,2026-08-26,Sent,2026-08-04,
review-clean4-clean-OFF-000121,review-clean4-clean-APP-001765,review-clean4-clean-CAND-04200,2026-08-21,Product Manager,96603,USD,2026-09-12,Sent,2026-08-28,
review-clean4-clean-OFF-000122,review-clean4-clean-APP-001816,review-clean4-clean-CAND-03262,2026-08-22,Senior Engineer,139623,USD,2026-09-15,Accepted,,
review-clean4-clean-OFF-000123,review-clean4-clean-APP-001825,review-clean4-clean-CAND-03567,2026-08-06,Product Manager,148583,USD,2026-08-31,Declined,2026-08-10,
review-clean4-clean-OFF-000124,review-clean4-clean-APP-001841,review-clean4-clean-CAND-03322,2026-09-14,Product Manager,91202,USD,2026-10-10,Declined,,
review-clean4-clean-OFF-000125,review-clean4-clean-APP-001865,review-clean4-clean-CAND-04232,2026-08-03,Analyst,103566,USD,2026-08-26,Declined,,
review-clean4-clean-OFF-000126,review-clean4-clean-APP-001917,review-clean4-clean-CAND-03904,2026-08-17,Sales Rep,112888,USD,2026-09-13,Sent,2026-08-22,
review-clean4-clean-OFF-000127,review-clean4-clean-APP-001940,review-clean4-clean-CAND-04268,2026-09-22,Sales Rep,141942,USD,2026-10-15,Expired,,Salary Negotiation
review-clean4-clean-OFF-000128,review-clean4-clean-APP-001943,review-clean4-clean-CAND-01923,2026-07-25,Sales Rep,132184,USD,2026-08-10,Accepted,2026-07-29,
review-clean4-clean-OFF-000129,review-clean4-clean-APP-001952,review-clean4-clean-CAND-02027,2026-08-17,Sales Rep,96904,USD,2026-09-09,Sent,,
review-clean4-clean-OFF-000130,review-clean4-clean-APP-001962,review-clean4-clean-CAND-04621,2026-09-07,Sales Rep,109529,USD,2026-10-03,Sent,,
review-clean4-clean-OFF-000131,review-clean4-clean-APP-001966,review-clean4-clean-CAND-02997,2026-08-29,Analyst,142660,USD,2026-09-23,Accepted,,
review-clean4-clean-OFF-000132,review-clean4-clean-APP-001988,review-clean4-clean-CAND-04031,2026-07-28,Analyst,75879,USD,2026-08-25,Sent,2026-08-01,
review-clean4-clean-OFF-000133,review-clean4-clean-APP-002005,review-clean4-clean-CAND-02025,2026-09-18,Senior Engineer,71921,USD,2026-10-04,Declined,,Salary Negotiation
review-clean4-clean-OFF-000134,review-clean4-clean-APP-002017,review-clean4-clean-CAND-02659,2026-09-15,Senior Engineer,143600,USD,2026-10-01,Declined,,
review-clean4-clean-OFF-000135,review-clean4-clean-APP-002039,review-clean4-clean-CAND-02652,2026-08-29,Analyst,80903,USD,2026-09-12,Sent,,
review-clean4-clean-OFF-000136,review-clean4-clean-APP-002041,review-clean4-clean-CAND-04543,2026-08-22,Sales Rep,89420,USD,2026-09-17,Declined,2026-08-25,
review-clean4-clean-OFF-000137,review-clean4-clean-APP-002046,review-clean4-clean-CAND-04145,2026-07-23,Senior Engineer,86021,USD,2026-08-08,Accepted,2026-07-30,
review-clean4-clean-OFF-000138,review-clean4-clean-APP-002057,review-clean4-clean-CAND-00359,2026-07-04,Analyst,133786,USD,2026-07-22,Expired,2026-07-08,
review-clean4-clean-OFF-000139,review-clean4-clean-APP-002072,review-clean4-clean-CAND-00577,2026-08-23,Product Manager,80989,USD,2026-09-10,Declined,2026-08-28,
review-clean4-clean-OFF-000140,review-clean4-clean-APP-002073,review-clean4-clean-CAND-00639,2026-08-19,Senior Engineer,115134,USD,2026-09-07,Accepted,2026-08-22,
review-clean4-clean-OFF-000141,review-clean4-clean-APP-002075,review-clean4-clean-CAND-01893,2026-07-24,Product Manager,135986,USD,2026-08-18,Sent,,
review-clean4-clean-OFF-000142,review-clean4-clean-APP-002080,review-clean4-clean-CAND-00865,2026-07-18,Product Manager,75435,USD,2026-08-04,Declined,2026-07-23,
review-clean4-clean-OFF-000143,review-clean4-clean-APP-002108,review-clean4-clean-CAND-03008,2026-06-23,Analyst,144764,USD,2026-07-11,Accepted,,
review-clean4-clean-OFF-000144,review-clean4-clean-APP-002118,review-clean4-clean-CAND-02740,2026-07-18,Product Manager,121370,USD,2026-08-15,Accepted,2026-07-22,
review-clean4-clean-OFF-000145,review-clean4-clean-APP-002131,review-clean4-clean-CAND-01213,2026-07-05,Analyst,137474,USD,2026-07-30,Declined,2026-07-11,
review-clean4-clean-OFF-000146,review-clean4-clean-APP-002135,review-clean4-clean-CAND-04111,2026-07-23,Senior Engineer,123931,USD,2026-08-15,Declined,2026-07-26,
review-clean4-clean-OFF-000147,review-clean4-clean-APP-002143,review-clean4-clean-CAND-00734,2026-08-18,Senior Engineer,108886,USD,2026-09-03,Sent,2026-08-23,
review-clean4-clean-OFF-000148,review-clean4-clean-APP-002155,review-clean4-clean-CAND-01210,2026-10-02,Product Manager,85707,USD,2026-11-01,Sent,,
review-clean4-clean-OFF-000149,review-clean4-clean-APP-002158,review-clean4-clean-CAND-03860,2026-09-11,Sales Rep,80926,USD,2026-09-30,Sent,,
review-clean4-clean-OFF-000150,review-clean4-clean-APP-002165,review-clean4-clean-CAND-04316,2026-07-22,Analyst,109606,USD,2026-08-12,Declined,,Salary Negotiation
review-clean4-clean-OFF-000151,review-clean4-clean-APP-002170,review-clean4-clean-CAND-02223,2026-07-19,Analyst,105130,USD,2026-08-12,Accepted,,
review-clean4-clean-OFF-000152,review-clean4-clean-APP-002200,review-clean4-clean-CAND-04292,2026-09-03,Senior Engineer,110052,USD,2026-09-19,Declined,,
review-clean4-clean-OFF-000153,review-clean4-clean-APP-002214,review-clean4-clean-CAND-01892,2026-08-05,Sales Rep,90612,USD,2026-08-27,Declined,,Competing Offer
review-clean4-clean-OFF-000154,review-clean4-clean-APP-002216,review-clean4-clean-CAND-03905,2026-08-06,Product Manager,81527,USD,2026-08-27,Sent,,
review-clean4-clean-OFF-000155,review-clean4-clean-APP-002239,review-clean4-clean-CAND-03601,2026-09-26,Senior Engineer,141868,USD,2026-10-13,Sent,2026-10-03,
review-clean4-clean-OFF-000156,review-clean4-clean-APP-002302,review-clean4-clean-CAND-04712,2026-07-31,Analyst,100310,USD,2026-08-28,Declined,2026-08-03,Competing Offer
review-clean4-clean-OFF-000157,review-clean4-clean-APP-002308,review-clean4-clean-CAND-00969,2026-08-27,Sales Rep,80519,USD,2026-09-18,Declined,,Competing Offer
review-clean4-clean-OFF-000158,review-clean4-clean-APP-002325,review-clean4-clean-CAND-03774,2026-09-18,Sales Rep,141218,USD,2026-10-08,Sent,2026-09-25,
review-clean4-clean-OFF-000159,review-clean4-clean-APP-002341,review-clean4-clean-CAND-03045,2026-06-23,Analyst,71341,USD,2026-07-09,Accepted,2026-06-26,
review-clean4-clean-OFF-000160,review-clean4-clean-APP-002353,review-clean4-clean-CAND-03764,2026-07-08,Sales Rep,113845,USD,2026-07-29,Sent,2026-07-13,
review-clean4-clean-OFF-000161,review-clean4-clean-APP-002413,review-clean4-clean-CAND-01444,2026-08-26,Product Manager,143283,USD,2026-09-14,Sent,2026-09-01,
review-clean4-clean-OFF-000162,review-clean4-clean-APP-002431,review-clean4-clean-CAND-00007,2026-07-12,Sales Rep,85671,USD,2026-08-11,Sent,,
review-clean4-clean-OFF-000163,review-clean4-clean-APP-002446,review-clean4-clean-CAND-00694,2026-08-08,Senior Engineer,93270,USD,2026-09-05,Accepted,2026-08-15,
review-clean4-clean-OFF-000164,review-clean4-clean-APP-002453,review-clean4-clean-CAND-00061,2026-08-27,Sales Rep,139100,USD,2026-09-26,Expired,,
review-clean4-clean-OFF-000165,review-clean4-clean-APP-002463,review-clean4-clean-CAND-04288,2026-08-26,Analyst,95812,USD,2026-09-24,Declined,,
review-clean4-clean-OFF-000166,review-clean4-clean-APP-002468,review-clean4-clean-CAND-02815,2026-08-21,Sales Rep,94745,USD,2026-09-17,Declined,2026-08-27,Competing Offer
review-clean4-clean-OFF-000167,review-clean4-clean-APP-002480,review-clean4-clean-CAND-00676,2026-08-12,Sales Rep,138512,USD,2026-09-02,Accepted,2026-08-19,
review-clean4-clean-OFF-000168,review-clean4-clean-APP-002495,review-clean4-clean-CAND-03606,2026-09-12,Product Manager,110940,USD,2026-10-01,Expired,2026-09-19,
review-clean4-clean-OFF-000169,review-clean4-clean-APP-002500,review-clean4-clean-CAND-03267,2026-08-10,Analyst,100278,USD,2026-08-24,Accepted,,
review-clean4-clean-OFF-000170,review-clean4-clean-APP-002508,review-clean4-clean-CAND-00798,2026-08-12,Analyst,138351,USD,2026-09-08,Expired,,Salary Negotiation
review-clean4-clean-OFF-000171,review-clean4-clean-APP-002513,review-clean4-clean-CAND-03205,2026-07-19,Product Manager,122970,USD,2026-08-16,Sent,2026-07-24,
review-clean4-clean-OFF-000172,review-clean4-clean-APP-002539,review-clean4-clean-CAND-04029,2026-09-01,Product Manager,106274,USD,2026-09-23,Accepted,2026-09-03,
review-clean4-clean-OFF-000173,review-clean4-clean-APP-002572,review-clean4-clean-CAND-00208,2026-07-05,Analyst,147502,USD,2026-08-02,Accepted,,
review-clean4-clean-OFF-000174,review-clean4-clean-APP-002597,review-clean4-clean-CAND-04719,2026-09-21,Analyst,67831,USD,2026-10-14,Sent,,
review-clean4-clean-OFF-000175,review-clean4-clean-APP-002617,review-clean4-clean-CAND-02468,2026-08-12,Analyst,95783,USD,2026-09-03,Accepted,2026-08-18,
review-clean4-clean-OFF-000176,review-clean4-clean-APP-002659,review-clean4-clean-CAND-03508,2026-07-17,Product Manager,68656,USD,2026-08-15,Sent,2026-07-20,
review-clean4-clean-OFF-000177,review-clean4-clean-APP-002679,review-clean4-clean-CAND-03804,2026-07-10,Analyst,93497,USD,2026-08-09,Accepted,,
review-clean4-clean-OFF-000178,review-clean4-clean-APP-002697,review-clean4-clean-CAND-01847,2026-08-05,Product Manager,106335,USD,2026-08-22,Expired,,Salary Negotiation
review-clean4-clean-OFF-000179,review-clean4-clean-APP-002726,review-clean4-clean-CAND-01858,2026-09-21,Analyst,95508,USD,2026-10-16,Sent,2026-09-26,
review-clean4-clean-OFF-000180,review-clean4-clean-APP-002729,review-clean4-clean-CAND-03735,2026-08-10,Product Manager,134996,USD,2026-09-07,Sent,2026-08-13,
review-clean4-clean-OFF-000181,review-clean4-clean-APP-002732,review-clean4-clean-CAND-01258,2026-07-26,Senior Engineer,103155,USD,2026-08-24,Declined,2026-07-31,Salary Negotiation
review-clean4-clean-OFF-000182,review-clean4-clean-APP-002736,review-clean4-clean-CAND-01681,2026-07-31,Analyst,81945,USD,2026-08-18,Accepted,2026-08-02,
review-clean4-clean-OFF-000183,review-clean4-clean-APP-002757,review-clean4-clean-CAND-01820,2026-07-08,Product Manager,148046,USD,2026-08-05,Declined,2026-07-15,Competing Offer
review-clean4-clean-OFF-000184,review-clean4-clean-APP-002773,review-clean4-clean-CAND-01144,2026-09-17,Sales Rep,139922,USD,2026-10-07,Accepted,2026-09-19,
review-clean4-clean-OFF-000185,review-clean4-clean-APP-002796,review-clean4-clean-CAND-03573,2026-08-16,Sales Rep,61145,USD,2026-09-04,Accepted,,
review-clean4-clean-OFF-000186,review-clean4-clean-APP-002861,review-clean4-clean-CAND-04213,2026-08-29,Sales Rep,87904,USD,2026-09-16,Accepted,,
review-clean4-clean-OFF-000187,review-clean4-clean-APP-002879,review-clean4-clean-CAND-03235,2026-08-19,Sales Rep,84578,USD,2026-09-06,Expired,2026-08-23,
review-clean4-clean-OFF-000188,review-clean4-clean-APP-002889,review-clean4-clean-CAND-03970,2026-08-20,Product Manager,117038,USD,2026-09-07,Sent,2026-08-24,
review-clean4-clean-OFF-000189,review-clean4-clean-APP-002900,review-clean4-clean-CAND-03818,2026-08-09,Senior Engineer,75790,USD,2026-09-02,Expired,2026-08-14,Salary Negotiation
review-clean4-clean-OFF-000190,review-clean4-clean-APP-002907,review-clean4-clean-CAND-00295,2026-09-10,Sales Rep,112797,USD,2026-10-01,Accepted,,
review-clean4-clean-OFF-000191,review-clean4-clean-APP-002916,review-clean4-clean-CAND-04151,2026-08-20,Product Manager,109985,USD,2026-09-05,Declined,2026-08-26,Competing Offer
review-clean4-clean-OFF-000192,review-clean4-clean-APP-002941,review-clean4-clean-CAND-04119,2026-09-04,Product Manager,125006,USD,2026-09-19,Declined,2026-09-08,Salary Negotiation
review-clean4-clean-OFF-000193,review-clean4-clean-APP-002948,review-clean4-clean-CAND-03294,2026-07-16,Senior Engineer,139747,USD,2026-08-06,Accepted,2026-07-20,
review-clean4-clean-OFF-000194,review-clean4-clean-APP-002949,review-clean4-clean-CAND-00754,2026-09-22,Senior Engineer,99492,USD,2026-10-13,Expired,2026-09-28,
review-clean4-clean-OFF-000195,review-clean4-clean-APP-002955,review-clean4-clean-CAND-03547,2026-08-07,Product Manager,71380,USD,2026-09-06,Accepted,,
review-clean4-clean-OFF-000196,review-clean4-clean-APP-002957,review-clean4-clean-CAND-03296,2026-08-26,Sales Rep,87789,USD,2026-09-21,Declined,2026-09-02,Competing Offer
review-clean4-clean-OFF-000197,review-clean4-clean-APP-002972,review-clean4-clean-CAND-01316,2026-07-03,Sales Rep,116477,USD,2026-07-24,Declined,2026-07-10,
review-clean4-clean-OFF-000198,review-clean4-clean-APP-002977,review-clean4-clean-CAND-04587,2026-09-08,Sales Rep,145665,USD,2026-09-26,Expired,2026-09-12,
review-clean4-clean-OFF-000199,review-clean4-clean-APP-002981,review-clean4-clean-CAND-04512,2026-07-03,Sales Rep,103155,USD,2026-07-24,Accepted,2026-07-09,
review-clean4-clean-OFF-000200,review-clean4-clean-APP-003013,review-clean4-clean-CAND-02973,2026-07-24,Product Manager,114475,USD,2026-08-16,Accepted,,
review-clean4-clean-OFF-000201,review-clean4-clean-APP-003042,review-clean4-clean-CAND-02309,2026-08-22,Analyst,61445,USD,2026-09-16,Expired,2026-08-29,
review-clean4-clean-OFF-000202,review-clean4-clean-APP-003050,review-clean4-clean-CAND-03514,2026-08-09,Product Manager,73572,USD,2026-09-08,Sent,2026-08-16,
review-clean4-clean-OFF-000203,review-clean4-clean-APP-003051,review-clean4-clean-CAND-01223,2026-09-07,Sales Rep,140623,USD,2026-09-23,Declined,2026-09-14,Competing Offer
review-clean4-clean-OFF-000204,review-clean4-clean-APP-003063,review-clean4-clean-CAND-00236,2026-07-12,Analyst,135203,USD,2026-08-05,Declined,2026-07-16,
review-clean4-clean-OFF-000205,review-clean4-clean-APP-003069,review-clean4-clean-CAND-03142,2026-07-16,Product Manager,139224,USD,2026-08-15,Sent,2026-07-19,
review-clean4-clean-OFF-000206,review-clean4-clean-APP-003071,review-clean4-clean-CAND-00781,2026-09-02,Sales Rep,107033,USD,2026-09-26,Accepted,,
review-clean4-clean-OFF-000207,review-clean4-clean-APP-003080,review-clean4-clean-CAND-00337,2026-07-05,Analyst,146095,USD,2026-08-03,Declined,2026-07-11,Salary Negotiation
review-clean4-clean-OFF-000208,review-clean4-clean-APP-003087,review-clean4-clean-CAND-01048,2026-10-03,Product Manager,80794,USD,2026-10-20,Declined,2026-10-09,Competing Offer
review-clean4-clean-OFF-000209,review-clean4-clean-APP-003112,review-clean4-clean-CAND-00773,2026-07-30,Product Manager,139130,USD,2026-08-19,Sent,2026-08-06,
review-clean4-clean-OFF-000210,review-clean4-clean-APP-003118,review-clean4-clean-CAND-03931,2026-08-26,Analyst,74465,USD,2026-09-21,Accepted,2026-09-02,
review-clean4-clean-OFF-000211,review-clean4-clean-APP-003128,review-clean4-clean-CAND-03268,2026-06-29,Product Manager,144648,USD,2026-07-29,Sent,2026-07-04,
review-clean4-clean-OFF-000212,review-clean4-clean-APP-003130,review-clean4-clean-CAND-03297,2026-08-31,Senior Engineer,73366,USD,2026-09-30,Accepted,,
review-clean4-clean-OFF-000213,review-clean4-clean-APP-003156,review-clean4-clean-CAND-03807,2026-07-31,Sales Rep,85946,USD,2026-08-19,Sent,2026-08-03,
review-clean4-clean-OFF-000214,review-clean4-clean-APP-003158,review-clean4-clean-CAND-02912,2026-07-24,Senior Engineer,61155,USD,2026-08-17,Declined,,Salary Negotiation
review-clean4-clean-OFF-000215,review-clean4-clean-APP-003166,review-clean4-clean-CAND-03686,2026-08-02,Product Manager,141470,USD,2026-08-27,Declined,,
review-clean4-clean-OFF-000216,review-clean4-clean-APP-003173,review-clean4-clean-CAND-03909,2026-09-22,Senior Engineer,124397,USD,2026-10-15,Accepted,,
review-clean4-clean-OFF-000217,review-clean4-clean-APP-003215,review-clean4-clean-CAND-03198,2026-08-24,Senior Engineer,107309,USD,2026-09-17,Declined,,
review-clean4-clean-OFF-000218,review-clean4-clean-APP-003230,review-clean4-clean-CAND-01858,2026-08-07,Product Manager,98743,USD,2026-09-04,Accepted,,
review-clean4-clean-OFF-000219,review-clean4-clean-APP-003300,review-clean4-clean-CAND-03094,2026-07-16,Analyst,73353,USD,2026-08-02,Declined,2026-07-21,Competing Offer
review-clean4-clean-OFF-000220,review-clean4-clean-APP-003301,review-clean4-clean-CAND-02029,2026-08-17,Product Manager,118511,USD,2026-09-12,Declined,2026-08-24,Salary Negotiation
review-clean4-clean-OFF-000221,review-clean4-clean-APP-003334,review-clean4-clean-CAND-00367,2026-09-14,Sales Rep,126437,USD,2026-10-04,Accepted,2026-09-20,
review-clean4-clean-OFF-000222,review-clean4-clean-APP-003351,review-clean4-clean-CAND-00698,2026-09-12,Sales Rep,92754,USD,2026-09-27,Accepted,2026-09-14,
review-clean4-clean-OFF-000223,review-clean4-clean-APP-003356,review-clean4-clean-CAND-01473,2026-09-07,Senior Engineer,120229,USD,2026-10-04,Accepted,2026-09-09,
review-clean4-clean-OFF-000224,review-clean4-clean-APP-003361,review-clean4-clean-CAND-03292,2026-07-17,Sales Rep,145095,USD,2026-08-16,Declined,,Competing Offer
review-clean4-clean-OFF-000225,review-clean4-clean-APP-003368,review-clean4-clean-CAND-01180,2026-08-10,Analyst,86039,USD,2026-09-06,Declined,,Competing Offer
review-clean4-clean-OFF-000226,review-clean4-clean-APP-003397,review-clean4-clean-CAND-02239,2026-08-06,Senior Engineer,98877,USD,2026-08-26,Sent,2026-08-13,
review-clean4-clean-OFF-000227,review-clean4-clean-APP-003401,review-clean4-clean-CAND-04376,2026-09-18,Product Manager,99409,USD,2026-10-04,Sent,2026-09-20,
review-clean4-clean-OFF-000228,review-clean4-clean-APP-003421,review-clean4-clean-CAND-04926,2026-07-29,Analyst,85409,USD,2026-08-16,Sent,2026-08-01,
review-clean4-clean-OFF-000229,review-clean4-clean-APP-003443,review-clean4-clean-CAND-01572,2026-08-29,Product Manager,67792,USD,2026-09-20,Accepted,,
review-clean4-clean-OFF-000230,review-clean4-clean-APP-003455,review-clean4-clean-CAND-02591,2026-06-20,Sales Rep,70285,USD,2026-07-13,Accepted,2026-06-27,
review-clean4-clean-OFF-000231,review-clean4-clean-APP-003461,review-clean4-clean-CAND-02547,2026-07-26,Senior Engineer,70578,USD,2026-08-14,Declined,2026-08-02,
review-clean4-clean-OFF-000232,review-clean4-clean-APP-003462,review-clean4-clean-CAND-00793,2026-09-04,Sales Rep,79545,USD,2026-09-20,Expired,2026-09-11,Competing Offer
review-clean4-clean-OFF-000233,review-clean4-clean-APP-003482,review-clean4-clean-CAND-03368,2026-07-06,Sales Rep,61295,USD,2026-07-26,Accepted,,
review-clean4-clean-OFF-000234,review-clean4-clean-APP-003488,review-clean4-clean-CAND-00885,2026-08-17,Sales Rep,119263,USD,2026-09-08,Accepted,,
review-clean4-clean-OFF-000235,review-clean4-clean-APP-003517,review-clean4-clean-CAND-00031,2026-09-06,Senior Engineer,99398,USD,2026-09-27,Accepted,,
review-clean4-clean-OFF-000236,review-clean4-clean-APP-003549,review-clean4-clean-CAND-02685,2026-09-06,Sales Rep,97719,USD,2026-09-28,Declined,2026-09-12,
review-clean4-clean-OFF-000237,review-clean4-clean-APP-003572,review-clean4-clean-CAND-00338,2026-09-08,Senior Engineer,60769,USD,2026-09-30,Declined,,Competing Offer
review-clean4-clean-OFF-000238,review-clean4-clean-APP-003580,review-clean4-clean-CAND-02413,2026-07-11,Analyst,138257,USD,2026-08-08,Accepted,2026-07-18,
review-clean4-clean-OFF-000239,review-clean4-clean-APP-003586,review-clean4-clean-CAND-01611,2026-09-17,Analyst,147833,USD,2026-10-16,Accepted,,
review-clean4-clean-OFF-000240,review-clean4-clean-APP-003607,review-clean4-clean-CAND-04731,2026-07-16,Product Manager,66472,USD,2026-07-30,Sent,2026-07-18,
review-clean4-clean-OFF-000241,review-clean4-clean-APP-003620,review-clean4-clean-CAND-00522,2026-09-06,Sales Rep,105800,USD,2026-09-27,Accepted,,
review-clean4-clean-OFF-000242,review-clean4-clean-APP-003639,review-clean4-clean-CAND-03890,2026-08-10,Sales Rep,135621,USD,2026-08-30,Accepted,2026-08-16,
review-clean4-clean-OFF-000243,review-clean4-clean-APP-003660,review-clean4-clean-CAND-00547,2026-09-01,Analyst,115248,USD,2026-09-23,Accepted,,
review-clean4-clean-OFF-000244,review-clean4-clean-APP-003678,review-clean4-clean-CAND-01322,2026-09-05,Analyst,102958,USD,2026-09-30,Accepted,,
review-clean4-clean-OFF-000245,review-clean4-clean-APP-003685,review-clean4-clean-CAND-00283,2026-08-17,Analyst,104315,USD,2026-08-31,Declined,,Salary Negotiation
review-clean4-clean-OFF-000246,review-clean4-clean-APP-003712,review-clean4-clean-CAND-04906,2026-09-05,Sales Rep,132791,USD,2026-09-21,Sent,2026-09-12,
review-clean4-clean-OFF-000247,review-clean4-clean-APP-003716,review-clean4-clean-CAND-03184,2026-08-12,Senior Engineer,64339,USD,2026-09-09,Accepted,,
review-clean4-clean-OFF-000248,review-clean4-clean-APP-003728,review-clean4-clean-CAND-01655,2026-07-17,Sales Rep,109809,USD,2026-08-01,Accepted,2026-07-20,
review-clean4-clean-OFF-000249,review-clean4-clean-APP-003735,review-clean4-clean-CAND-02364,2026-06-26,Senior Engineer,130127,USD,2026-07-13,Accepted,,
review-clean4-clean-OFF-000250,review-clean4-clean-APP-003748,review-clean4-clean-CAND-01675,2026-07-08,Product Manager,134232,USD,2026-07-30,Declined,2026-07-15,Salary Negotiation
review-clean4-clean-OFF-000251,review-clean4-clean-APP-003751,review-clean4-clean-CAND-01619,2026-07-25,Analyst,101996,USD,2026-08-12,Accepted,2026-07-29,
review-clean4-clean-OFF-000252,review-clean4-clean-APP-003822,review-clean4-clean-CAND-00703,2026-08-27,Sales Rep,95700,USD,2026-09-16,Declined,2026-09-01,
review-clean4-clean-OFF-000253,review-clean4-clean-APP-003827,review-clean4-clean-CAND-02180,2026-07-23,Analyst,89986,USD,2026-08-09,Declined,,
review-clean4-clean-OFF-000254,review-clean4-clean-APP-003838,review-clean4-clean-CAND-02917,2026-09-12,Sales Rep,90033,USD,2026-09-26,Accepted,,
review-clean4-clean-OFF-000255,review-clean4-clean-APP-003846,review-clean4-clean-CAND-02640,2026-07-16,Analyst,64919,USD,2026-08-10,Sent,2026-07-23,
review-clean4-clean-OFF-000256,review-clean4-clean-APP-003849,review-clean4-clean-CAND-01914,2026-09-14,Sales Rep,117905,USD,2026-10-03,Expired,2026-09-16,Competing Offer
review-clean4-clean-OFF-000257,review-clean4-clean-APP-003961,review-clean4-clean-CAND-01008,2026-06-30,Analyst,76570,USD,2026-07-20,Accepted,2026-07-07,
review-clean4-clean-OFF-000258,review-clean4-clean-APP-003963,review-clean4-clean-CAND-01321,2026-08-12,Senior Engineer,138383,USD,2026-09-05,Accepted,2026-08-15,
review-clean4-clean-OFF-000259,review-clean4-clean-APP-003965,review-clean4-clean-CAND-00694,2026-07-09,Product Manager,72355,USD,2026-08-04,Sent,2026-07-15,
review-clean4-clean-OFF-000260,review-clean4-clean-APP-003989,review-clean4-clean-CAND-02207,2026-09-19,Product Manager,78048,USD,2026-10-19,Expired,2026-09-25,Competing Offer
review-clean4-clean-OFF-000261,review-clean4-clean-APP-004006,review-clean4-clean-CAND-02512,2026-09-07,Senior Engineer,132586,USD,2026-10-01,Sent,2026-09-14,
review-clean4-clean-OFF-000262,review-clean4-clean-APP-004033,review-clean4-clean-CAND-02342,2026-07-19,Senior Engineer,109207,USD,2026-08-18,Expired,2026-07-25,Competing Offer
review-clean4-clean-OFF-000263,review-clean4-clean-APP-004051,review-clean4-clean-CAND-01397,2026-08-09,Product Manager,90175,USD,2026-09-03,Declined,2026-08-14,
review-clean4-clean-OFF-000264,review-clean4-clean-APP-004052,review-clean4-clean-CAND-02769,2026-07-19,Analyst,122771,USD,2026-08-02,Sent,,
review-clean4-clean-OFF-000265,review-clean4-clean-APP-004085,review-clean4-clean-CAND-02178,2026-09-22,Sales Rep,105623,USD,2026-10-18,Sent,2026-09-29,
review-clean4-clean-OFF-000266,review-clean4-clean-APP-004109,review-clean4-clean-CAND-03493,2026-07-13,Sales Rep,83180,USD,2026-08-11,Accepted,,
review-clean4-clean-OFF-000267,review-clean4-clean-APP-004112,review-clean4-clean-CAND-02511,2026-07-07,Senior Engineer,82133,USD,2026-07-30,Accepted,2026-07-09,
review-clean4-clean-OFF-000268,review-clean4-clean-APP-004116,review-clean4-clean-CAND-00424,2026-06-22,Analyst,131492,USD,2026-07-11,Accepted,2026-06-26,
review-clean4-clean-OFF-000269,review-clean4-clean-APP-004117,review-clean4-clean-CAND-02206,2026-07-29,Senior Engineer,106009,USD,2026-08-18,Accepted,2026-08-03,
review-clean4-clean-OFF-000270,review-clean4-clean-APP-004150,review-clean4-clean-CAND-00555,2026-09-10,Product Manager,123377,USD,2026-10-09,Accepted,2026-09-15,
review-clean4-clean-OFF-000271,review-clean4-clean-APP-004171,review-clean4-clean-CAND-00321,2026-07-25,Sales Rep,64533,USD,2026-08-22,Accepted,2026-08-01,
review-clean4-clean-OFF-000272,review-clean4-clean-APP-004191,review-clean4-clean-CAND-03240,2026-09-02,Analyst,144589,USD,2026-09-30,Accepted,2026-09-08,
review-clean4-clean-OFF-000273,review-clean4-clean-APP-004204,review-clean4-clean-CAND-03298,2026-07-23,Sales Rep,111883,USD,2026-08-18,Accepted,2026-07-27,
review-clean4-clean-OFF-000274,review-clean4-clean-APP-004216,review-clean4-clean-CAND-03640,2026-08-21,Analyst,69723,USD,2026-09-12,Accepted,,
review-clean4-clean-OFF-000275,review-clean4-clean-APP-004222,review-clean4-clean-CAND-02431,2026-07-30,Analyst,121449,USD,2026-08-14,Accepted,2026-08-06,
review-clean4-clean-OFF-000276,review-clean4-clean-APP-004225,review-clean4-clean-CAND-03500,2026-07-15,Analyst,70566,USD,2026-08-11,Sent,2026-07-19,
review-clean4-clean-OFF-000277,review-clean4-clean-APP-004270,review-clean4-clean-CAND-00458,2026-07-24,Analyst,87939,USD,2026-08-21,Declined,2026-07-31,Competing Offer
review-clean4-clean-OFF-000278,review-clean4-clean-APP-004276,review-clean4-clean-CAND-00605,2026-07-18,Senior Engineer,122674,USD,2026-08-03,Expired,2026-07-20,
review-clean4-clean-OFF-000279,review-clean4-clean-APP-004290,review-clean4-clean-CAND-03248,2026-06-27,Product Manager,64068,USD,2026-07-18,Declined,2026-07-04,
review-clean4-clean-OFF-000280,review-clean4-clean-APP-004292,review-clean4-clean-CAND-02114,2026-07-25,Sales Rep,66005,USD,2026-08-12,Declined,,Salary Negotiation
review-clean4-clean-OFF-000281,review-clean4-clean-APP-004312,review-clean4-clean-CAND-00266,2026-07-25,Product Manager,87353,USD,2026-08-10,Accepted,,
review-clean4-clean-OFF-000282,review-clean4-clean-APP-004314,review-clean4-clean-CAND-00368,2026-07-06,Product Manager,118254,USD,2026-07-27,Sent,2026-07-13,
review-clean4-clean-OFF-000283,review-clean4-clean-APP-004317,review-clean4-clean-CAND-00070,2026-08-16,Sales Rep,68479,USD,2026-09-06,Sent,2026-08-23,
review-clean4-clean-OFF-000284,review-clean4-clean-APP-004324,review-clean4-clean-CAND-03131,2026-06-24,Sales Rep,149880,USD,2026-07-15,Accepted,2026-06-27,
review-clean4-clean-OFF-000285,review-clean4-clean-APP-004353,review-clean4-clean-CAND-03285,2026-08-28,Product Manager,79784,USD,2026-09-20,Sent,2026-08-30,
review-clean4-clean-OFF-000286,review-clean4-clean-APP-004362,review-clean4-clean-CAND-00863,2026-08-19,Analyst,113406,USD,2026-09-04,Sent,,
review-clean4-clean-OFF-000287,review-clean4-clean-APP-004378,review-clean4-clean-CAND-02623,2026-07-04,Sales Rep,101093,USD,2026-07-22,Expired,2026-07-10,Salary Negotiation
review-clean4-clean-OFF-000288,review-clean4-clean-APP-004390,review-clean4-clean-CAND-00758,2026-07-18,Sales Rep,62707,USD,2026-08-17,Declined,,
review-clean4-clean-OFF-000289,review-clean4-clean-APP-004431,review-clean4-clean-CAND-03639,2026-08-30,Sales Rep,73446,USD,2026-09-26,Accepted,2026-09-02,
review-clean4-clean-OFF-000290,review-clean4-clean-APP-004447,review-clean4-clean-CAND-01397,2026-09-17,Analyst,137709,USD,2026-10-11,Declined,,Competing Offer
review-clean4-clean-OFF-000291,review-clean4-clean-APP-004481,review-clean4-clean-CAND-00626,2026-08-12,Product Manager,125734,USD,2026-09-08,Accepted,,
review-clean4-clean-OFF-000292,review-clean4-clean-APP-004493,review-clean4-clean-CAND-04391,2026-07-18,Product Manager,128408,USD,2026-08-09,Accepted,2026-07-23,
review-clean4-clean-OFF-000293,review-clean4-clean-APP-004500,review-clean4-clean-CAND-03946,2026-06-29,Product Manager,124452,USD,2026-07-27,Sent,2026-07-04,
review-clean4-clean-OFF-000294,review-clean4-clean-APP-004507,review-clean4-clean-CAND-00843,2026-08-23,Analyst,127812,USD,2026-09-16,Expired,2026-08-30,Competing Offer
review-clean4-clean-OFF-000295,review-clean4-clean-APP-004525,review-clean4-clean-CAND-01002,2026-08-19,Product Manager,116071,USD,2026-09-14,Sent,2026-08-26,
review-clean4-clean-OFF-000296,review-clean4-clean-APP-004530,review-clean4-clean-CAND-02324,2026-07-19,Sales Rep,127035,USD,2026-08-17,Sent,2026-07-24,
review-clean4-clean-OFF-000297,review-clean4-clean-APP-004540,review-clean4-clean-CAND-01017,2026-07-29,Senior Engineer,129105,USD,2026-08-17,Declined,2026-08-03,Competing Offer
review-clean4-clean-OFF-000298,review-clean4-clean-APP-004605,review-clean4-clean-CAND-01738,2026-09-16,Senior Engineer,74307,USD,2026-10-15,Declined,2026-09-21,Salary Negotiation
review-clean4-clean-OFF-000299,review-clean4-clean-APP-004614,review-clean4-clean-CAND-03552,2026-09-15,Product Manager,130280,USD,2026-10-15,Declined,2026-09-19,Competing Offer
review-clean4-clean-OFF-000300,review-clean4-clean-APP-004621,review-clean4-clean-CAND-03315,2026-08-22,Analyst,99633,USD,2026-09-09,Declined,,Salary Negotiation
review-clean4-clean-OFF-000301,review-clean4-clean-APP-004629,review-clean4-clean-CAND-03906,2026-09-11,Senior Engineer,88245,USD,2026-10-10,Expired,2026-09-17,Competing Offer
review-clean4-clean-OFF-000302,review-clean4-clean-APP-004632,review-clean4-clean-CAND-02722,2026-09-12,Analyst,126204,USD,2026-10-12,Accepted,2026-09-14,
review-clean4-clean-OFF-000303,review-clean4-clean-APP-004633,review-clean4-clean-CAND-01162,2026-08-31,Senior Engineer,132987,USD,2026-09-21,Accepted,2026-09-06,
review-clean4-clean-OFF-000304,review-clean4-clean-APP-004689,review-clean4-clean-CAND-00264,2026-07-07,Senior Engineer,78715,USD,2026-07-23,Declined,2026-07-10,
review-clean4-clean-OFF-000305,review-clean4-clean-APP-004692,review-clean4-clean-CAND-00804,2026-08-05,Analyst,61749,USD,2026-09-01,Sent,2026-08-08,
review-clean4-clean-OFF-000306,review-clean4-clean-APP-004694,review-clean4-clean-CAND-01420,2026-08-09,Product Manager,116483,USD,2026-08-30,Accepted,2026-08-11,
review-clean4-clean-OFF-000307,review-clean4-clean-APP-004698,review-clean4-clean-CAND-04541,2026-08-14,Sales Rep,139116,USD,2026-08-29,Accepted,,
review-clean4-clean-OFF-000308,review-clean4-clean-APP-004724,review-clean4-clean-CAND-00995,2026-07-26,Analyst,115595,USD,2026-08-13,Sent,2026-07-29,
review-clean4-clean-OFF-000309,review-clean4-clean-APP-004755,review-clean4-clean-CAND-03642,2026-09-01,Product Manager,114558,USD,2026-09-22,Declined,2026-09-03,
review-clean4-clean-OFF-000310,review-clean4-clean-APP-004780,review-clean4-clean-CAND-00528,2026-08-19,Sales Rep,145235,USD,2026-09-02,Accepted,2026-08-25,
review-clean4-clean-OFF-000311,review-clean4-clean-APP-004803,review-clean4-clean-CAND-03082,2026-08-12,Sales Rep,123812,USD,2026-08-28,Declined,2026-08-18,Competing Offer
review-clean4-clean-OFF-000312,review-clean4-clean-APP-004817,review-clean4-clean-CAND-02155,2026-08-12,Senior Engineer,68314,USD,2026-08-29,Accepted,,
review-clean4-clean-OFF-000313,review-clean4-clean-APP-004826,review-clean4-clean-CAND-02834,2026-08-05,Sales Rep,125138,USD,2026-09-03,Accepted,2026-08-08,
review-clean4-clean-OFF-000314,review-clean4-clean-APP-004839,review-clean4-clean-CAND-00428,2026-07-27,Product Manager,148054,USD,2026-08-17,Expired,2026-07-31,
review-clean4-clean-OFF-000315,review-clean4-clean-APP-004846,review-clean4-clean-CAND-04822,2026-09-19,Senior Engineer,115650,USD,2026-10-10,Sent,,
review-clean4-clean-OFF-000316,review-clean4-clean-APP-004881,review-clean4-clean-CAND-01839,2026-08-26,Product Manager,130962,USD,2026-09-25,Expired,2026-08-29,Salary Negotiation
review-clean4-clean-OFF-000317,review-clean4-clean-APP-004886,review-clean4-clean-CAND-04987,2026-09-08,Analyst,83210,USD,2026-09-30,Accepted,2026-09-11,
review-clean4-clean-OFF-000318,review-clean4-clean-APP-004896,review-clean4-clean-CAND-02131,2026-09-01,Analyst,102826,USD,2026-09-17,Accepted,,
review-clean4-clean-OFF-000319,review-clean4-clean-APP-004898,review-clean4-clean-CAND-01081,2026-09-24,Product Manager,77536,USD,2026-10-10,Sent,2026-09-29,
review-clean4-clean-OFF-000320,review-clean4-clean-APP-004903,review-clean4-clean-CAND-02247,2026-07-29,Analyst,64499,USD,2026-08-16,Sent,2026-08-02,
review-clean4-clean-OFF-000321,review-clean4-clean-APP-004904,review-clean4-clean-CAND-02053,2026-07-14,Analyst,110036,USD,2026-08-10,Accepted,,
review-clean4-clean-OFF-000322,review-clean4-clean-APP-004920,review-clean4-clean-CAND-00407,2026-07-08,Sales Rep,128683,USD,2026-07-23,Accepted,,
review-clean4-clean-OFF-000323,review-clean4-clean-APP-004960,review-clean4-clean-CAND-01892,2026-08-21,Analyst,91609,USD,2026-09-07,Declined,2026-08-26,
review-clean4-clean-OFF-000324,review-clean4-clean-APP-004963,review-clean4-clean-CAND-02965,2026-09-03,Analyst,133523,USD,2026-09-24,Accepted,2026-09-09,
review-clean4-clean-OFF-000325,review-clean4-clean-APP-004966,review-clean4-clean-CAND-04958,2026-09-25,Analyst,97429,USD,2026-10-09,Sent,,
review-clean4-clean-OFF-000326,review-clean4-clean-APP-004971,review-clean4-clean-CAND-04961,2026-08-12,Product Manager,72105,USD,2026-09-11,Declined,2026-08-19,Competing Offer
review-clean4-clean-OFF-000327,review-clean4-clean-APP-004983,review-clean4-clean-CAND-04219,2026-06-30,Product Manager,83430,USD,2026-07-25,Sent,,
review-clean4-clean-OFF-000328,review-clean4-clean-APP-004991,review-clean4-clean-CAND-03678,2026-07-06,Sales Rep,117788,USD,2026-07-30,Sent,,
review-clean4-clean-OFF-000329,review-clean4-clean-APP-005010,review-clean4-clean-CAND-02576,2026-08-16,Analyst,122628,USD,2026-09-15,Expired,2026-08-21,Competing Offer
review-clean4-clean-OFF-000330,review-clean4-clean-APP-005012,review-clean4-clean-CAND-02359,2026-06-26,Analyst,80020,USD,2026-07-26,Declined,,
review-clean4-clean-OFF-000331,review-clean4-clean-APP-005020,review-clean4-clean-CAND-00326,2026-07-06,Product Manager,133378,USD,2026-07-22,Declined,,
review-clean4-clean-OFF-000332,review-clean4-clean-APP-005046,review-clean4-clean-CAND-01627,2026-07-08,Analyst,94692,USD,2026-07-23,Declined,2026-07-15,Competing Offer
review-clean4-clean-OFF-000333,review-clean4-clean-APP-005051,review-clean4-clean-CAND-00318,2026-08-07,Product Manager,81938,USD,2026-09-01,Sent,,
review-clean4-clean-OFF-000334,review-clean4-clean-APP-005066,review-clean4-clean-CAND-03262,2026-08-19,Sales Rep,107447,USD,2026-09-14,Sent,2026-08-26,
review-clean4-clean-OFF-000335,review-clean4-clean-APP-005076,review-clean4-clean-CAND-02199,2026-07-20,Analyst,91578,USD,2026-08-14,Sent,2026-07-24,
review-clean4-clean-OFF-000336,review-clean4-clean-APP-005091,review-clean4-clean-CAND-03241,2026-07-18,Senior Engineer,109184,USD,2026-08-04,Expired,,
review-clean4-clean-OFF-000337,review-clean4-clean-APP-005092,review-clean4-clean-CAND-01879,2026-07-11,Analyst,118347,USD,2026-08-06,Accepted,,
review-clean4-clean-OFF-000338,review-clean4-clean-APP-005095,review-clean4-clean-CAND-02038,2026-07-31,Analyst,139785,USD,2026-08-24,Sent,,
review-clean4-clean-OFF-000339,review-clean4-clean-APP-005100,review-clean4-clean-CAND-02470,2026-06-29,Sales Rep,92694,USD,2026-07-23,Sent,2026-07-01,
review-clean4-clean-OFF-000340,review-clean4-clean-APP-005133,review-clean4-clean-CAND-03880,2026-08-14,Senior Engineer,88615,USD,2026-09-08,Declined,2026-08-16,
review-clean4-clean-OFF-000341,review-clean4-clean-APP-005142,review-clean4-clean-CAND-04004,2026-07-12,Senior Engineer,112017,USD,2026-07-30,Accepted,2026-07-15,
review-clean4-clean-OFF-000342,review-clean4-clean-APP-005157,review-clean4-clean-CAND-03568,2026-09-13,Analyst,73221,USD,2026-10-13,Accepted,2026-09-17,
review-clean4-clean-OFF-000343,review-clean4-clean-APP-005186,review-clean4-clean-CAND-01038,2026-07-07,Analyst,104943,USD,2026-07-25,Declined,,Salary Negotiation
review-clean4-clean-OFF-000344,review-clean4-clean-APP-005194,review-clean4-clean-CAND-03896,2026-07-30,Senior Engineer,144467,USD,2026-08-29,Accepted,2026-08-03,
review-clean4-clean-OFF-000345,review-clean4-clean-APP-005202,review-clean4-clean-CAND-04277,2026-07-12,Senior Engineer,81870,USD,2026-08-05,Accepted,2026-07-14,
review-clean4-clean-OFF-000346,review-clean4-clean-APP-005213,review-clean4-clean-CAND-01565,2026-08-03,Sales Rep,66013,USD,2026-08-18,Sent,2026-08-06,
review-clean4-clean-OFF-000347,review-clean4-clean-APP-005237,review-clean4-clean-CAND-00137,2026-07-01,Senior Engineer,98617,USD,2026-07-21,Accepted,2026-07-08,
review-clean4-clean-OFF-000348,review-clean4-clean-APP-005255,review-clean4-clean-CAND-00165,2026-07-11,Sales Rep,149992,USD,2026-07-26,Accepted,2026-07-14,
review-clean4-clean-OFF-000349,review-clean4-clean-APP-005256,review-clean4-clean-CAND-00086,2026-08-02,Product Manager,68663,USD,2026-08-23,Expired,2026-08-04,Salary Negotiation
review-clean4-clean-OFF-000350,review-clean4-clean-APP-005261,review-clean4-clean-CAND-03108,2026-07-27,Analyst,108194,USD,2026-08-18,Accepted,2026-07-29,
review-clean4-clean-OFF-000351,review-clean4-clean-APP-005277,review-clean4-clean-CAND-02204,2026-07-16,Senior Engineer,87908,USD,2026-08-11,Expired,2026-07-22,
review-clean4-clean-OFF-000352,review-clean4-clean-APP-005310,review-clean4-clean-CAND-01355,2026-08-31,Sales Rep,133299,USD,2026-09-29,Accepted,,
review-clean4-clean-OFF-000353,review-clean4-clean-APP-005329,review-clean4-clean-CAND-04805,2026-08-17,Product Manager,114538,USD,2026-09-14,Declined,,
review-clean4-clean-OFF-000354,review-clean4-clean-APP-005360,review-clean4-clean-CAND-04835,2026-07-25,Product Manager,142168,USD,2026-08-17,Accepted,,
review-clean4-clean-OFF-000355,review-clean4-clean-APP-005366,review-clean4-clean-CAND-04910,2026-07-13,Sales Rep,98436,USD,2026-08-10,Sent,2026-07-15,
review-clean4-clean-OFF-000356,review-clean4-clean-APP-005372,review-clean4-clean-CAND-02439,2026-08-31,Sales Rep,147744,USD,2026-09-14,Declined,2026-09-07,Salary Negotiation
review-clean4-clean-OFF-000357,review-clean4-clean-APP-005410,review-clean4-clean-CAND-04877,2026-09-15,Analyst,82122,USD,2026-10-12,Expired,,
review-clean4-clean-OFF-000358,review-clean4-clean-APP-005419,review-clean4-clean-CAND-03986,2026-08-17,Senior Engineer,88291,USD,2026-09-05,Sent,2026-08-24,
review-clean4-clean-OFF-000359,review-clean4-clean-APP-005456,review-clean4-clean-CAND-02048,2026-08-16,Product Manager,141471,USD,2026-08-30,Accepted,2026-08-21,
review-clean4-clean-OFF-000360,review-clean4-clean-APP-005495,review-clean4-clean-CAND-03643,2026-08-19,Analyst,72932,USD,2026-09-12,Sent,2026-08-26,
review-clean4-clean-OFF-000361,review-clean4-clean-APP-005512,review-clean4-clean-CAND-02984,2026-08-08,Senior Engineer,88383,USD,2026-08-30,Sent,2026-08-15,
review-clean4-clean-OFF-000362,review-clean4-clean-APP-005514,review-clean4-clean-CAND-01396,2026-07-21,Senior Engineer,102449,USD,2026-08-05,Accepted,2026-07-25,
review-clean4-clean-OFF-000363,review-clean4-clean-APP-005522,review-clean4-clean-CAND-02534,2026-08-08,Senior Engineer,75401,USD,2026-09-02,Accepted,2026-08-14,
review-clean4-clean-OFF-000364,review-clean4-clean-APP-005527,review-clean4-clean-CAND-00100,2026-06-24,Product Manager,133611,USD,2026-07-10,Sent,2026-06-26,
review-clean4-clean-OFF-000365,review-clean4-clean-APP-005538,review-clean4-clean-CAND-01497,2026-07-03,Product Manager,135153,USD,2026-07-28,Declined,2026-07-05,
review-clean4-clean-OFF-000366,review-clean4-clean-APP-005539,review-clean4-clean-CAND-02008,2026-07-13,Analyst,105189,USD,2026-08-10,Accepted,,
review-clean4-clean-OFF-000367,review-clean4-clean-APP-005541,review-clean4-clean-CAND-04991,2026-07-31,Senior Engineer,73835,USD,2026-08-26,Sent,,
review-clean4-clean-OFF-000368,review-clean4-clean-APP-005545,review-clean4-clean-CAND-00499,2026-07-16,Senior Engineer,116011,USD,2026-08-08,Accepted,2026-07-18,
review-clean4-clean-OFF-000369,review-clean4-clean-APP-005575,review-clean4-clean-CAND-01586,2026-07-16,Product Manager,149338,USD,2026-08-09,Declined,2026-07-22,
review-clean4-clean-OFF-000370,review-clean4-clean-APP-005586,review-clean4-clean-CAND-03882,2026-07-28,Sales Rep,143358,USD,2026-08-23,Accepted,2026-08-04,
review-clean4-clean-OFF-000371,review-clean4-clean-APP-005589,review-clean4-clean-CAND-03867,2026-09-17,Product Manager,149984,USD,2026-10-08,Accepted,2026-09-24,
review-clean4-clean-OFF-000372,review-clean4-clean-APP-005590,review-clean4-clean-CAND-03038,2026-07-28,Senior Engineer,95341,USD,2026-08-17,Sent,2026-08-01,
review-clean4-clean-OFF-000373,review-clean4-clean-APP-005599,review-clean4-clean-CAND-01657,2026-09-18,Product Manager,63086,USD,2026-10-10,Sent,2026-09-24,
review-clean4-clean-OFF-000374,review-clean4-clean-APP-005631,review-clean4-clean-CAND-02122,2026-09-12,Product Manager,126697,USD,2026-10-09,Sent,2026-09-17,
review-clean4-clean-OFF-000375,review-clean4-clean-APP-005639,review-clean4-clean-CAND-04031,2026-08-11,Senior Engineer,86898,USD,2026-09-05,Accepted,2026-08-18,
review-clean4-clean-OFF-000376,review-clean4-clean-APP-005645,review-clean4-clean-CAND-04998,2026-07-04,Analyst,114289,USD,2026-07-20,Declined,2026-07-11,
review-clean4-clean-OFF-000377,review-clean4-clean-APP-005648,review-clean4-clean-CAND-03816,2026-08-23,Analyst,89832,USD,2026-09-22,Accepted,,
review-clean4-clean-OFF-000378,review-clean4-clean-APP-005674,review-clean4-clean-CAND-01009,2026-08-12,Product Manager,124746,USD,2026-09-05,Declined,2026-08-15,Competing Offer
review-clean4-clean-OFF-000379,review-clean4-clean-APP-005675,review-clean4-clean-CAND-00209,2026-07-12,Sales Rep,110140,USD,2026-08-02,Accepted,,
review-clean4-clean-OFF-000380,review-clean4-clean-APP-005679,review-clean4-clean-CAND-04836,2026-07-29,Analyst,98777,USD,2026-08-25,Declined,2026-08-05,
review-clean4-clean-OFF-000381,review-clean4-clean-APP-005681,review-clean4-clean-CAND-04151,2026-08-28,Senior Engineer,101611,USD,2026-09-22,Sent,2026-09-03,
review-clean4-clean-OFF-000382,review-clean4-clean-APP-005692,review-clean4-clean-CAND-00535,2026-08-16,Senior Engineer,108256,USD,2026-09-10,Declined,,Competing Offer
review-clean4-clean-OFF-000383,review-clean4-clean-APP-005710,review-clean4-clean-CAND-03058,2026-07-24,Analyst,71011,USD,2026-08-11,Declined,2026-07-26,
review-clean4-clean-OFF-000384,review-clean4-clean-APP-005712,review-clean4-clean-CAND-02717,2026-07-17,Senior Engineer,110094,USD,2026-08-16,Expired,2026-07-24,
review-clean4-clean-OFF-000385,review-clean4-clean-APP-005749,review-clean4-clean-CAND-03713,2026-07-17,Product Manager,67690,USD,2026-08-02,Declined,2026-07-19,Salary Negotiation
review-clean4-clean-OFF-000386,review-clean4-clean-APP-005752,review-clean4-clean-CAND-02764,2026-08-20,Product Manager,72683,USD,2026-09-06,Declined,,Salary Negotiation
review-clean4-clean-OFF-000387,review-clean4-clean-APP-005757,review-clean4-clean-CAND-02994,2026-07-16,Senior Engineer,130053,USD,2026-08-04,Accepted,2026-07-20,
review-clean4-clean-OFF-000388,review-clean4-clean-APP-005758,review-clean4-clean-CAND-00209,2026-07-30,Product Manager,96241,USD,2026-08-27,Accepted,2026-08-04,
review-clean4-clean-OFF-000389,review-clean4-clean-APP-005764,review-clean4-clean-CAND-04533,2026-09-02,Analyst,148693,USD,2026-09-20,Sent,,
review-clean4-clean-OFF-000390,review-clean4-clean-APP-005776,review-clean4-clean-CAND-01854,2026-07-02,Sales Rep,127687,USD,2026-07-18,Declined,2026-07-05,Competing Offer
review-clean4-clean-OFF-000391,review-clean4-clean-APP-005779,review-clean4-clean-CAND-02281,2026-07-09,Product Manager,61296,USD,2026-08-07,Accepted,,
review-clean4-clean-OFF-000392,review-clean4-clean-APP-005831,review-clean4-clean-CAND-00808,2026-08-16,Sales Rep,85926,USD,2026-09-01,Accepted,2026-08-22,
review-clean4-clean-OFF-000393,review-clean4-clean-APP-005852,review-clean4-clean-CAND-04095,2026-09-05,Senior Engineer,132568,USD,2026-09-21,Accepted,,
review-clean4-clean-OFF-000394,review-clean4-clean-APP-005869,review-clean4-clean-CAND-00623,2026-07-26,Analyst,77002,USD,2026-08-13,Accepted,2026-07-29,
review-clean4-clean-OFF-000395,review-clean4-clean-APP-005881,review-clean4-clean-CAND-01839,2026-07-24,Product Manager,118494,USD,2026-08-19,Declined,2026-07-29,
review-clean4-clean-OFF-000396,review-clean4-clean-APP-005885,review-clean4-clean-CAND-01997,2026-08-28,Sales Rep,118606,USD,2026-09-16,Declined,2026-08-31,
review-clean4-clean-OFF-000397,review-clean4-clean-APP-005899,review-clean4-clean-CAND-04743,2026-08-16,Product Manager,131870,USD,2026-09-05,Sent,2026-08-21,
review-clean4-clean-OFF-000398,review-clean4-clean-APP-005901,review-clean4-clean-CAND-04386,2026-08-15,Analyst,87921,USD,2026-09-05,Accepted,2026-08-19,
review-clean4-clean-OFF-000399,review-clean4-clean-APP-005911,review-clean4-clean-CAND-02848,2026-07-14,Analyst,146896,USD,2026-08-03,Accepted,2026-07-19,
review-clean4-clean-OFF-000400,review-clean4-clean-APP-005939,review-clean4-clean-CAND-04094,2026-08-18,Senior Engineer,142414,USD,2026-09-11,Accepted,2026-08-24,
review-clean4-clean-OFF-000401,review-clean4-clean-APP-005980,review-clean4-clean-CAND-04358,2026-07-25,Sales Rep,91882,USD,2026-08-22,Accepted,2026-07-28,
review-clean4-clean-OFF-000402,review-clean4-clean-APP-005993,review-clean4-clean-CAND-02516,2026-08-12,Senior Engineer,125619,USD,2026-09-01,Accepted,2026-08-17,
review-clean4-clean-OFF-000403,review-clean4-clean-APP-006048,review-clean4-clean-CAND-02797,2026-07-21,Sales Rep,133046,USD,2026-08-05,Declined,2026-07-26,
review-clean4-clean-OFF-000404,review-clean4-clean-APP-006075,review-clean4-clean-CAND-01947,2026-07-16,Senior Engineer,73495,USD,2026-08-03,Accepted,2026-07-18,
review-clean4-clean-OFF-000405,review-clean4-clean-APP-006091,review-clean4-clean-CAND-03798,2026-09-03,Senior Engineer,128260,USD,2026-09-17,Accepted,2026-09-05,
review-clean4-clean-OFF-000406,review-clean4-clean-APP-006093,review-clean4-clean-CAND-01091,2026-09-16,Senior Engineer,123007,USD,2026-10-11,Declined,2026-09-22,
review-clean4-clean-OFF-000407,review-clean4-clean-APP-006094,review-clean4-clean-CAND-01687,2026-08-30,Product Manager,149778,USD,2026-09-29,Accepted,,
review-clean4-clean-OFF-000408,review-clean4-clean-APP-006100,review-clean4-clean-CAND-03853,2026-08-17,Sales Rep,83810,USD,2026-09-13,Declined,2026-08-21,Competing Offer
review-clean4-clean-OFF-000409,review-clean4-clean-APP-006124,review-clean4-clean-CAND-04780,2026-07-26,Analyst,99450,USD,2026-08-15,Declined,2026-07-28,Salary Negotiation
review-clean4-clean-OFF-000410,review-clean4-clean-APP-006182,review-clean4-clean-CAND-00080,2026-06-25,Product Manager,95595,USD,2026-07-16,Sent,,
review-clean4-clean-OFF-000411,review-clean4-clean-APP-006192,review-clean4-clean-CAND-00651,2026-09-09,Product Manager,123853,USD,2026-10-06,Declined,2026-09-11,
review-clean4-clean-OFF-000412,review-clean4-clean-APP-006221,review-clean4-clean-CAND-03936,2026-08-06,Analyst,72836,USD,2026-08-21,Expired,2026-08-12,
review-clean4-clean-OFF-000413,review-clean4-clean-APP-006229,review-clean4-clean-CAND-03705,2026-09-12,Analyst,88589,USD,2026-10-10,Accepted,2026-09-17,
review-clean4-clean-OFF-000414,review-clean4-clean-APP-006238,review-clean4-clean-CAND-01228,2026-07-21,Product Manager,71701,USD,2026-08-05,Accepted,2026-07-25,
review-clean4-clean-OFF-000415,review-clean4-clean-APP-006240,review-clean4-clean-CAND-03214,2026-09-25,Senior Engineer,117088,USD,2026-10-22,Declined,,
review-clean4-clean-OFF-000416,review-clean4-clean-APP-006248,review-clean4-clean-CAND-01159,2026-06-22,Product Manager,108654,USD,2026-07-10,Declined,,
review-clean4-clean-OFF-000417,review-clean4-clean-APP-006258,review-clean4-clean-CAND-03880,2026-08-15,Analyst,91849,USD,2026-09-06,Declined,2026-08-21,
review-clean4-clean-OFF-000418,review-clean4-clean-APP-006261,review-clean4-clean-CAND-01913,2026-07-12,Product Manager,76314,USD,2026-08-05,Declined,,
review-clean4-clean-OFF-000419,review-clean4-clean-APP-006274,review-clean4-clean-CAND-02180,2026-07-08,Sales Rep,124187,USD,2026-07-27,Declined,2026-07-10,Salary Negotiation
review-clean4-clean-OFF-000420,review-clean4-clean-APP-006278,review-clean4-clean-CAND-03881,2026-08-23,Senior Engineer,95458,USD,2026-09-12,Accepted,,
review-clean4-clean-OFF-000421,review-clean4-clean-APP-006289,review-clean4-clean-CAND-03466,2026-07-25,Product Manager,87604,USD,2026-08-14,Accepted,2026-07-28,
review-clean4-clean-OFF-000422,review-clean4-clean-APP-006296,review-clean4-clean-CAND-04549,2026-08-25,Product Manager,112255,USD,2026-09-15,Declined,2026-08-28,Competing Offer
review-clean4-clean-OFF-000423,review-clean4-clean-APP-006297,review-clean4-clean-CAND-03639,2026-08-18,Product Manager,113654,USD,2026-09-14,Sent,2026-08-24,
review-clean4-clean-OFF-000424,review-clean4-clean-APP-006299,review-clean4-clean-CAND-03736,2026-07-29,Product Manager,81889,USD,2026-08-16,Accepted,2026-08-04,
review-clean4-clean-OFF-000425,review-clean4-clean-APP-006300,review-clean4-clean-CAND-04969,2026-09-13,Product Manager,89001,USD,2026-10-10,Declined,,
review-clean4-clean-OFF-000426,review-clean4-clean-APP-006303,review-clean4-clean-CAND-01016,2026-06-24,Senior Engineer,131839,USD,2026-07-24,Declined,,
review-clean4-clean-OFF-000427,review-clean4-clean-APP-006307,review-clean4-clean-CAND-03558,2026-07-18,Product Manager,133016,USD,2026-08-03,Declined,2026-07-21,Competing Offer
review-clean4-clean-OFF-000428,review-clean4-clean-APP-006336,review-clean4-clean-CAND-00295,2026-07-01,Product Manager,130021,USD,2026-07-18,Declined,2026-07-08,Competing Offer
review-clean4-clean-OFF-000429,review-clean4-clean-APP-006348,review-clean4-clean-CAND-03217,2026-09-08,Sales Rep,93578,USD,2026-10-07,Declined,,
review-clean4-clean-OFF-000430,review-clean4-clean-APP-006351,review-clean4-clean-CAND-04193,2026-07-16,Product Manager,132447,USD,2026-08-05,Accepted,2026-07-19,
review-clean4-clean-OFF-000431,review-clean4-clean-APP-006366,review-clean4-clean-CAND-01354,2026-08-05,Analyst,137126,USD,2026-08-24,Accepted,2026-08-12,
review-clean4-clean-OFF-000432,review-clean4-clean-APP-006379,review-clean4-clean-CAND-03421,2026-08-12,Analyst,104243,USD,2026-09-11,Expired,2026-08-15,
review-clean4-clean-OFF-000433,review-clean4-clean-APP-006422,review-clean4-clean-CAND-02814,2026-07-18,Analyst,71704,USD,2026-08-13,Accepted,,
review-clean4-clean-OFF-000434,review-clean4-clean-APP-006461,review-clean4-clean-CAND-02096,2026-07-07,Sales Rep,72689,USD,2026-07-23,Accepted,2026-07-10,
review-clean4-clean-OFF-000435,review-clean4-clean-APP-006465,review-clean4-clean-CAND-04017,2026-08-07,Analyst,101779,USD,2026-09-01,Accepted,2026-08-11,
review-clean4-clean-OFF-000436,review-clean4-clean-APP-006468,review-clean4-clean-CAND-04455,2026-07-28,Sales Rep,115007,USD,2026-08-14,Expired,2026-08-04,Salary Negotiation
review-clean4-clean-OFF-000437,review-clean4-clean-APP-006491,review-clean4-clean-CAND-00360,2026-07-13,Sales Rep,146117,USD,2026-08-06,Declined,2026-07-20,
review-clean4-clean-OFF-000438,review-clean4-clean-APP-006511,review-clean4-clean-CAND-01531,2026-08-20,Analyst,124497,USD,2026-09-16,Declined,,
review-clean4-clean-OFF-000439,review-clean4-clean-APP-006512,review-clean4-clean-CAND-03655,2026-09-05,Product Manager,99422,USD,2026-09-30,Sent,2026-09-10,
review-clean4-clean-OFF-000440,review-clean4-clean-APP-006523,review-clean4-clean-CAND-00073,2026-09-20,Senior Engineer,139318,USD,2026-10-11,Accepted,2026-09-24,
review-clean4-clean-OFF-000441,review-clean4-clean-APP-006554,review-clean4-clean-CAND-03850,2026-08-30,Analyst,127513,USD,2026-09-29,Declined,,Salary Negotiation
review-clean4-clean-OFF-000442,review-clean4-clean-APP-006556,review-clean4-clean-CAND-04830,2026-09-09,Senior Engineer,118952,USD,2026-09-27,Sent,,
review-clean4-clean-OFF-000443,review-clean4-clean-APP-006565,review-clean4-clean-CAND-01867,2026-08-15,Product Manager,143867,USD,2026-08-30,Accepted,2026-08-21,
review-clean4-clean-OFF-000444,review-clean4-clean-APP-006577,review-clean4-clean-CAND-03791,2026-09-10,Sales Rep,86254,USD,2026-10-08,Declined,,Salary Negotiation
review-clean4-clean-OFF-000445,review-clean4-clean-APP-006602,review-clean4-clean-CAND-04385,2026-08-28,Senior Engineer,107869,USD,2026-09-23,Expired,2026-09-03,Salary Negotiation
review-clean4-clean-OFF-000446,review-clean4-clean-APP-006604,review-clean4-clean-CAND-03468,2026-09-14,Analyst,90373,USD,2026-10-02,Sent,2026-09-20,
review-clean4-clean-OFF-000447,review-clean4-clean-APP-006611,review-clean4-clean-CAND-01243,2026-07-05,Senior Engineer,77118,USD,2026-08-02,Accepted,2026-07-07,
review-clean4-clean-OFF-000448,review-clean4-clean-APP-006639,review-clean4-clean-CAND-03094,2026-07-13,Product Manager,98778,USD,2026-08-09,Declined,2026-07-15,Salary Negotiation
review-clean4-clean-OFF-000449,review-clean4-clean-APP-006671,review-clean4-clean-CAND-03853,2026-07-01,Product Manager,103459,USD,2026-07-16,Sent,2026-07-07,
review-clean4-clean-OFF-000450,review-clean4-clean-APP-006706,review-clean4-clean-CAND-03135,2026-08-22,Analyst,92408,USD,2026-09-06,Declined,2026-08-29,
review-clean4-clean-OFF-000451,review-clean4-clean-APP-006722,review-clean4-clean-CAND-03551,2026-09-13,Senior Engineer,109927,USD,2026-10-11,Sent,,
review-clean4-clean-OFF-000452,review-clean4-clean-APP-006748,review-clean4-clean-CAND-01594,2026-08-22,Senior Engineer,129596,USD,2026-09-16,Accepted,2026-08-28,
review-clean4-clean-OFF-000453,review-clean4-clean-APP-006774,review-clean4-clean-CAND-00808,2026-06-26,Analyst,103267,USD,2026-07-15,Sent,2026-06-29,
review-clean4-clean-OFF-000454,review-clean4-clean-APP-006810,review-clean4-clean-CAND-01290,2026-07-29,Senior Engineer,147494,USD,2026-08-21,Expired,,Salary Negotiation
review-clean4-clean-OFF-000455,review-clean4-clean-APP-006814,review-clean4-clean-CAND-02775,2026-08-20,Senior Engineer,94660,USD,2026-09-08,Sent,2026-08-24,
review-clean4-clean-OFF-000456,review-clean4-clean-APP-006818,review-clean4-clean-CAND-03286,2026-08-17,Senior Engineer,69971,USD,2026-09-14,Accepted,2026-08-19,
review-clean4-clean-OFF-000457,review-clean4-clean-APP-006835,review-clean4-clean-CAND-00542,2026-09-10,Product Manager,132374,USD,2026-10-03,Declined,2026-09-17,Competing Offer
review-clean4-clean-OFF-000458,review-clean4-clean-APP-006849,review-clean4-clean-CAND-01657,2026-06-24,Sales Rep,82102,USD,2026-07-19,Declined,2026-06-28,
review-clean4-clean-OFF-000459,review-clean4-clean-APP-006872,review-clean4-clean-CAND-02174,2026-08-16,Analyst,75290,USD,2026-09-08,Declined,2026-08-20,
review-clean4-clean-OFF-000460,review-clean4-clean-APP-006925,review-clean4-clean-CAND-00031,2026-07-16,Sales Rep,121140,USD,2026-08-15,Declined,,Competing Offer
review-clean4-clean-OFF-000461,review-clean4-clean-APP-007004,review-clean4-clean-CAND-02664,2026-08-26,Sales Rep,148349,USD,2026-09-22,Sent,,
review-clean4-clean-OFF-000462,review-clean4-clean-APP-007007,review-clean4-clean-CAND-01196,2026-09-21,Sales Rep,128123,USD,2026-10-07,Accepted,,
review-clean4-clean-OFF-000463,review-clean4-clean-APP-007014,review-clean4-clean-CAND-04295,2026-09-03,Senior Engineer,137521,USD,2026-09-26,Accepted,,
review-clean4-clean-OFF-000464,review-clean4-clean-APP-007021,review-clean4-clean-CAND-01838,2026-08-10,Analyst,64969,USD,2026-08-27,Accepted,,
review-clean4-clean-OFF-000465,review-clean4-clean-APP-007022,review-clean4-clean-CAND-02258,2026-07-22,Analyst,120991,USD,2026-08-18,Sent,2026-07-26,
review-clean4-clean-OFF-000466,review-clean4-clean-APP-007026,review-clean4-clean-CAND-03981,2026-07-31,Analyst,101617,USD,2026-08-23,Declined,,
review-clean4-clean-OFF-000467,review-clean4-clean-APP-007040,review-clean4-clean-CAND-00161,2026-09-04,Product Manager,115984,USD,2026-09-23,Declined,,
review-clean4-clean-OFF-000468,review-clean4-clean-APP-007066,review-clean4-clean-CAND-02298,2026-08-27,Product Manager,99984,USD,2026-09-16,Declined,2026-09-02,
review-clean4-clean-OFF-000469,review-clean4-clean-APP-007074,review-clean4-clean-CAND-01773,2026-09-01,Senior Engineer,105719,USD,2026-09-30,Sent,,
review-clean4-clean-OFF-000470,review-clean4-clean-APP-007078,review-clean4-clean-CAND-03499,2026-08-15,Senior Engineer,140397,USD,2026-08-29,Declined,2026-08-22,
review-clean4-clean-OFF-000471,review-clean4-clean-APP-007080,review-clean4-clean-CAND-04558,2026-09-15,Analyst,66523,USD,2026-10-12,Expired,2026-09-22,Competing Offer
review-clean4-clean-OFF-000472,review-clean4-clean-APP-007086,review-clean4-clean-CAND-01605,2026-08-31,Product Manager,104912,USD,2026-09-26,Accepted,2026-09-06,
review-clean4-clean-OFF-000473,review-clean4-clean-APP-007115,review-clean4-clean-CAND-04763,2026-08-19,Sales Rep,92667,USD,2026-09-10,Accepted,2026-08-25,
review-clean4-clean-OFF-000474,review-clean4-clean-APP-007146,review-clean4-clean-CAND-03044,2026-08-21,Analyst,87414,USD,2026-09-15,Accepted,2026-08-26,
review-clean4-clean-OFF-000475,review-clean4-clean-APP-007149,review-clean4-clean-CAND-03106,2026-08-12,Senior Engineer,88343,USD,2026-08-26,Sent,2026-08-14,
review-clean4-clean-OFF-000476,review-clean4-clean-APP-007152,review-clean4-clean-CAND-00697,2026-08-22,Product Manager,134203,USD,2026-09-05,Declined,,Salary Negotiation
review-clean4-clean-OFF-000477,review-clean4-clean-APP-007153,review-clean4-clean-CAND-04919,2026-07-16,Product Manager,140407,USD,2026-08-12,Accepted,2026-07-23,
review-clean4-clean-OFF-000478,review-clean4-clean-APP-007158,review-clean4-clean-CAND-02574,2026-08-14,Product Manager,101376,USD,2026-09-05,Declined,,Salary Negotiation
review-clean4-clean-OFF-000479,review-clean4-clean-APP-007161,review-clean4-clean-CAND-04909,2026-07-07,Sales Rep,68613,USD,2026-07-25,Sent,,
review-clean4-clean-OFF-000480,review-clean4-clean-APP-007189,review-clean4-clean-CAND-04225,2026-09-14,Senior Engineer,81262,USD,2026-10-11,Declined,2026-09-19,Competing Offer
review-clean4-clean-OFF-000481,review-clean4-clean-APP-007202,review-clean4-clean-CAND-00853,2026-09-11,Analyst,145319,USD,2026-10-10,Declined,2026-09-15,Salary Negotiation
review-clean4-clean-OFF-000482,review-clean4-clean-APP-007210,review-clean4-clean-CAND-01532,2026-09-08,Sales Rep,98369,USD,2026-09-26,Expired,2026-09-12,Salary Negotiation
review-clean4-clean-OFF-000483,review-clean4-clean-APP-007239,review-clean4-clean-CAND-03332,2026-07-03,Product Manager,133108,USD,2026-07-19,Declined,2026-07-09,
review-clean4-clean-OFF-000484,review-clean4-clean-APP-007240,review-clean4-clean-CAND-00630,2026-08-03,Product Manager,148715,USD,2026-08-20,Accepted,,
review-clean4-clean-OFF-000485,review-clean4-clean-APP-007254,review-clean4-clean-CAND-02324,2026-08-03,Product Manager,86032,USD,2026-08-20,Accepted,2026-08-09,
review-clean4-clean-OFF-000486,review-clean4-clean-APP-007266,review-clean4-clean-CAND-02810,2026-09-01,Analyst,102627,USD,2026-09-23,Sent,2026-09-08,
review-clean4-clean-OFF-000487,review-clean4-clean-APP-007327,review-clean4-clean-CAND-02707,2026-08-01,Analyst,141694,USD,2026-08-25,Declined,2026-08-06,Competing Offer
review-clean4-clean-OFF-000488,review-clean4-clean-APP-007351,review-clean4-clean-CAND-04639,2026-08-03,Analyst,143978,USD,2026-08-29,Accepted,2026-08-08,
review-clean4-clean-OFF-000489,review-clean4-clean-APP-007366,review-clean4-clean-CAND-02188,2026-08-18,Analyst,79016,USD,2026-09-16,Declined,2026-08-20,Competing Offer
review-clean4-clean-OFF-000490,review-clean4-clean-APP-007391,review-clean4-clean-CAND-04058,2026-07-23,Senior Engineer,89161,USD,2026-08-15,Declined,2026-07-27,
review-clean4-clean-OFF-000491,review-clean4-clean-APP-007397,review-clean4-clean-CAND-02823,2026-08-31,Sales Rep,121869,USD,2026-09-14,Declined,,Salary Negotiation
review-clean4-clean-OFF-000492,review-clean4-clean-APP-007406,review-clean4-clean-CAND-01087,2026-07-14,Analyst,71449,USD,2026-07-30,Sent,,
review-clean4-clean-OFF-000493,review-clean4-clean-APP-007417,review-clean4-clean-CAND-04062,2026-08-02,Sales Rep,64923,USD,2026-08-16,Sent,2026-08-08,
review-clean4-clean-OFF-000494,review-clean4-clean-APP-007418,review-clean4-clean-CAND-02826,2026-08-13,Product Manager,65541,USD,2026-09-02,Sent,2026-08-16,
review-clean4-clean-OFF-000495,review-clean4-clean-APP-007424,review-clean4-clean-CAND-02647,2026-06-27,Analyst,93254,USD,2026-07-20,Accepted,2026-07-03,
review-clean4-clean-OFF-000496,review-clean4-clean-APP-007441,review-clean4-clean-CAND-04969,2026-07-22,Product Manager,69354,USD,2026-08-06,Declined,2026-07-24,Salary Negotiation
review-clean4-clean-OFF-000497,review-clean4-clean-APP-007451,review-clean4-clean-CAND-00975,2026-08-18,Sales Rep,145641,USD,2026-09-16,Accepted,2026-08-25,
review-clean4-clean-OFF-000498,review-clean4-clean-APP-007455,review-clean4-clean-CAND-00127,2026-07-26,Product Manager,99361,USD,2026-08-20,Expired,2026-07-29,Competing Offer
review-clean4-clean-OFF-000499,review-clean4-clean-APP-007486,review-clean4-clean-CAND-04471,2026-09-06,Senior Engineer,74610,USD,2026-10-03,Declined,,Competing Offer
review-clean4-clean-OFF-000500,review-clean4-clean-APP-007494,review-clean4-clean-CAND-00639,2026-07-04,Sales Rep,88882,USD,2026-07-31,Sent,2026-07-06,
review-clean4-clean-OFF-000501,review-clean4-clean-APP-007502,review-clean4-clean-CAND-02623,2026-08-20,Product Manager,115046,USD,2026-09-18,Accepted,2026-08-26,
review-clean4-clean-OFF-000502,review-clean4-clean-APP-007513,review-clean4-clean-CAND-04663,2026-09-15,Analyst,145737,USD,2026-10-02,Accepted,2026-09-21,
review-clean4-clean-OFF-000503,review-clean4-clean-APP-007518,review-clean4-clean-CAND-04290,2026-09-05,Product Manager,121802,USD,2026-09-24,Sent,,
review-clean4-clean-OFF-000504,review-clean4-clean-APP-007540,review-clean4-clean-CAND-00211,2026-09-08,Analyst,141936,USD,2026-09-29,Declined,2026-09-15,Salary Negotiation
review-clean4-clean-OFF-000505,review-clean4-clean-APP-007549,review-clean4-clean-CAND-04197,2026-09-16,Product Manager,82288,USD,2026-10-06,Accepted,2026-09-19,
review-clean4-clean-OFF-000506,review-clean4-clean-APP-007552,review-clean4-clean-CAND-01351,2026-07-16,Senior Engineer,74634,USD,2026-07-30,Accepted,,
review-clean4-clean-OFF-000507,review-clean4-clean-APP-007564,review-clean4-clean-CAND-04297,2026-09-11,Senior Engineer,102393,USD,2026-10-10,Accepted,,
review-clean4-clean-OFF-000508,review-clean4-clean-APP-007578,review-clean4-clean-CAND-03295,2026-07-13,Analyst,146311,USD,2026-08-06,Sent,2026-07-16,
review-clean4-clean-OFF-000509,review-clean4-clean-APP-007585,review-clean4-clean-CAND-02768,2026-07-04,Senior Engineer,88079,USD,2026-07-20,Sent,2026-07-10,
review-clean4-clean-OFF-000510,review-clean4-clean-APP-007587,review-clean4-clean-CAND-02782,2026-06-24,Product Manager,129234,USD,2026-07-19,Sent,2026-07-01,
review-clean4-clean-OFF-000511,review-clean4-clean-APP-007592,review-clean4-clean-CAND-00973,2026-08-24,Senior Engineer,112703,USD,2026-09-21,Declined,,
review-clean4-clean-OFF-000512,review-clean4-clean-APP-007595,review-clean4-clean-CAND-00323,2026-07-18,Product Manager,112647,USD,2026-08-10,Accepted,,
review-clean4-clean-OFF-000513,review-clean4-clean-APP-007616,review-clean4-clean-CAND-02359,2026-08-18,Product Manager,94323,USD,2026-09-01,Accepted,2026-08-22,
review-clean4-clean-OFF-000514,review-clean4-clean-APP-007632,review-clean4-clean-CAND-01450,2026-07-31,Product Manager,79905,USD,2026-08-28,Accepted,,
review-clean4-clean-OFF-000515,review-clean4-clean-APP-007642,review-clean4-clean-CAND-00838,2026-09-07,Senior Engineer,73117,USD,2026-09-30,Sent,,
review-clean4-clean-OFF-000516,review-clean4-clean-APP-007646,review-clean4-clean-CAND-03746,2026-08-26,Sales Rep,101487,USD,2026-09-23,Expired,2026-08-30,
review-clean4-clean-OFF-000517,review-clean4-clean-APP-007664,review-clean4-clean-CAND-01001,2026-09-08,Product Manager,60165,USD,2026-09-29,Sent,2026-09-12,
review-clean4-clean-OFF-000518,review-clean4-clean-APP-007666,review-clean4-clean-CAND-04040,2026-06-30,Senior Engineer,107336,USD,2026-07-19,Sent,2026-07-05,
review-clean4-clean-OFF-000519,review-clean4-clean-APP-007669,review-clean4-clean-CAND-02139,2026-07-25,Analyst,74969,USD,2026-08-23,Declined,2026-07-31,Competing Offer
review-clean4-clean-OFF-000520,review-clean4-clean-APP-007672,review-clean4-clean-CAND-04945,2026-08-23,Analyst,133395,USD,2026-09-10,Accepted,2026-08-28,
review-clean4-clean-OFF-000521,review-clean4-clean-APP-007683,review-clean4-clean-CAND-00231,2026-07-20,Senior Engineer,80904,USD,2026-08-18,Declined,,
review-clean4-clean-OFF-000522,review-clean4-clean-APP-007693,review-clean4-clean-CAND-01726,2026-08-04,Senior Engineer,98646,USD,2026-08-29,Sent,2026-08-06,
review-clean4-clean-OFF-000523,review-clean4-clean-APP-007709,review-clean4-clean-CAND-01629,2026-08-04,Sales Rep,67621,USD,2026-08-31,Accepted,2026-08-06,
review-clean4-clean-OFF-000524,review-clean4-clean-APP-007711,review-clean4-clean-CAND-01609,2026-07-30,Sales Rep,120496,USD,2026-08-19,Declined,,Competing Offer
review-clean4-clean-OFF-000525,review-clean4-clean-APP-007723,review-clean4-clean-CAND-00732,2026-08-16,Product Manager,73593,USD,2026-09-05,Sent,2026-08-18,
review-clean4-clean-OFF-000526,review-clean4-clean-APP-007735,review-clean4-clean-CAND-01466,2026-07-20,Product Manager,131854,USD,2026-08-18,Accepted,2026-07-23,
review-clean4-clean-OFF-000527,review-clean4-clean-APP-007769,review-clean4-clean-CAND-01870,2026-09-14,Product Manager,112909,USD,2026-10-11,Accepted,2026-09-18,
review-clean4-clean-OFF-000528,review-clean4-clean-APP-007789,review-clean4-clean-CAND-01698,2026-08-13,Product Manager,60268,USD,2026-08-31,Accepted,2026-08-16,
review-clean4-clean-OFF-000529,review-clean4-clean-APP-007809,review-clean4-clean-CAND-01611,2026-08-25,Sales Rep,118844,USD,2026-09-15,Sent,2026-08-27,
review-clean4-clean-OFF-000530,review-clean4-clean-APP-007833,review-clean4-clean-CAND-02152,2026-09-01,Senior Engineer,60275,USD,2026-09-17,Declined,2026-09-06,
review-clean4-clean-OFF-000531,review-clean4-clean-APP-007839,review-clean4-clean-CAND-00539,2026-09-05,Analyst,113974,USD,2026-09-20,Accepted,,
review-clean4-clean-OFF-000532,review-clean4-clean-APP-007853,review-clean4-clean-CAND-03973,2026-08-13,Sales Rep,133627,USD,2026-08-29,Declined,2026-08-18,Salary Negotiation
review-clean4-clean-OFF-000533,review-clean4-clean-APP-007867,review-clean4-clean-CAND-01406,2026-09-12,Product Manager,103447,USD,2026-10-04,Accepted,2026-09-14,
review-clean4-clean-OFF-000534,review-clean4-clean-APP-007882,review-clean4-clean-CAND-01133,2026-07-19,Senior Engineer,138380,USD,2026-08-10,Accepted,,
review-clean4-clean-OFF-000535,review-clean4-clean-APP-007885,review-clean4-clean-CAND-01910,2026-09-01,Analyst,135132,USD,2026-09-22,Sent,,
review-clean4-clean-OFF-000536,review-clean4-clean-APP-007896,review-clean4-clean-CAND-00689,2026-07-16,Senior Engineer,85820,USD,2026-08-04,Accepted,2026-07-18,
review-clean4-clean-OFF-000537,review-clean4-clean-APP-007911,review-clean4-clean-CAND-02328,2026-08-16,Product Manager,132719,USD,2026-09-13,Declined,,
review-clean4-clean-OFF-000538,review-clean4-clean-APP-007926,review-clean4-clean-CAND-02770,2026-08-17,Analyst,142023,USD,2026-08-31,Accepted,2026-08-21,
review-clean4-clean-OFF-000539,review-clean4-clean-APP-007934,review-clean4-clean-CAND-04111,2026-09-16,Analyst,120694,USD,2026-10-01,Sent,2026-09-22,
review-clean4-clean-OFF-000540,review-clean4-clean-APP-007961,review-clean4-clean-CAND-03967,2026-09-10,Analyst,60628,USD,2026-09-24,Accepted,2026-09-12,
review-clean4-clean-OFF-000541,review-clean4-clean-APP-007981,review-clean4-clean-CAND-02682,2026-09-03,Product Manager,122932,USD,2026-10-01,Expired,2026-09-09,Competing Offer
review-clean4-clean-OFF-000542,review-clean4-clean-APP-007995,review-clean4-clean-CAND-01031,2026-08-29,Sales Rep,133385,USD,2026-09-20,Sent,2026-08-31,
review-clean4-clean-OFF-000543,review-clean4-clean-APP-007999,review-clean4-clean-CAND-00403,2026-06-26,Senior Engineer,64598,USD,2026-07-13,Accepted,2026-06-30,
review-clean4-clean-OFF-000544,review-clean4-clean-APP-008013,review-clean4-clean-CAND-02613,2026-08-12,Product Manager,107040,USD,2026-09-02,Accepted,,
review-clean4-clean-OFF-000545,review-clean4-clean-APP-008020,review-clean4-clean-CAND-02757,2026-08-25,Sales Rep,144762,USD,2026-09-19,Declined,2026-08-29,Salary Negotiation
review-clean4-clean-OFF-000546,review-clean4-clean-APP-008025,review-clean4-clean-CAND-03486,2026-08-15,Senior Engineer,149326,USD,2026-09-10,Accepted,2026-08-19,
review-clean4-clean-OFF-000547,review-clean4-clean-APP-008034,review-clean4-clean-CAND-00757,2026-08-18,Senior Engineer,115138,USD,2026-09-10,Sent,,
review-clean4-clean-OFF-000548,review-clean4-clean-APP-008041,review-clean4-clean-CAND-01605,2026-08-19,Analyst,148839,USD,2026-09-12,Sent,2026-08-21,
review-clean4-clean-OFF-000549,review-clean4-clean-APP-008074,review-clean4-clean-CAND-01363,2026-08-31,Product Manager,118225,USD,2026-09-30,Declined,2026-09-03,Salary Negotiation
review-clean4-clean-OFF-000550,review-clean4-clean-APP-008080,review-clean4-clean-CAND-00498,2026-07-21,Sales Rep,127211,USD,2026-08-17,Declined,,
review-clean4-clean-OFF-000551,review-clean4-clean-APP-008165,review-clean4-clean-CAND-00754,2026-08-05,Product Manager,138941,USD,2026-08-22,Sent,2026-08-08,
review-clean4-clean-OFF-000552,review-clean4-clean-APP-008186,review-clean4-clean-CAND-04335,2026-07-10,Product Manager,127400,USD,2026-07-30,Declined,2026-07-15,
review-clean4-clean-OFF-000553,review-clean4-clean-APP-008210,review-clean4-clean-CAND-04518,2026-09-10,Analyst,128866,USD,2026-10-05,Sent,2026-09-12,
review-clean4-clean-OFF-000554,review-clean4-clean-APP-008222,review-clean4-clean-CAND-03055,2026-07-30,Sales Rep,139471,USD,2026-08-28,Accepted,2026-08-06,
review-clean4-clean-OFF-000555,review-clean4-clean-APP-008231,review-clean4-clean-CAND-00433,2026-07-30,Product Manager,74699,USD,2026-08-18,Sent,,
review-clean4-clean-OFF-000556,review-clean4-clean-APP-008232,review-clean4-clean-CAND-01731,2026-07-10,Analyst,101589,USD,2026-07-31,Accepted,2026-07-13,
review-clean4-clean-OFF-000557,review-clean4-clean-APP-008244,review-clean4-clean-CAND-00483,2026-09-07,Sales Rep,119264,USD,2026-09-30,Accepted,,
review-clean4-clean-OFF-000558,review-clean4-clean-APP-008265,review-clean4-clean-CAND-04276,2026-07-23,Senior Engineer,99042,USD,2026-08-22,Declined,2026-07-25,
review-clean4-clean-OFF-000559,review-clean4-clean-APP-008266,review-clean4-clean-CAND-04859,2026-09-09,Analyst,88500,USD,2026-09-24,Sent,,
review-clean4-clean-OFF-000560,review-clean4-clean-APP-008309,review-clean4-clean-CAND-00817,2026-09-20,Product Manager,107098,USD,2026-10-07,Sent,2026-09-27,
review-clean4-clean-OFF-000561,review-clean4-clean-APP-008316,review-clean4-clean-CAND-00195,2026-09-20,Product Manager,107203,USD,2026-10-10,Sent,,
review-clean4-clean-OFF-000562,review-clean4-clean-APP-008334,review-clean4-clean-CAND-00406,2026-08-17,Analyst,83686,USD,2026-08-31,Declined,2026-08-20,Salary Negotiation
review-clean4-clean-OFF-000563,review-clean4-clean-APP-008355,review-clean4-clean-CAND-03989,2026-07-14,Product Manager,67051,USD,2026-08-11,Accepted,2026-07-21,
review-clean4-clean-OFF-000564,review-clean4-clean-APP-008373,review-clean4-clean-CAND-00598,2026-06-30,Product Manager,74967,USD,2026-07-14,Accepted,2026-07-02,
review-clean4-clean-OFF-000565,review-clean4-clean-APP-008379,review-clean4-clean-CAND-01531,2026-07-23,Sales Rep,75363,USD,2026-08-10,Accepted,2026-07-27,
review-clean4-clean-OFF-000566,review-clean4-clean-APP-008449,review-clean4-clean-CAND-04730,2026-09-04,Product Manager,60247,USD,2026-09-27,Declined,2026-09-10,
review-clean4-clean-OFF-000567,review-clean4-clean-APP-008454,review-clean4-clean-CAND-01223,2026-07-10,Sales Rep,95025,USD,2026-08-06,Accepted,2026-07-12,
review-clean4-clean-OFF-000568,review-clean4-clean-APP-008468,review-clean4-clean-CAND-01838,2026-07-06,Sales Rep,135434,USD,2026-08-05,Accepted,,
review-clean4-clean-OFF-000569,review-clean4-clean-APP-008473,review-clean4-clean-CAND-00335,2026-08-15,Senior Engineer,117286,USD,2026-09-01,Accepted,2026-08-17,
review-clean4-clean-OFF-000570,review-clean4-clean-APP-008483,review-clean4-clean-CAND-03006,2026-06-18,Senior Engineer,69792,USD,2026-07-08,Expired,2026-06-22,Competing Offer
review-clean4-clean-OFF-000571,review-clean4-clean-APP-008517,review-clean4-clean-CAND-02160,2026-08-09,Senior Engineer,81903,USD,2026-09-02,Accepted,,
review-clean4-clean-OFF-000572,review-clean4-clean-APP-008545,review-clean4-clean-CAND-00182,2026-08-28,Senior Engineer,145439,USD,2026-09-27,Accepted,,
review-clean4-clean-OFF-000573,review-clean4-clean-APP-008563,review-clean4-clean-CAND-00458,2026-08-28,Product Manager,116276,USD,2026-09-23,Accepted,2026-08-31,
review-clean4-clean-OFF-000574,review-clean4-clean-APP-008565,review-clean4-clean-CAND-03752,2026-07-09,Product Manager,68641,USD,2026-08-03,Declined,,Salary Negotiation
review-clean4-clean-OFF-000575,review-clean4-clean-APP-008566,review-clean4-clean-CAND-00149,2026-08-19,Analyst,98963,USD,2026-09-08,Expired,,Salary Negotiation
review-clean4-clean-OFF-000576,review-clean4-clean-APP-008573,review-clean4-clean-CAND-01282,2026-08-21,Sales Rep,125419,USD,2026-09-13,Sent,2026-08-25,
review-clean4-clean-OFF-000577,review-clean4-clean-APP-008599,review-clean4-clean-CAND-00217,2026-08-22,Senior Engineer,145180,USD,2026-09-08,Declined,,
review-clean4-clean-OFF-000578,review-clean4-clean-APP-008623,review-clean4-clean-CAND-01848,2026-08-06,Senior Engineer,123185,USD,2026-09-03,Sent,2026-08-11,
review-clean4-clean-OFF-000579,review-clean4-clean-APP-008656,review-clean4-clean-CAND-01985,2026-09-06,Sales Rep,74734,USD,2026-09-27,Declined,2026-09-11,
review-clean4-clean-OFF-000580,review-clean4-clean-APP-008667,review-clean4-clean-CAND-00588,2026-06-24,Senior Engineer,119436,USD,2026-07-14,Sent,2026-06-28,
review-clean4-clean-OFF-000581,review-clean4-clean-APP-008687,review-clean4-clean-CAND-00005,2026-07-27,Senior Engineer,115292,USD,2026-08-12,Accepted,2026-07-30,
review-clean4-clean-OFF-000582,review-clean4-clean-APP-008699,review-clean4-clean-CAND-04287,2026-08-31,Product Manager,75235,USD,2026-09-18,Declined,2026-09-05,Salary Negotiation
review-clean4-clean-OFF-000583,review-clean4-clean-APP-008701,review-clean4-clean-CAND-04019,2026-07-16,Analyst,100220,USD,2026-08-14,Declined,,Competing Offer
review-clean4-clean-OFF-000584,review-clean4-clean-APP-008765,review-clean4-clean-CAND-03241,2026-08-27,Senior Engineer,99098,USD,2026-09-16,Declined,,Competing Offer
review-clean4-clean-OFF-000585,review-clean4-clean-APP-008783,review-clean4-clean-CAND-00502,2026-07-13,Product Manager,126668,USD,2026-08-06,Sent,2026-07-20,
review-clean4-clean-OFF-000586,review-clean4-clean-APP-008794,review-clean4-clean-CAND-03126,2026-08-09,Product Manager,93035,USD,2026-08-29,Accepted,2026-08-14,
review-clean4-clean-OFF-000587,review-clean4-clean-APP-008809,review-clean4-clean-CAND-04527,2026-09-10,Senior Engineer,89761,USD,2026-10-08,Expired,2026-09-16,
review-clean4-clean-OFF-000588,review-clean4-clean-APP-008817,review-clean4-clean-CAND-01291,2026-07-15,Analyst,142079,USD,2026-08-10,Accepted,2026-07-21,
review-clean4-clean-OFF-000589,review-clean4-clean-APP-008822,review-clean4-clean-CAND-00883,2026-08-29,Analyst,74672,USD,2026-09-21,Accepted,2026-09-02,
review-clean4-clean-OFF-000590,review-clean4-clean-APP-008888,review-clean4-clean-CAND-01208,2026-06-21,Sales Rep,105647,USD,2026-07-19,Accepted,2026-06-23,
review-clean4-clean-OFF-000591,review-clean4-clean-APP-008894,review-clean4-clean-CAND-04350,2026-08-25,Analyst,61809,USD,2026-09-14,Accepted,2026-08-30,
review-clean4-clean-OFF-000592,review-clean4-clean-APP-008896,review-clean4-clean-CAND-02840,2026-07-16,Analyst,76219,USD,2026-08-06,Declined,2026-07-19,Competing Offer
review-clean4-clean-OFF-000593,review-clean4-clean-APP-008903,review-clean4-clean-CAND-02888,2026-07-23,Senior Engineer,72679,USD,2026-08-11,Sent,2026-07-26,
review-clean4-clean-OFF-000594,review-clean4-clean-APP-008920,review-clean4-clean-CAND-02412,2026-09-02,Sales Rep,134349,USD,2026-09-16,Sent,,
review-clean4-clean-OFF-000595,review-clean4-clean-APP-008924,review-clean4-clean-CAND-00097,2026-08-19,Sales Rep,127846,USD,2026-09-15,Expired,2026-08-22,
review-clean4-clean-OFF-000596,review-clean4-clean-APP-008940,review-clean4-clean-CAND-01162,2026-09-05,Product Manager,145379,USD,2026-09-30,Expired,,
review-clean4-clean-OFF-000597,review-clean4-clean-APP-008951,review-clean4-clean-CAND-01412,2026-08-21,Sales Rep,147783,USD,2026-09-10,Accepted,2026-08-28,
review-clean4-clean-OFF-000598,review-clean4-clean-APP-008991,review-clean4-clean-CAND-02504,2026-06-21,Analyst,146036,USD,2026-07-20,Declined,2026-06-25,
review-clean4-clean-OFF-000599,review-clean4-clean-APP-009003,review-clean4-clean-CAND-01632,2026-07-13,Sales Rep,138839,USD,2026-08-06,Accepted,,
review-clean4-clean-OFF-000600,review-clean4-clean-APP-009018,review-clean4-clean-CAND-03424,2026-06-30,Sales Rep,141630,USD,2026-07-26,Declined,,Salary Negotiation
review-clean4-clean-OFF-000601,review-clean4-clean-APP-009028,review-clean4-clean-CAND-03339,2026-07-14,Senior Engineer,73051,USD,2026-08-06,Accepted,2026-07-17,
review-clean4-clean-OFF-000602,review-clean4-clean-APP-009031,review-clean4-clean-CAND-04443,2026-09-19,Senior Engineer,88028,USD,2026-10-07,Sent,2026-09-21,
review-clean4-clean-OFF-000603,review-clean4-clean-APP-009060,review-clean4-clean-CAND-00137,2026-09-18,Sales Rep,102961,USD,2026-10-18,Declined,2026-09-24,Salary Negotiation
review-clean4-clean-OFF-000604,review-clean4-clean-APP-009072,review-clean4-clean-CAND-00074,2026-07-24,Sales Rep,63571,USD,2026-08-11,Sent,2026-07-28,
review-clean4-clean-OFF-000605,review-clean4-clean-APP-009077,review-clean4-clean-CAND-03376,2026-07-20,Sales Rep,73297,USD,2026-08-08,Sent,,
review-clean4-clean-OFF-000606,review-clean4-clean-APP-009081,review-clean4-clean-CAND-00032,2026-07-18,Product Manager,85180,USD,2026-08-05,Declined,,
review-clean4-clean-OFF-000607,review-clean4-clean-APP-009082,review-clean4-clean-CAND-03747,2026-09-22,Senior Engineer,100376,USD,2026-10-11,Expired,2026-09-25,
review-clean4-clean-OFF-000608,review-clean4-clean-APP-009142,review-clean4-clean-CAND-00355,2026-06-25,Sales Rep,135100,USD,2026-07-23,Declined,2026-07-01,
review-clean4-clean-OFF-000609,review-clean4-clean-APP-009156,review-clean4-clean-CAND-03936,2026-08-08,Analyst,102542,USD,2026-09-02,Declined,2026-08-11,Competing Offer
review-clean4-clean-OFF-000610,review-clean4-clean-APP-009198,review-clean4-clean-CAND-02371,2026-07-10,Sales Rep,146444,USD,2026-07-31,Accepted,,
review-clean4-clean-OFF-000611,review-clean4-clean-APP-009216,review-clean4-clean-CAND-01002,2026-06-30,Analyst,104179,USD,2026-07-22,Accepted,2026-07-03,
review-clean4-clean-OFF-000612,review-clean4-clean-APP-009220,review-clean4-clean-CAND-00410,2026-07-09,Product Manager,117600,USD,2026-07-29,Expired,,Competing Offer
review-clean4-clean-OFF-000613,review-clean4-clean-APP-009263,review-clean4-clean-CAND-01537,2026-08-14,Product Manager,101959,USD,2026-09-10,Declined,,Competing Offer
review-clean4-clean-OFF-000614,review-clean4-clean-APP-009264,review-clean4-clean-CAND-03702,2026-09-03,Product Manager,126512,USD,2026-09-17,Declined,2026-09-08,Competing Offer
review-clean4-clean-OFF-000615,review-clean4-clean-APP-009275,review-clean4-clean-CAND-04394,2026-08-25,Analyst,80462,USD,2026-09-20,Declined,2026-08-30,
review-clean4-clean-OFF-000616,review-clean4-clean-APP-009278,review-clean4-clean-CAND-00654,2026-07-31,Senior Engineer,64687,USD,2026-08-23,Declined,,
review-clean4-clean-OFF-000617,review-clean4-clean-APP-009291,review-clean4-clean-CAND-02609,2026-09-19,Senior Engineer,141020,USD,2026-10-04,Accepted,,
review-clean4-clean-OFF-000618,review-clean4-clean-APP-009312,review-clean4-clean-CAND-02857,2026-08-06,Product Manager,65553,USD,2026-08-31,Declined,,
review-clean4-clean-OFF-000619,review-clean4-clean-APP-009313,review-clean4-clean-CAND-04912,2026-08-07,Sales Rep,76656,USD,2026-09-02,Sent,2026-08-12,
review-clean4-clean-OFF-000620,review-clean4-clean-APP-009317,review-clean4-clean-CAND-02736,2026-07-30,Analyst,68643,USD,2026-08-25,Sent,2026-08-04,
review-clean4-clean-OFF-000621,review-clean4-clean-APP-009321,review-clean4-clean-CAND-02739,2026-07-25,Senior Engineer,148433,USD,2026-08-21,Accepted,2026-07-27,
review-clean4-clean-OFF-000622,review-clean4-clean-APP-009324,review-clean4-clean-CAND-02926,2026-07-27,Sales Rep,131358,USD,2026-08-20,Accepted,2026-07-29,
review-clean4-clean-OFF-000623,review-clean4-clean-APP-009329,review-clean4-clean-CAND-03863,2026-08-07,Analyst,101149,USD,2026-08-24,Declined,2026-08-10,
review-clean4-clean-OFF-000624,review-clean4-clean-APP-009342,review-clean4-clean-CAND-00352,2026-08-25,Product Manager,64562,USD,2026-09-08,Declined,,Salary Negotiation
review-clean4-clean-OFF-000625,review-clean4-clean-APP-009355,review-clean4-clean-CAND-04712,2026-06-27,Product Manager,74114,USD,2026-07-21,Accepted,2026-07-01,
review-clean4-clean-OFF-000626,review-clean4-clean-APP-009369,review-clean4-clean-CAND-01611,2026-08-14,Analyst,128836,USD,2026-09-13,Expired,,Salary Negotiation
review-clean4-clean-OFF-000627,review-clean4-clean-APP-009372,review-clean4-clean-CAND-03144,2026-08-09,Analyst,107378,USD,2026-08-27,Sent,,
review-clean4-clean-OFF-000628,review-clean4-clean-APP-009402,review-clean4-clean-CAND-04513,2026-09-09,Analyst,107079,USD,2026-10-03,Expired,,
review-clean4-clean-OFF-000629,review-clean4-clean-APP-009413,review-clean4-clean-CAND-01181,2026-09-30,Product Manager,120969,USD,2026-10-24,Declined,,Competing Offer
review-clean4-clean-OFF-000630,review-clean4-clean-APP-009433,review-clean4-clean-CAND-04055,2026-07-03,Product Manager,74682,USD,2026-07-20,Expired,2026-07-08,
review-clean4-clean-OFF-000631,review-clean4-clean-APP-009459,review-clean4-clean-CAND-01163,2026-07-08,Product Manager,137014,USD,2026-07-22,Declined,2026-07-14,
review-clean4-clean-OFF-000632,review-clean4-clean-APP-009479,review-clean4-clean-CAND-04428,2026-07-03,Product Manager,116679,USD,2026-07-23,Accepted,2026-07-10,
review-clean4-clean-OFF-000633,review-clean4-clean-APP-009489,review-clean4-clean-CAND-01891,2026-08-19,Analyst,106135,USD,2026-09-17,Accepted,,
review-clean4-clean-OFF-000634,review-clean4-clean-APP-009499,review-clean4-clean-CAND-02671,2026-08-26,Analyst,133023,USD,2026-09-24,Sent,2026-08-28,
review-clean4-clean-OFF-000635,review-clean4-clean-APP-009515,review-clean4-clean-CAND-04252,2026-06-22,Senior Engineer,129225,USD,2026-07-18,Declined,,
review-clean4-clean-OFF-000636,review-clean4-clean-APP-009530,review-clean4-clean-CAND-00367,2026-07-12,Sales Rep,68279,USD,2026-08-11,Accepted,2026-07-18,
review-clean4-clean-OFF-000637,review-clean4-clean-APP-009552,review-clean4-clean-CAND-02276,2026-07-24,Product Manager,133700,USD,2026-08-14,Accepted,2026-07-29,
review-clean4-clean-OFF-000638,review-clean4-clean-APP-009562,review-clean4-clean-CAND-04417,2026-09-08,Analyst,127219,USD,2026-09-22,Sent,2026-09-13,
review-clean4-clean-OFF-000639,review-clean4-clean-APP-009610,review-clean4-clean-CAND-02126,2026-07-16,Product Manager,129201,USD,2026-08-03,Sent,,
review-clean4-clean-OFF-000640,review-clean4-clean-APP-009615,review-clean4-clean-CAND-01034,2026-09-13,Product Manager,63250,USD,2026-10-11,Accepted,2026-09-15,
review-clean4-clean-OFF-000641,review-clean4-clean-APP-009620,review-clean4-clean-CAND-03279,2026-08-12,Product Manager,109456,USD,2026-08-31,Declined,,
review-clean4-clean-OFF-000642,review-clean4-clean-APP-009645,review-clean4-clean-CAND-00721,2026-07-20,Product Manager,128765,USD,2026-08-19,Expired,,
review-clean4-clean-OFF-000643,review-clean4-clean-APP-009654,review-clean4-clean-CAND-04100,2026-07-27,Senior Engineer,136947,USD,2026-08-25,Declined,2026-08-03,Competing Offer
review-clean4-clean-OFF-000644,review-clean4-clean-APP-009687,review-clean4-clean-CAND-00418,2026-09-16,Analyst,129789,USD,2026-10-13,Sent,2026-09-20,
review-clean4-clean-OFF-000645,review-clean4-clean-APP-009691,review-clean4-clean-CAND-02693,2026-07-09,Senior Engineer,148135,USD,2026-07-27,Sent,2026-07-13,
review-clean4-clean-OFF-000646,review-clean4-clean-APP-009707,review-clean4-clean-CAND-04881,2026-09-06,Product Manager,102887,USD,2026-09-23,Accepted,2026-09-08,
review-clean4-clean-OFF-000647,review-clean4-clean-APP-009726,review-clean4-clean-CAND-03735,2026-07-08,Senior Engineer,74678,USD,2026-08-07,Accepted,2026-07-10,
review-clean4-clean-OFF-000648,review-clean4-clean-APP-009751,review-clean4-clean-CAND-03089,2026-07-18,Product Manager,124329,USD,2026-08-17,Declined,2026-07-22,Competing Offer
review-clean4-clean-OFF-000649,review-clean4-clean-APP-009756,review-clean4-clean-CAND-02704,2026-08-14,Analyst,138350,USD,2026-09-03,Sent,2026-08-18,
review-clean4-clean-OFF-000650,review-clean4-clean-APP-009781,review-clean4-clean-CAND-03839,2026-09-09,Sales Rep,132968,USD,2026-09-29,Declined,2026-09-11,Competing Offer
review-clean4-clean-OFF-000651,review-clean4-clean-APP-009785,review-clean4-clean-CAND-03800,2026-07-31,Analyst,67787,USD,2026-08-26,Declined,2026-08-07,Competing Offer
review-clean4-clean-OFF-000652,review-clean4-clean-APP-009788,review-clean4-clean-CAND-01884,2026-08-20,Product Manager,86426,USD,2026-09-17,Declined,2026-08-26,Competing Offer
review-clean4-clean-OFF-000653,review-clean4-clean-APP-009809,review-clean4-clean-CAND-03285,2026-07-08,Analyst,60845,USD,2026-08-01,Declined,2026-07-10,
review-clean4-clean-OFF-000654,review-clean4-clean-APP-009812,review-clean4-clean-CAND-03533,2026-08-23,Senior Engineer,122621,USD,2026-09-08,Sent,,
review-clean4-clean-OFF-000655,review-clean4-clean-APP-009825,review-clean4-clean-CAND-00687,2026-08-11,Sales Rep,82630,USD,2026-09-02,Declined,,
review-clean4-clean-OFF-000656,review-clean4-clean-APP-009840,review-clean4-clean-CAND-01690,2026-07-09,Sales Rep,86328,USD,2026-08-05,Sent,,
review-clean4-clean-OFF-000657,review-clean4-clean-APP-009852,review-clean4-clean-CAND-03311,2026-07-19,Product Manager,82825,USD,2026-08-18,Declined,2026-07-24,Salary Negotiation
review-clean4-clean-OFF-000658,review-clean4-clean-APP-009861,review-clean4-clean-CAND-01511,2026-08-20,Senior Engineer,76530,USD,2026-09-15,Sent,,
review-clean4-clean-OFF-000659,review-clean4-clean-APP-009871,review-clean4-clean-CAND-01625,2026-07-15,Analyst,133416,USD,2026-08-01,Accepted,,
review-clean4-clean-OFF-000660,review-clean4-clean-APP-009875,review-clean4-clean-CAND-00927,2026-08-09,Senior Engineer,68177,USD,2026-09-01,Declined,2026-08-16,
review-clean4-clean-OFF-000661,review-clean4-clean-APP-009881,review-clean4-clean-CAND-02664,2026-09-30,Sales Rep,126131,USD,2026-10-18,Accepted,,
review-clean4-clean-OFF-000662,review-clean4-clean-APP-009893,review-clean4-clean-CAND-03527,2026-08-06,Sales Rep,130682,USD,2026-09-01,Sent,2026-08-08,
review-clean4-clean-OFF-000663,review-clean4-clean-APP-009917,review-clean4-clean-CAND-02026,2026-07-18,Product Manager,124656,USD,2026-08-13,Declined,2026-07-20,
review-clean4-clean-OFF-000664,review-clean4-clean-APP-009922,review-clean4-clean-CAND-00930,2026-08-25,Analyst,131530,USD,2026-09-11,Declined,2026-08-31,
review-clean4-clean-OFF-000665,review-clean4-clean-APP-009953,review-clean4-clean-CAND-03241,2026-07-18,Sales Rep,98354,USD,2026-08-16,Declined,,Competing Offer
review-clean4-clean-OFF-000666,review-clean4-clean-APP-009970,review-clean4-clean-CAND-01887,2026-08-06,Analyst,119811,USD,2026-08-27,Declined,2026-08-10,Competing Offer
review-clean4-clean-OFF-000667,review-clean4-clean-APP-009974,review-clean4-clean-CAND-00861,2026-08-22,Product Manager,79175,USD,2026-09-19,Declined,2026-08-27,
review-clean4-clean-OFF-000668,review-clean4-clean-APP-010031,review-clean4-clean-CAND-02960,2026-09-25,Sales Rep,119537,USD,2026-10-17,Declined,2026-10-01,Salary Negotiation
review-clean4-clean-OFF-000669,review-clean4-clean-APP-010052,review-clean4-clean-CAND-02900,2026-07-19,Senior Engineer,139990,USD,2026-08-11,Accepted,,
review-clean4-clean-OFF-000670,review-clean4-clean-APP-010053,review-clean4-clean-CAND-04690,2026-07-23,Senior Engineer,100627,USD,2026-08-22,Accepted,2026-07-28,
review-clean4-clean-OFF-000671,review-clean4-clean-APP-010060,review-clean4-clean-CAND-02122,2026-08-08,Senior Engineer,86981,USD,2026-08-26,Declined,2026-08-14,
review-clean4-clean-OFF-000672,review-clean4-clean-APP-010064,review-clean4-clean-CAND-02262,2026-09-15,Analyst,70951,USD,2026-10-10,Accepted,2026-09-20,
review-clean4-clean-OFF-000673,review-clean4-clean-APP-010086,review-clean4-clean-CAND-02830,2026-09-08,Product Manager,92498,USD,2026-09-29,Expired,,Salary Negotiation
review-clean4-clean-OFF-000674,review-clean4-clean-APP-010098,review-clean4-clean-CAND-00100,2026-09-01,Sales Rep,115387,USD,2026-09-17,Accepted,,
review-clean4-clean-OFF-000675,review-clean4-clean-APP-010140,review-clean4-clean-CAND-00183,2026-07-23,Analyst,122917,USD,2026-08-06,Accepted,2026-07-29,
review-clean4-clean-OFF-000676,review-clean4-clean-APP-010172,review-clean4-clean-CAND-00657,2026-07-08,Product Manager,135143,USD,2026-08-06,Sent,2026-07-12,
review-clean4-clean-OFF-000677,review-clean4-clean-APP-010183,review-clean4-clean-CAND-04845,2026-07-14,Sales Rep,120921,USD,2026-08-10,Declined,2026-07-17,Competing Offer
review-clean4-clean-OFF-000678,review-clean4-clean-APP-010192,review-clean4-clean-CAND-02786,2026-08-13,Senior Engineer,146126,USD,2026-08-30,Declined,2026-08-17,Competing Offer
review-clean4-clean-OFF-000679,review-clean4-clean-APP-010197,review-clean4-clean-CAND-02277,2026-09-26,Analyst,133295,USD,2026-10-16,Sent,2026-10-03,
review-clean4-clean-OFF-000680,review-clean4-clean-APP-010200,review-clean4-clean-CAND-04414,2026-09-18,Analyst,101662,USD,2026-10-08,Accepted,2026-09-21,
review-clean4-clean-OFF-000681,review-clean4-clean-APP-010206,review-clean4-clean-CAND-00844,2026-09-17,Senior Engineer,120273,USD,2026-10-10,Sent,2026-09-24,
review-clean4-clean-OFF-000682,review-clean4-clean-APP-010222,review-clean4-clean-CAND-02425,2026-08-13,Product Manager,131481,USD,2026-08-28,Accepted,,
review-clean4-clean-OFF-000683,review-clean4-clean-APP-010224,review-clean4-clean-CAND-00158,2026-07-10,Analyst,80341,USD,2026-08-01,Sent,2026-07-12,
review-clean4-clean-OFF-000684,review-clean4-clean-APP-010228,review-clean4-clean-CAND-03826,2026-07-03,Product Manager,67564,USD,2026-07-29,Declined,,Salary Negotiation
review-clean4-clean-OFF-000685,review-clean4-clean-APP-010233,review-clean4-clean-CAND-00903,2026-08-04,Sales Rep,107218,USD,2026-08-23,Sent,2026-08-07,
review-clean4-clean-OFF-000686,review-clean4-clean-APP-010284,review-clean4-clean-CAND-01427,2026-08-23,Analyst,87414,USD,2026-09-09,Accepted,2026-08-25,
review-clean4-clean-OFF-000687,review-clean4-clean-APP-010321,review-clean4-clean-CAND-00969,2026-09-11,Product Manager,67394,USD,2026-10-04,Expired,,Competing Offer
review-clean4-clean-OFF-000688,review-clean4-clean-APP-010349,review-clean4-clean-CAND-04021,2026-06-27,Product Manager,149080,USD,2026-07-17,Declined,2026-07-01,Salary Negotiation
review-clean4-clean-OFF-000689,review-clean4-clean-APP-010366,review-clean4-clean-CAND-01556,2026-07-11,Senior Engineer,69572,USD,2026-08-06,Expired,2026-07-17,
review-clean4-clean-OFF-000690,review-clean4-clean-APP-010384,review-clean4-clean-CAND-02196,2026-08-05,Product Manager,143637,USD,2026-09-01,Declined,2026-08-11,
review-clean4-clean-OFF-000691,review-clean4-clean-APP-010400,review-clean4-clean-CAND-02552,2026-08-01,Senior Engineer,143985,USD,2026-08-21,Declined,,
review-clean4-clean-OFF-000692,review-clean4-clean-APP-010412,review-clean4-clean-CAND-02284,2026-08-03,Sales Rep,95548,USD,2026-08-24,Declined,2026-08-05,Competing Offer
review-clean4-clean-OFF-000693,review-clean4-clean-APP-010455,review-clean4-clean-CAND-04689,2026-07-01,Analyst,70063,USD,2026-07-26,Declined,2026-07-07,
review-clean4-clean-OFF-000694,review-clean4-clean-APP-010456,review-clean4-clean-CAND-01998,2026-08-15,Sales Rep,82403,USD,2026-09-13,Sent,,
review-clean4-clean-OFF-000695,review-clean4-clean-APP-010460,review-clean4-clean-CAND-02677,2026-09-27,Senior Engineer,72382,USD,2026-10-20,Declined,,
review-clean4-clean-OFF-000696,review-clean4-clean-APP-010464,review-clean4-clean-CAND-00604,2026-09-08,Sales Rep,121159,USD,2026-10-03,Accepted,2026-09-11,
review-clean4-clean-OFF-000697,review-clean4-clean-APP-010476,review-clean4-clean-CAND-03514,2026-09-25,Product Manager,137919,USD,2026-10-10,Declined,2026-09-27,Salary Negotiation
review-clean4-clean-OFF-000698,review-clean4-clean-APP-010492,review-clean4-clean-CAND-01090,2026-09-19,Analyst,138506,USD,2026-10-19,Sent,2026-09-21,
review-clean4-clean-OFF-000699,review-clean4-clean-APP-010561,review-clean4-clean-CAND-01177,2026-08-29,Sales Rep,77317,USD,2026-09-25,Expired,2026-09-03,Competing Offer
review-clean4-clean-OFF-000700,review-clean4-clean-APP-010565,review-clean4-clean-CAND-03317,2026-09-15,Senior Engineer,107141,USD,2026-10-01,Declined,2026-09-19,Competing Offer
review-clean4-clean-OFF-000701,review-clean4-clean-APP-010571,review-clean4-clean-CAND-02116,2026-09-16,Senior Engineer,131444,USD,2026-09-30,Declined,2026-09-19,
review-clean4-clean-OFF-000702,review-clean4-clean-APP-010595,review-clean4-clean-CAND-03223,2026-07-26,Analyst,109278,USD,2026-08-11,Declined,2026-07-29,
review-clean4-clean-OFF-000703,review-clean4-clean-APP-010601,review-clean4-clean-CAND-00618,2026-08-21,Product Manager,94703,USD,2026-09-17,Sent,2026-08-27,
review-clean4-clean-OFF-000704,review-clean4-clean-APP-010693,review-clean4-clean-CAND-02642,2026-07-31,Product Manager,129486,USD,2026-08-19,Sent,,
review-clean4-clean-OFF-000705,review-clean4-clean-APP-010694,review-clean4-clean-CAND-04044,2026-09-06,Senior Engineer,119144,USD,2026-09-28,Sent,,
review-clean4-clean-OFF-000706,review-clean4-clean-APP-010702,review-clean4-clean-CAND-02928,2026-09-20,Analyst,113884,USD,2026-10-04,Declined,2026-09-25,
review-clean4-clean-OFF-000707,review-clean4-clean-APP-010707,review-clean4-clean-CAND-04197,2026-06-28,Senior Engineer,102100,USD,2026-07-25,Declined,2026-07-05,Salary Negotiation
review-clean4-clean-OFF-000708,review-clean4-clean-APP-010711,review-clean4-clean-CAND-04378,2026-09-09,Sales Rep,124718,USD,2026-09-28,Accepted,2026-09-16,
review-clean4-clean-OFF-000709,review-clean4-clean-APP-010722,review-clean4-clean-CAND-04429,2026-07-02,Sales Rep,121215,USD,2026-07-29,Declined,2026-07-04,Salary Negotiation
review-clean4-clean-OFF-000710,review-clean4-clean-APP-010725,review-clean4-clean-CAND-00567,2026-07-16,Senior Engineer,149552,USD,2026-08-08,Accepted,2026-07-19,
review-clean4-clean-OFF-000711,review-clean4-clean-APP-010728,review-clean4-clean-CAND-04976,2026-07-24,Senior Engineer,147525,USD,2026-08-19,Accepted,2026-07-30,
review-clean4-clean-OFF-000712,review-clean4-clean-APP-010731,review-clean4-clean-CAND-02758,2026-08-02,Sales Rep,74484,USD,2026-09-01,Declined,2026-08-04,Competing Offer
review-clean4-clean-OFF-000713,review-clean4-clean-APP-010732,review-clean4-clean-CAND-02202,2026-07-14,Senior Engineer,86053,USD,2026-08-12,Accepted,2026-07-21,
review-clean4-clean-OFF-000714,review-clean4-clean-APP-010769,review-clean4-clean-CAND-01801,2026-08-12,Analyst,110268,USD,2026-09-06,Sent,2026-08-19,
review-clean4-clean-OFF-000715,review-clean4-clean-APP-010771,review-clean4-clean-CAND-02954,2026-06-24,Analyst,61100,USD,2026-07-23,Accepted,2026-06-27,
review-clean4-clean-OFF-000716,review-clean4-clean-APP-010824,review-clean4-clean-CAND-04483,2026-08-16,Product Manager,130087,USD,2026-09-05,Declined,2026-08-21,Competing Offer
review-clean4-clean-OFF-000717,review-clean4-clean-APP-010825,review-clean4-clean-CAND-00818,2026-07-26,Senior Engineer,149389,USD,2026-08-15,Accepted,2026-08-01,
review-clean4-clean-OFF-000718,review-clean4-clean-APP-010831,review-clean4-clean-CAND-03179,2026-09-23,Sales Rep,144970,USD,2026-10-19,Declined,2026-09-30,
review-clean4-clean-OFF-000719,review-clean4-clean-APP-010833,review-clean4-clean-CAND-00386,2026-08-20,Sales Rep,139250,USD,2026-09-12,Accepted,2026-08-27,
review-clean4-clean-OFF-000720,review-clean4-clean-APP-010847,review-clean4-clean-CAND-02772,2026-08-18,Product Manager,98586,USD,2026-09-06,Declined,,Competing Offer
review-clean4-clean-OFF-000721,review-clean4-clean-APP-010852,review-clean4-clean-CAND-02698,2026-09-08,Sales Rep,61823,USD,2026-10-01,Accepted,2026-09-13,
review-clean4-clean-OFF-000722,review-clean4-clean-APP-010854,review-clean4-clean-CAND-03605,2026-09-19,Product Manager,136029,USD,2026-10-18,Sent,2026-09-21,
review-clean4-clean-OFF-000723,review-clean4-clean-APP-010859,review-clean4-clean-CAND-02296,2026-08-25,Analyst,136184,USD,2026-09-22,Accepted,2026-09-01,
review-clean4-clean-OFF-000724,review-clean4-clean-APP-010870,review-clean4-clean-CAND-04374,2026-09-12,Analyst,119227,USD,2026-09-28,Sent,2026-09-16,
review-clean4-clean-OFF-000725,review-clean4-clean-APP-010875,review-clean4-clean-CAND-02479,2026-07-15,Senior Engineer,79536,USD,2026-07-31,Declined,2026-07-19,Competing Offer
review-clean4-clean-OFF-000726,review-clean4-clean-APP-010877,review-clean4-clean-CAND-04198,2026-08-06,Sales Rep,87928,USD,2026-08-23,Sent,,
review-clean4-clean-OFF-000727,review-clean4-clean-APP-010880,review-clean4-clean-CAND-00203,2026-07-13,Product Manager,124312,USD,2026-07-27,Sent,,
review-clean4-clean-OFF-000728,review-clean4-clean-APP-010884,review-clean4-clean-CAND-01104,2026-08-28,Sales Rep,142403,USD,2026-09-19,Accepted,,
review-clean4-clean-OFF-000729,review-clean4-clean-APP-010891,review-clean4-clean-CAND-01914,2026-07-12,Sales Rep,128320,USD,2026-08-04,Declined,2026-07-15,
review-clean4-clean-OFF-000730,review-clean4-clean-APP-010900,review-clean4-clean-CAND-02843,2026-07-07,Sales Rep,65180,USD,2026-08-06,Declined,2026-07-14,
review-clean4-clean-OFF-000731,review-clean4-clean-APP-010923,review-clean4-clean-CAND-03685,2026-06-28,Senior Engineer,109737,USD,2026-07-24,Sent,,
review-clean4-clean-OFF-000732,review-clean4-clean-APP-010947,review-clean4-clean-CAND-04537,2026-07-29,Product Manager,126149,USD,2026-08-15,Declined,2026-08-05,
review-clean4-clean-OFF-000733,review-clean4-clean-APP-010951,review-clean4-clean-CAND-02683,2026-09-20,Analyst,71568,USD,2026-10-08,Sent,,
review-clean4-clean-OFF-000734,review-clean4-clean-APP-010952,review-clean4-clean-CAND-02494,2026-09-24,Analyst,135540,USD,2026-10-22,Declined,2026-09-30,Salary Negotiation
review-clean4-clean-OFF-000735,review-clean4-clean-APP-010966,review-clean4-clean-CAND-02744,2026-08-02,Senior Engineer,127846,USD,2026-08-31,Expired,,Competing Offer
review-clean4-clean-OFF-000736,review-clean4-clean-APP-011009,review-clean4-clean-CAND-00798,2026-08-17,Product Manager,84175,USD,2026-09-02,Declined,,
review-clean4-clean-OFF-000737,review-clean4-clean-APP-011023,review-clean4-clean-CAND-04115,2026-08-22,Product Manager,129861,USD,2026-09-05,Declined,2026-08-27,Salary Negotiation
review-clean4-clean-OFF-000738,review-clean4-clean-APP-011026,review-clean4-clean-CAND-01132,2026-09-07,Sales Rep,129893,USD,2026-10-07,Sent,,
review-clean4-clean-OFF-000739,review-clean4-clean-APP-011027,review-clean4-clean-CAND-00783,2026-09-01,Senior Engineer,70043,USD,2026-09-23,Declined,2026-09-08,
review-clean4-clean-OFF-000740,review-clean4-clean-APP-011057,review-clean4-clean-CAND-04993,2026-07-16,Sales Rep,149901,USD,2026-08-06,Accepted,2026-07-20,
review-clean4-clean-OFF-000741,review-clean4-clean-APP-011068,review-clean4-clean-CAND-03866,2026-06-29,Product Manager,63760,USD,2026-07-20,Accepted,2026-07-04,
review-clean4-clean-OFF-000742,review-clean4-clean-APP-011080,review-clean4-clean-CAND-03313,2026-09-01,Analyst,108239,USD,2026-09-21,Sent,,
review-clean4-clean-OFF-000743,review-clean4-clean-APP-011083,review-clean4-clean-CAND-03227,2026-09-01,Sales Rep,120464,USD,2026-09-24,Expired,2026-09-07,
review-clean4-clean-OFF-000744,review-clean4-clean-APP-011092,review-clean4-clean-CAND-01235,2026-07-22,Analyst,137752,USD,2026-08-18,Accepted,2026-07-29,
review-clean4-clean-OFF-000745,review-clean4-clean-APP-011110,review-clean4-clean-CAND-03225,2026-09-03,Analyst,130574,USD,2026-10-03,Declined,,Salary Negotiation
review-clean4-clean-OFF-000746,review-clean4-clean-APP-011117,review-clean4-clean-CAND-00782,2026-08-31,Product Manager,127635,USD,2026-09-21,Sent,2026-09-02,
review-clean4-clean-OFF-000747,review-clean4-clean-APP-011119,review-clean4-clean-CAND-04538,2026-09-25,Product Manager,109570,USD,2026-10-20,Sent,2026-10-01,
review-clean4-clean-OFF-000748,review-clean4-clean-APP-011120,review-clean4-clean-CAND-00157,2026-07-07,Sales Rep,128642,USD,2026-07-22,Accepted,2026-07-12,
review-clean4-clean-OFF-000749,review-clean4-clean-APP-011140,review-clean4-clean-CAND-04647,2026-07-04,Senior Engineer,61702,USD,2026-07-22,Accepted,,
review-clean4-clean-OFF-000750,review-clean4-clean-APP-011161,review-clean4-clean-CAND-00509,2026-07-27,Product Manager,85970,USD,2026-08-19,Expired,,Salary Negotiation
review-clean4-clean-OFF-000751,review-clean4-clean-APP-011186,review-clean4-clean-CAND-00817,2026-08-07,Sales Rep,79629,USD,2026-08-30,Declined,,
review-clean4-clean-OFF-000752,review-clean4-clean-APP-011188,review-clean4-clean-CAND-02654,2026-08-26,Sales Rep,68646,USD,2026-09-22,Expired,2026-09-02,
review-clean4-clean-OFF-000753,review-clean4-clean-APP-011254,review-clean4-clean-CAND-00043,2026-07-26,Analyst,127521,USD,2026-08-18,Accepted,2026-07-31,
review-clean4-clean-OFF-000754,review-clean4-clean-APP-011261,review-clean4-clean-CAND-04109,2026-07-18,Senior Engineer,71051,USD,2026-08-03,Declined,2026-07-24,
review-clean4-clean-OFF-000755,review-clean4-clean-APP-011262,review-clean4-clean-CAND-00998,2026-07-07,Analyst,119953,USD,2026-07-24,Accepted,,
review-clean4-clean-OFF-000756,review-clean4-clean-APP-011267,review-clean4-clean-CAND-04392,2026-08-25,Product Manager,142305,USD,2026-09-13,Sent,2026-08-28,
review-clean4-clean-OFF-000757,review-clean4-clean-APP-011270,review-clean4-clean-CAND-04965,2026-07-12,Senior Engineer,123615,USD,2026-08-03,Expired,2026-07-14,
review-clean4-clean-OFF-000758,review-clean4-clean-APP-011349,review-clean4-clean-CAND-03264,2026-07-22,Senior Engineer,94852,USD,2026-08-13,Declined,2026-07-27,Salary Negotiation
review-clean4-clean-OFF-000759,review-clean4-clean-APP-011351,review-clean4-clean-CAND-02584,2026-07-27,Product Manager,67708,USD,2026-08-18,Sent,2026-08-01,
review-clean4-clean-OFF-000760,review-clean4-clean-APP-011362,review-clean4-clean-CAND-02640,2026-06-26,Analyst,93162,USD,2026-07-12,Accepted,,
review-clean4-clean-OFF-000761,review-clean4-clean-APP-011380,review-clean4-clean-CAND-02908,2026-06-27,Analyst,131046,USD,2026-07-27,Accepted,2026-07-04,
review-clean4-clean-OFF-000762,review-clean4-clean-APP-011384,review-clean4-clean-CAND-02936,2026-07-05,Product Manager,86815,USD,2026-08-03,Sent,2026-07-08,
review-clean4-clean-OFF-000763,review-clean4-clean-APP-011387,review-clean4-clean-CAND-00400,2026-09-16,Senior Engineer,63597,USD,2026-10-02,Sent,2026-09-19,
review-clean4-clean-OFF-000764,review-clean4-clean-APP-011405,review-clean4-clean-CAND-01780,2026-07-21,Senior Engineer,129368,USD,2026-08-12,Expired,2026-07-23,
review-clean4-clean-OFF-000765,review-clean4-clean-APP-011414,review-clean4-clean-CAND-00856,2026-08-30,Product Manager,107042,USD,2026-09-18,Sent,,
review-clean4-clean-OFF-000766,review-clean4-clean-APP-011420,review-clean4-clean-CAND-00549,2026-07-26,Analyst,127813,USD,2026-08-16,Declined,2026-07-31,Competing Offer
review-clean4-clean-OFF-000767,review-clean4-clean-APP-011443,review-clean4-clean-CAND-01578,2026-09-02,Analyst,109245,USD,2026-09-16,Accepted,2026-09-06,
review-clean4-clean-OFF-000768,review-clean4-clean-APP-011450,review-clean4-clean-CAND-02128,2026-08-07,Analyst,71973,USD,2026-08-25,Expired,2026-08-14,Competing Offer
review-clean4-clean-OFF-000769,review-clean4-clean-APP-011451,review-clean4-clean-CAND-04911,2026-08-05,Analyst,93619,USD,2026-08-26,Accepted,2026-08-09,
review-clean4-clean-OFF-000770,review-clean4-clean-APP-011480,review-clean4-clean-CAND-00178,2026-07-23,Analyst,86189,USD,2026-08-07,Accepted,2026-07-28,
review-clean4-clean-OFF-000771,review-clean4-clean-APP-011505,review-clean4-clean-CAND-00426,2026-09-22,Senior Engineer,109790,USD,2026-10-08,Sent,2026-09-29,
review-clean4-clean-OFF-000772,review-clean4-clean-APP-011521,review-clean4-clean-CAND-00222,2026-09-11,Senior Engineer,110886,USD,2026-09-29,Declined,,
review-clean4-clean-OFF-000773,review-clean4-clean-APP-011567,review-clean4-clean-CAND-04497,2026-06-21,Product Manager,91731,USD,2026-07-14,Sent,,
review-clean4-clean-OFF-000774,review-clean4-clean-APP-011583,review-clean4-clean-CAND-02629,2026-08-28,Analyst,85761,USD,2026-09-14,Sent,,
review-clean4-clean-OFF-000775,review-clean4-clean-APP-011584,review-clean4-clean-CAND-02727,2026-09-19,Product Manager,93579,USD,2026-10-12,Accepted,2026-09-21,
review-clean4-clean-OFF-000776,review-clean4-clean-APP-011597,review-clean4-clean-CAND-03949,2026-10-03,Analyst,109966,USD,2026-10-20,Sent,,
review-clean4-clean-OFF-000777,review-clean4-clean-APP-011623,review-clean4-clean-CAND-02397,2026-08-23,Analyst,144687,USD,2026-09-19,Accepted,2026-08-26,
review-clean4-clean-OFF-000778,review-clean4-clean-APP-011626,review-clean4-clean-CAND-03195,2026-07-19,Senior Engineer,131336,USD,2026-08-18,Sent,,
review-clean4-clean-OFF-000779,review-clean4-clean-APP-011628,review-clean4-clean-CAND-03626,2026-09-03,Product Manager,144063,USD,2026-09-19,Declined,2026-09-05,Competing Offer
review-clean4-clean-OFF-000780,review-clean4-clean-APP-011633,review-clean4-clean-CAND-00425,2026-07-05,Analyst,109255,USD,2026-07-22,Declined,,
review-clean4-clean-OFF-000781,review-clean4-clean-APP-011643,review-clean4-clean-CAND-04975,2026-07-20,Senior Engineer,127701,USD,2026-08-17,Accepted,2026-07-26,
review-clean4-clean-OFF-000782,review-clean4-clean-APP-011654,review-clean4-clean-CAND-01998,2026-08-20,Analyst,91704,USD,2026-09-10,Accepted,,
review-clean4-clean-OFF-000783,review-clean4-clean-APP-011657,review-clean4-clean-CAND-03918,2026-07-03,Sales Rep,83187,USD,2026-07-18,Accepted,2026-07-05,
review-clean4-clean-OFF-000784,review-clean4-clean-APP-011682,review-clean4-clean-CAND-00188,2026-08-04,Product Manager,124405,USD,2026-08-28,Sent,,
review-clean4-clean-OFF-000785,review-clean4-clean-APP-011687,review-clean4-clean-CAND-01164,2026-08-22,Sales Rep,78344,USD,2026-09-08,Accepted,,
review-clean4-clean-OFF-000786,review-clean4-clean-APP-011696,review-clean4-clean-CAND-03089,2026-08-07,Product Manager,60436,USD,2026-09-01,Declined,,Salary Negotiation
review-clean4-clean-OFF-000787,review-clean4-clean-APP-011704,review-clean4-clean-CAND-03448,2026-07-21,Senior Engineer,63010,USD,2026-08-04,Declined,2026-07-25,Salary Negotiation
review-clean4-clean-OFF-000788,review-clean4-clean-APP-011706,review-clean4-clean-CAND-01645,2026-07-19,Analyst,89821,USD,2026-08-12,Declined,,
review-clean4-clean-OFF-000789,review-clean4-clean-APP-011724,review-clean4-clean-CAND-01987,2026-09-28,Analyst,80330,USD,2026-10-23,Accepted,2026-10-02,
review-clean4-clean-OFF-000790,review-clean4-clean-APP-011763,review-clean4-clean-CAND-04509,2026-08-07,Senior Engineer,123652,USD,2026-08-29,Sent,2026-08-10,
review-clean4-clean-OFF-000791,review-clean4-clean-APP-011766,review-clean4-clean-CAND-00006,2026-07-11,Analyst,82694,USD,2026-07-28,Expired,,
review-clean4-clean-OFF-000792,review-clean4-clean-APP-011769,review-clean4-clean-CAND-00870,2026-09-20,Senior Engineer,133555,USD,2026-10-16,Expired,2026-09-24,
review-clean4-clean-OFF-000793,review-clean4-clean-APP-011784,review-clean4-clean-CAND-03248,2026-07-26,Senior Engineer,84071,USD,2026-08-25,Declined,2026-08-02,Salary Negotiation
review-clean4-clean-OFF-000794,review-clean4-clean-APP-011788,review-clean4-clean-CAND-00323,2026-07-25,Product Manager,147759,USD,2026-08-18,Declined,2026-07-31,
review-clean4-clean-OFF-000795,review-clean4-clean-APP-011792,review-clean4-clean-CAND-04870,2026-08-05,Senior Engineer,64398,USD,2026-08-19,Declined,,
review-clean4-clean-OFF-000796,review-clean4-clean-APP-011796,review-clean4-clean-CAND-00408,2026-08-10,Product Manager,123553,USD,2026-09-05,Accepted,,
review-clean4-clean-OFF-000797,review-clean4-clean-APP-011804,review-clean4-clean-CAND-01401,2026-09-02,Senior Engineer,97042,USD,2026-09-21,Sent,2026-09-05,
review-clean4-clean-OFF-000798,review-clean4-clean-APP-011816,review-clean4-clean-CAND-03470,2026-08-07,Product Manager,86305,USD,2026-08-29,Accepted,2026-08-09,
review-clean4-clean-OFF-000799,review-clean4-clean-APP-011841,review-clean4-clean-CAND-04241,2026-09-08,Sales Rep,127957,USD,2026-09-30,Sent,2026-09-11,
review-clean4-clean-OFF-000800,review-clean4-clean-APP-011869,review-clean4-clean-CAND-00315,2026-09-22,Product Manager,127302,USD,2026-10-13,Declined,2026-09-27,Salary Negotiation
review-clean4-clean-OFF-000801,review-clean4-clean-APP-011894,review-clean4-clean-CAND-00336,2026-08-22,Product Manager,127820,USD,2026-09-21,Accepted,,
review-clean4-clean-OFF-000802,review-clean4-clean-APP-011901,review-clean4-clean-CAND-00257,2026-08-03,Product Manager,131814,USD,2026-08-31,Declined,2026-08-08,
review-clean4-clean-OFF-000803,review-clean4-clean-APP-011903,review-clean4-clean-CAND-04455,2026-09-17,Analyst,72154,USD,2026-10-08,Sent,2026-09-22,
review-clean4-clean-OFF-000804,review-clean4-clean-APP-011906,review-clean4-clean-CAND-03157,2026-07-03,Sales Rep,65883,USD,2026-07-27,Sent,2026-07-09,
review-clean4-clean-OFF-000805,review-clean4-clean-APP-011927,review-clean4-clean-CAND-00819,2026-08-29,Sales Rep,136154,USD,2026-09-14,Sent,,
review-clean4-clean-OFF-000806,review-clean4-clean-APP-011928,review-clean4-clean-CAND-01764,2026-07-13,Product Manager,87573,USD,2026-08-03,Declined,2026-07-16,Competing Offer
review-clean4-clean-OFF-000807,review-clean4-clean-APP-011934,review-clean4-clean-CAND-03026,2026-09-17,Analyst,145560,USD,2026-10-15,Declined,2026-09-23,Salary Negotiation
review-clean4-clean-OFF-000808,review-clean4-clean-APP-011936,review-clean4-clean-CAND-00379,2026-07-27,Analyst,68358,USD,2026-08-23,Declined,2026-07-29,Competing Offer
review-clean4-clean-OFF-000809,review-clean4-clean-APP-011939,review-clean4-clean-CAND-02092,2026-07-22,Senior Engineer,93026,USD,2026-08-11,Sent,2026-07-29,
review-clean4-clean-OFF-000810,review-clean4-clean-APP-011942,review-clean4-clean-CAND-01514,2026-07-28,Product Manager,74439,USD,2026-08-23,Accepted,2026-08-04,
review-clean4-clean-OFF-000811,review-clean4-clean-APP-011982,review-clean4-clean-CAND-01746,2026-08-25,Senior Engineer,74508,USD,2026-09-15,Declined,2026-08-30,Competing Offer
review-clean4-clean-OFF-000812,review-clean4-clean-APP-011986,review-clean4-clean-CAND-03249,2026-07-18,Sales Rep,73891,USD,2026-08-17,Declined,,Competing Offer
review-clean4-clean-OFF-000813,review-clean4-clean-APP-011993,review-clean4-clean-CAND-01198,2026-07-14,Senior Engineer,149737,USD,2026-08-08,Accepted,,
review-clean4-clean-OFF-000814,review-clean4-clean-APP-011997,review-clean4-clean-CAND-03657,2026-08-10,Senior Engineer,87797,USD,2026-09-01,Declined,2026-08-14,Competing Offer
review-clean4-clean-OFF-000815,review-clean4-clean-APP-012008,review-clean4-clean-CAND-03169,2026-06-22,Analyst,141977,USD,2026-07-09,Sent,2026-06-27,
review-clean4-clean-OFF-000816,review-clean4-clean-APP-012021,review-clean4-clean-CAND-00817,2026-08-04,Product Manager,124436,USD,2026-08-23,Accepted,2026-08-08,
review-clean4-clean-OFF-000817,review-clean4-clean-APP-012029,review-clean4-clean-CAND-04335,2026-09-20,Sales Rep,126724,USD,2026-10-06,Accepted,2026-09-23,
review-clean4-clean-OFF-000818,review-clean4-clean-APP-012034,review-clean4-clean-CAND-03872,2026-08-20,Analyst,61701,USD,2026-09-09,Declined,,
review-clean4-clean-OFF-000819,review-clean4-clean-APP-012049,review-clean4-clean-CAND-00807,2026-09-10,Analyst,103210,USD,2026-10-08,Sent,2026-09-14,
review-clean4-clean-OFF-000820,review-clean4-clean-APP-012059,review-clean4-clean-CAND-00007,2026-08-12,Sales Rep,107578,USD,2026-09-02,Declined,,Competing Offer
review-clean4-clean-OFF-000821,review-clean4-clean-APP-012078,review-clean4-clean-CAND-01867,2026-07-24,Sales Rep,88444,USD,2026-08-07,Accepted,2026-07-28,
review-clean4-clean-OFF-000822,review-clean4-clean-APP-012091,review-clean4-clean-CAND-01286,2026-08-22,Sales Rep,119887,USD,2026-09-17,Sent,2026-08-28,
review-clean4-clean-OFF-000823,review-clean4-clean-APP-012121,review-clean4-clean-CAND-00727,2026-09-25,Product Manager,67762,USD,2026-10-13,Declined,2026-09-29,
review-clean4-clean-OFF-000824,review-clean4-clean-APP-012122,review-clean4-clean-CAND-04306,2026-08-31,Product Manager,134467,USD,2026-09-16,Sent,2026-09-05,
review-clean4-clean-OFF-000825,review-clean4-clean-APP-012138,review-clean4-clean-CAND-01339,2026-08-26,Sales Rep,134532,USD,2026-09-15,Accepted,2026-09-01,
review-clean4-clean-OFF-000826,review-clean4-clean-APP-012149,review-clean4-clean-CAND-01510,2026-07-19,Senior Engineer,63914,USD,2026-08-13,Accepted,2026-07-22,
review-clean4-clean-OFF-000827,review-clean4-clean-APP-012162,review-clean4-clean-CAND-03192,2026-08-23,Senior Engineer,96622,USD,2026-09-10,Sent,2026-08-26,
review-clean4-clean-OFF-000828,review-clean4-clean-APP-012181,review-clean4-clean-CAND-01115,2026-07-12,Analyst,86669,USD,2026-08-11,Declined,,Competing Offer
review-clean4-clean-OFF-000829,review-clean4-clean-APP-012192,review-clean4-clean-CAND-00119,2026-07-04,Product Manager,89162,USD,2026-08-02,Expired,2026-07-09,Salary Negotiation
review-clean4-clean-OFF-000830,review-clean4-clean-APP-012196,review-clean4-clean-CAND-02218,2026-08-15,Product Manager,145384,USD,2026-09-11,Expired,,Salary Negotiation
review-clean4-clean-OFF-000831,review-clean4-clean-APP-012199,review-clean4-clean-CAND-00060,2026-08-27,Sales Rep,90098,USD,2026-09-24,Accepted,,
review-clean4-clean-OFF-000832,review-clean4-clean-APP-012294,review-clean4-clean-CAND-02656,2026-09-24,Product Manager,85832,USD,2026-10-10,Accepted,,
review-clean4-clean-OFF-000833,review-clean4-clean-APP-012295,review-clean4-clean-CAND-02746,2026-09-02,Sales Rep,84040,USD,2026-09-23,Declined,2026-09-06,
review-clean4-clean-OFF-000834,review-clean4-clean-APP-012302,review-clean4-clean-CAND-03864,2026-07-30,Product Manager,100373,USD,2026-08-18,Accepted,2026-08-02,
review-clean4-clean-OFF-000835,review-clean4-clean-APP-012309,review-clean4-clean-CAND-01413,2026-08-14,Analyst,61421,USD,2026-09-10,Declined,2026-08-20,
review-clean4-clean-OFF-000836,review-clean4-clean-APP-012317,review-clean4-clean-CAND-02874,2026-08-29,Analyst,96448,USD,2026-09-18,Declined,2026-09-04,
review-clean4-clean-OFF-000837,review-clean4-clean-APP-012330,review-clean4-clean-CAND-03461,2026-08-19,Sales Rep,80391,USD,2026-09-16,Accepted,2026-08-23,
review-clean4-clean-OFF-000838,review-clean4-clean-APP-012362,review-clean4-clean-CAND-00185,2026-08-07,Analyst,76568,USD,2026-08-27,Declined,,
review-clean4-clean-OFF-000839,review-clean4-clean-APP-012388,review-clean4-clean-CAND-04792,2026-06-29,Product Manager,92049,USD,2026-07-13,Accepted,,
review-clean4-clean-OFF-000840,review-clean4-clean-APP-012391,review-clean4-clean-CAND-04898,2026-09-12,Sales Rep,123074,USD,2026-09-29,Declined,2026-09-17,
review-clean4-clean-OFF-000841,review-clean4-clean-APP-012403,review-clean4-clean-CAND-03782,2026-07-29,Sales Rep,127324,USD,2026-08-16,Sent,2026-08-02,
review-clean4-clean-OFF-000842,review-clean4-clean-APP-012450,review-clean4-clean-CAND-04935,2026-08-22,Sales Rep,60131,USD,2026-09-17,Accepted,2026-08-27,
review-clean4-clean-OFF-000843,review-clean4-clean-APP-012458,review-clean4-clean-CAND-01457,2026-08-05,Analyst,125062,USD,2026-08-21,Declined,2026-08-10,
review-clean4-clean-OFF-000844,review-clean4-clean-APP-012464,review-clean4-clean-CAND-01607,2026-09-15,Sales Rep,124611,USD,2026-10-09,Sent,,
review-clean4-clean-OFF-000845,review-clean4-clean-APP-012483,review-clean4-clean-CAND-02432,2026-08-25,Analyst,86105,USD,2026-09-10,Declined,2026-09-01,
review-clean4-clean-OFF-000846,review-clean4-clean-APP-012487,review-clean4-clean-CAND-04498,2026-08-19,Sales Rep,74753,USD,2026-09-06,Declined,2026-08-23,Competing Offer
review-clean4-clean-OFF-000847,review-clean4-clean-APP-012490,review-clean4-clean-CAND-03541,2026-07-25,Senior Engineer,112275,USD,2026-08-21,Expired,,Salary Negotiation
review-clean4-clean-OFF-000848,review-clean4-clean-APP-012497,review-clean4-clean-CAND-02514,2026-08-18,Analyst,108935,USD,2026-09-08,Declined,2026-08-20,Competing Offer
review-clean4-clean-OFF-000849,review-clean4-clean-APP-012500,review-clean4-clean-CAND-03133,2026-08-25,Analyst,104131,USD,2026-09-10,Sent,2026-09-01,
review-clean4-clean-OFF-000850,review-clean4-clean-APP-012505,review-clean4-clean-CAND-01012,2026-08-28,Sales Rep,109841,USD,2026-09-22,Declined,2026-09-01,
review-clean4-clean-OFF-000851,review-clean4-clean-APP-012530,review-clean4-clean-CAND-00724,2026-07-22,Product Manager,85737,USD,2026-08-20,Sent,,
review-clean4-clean-OFF-000852,review-clean4-clean-APP-012557,review-clean4-clean-CAND-03190,2026-08-25,Product Manager,97798,USD,2026-09-08,Expired,2026-08-31,
review-clean4-clean-OFF-000853,review-clean4-clean-APP-012597,review-clean4-clean-CAND-01718,2026-07-21,Product Manager,125058,USD,2026-08-10,Declined,2026-07-24,Salary Negotiation
review-clean4-clean-OFF-000854,review-clean4-clean-APP-012620,review-clean4-clean-CAND-00986,2026-07-27,Analyst,118932,USD,2026-08-12,Accepted,,
review-clean4-clean-OFF-000855,review-clean4-clean-APP-012632,review-clean4-clean-CAND-01505,2026-08-04,Product Manager,137361,USD,2026-09-02,Accepted,2026-08-07,
review-clean4-clean-OFF-000856,review-clean4-clean-APP-012636,review-clean4-clean-CAND-01272,2026-08-03,Analyst,95753,USD,2026-08-24,Sent,2026-08-09,
review-clean4-clean-OFF-000857,review-clean4-clean-APP-012645,review-clean4-clean-CAND-00404,2026-08-17,Product Manager,62990,USD,2026-09-02,Sent,2026-08-24,
review-clean4-clean-OFF-000858,review-clean4-clean-APP-012685,review-clean4-clean-CAND-00674,2026-09-21,Senior Engineer,107956,USD,2026-10-09,Sent,2026-09-27,
review-clean4-clean-OFF-000859,review-clean4-clean-APP-012693,review-clean4-clean-CAND-02778,2026-08-21,Sales Rep,122116,USD,2026-09-10,Sent,2026-08-26,
review-clean4-clean-OFF-000860,review-clean4-clean-APP-012697,review-clean4-clean-CAND-02756,2026-08-21,Product Manager,93093,USD,2026-09-10,Accepted,2026-08-26,
review-clean4-clean-OFF-000861,review-clean4-clean-APP-012716,review-clean4-clean-CAND-04864,2026-08-11,Senior Engineer,131894,USD,2026-09-07,Accepted,2026-08-14,
review-clean4-clean-OFF-000862,review-clean4-clean-APP-012734,review-clean4-clean-CAND-01185,2026-09-15,Analyst,108093,USD,2026-10-13,Expired,2026-09-19,Salary Negotiation
review-clean4-clean-OFF-000863,review-clean4-clean-APP-012746,review-clean4-clean-CAND-01749,2026-06-22,Sales Rep,132113,USD,2026-07-21,Sent,2026-06-28,
review-clean4-clean-OFF-000864,review-clean4-clean-APP-012779,review-clean4-clean-CAND-03015,2026-07-02,Senior Engineer,97801,USD,2026-07-16,Accepted,2026-07-08,
review-clean4-clean-OFF-000865,review-clean4-clean-APP-012781,review-clean4-clean-CAND-04869,2026-07-22,Senior Engineer,101778,USD,2026-08-07,Accepted,2026-07-29,
review-clean4-clean-OFF-000866,review-clean4-clean-APP-012783,review-clean4-clean-CAND-01050,2026-08-06,Analyst,143717,USD,2026-08-21,Sent,,
review-clean4-clean-OFF-000867,review-clean4-clean-APP-012828,review-clean4-clean-CAND-04361,2026-08-02,Senior Engineer,84528,USD,2026-08-20,Expired,,Salary Negotiation
review-clean4-clean-OFF-000868,review-clean4-clean-APP-012835,review-clean4-clean-CAND-04859,2026-08-06,Senior Engineer,133911,USD,2026-09-03,Sent,,
review-clean4-clean-OFF-000869,review-clean4-clean-APP-012840,review-clean4-clean-CAND-01103,2026-07-28,Product Manager,66288,USD,2026-08-16,Accepted,,
review-clean4-clean-OFF-000870,review-clean4-clean-APP-012846,review-clean4-clean-CAND-01385,2026-07-22,Sales Rep,70240,USD,2026-08-17,Expired,,
review-clean4-clean-OFF-000871,review-clean4-clean-APP-012847,review-clean4-clean-CAND-03189,2026-06-24,Analyst,104004,USD,2026-07-14,Sent,2026-06-26,
review-clean4-clean-OFF-000872,review-clean4-clean-APP-012860,review-clean4-clean-CAND-04088,2026-09-10,Sales Rep,65242,USD,2026-09-27,Expired,2026-09-16,Salary Negotiation
review-clean4-clean-OFF-000873,review-clean4-clean-APP-012862,review-clean4-clean-CAND-04229,2026-07-09,Product Manager,86181,USD,2026-08-03,Accepted,2026-07-16,
review-clean4-clean-OFF-000874,review-clean4-clean-APP-012880,review-clean4-clean-CAND-03692,2026-07-23,Product Manager,137500,USD,2026-08-08,Accepted,,
review-clean4-clean-OFF-000875,review-clean4-clean-APP-012881,review-clean4-clean-CAND-01011,2026-07-16,Analyst,67257,USD,2026-08-13,Sent,2026-07-18,
review-clean4-clean-OFF-000876,review-clean4-clean-APP-012885,review-clean4-clean-CAND-03206,2026-08-22,Product Manager,65334,USD,2026-09-14,Declined,2026-08-27,Salary Negotiation
review-clean4-clean-OFF-000877,review-clean4-clean-APP-012907,review-clean4-clean-CAND-02828,2026-09-15,Product Manager,85219,USD,2026-09-30,Accepted,,
review-clean4-clean-OFF-000878,review-clean4-clean-APP-012908,review-clean4-clean-CAND-01335,2026-07-17,Product Manager,61469,USD,2026-08-09,Declined,2026-07-20,Competing Offer
review-clean4-clean-OFF-000879,review-clean4-clean-APP-012913,review-clean4-clean-CAND-04205,2026-09-15,Analyst,62794,USD,2026-09-29,Accepted,2026-09-20,
review-clean4-clean-OFF-000880,review-clean4-clean-APP-012933,review-clean4-clean-CAND-03569,2026-07-27,Sales Rep,78158,USD,2026-08-13,Accepted,2026-08-02,
review-clean4-clean-OFF-000881,review-clean4-clean-APP-012936,review-clean4-clean-CAND-04810,2026-06-26,Product Manager,90309,USD,2026-07-24,Declined,2026-06-29,Salary Negotiation
review-clean4-clean-OFF-000882,review-clean4-clean-APP-012950,review-clean4-clean-CAND-00960,2026-07-26,Product Manager,120982,USD,2026-08-15,Accepted,,
review-clean4-clean-OFF-000883,review-clean4-clean-APP-012951,review-clean4-clean-CAND-02822,2026-08-09,Sales Rep,91239,USD,2026-09-04,Accepted,2026-08-13,
review-clean4-clean-OFF-000884,review-clean4-clean-APP-012955,review-clean4-clean-CAND-02949,2026-08-09,Sales Rep,123761,USD,2026-08-28,Accepted,,
review-clean4-clean-OFF-000885,review-clean4-clean-APP-012956,review-clean4-clean-CAND-02449,2026-09-05,Senior Engineer,64872,USD,2026-10-03,Sent,2026-09-10,
review-clean4-clean-OFF-000886,review-clean4-clean-APP-012965,review-clean4-clean-CAND-01243,2026-07-05,Analyst,71053,USD,2026-07-19,Accepted,,
review-clean4-clean-OFF-000887,review-clean4-clean-APP-012966,review-clean4-clean-CAND-04724,2026-08-17,Senior Engineer,114243,USD,2026-09-12,Declined,2026-08-22,
review-clean4-clean-OFF-000888,review-clean4-clean-APP-012968,review-clean4-clean-CAND-00203,2026-09-08,Senior Engineer,84660,USD,2026-10-01,Declined,,Salary Negotiation
review-clean4-clean-OFF-000889,review-clean4-clean-APP-012978,review-clean4-clean-CAND-03628,2026-07-07,Senior Engineer,101514,USD,2026-07-25,Expired,2026-07-13,
review-clean4-clean-OFF-000890,review-clean4-clean-APP-012998,review-clean4-clean-CAND-04637,2026-09-12,Sales Rep,61804,USD,2026-10-02,Sent,2026-09-18,
review-clean4-clean-OFF-000891,review-clean4-clean-APP-013023,review-clean4-clean-CAND-00345,2026-07-23,Sales Rep,69511,USD,2026-08-17,Declined,2026-07-30,Salary Negotiation
review-clean4-clean-OFF-000892,review-clean4-clean-APP-013032,review-clean4-clean-CAND-04636,2026-08-21,Product Manager,141447,USD,2026-09-06,Sent,2026-08-23,
review-clean4-clean-OFF-000893,review-clean4-clean-APP-013043,review-clean4-clean-CAND-04150,2026-08-29,Analyst,94995,USD,2026-09-27,Expired,,
review-clean4-clean-OFF-000894,review-clean4-clean-APP-013071,review-clean4-clean-CAND-04550,2026-08-15,Sales Rep,133140,USD,2026-09-09,Declined,,Salary Negotiation
review-clean4-clean-OFF-000895,review-clean4-clean-APP-013090,review-clean4-clean-CAND-02891,2026-09-10,Senior Engineer,142373,USD,2026-10-03,Declined,2026-09-15,
review-clean4-clean-OFF-000896,review-clean4-clean-APP-013095,review-clean4-clean-CAND-04797,2026-08-03,Senior Engineer,123910,USD,2026-09-02,Accepted,,
review-clean4-clean-OFF-000897,review-clean4-clean-APP-013119,review-clean4-clean-CAND-02807,2026-07-20,Product Manager,104947,USD,2026-08-10,Declined,2026-07-27,Salary Negotiation
review-clean4-clean-OFF-000898,review-clean4-clean-APP-013133,review-clean4-clean-CAND-00078,2026-08-14,Product Manager,116550,USD,2026-09-06,Accepted,2026-08-17,
review-clean4-clean-OFF-000899,review-clean4-clean-APP-013140,review-clean4-clean-CAND-00271,2026-09-22,Sales Rep,129492,USD,2026-10-10,Accepted,,
review-clean4-clean-OFF-000900,review-clean4-clean-APP-013142,review-clean4-clean-CAND-04878,2026-09-01,Analyst,122414,USD,2026-09-19,Accepted,,
review-clean4-clean-OFF-000901,review-clean4-clean-APP-013161,review-clean4-clean-CAND-03943,2026-06-30,Senior Engineer,98196,USD,2026-07-30,Sent,2026-07-06,
review-clean4-clean-OFF-000902,review-clean4-clean-APP-013168,review-clean4-clean-CAND-01662,2026-08-09,Senior Engineer,114122,USD,2026-08-25,Accepted,2026-08-13,
review-clean4-clean-OFF-000903,review-clean4-clean-APP-013185,review-clean4-clean-CAND-02505,2026-09-19,Analyst,88212,USD,2026-10-10,Declined,2026-09-25,Competing Offer
review-clean4-clean-OFF-000904,review-clean4-clean-APP-013199,review-clean4-clean-CAND-01885,2026-08-31,Analyst,72909,USD,2026-09-22,Sent,2026-09-04,
review-clean4-clean-OFF-000905,review-clean4-clean-APP-013207,review-clean4-clean-CAND-02656,2026-09-22,Senior Engineer,80746,USD,2026-10-20,Sent,,
review-clean4-clean-OFF-000906,review-clean4-clean-APP-013217,review-clean4-clean-CAND-01248,2026-08-13,Product Manager,88235,USD,2026-08-31,Accepted,2026-08-20,
review-clean4-clean-OFF-000907,review-clean4-clean-APP-013228,review-clean4-clean-CAND-02862,2026-07-30,Product Manager,80091,USD,2026-08-24,Accepted,2026-08-05,
review-clean4-clean-OFF-000908,review-clean4-clean-APP-013245,review-clean4-clean-CAND-02562,2026-08-05,Senior Engineer,62281,USD,2026-08-31,Sent,2026-08-10,
review-clean4-clean-OFF-000909,review-clean4-clean-APP-013253,review-clean4-clean-CAND-00197,2026-09-06,Sales Rep,93298,USD,2026-10-03,Sent,2026-09-09,
review-clean4-clean-OFF-000910,review-clean4-clean-APP-013258,review-clean4-clean-CAND-00411,2026-07-16,Product Manager,110016,USD,2026-08-02,Sent,2026-07-20,
review-clean4-clean-OFF-000911,review-clean4-clean-APP-013320,review-clean4-clean-CAND-00472,2026-08-05,Product Manager,106194,USD,2026-08-23,Accepted,2026-08-11,
review-clean4-clean-OFF-000912,review-clean4-clean-APP-013371,review-clean4-clean-CAND-03411,2026-07-12,Product Manager,62240,USD,2026-08-09,Expired,2026-07-15,
review-clean4-clean-OFF-000913,review-clean4-clean-APP-013376,review-clean4-clean-CAND-01312,2026-07-11,Senior Engineer,100837,USD,2026-08-04,Declined,2026-07-18,Competing Offer
review-clean4-clean-OFF-000914,review-clean4-clean-APP-013380,review-clean4-clean-CAND-02002,2026-09-10,Senior Engineer,69307,USD,2026-10-09,Accepted,2026-09-13,
review-clean4-clean-OFF-000915,review-clean4-clean-APP-013427,review-clean4-clean-CAND-02176,2026-09-19,Senior Engineer,96459,USD,2026-10-10,Accepted,2026-09-21,
review-clean4-clean-OFF-000916,review-clean4-clean-APP-013430,review-clean4-clean-CAND-01882,2026-09-16,Senior Engineer,108804,USD,2026-10-09,Sent,2026-09-23,
review-clean4-clean-OFF-000917,review-clean4-clean-APP-013517,review-clean4-clean-CAND-03669,2026-07-30,Analyst,142012,USD,2026-08-22,Declined,,
review-clean4-clean-OFF-000918,review-clean4-clean-APP-013520,review-clean4-clean-CAND-00041,2026-07-06,Analyst,128860,USD,2026-08-05,Sent,2026-07-10,
review-clean4-clean-OFF-000919,review-clean4-clean-APP-013539,review-clean4-clean-CAND-00010,2026-08-16,Sales Rep,68966,USD,2026-09-10,Declined,2026-08-20,
review-clean4-clean-OFF-000920,review-clean4-clean-APP-013541,review-clean4-clean-CAND-01583,2026-09-22,Analyst,76105,USD,2026-10-21,Sent,2026-09-28,
review-clean4-clean-OFF-000921,review-clean4-clean-APP-013563,review-clean4-clean-CAND-03575,2026-08-28,Sales Rep,100508,USD,2026-09-19,Accepted,2026-09-04,
review-clean4-clean-OFF-000922,review-clean4-clean-APP-013567,review-clean4-clean-CAND-03391,2026-07-12,Analyst,61642,USD,2026-08-06,Declined,,
review-clean4-clean-OFF-000923,review-clean4-clean-APP-013590,review-clean4-clean-CAND-04604,2026-08-11,Senior Engineer,129163,USD,2026-09-08,Sent,,
review-clean4-clean-OFF-000924,review-clean4-clean-APP-013595,review-clean4-clean-CAND-03184,2026-07-20,Sales Rep,84779,USD,2026-08-14,Sent,2026-07-26,
review-clean4-clean-OFF-000925,review-clean4-clean-APP-013597,review-clean4-clean-CAND-04996,2026-08-21,Product Manager,61219,USD,2026-09-12,Accepted,2026-08-26,
review-clean4-clean-OFF-000926,review-clean4-clean-APP-013598,review-clean4-clean-CAND-02920,2026-08-12,Analyst,132615,USD,2026-08-31,Accepted,2026-08-15,
review-clean4-clean-OFF-000927,review-clean4-clean-APP-013602,review-clean4-clean-CAND-00953,2026-06-19,Senior Engineer,122870,USD,2026-07-12,Declined,2026-06-24,Competing Offer
review-clean4-clean-OFF-000928,review-clean4-clean-APP-013607,review-clean4-clean-CAND-00055,2026-09-09,Sales Rep,72796,USD,2026-09-28,Accepted,2026-09-16,
review-clean4-clean-OFF-000929,review-clean4-clean-APP-013615,review-clean4-clean-CAND-00553,2026-08-17,Sales Rep,118944,USD,2026-09-12,Accepted,2026-08-22,
review-clean4-clean-OFF-000930,review-clean4-clean-APP-013628,review-clean4-clean-CAND-01682,2026-09-20,Senior Engineer,93058,USD,2026-10-19,Expired,,
review-clean4-clean-OFF-000931,review-clean4-clean-APP-013631,review-clean4-clean-CAND-00263,2026-08-25,Analyst,87966,USD,2026-09-15,Accepted,,
review-clean4-clean-OFF-000932,review-clean4-clean-APP-013633,review-clean4-clean-CAND-02071,2026-07-04,Analyst,99859,USD,2026-07-31,Sent,2026-07-08,
review-clean4-clean-OFF-000933,review-clean4-clean-APP-013656,review-clean4-clean-CAND-00941,2026-09-11,Product Manager,105294,USD,2026-09-26,Sent,2026-09-15,
review-clean4-clean-OFF-000934,review-clean4-clean-APP-013660,review-clean4-clean-CAND-00391,2026-09-17,Sales Rep,98175,USD,2026-10-16,Accepted,2026-09-24,
review-clean4-clean-OFF-000935,review-clean4-clean-APP-013667,review-clean4-clean-CAND-02250,2026-09-08,Analyst,116350,USD,2026-10-02,Accepted,2026-09-15,
review-clean4-clean-OFF-000936,review-clean4-clean-APP-013685,review-clean4-clean-CAND-02714,2026-07-06,Product Manager,64951,USD,2026-07-31,Declined,,Salary Negotiation
review-clean4-clean-OFF-000937,review-clean4-clean-APP-013690,review-clean4-clean-CAND-01393,2026-09-02,Analyst,128138,USD,2026-09-22,Sent,2026-09-07,
review-clean4-clean-OFF-000938,review-clean4-clean-APP-013705,review-clean4-clean-CAND-01926,2026-07-08,Product Manager,135358,USD,2026-08-06,Accepted,2026-07-11,
review-clean4-clean-OFF-000939,review-clean4-clean-APP-013737,review-clean4-clean-CAND-04854,2026-07-04,Sales Rep,122265,USD,2026-07-22,Declined,,Competing Offer
review-clean4-clean-OFF-000940,review-clean4-clean-APP-013774,review-clean4-clean-CAND-03830,2026-09-21,Senior Engineer,92859,USD,2026-10-09,Declined,,
review-clean4-clean-OFF-000941,review-clean4-clean-APP-013780,review-clean4-clean-CAND-02435,2026-07-24,Product Manager,106439,USD,2026-08-23,Sent,2026-07-31,
review-clean4-clean-OFF-000942,review-clean4-clean-APP-013811,review-clean4-clean-CAND-00022,2026-07-27,Analyst,132378,USD,2026-08-20,Accepted,2026-07-31,
review-clean4-clean-OFF-000943,review-clean4-clean-APP-013823,review-clean4-clean-CAND-01300,2026-08-28,Product Manager,131168,USD,2026-09-14,Declined,2026-08-31,
review-clean4-clean-OFF-000944,review-clean4-clean-APP-013827,review-clean4-clean-CAND-01277,2026-08-22,Analyst,90474,USD,2026-09-05,Accepted,,
review-clean4-clean-OFF-000945,review-clean4-clean-APP-013849,review-clean4-clean-CAND-03320,2026-08-24,Analyst,87279,USD,2026-09-09,Declined,,Competing Offer
review-clean4-clean-OFF-000946,review-clean4-clean-APP-013856,review-clean4-clean-CAND-02103,2026-08-01,Analyst,111554,USD,2026-08-16,Sent,2026-08-08,
review-clean4-clean-OFF-000947,review-clean4-clean-APP-013900,review-clean4-clean-CAND-03796,2026-09-01,Analyst,139580,USD,2026-09-17,Accepted,2026-09-03,
review-clean4-clean-OFF-000948,review-clean4-clean-APP-013921,review-clean4-clean-CAND-01450,2026-08-17,Senior Engineer,124071,USD,2026-09-06,Declined,2026-08-23,
review-clean4-clean-OFF-000949,review-clean4-clean-APP-013947,review-clean4-clean-CAND-03289,2026-07-07,Product Manager,105806,USD,2026-07-24,Declined,2026-07-14,
review-clean4-clean-OFF-000950,review-clean4-clean-APP-013949,review-clean4-clean-CAND-03013,2026-08-25,Analyst,131571,USD,2026-09-15,Accepted,2026-08-28,
review-clean4-clean-OFF-000951,review-clean4-clean-APP-013950,review-clean4-clean-CAND-01183,2026-09-07,Product Manager,143447,USD,2026-09-24,Sent,2026-09-11,
review-clean4-clean-OFF-000952,review-clean4-clean-APP-013962,review-clean4-clean-CAND-04215,2026-08-29,Product Manager,117235,USD,2026-09-14,Sent,,
review-clean4-clean-OFF-000953,review-clean4-clean-APP-013971,review-clean4-clean-CAND-03627,2026-09-10,Senior Engineer,120685,USD,2026-10-08,Accepted,2026-09-14,
review-clean4-clean-OFF-000954,review-clean4-clean-APP-013974,review-clean4-clean-CAND-00440,2026-08-24,Sales Rep,99402,USD,2026-09-18,Declined,,
review-clean4-clean-OFF-000955,review-clean4-clean-APP-014010,review-clean4-clean-CAND-04344,2026-09-27,Product Manager,96929,USD,2026-10-15,Accepted,2026-09-30,
review-clean4-clean-OFF-000956,review-clean4-clean-APP-014032,review-clean4-clean-CAND-00581,2026-09-14,Analyst,148108,USD,2026-10-13,Expired,,
review-clean4-clean-OFF-000957,review-clean4-clean-APP-014036,review-clean4-clean-CAND-02634,2026-08-09,Product Manager,125472,USD,2026-08-29,Sent,2026-08-16,
review-clean4-clean-OFF-000958,review-clean4-clean-APP-014041,review-clean4-clean-CAND-03719,2026-08-14,Senior Engineer,126567,USD,2026-09-13,Declined,,Salary Negotiation
review-clean4-clean-OFF-000959,review-clean4-clean-APP-014050,review-clean4-clean-CAND-04236,2026-07-23,Product Manager,118607,USD,2026-08-09,Declined,,
review-clean4-clean-OFF-000960,review-clean4-clean-APP-014071,review-clean4-clean-CAND-04299,2026-07-18,Senior Engineer,91525,USD,2026-08-06,Sent,,
review-clean4-clean-OFF-000961,review-clean4-clean-APP-014082,review-clean4-clean-CAND-00525,2026-08-19,Analyst,131173,USD,2026-09-06,Declined,,
review-clean4-clean-OFF-000962,review-clean4-clean-APP-014108,review-clean4-clean-CAND-03741,2026-09-12,Sales Rep,138089,USD,2026-10-02,Sent,2026-09-15,
review-clean4-clean-OFF-000963,review-clean4-clean-APP-014132,review-clean4-clean-CAND-01281,2026-07-31,Sales Rep,64623,USD,2026-08-27,Accepted,,
review-clean4-clean-OFF-000964,review-clean4-clean-APP-014133,review-clean4-clean-CAND-02348,2026-08-13,Product Manager,147615,USD,2026-09-11,Sent,2026-08-17,
review-clean4-clean-OFF-000965,review-clean4-clean-APP-014195,review-clean4-clean-CAND-04380,2026-08-11,Analyst,143550,USD,2026-08-27,Expired,2026-08-18,
review-clean4-clean-OFF-000966,review-clean4-clean-APP-014200,review-clean4-clean-CAND-04774,2026-08-21,Product Manager,98179,USD,2026-09-04,Declined,,
review-clean4-clean-OFF-000967,review-clean4-clean-APP-014213,review-clean4-clean-CAND-03476,2026-07-25,Sales Rep,102775,USD,2026-08-11,Accepted,,
review-clean4-clean-OFF-000968,review-clean4-clean-APP-014221,review-clean4-clean-CAND-03686,2026-07-22,Analyst,85785,USD,2026-08-09,Declined,2026-07-24,Competing Offer
review-clean4-clean-OFF-000969,review-clean4-clean-APP-014226,review-clean4-clean-CAND-04763,2026-07-19,Product Manager,104061,USD,2026-08-13,Sent,2026-07-23,
review-clean4-clean-OFF-000970,review-clean4-clean-APP-014272,review-clean4-clean-CAND-04979,2026-08-09,Product Manager,123953,USD,2026-09-02,Declined,2026-08-16,Competing Offer
review-clean4-clean-OFF-000971,review-clean4-clean-APP-014281,review-clean4-clean-CAND-01656,2026-07-15,Sales Rep,108900,USD,2026-08-05,Sent,2026-07-19,
review-clean4-clean-OFF-000972,review-clean4-clean-APP-014285,review-clean4-clean-CAND-04044,2026-09-22,Product Manager,120223,USD,2026-10-17,Accepted,2026-09-26,
review-clean4-clean-OFF-000973,review-clean4-clean-APP-014294,review-clean4-clean-CAND-00416,2026-07-03,Sales Rep,90739,USD,2026-07-28,Declined,2026-07-10,Competing Offer
review-clean4-clean-OFF-000974,review-clean4-clean-APP-014300,review-clean4-clean-CAND-04717,2026-07-30,Sales Rep,110917,USD,2026-08-13,Sent,,
review-clean4-clean-OFF-000975,review-clean4-clean-APP-014332,review-clean4-clean-CAND-04128,2026-06-24,Senior Engineer,80815,USD,2026-07-16,Accepted,2026-06-26,
review-clean4-clean-OFF-000976,review-clean4-clean-APP-014341,review-clean4-clean-CAND-02302,2026-07-21,Sales Rep,103307,USD,2026-08-12,Sent,2026-07-23,
review-clean4-clean-OFF-000977,review-clean4-clean-APP-014346,review-clean4-clean-CAND-00486,2026-07-16,Senior Engineer,64613,USD,2026-08-15,Declined,,Salary Negotiation
review-clean4-clean-OFF-000978,review-clean4-clean-APP-014349,review-clean4-clean-CAND-00217,2026-09-09,Product Manager,71360,USD,2026-09-27,Sent,2026-09-14,
review-clean4-clean-OFF-000979,review-clean4-clean-APP-014359,review-clean4-clean-CAND-01402,2026-08-21,Product Manager,73372,USD,2026-09-05,Accepted,,
review-clean4-clean-OFF-000980,review-clean4-clean-APP-014384,review-clean4-clean-CAND-03929,2026-09-20,Analyst,71647,USD,2026-10-06,Sent,,
review-clean4-clean-OFF-000981,review-clean4-clean-APP-014389,review-clean4-clean-CAND-02728,2026-07-11,Analyst,60111,USD,2026-07-25,Sent,2026-07-15,
review-clean4-clean-OFF-000982,review-clean4-clean-APP-014390,review-clean4-clean-CAND-04712,2026-07-12,Product Manager,86713,USD,2026-07-26,Declined,,Salary Negotiation
review-clean4-clean-OFF-000983,review-clean4-clean-APP-014406,review-clean4-clean-CAND-00182,2026-07-08,Analyst,78629,USD,2026-08-03,Accepted,2026-07-15,
review-clean4-clean-OFF-000984,review-clean4-clean-APP-014411,review-clean4-clean-CAND-03112,2026-09-08,Senior Engineer,124483,USD,2026-10-04,Accepted,2026-09-12,
review-clean4-clean-OFF-000985,review-clean4-clean-APP-014421,review-clean4-clean-CAND-00760,2026-08-18,Sales Rep,94016,USD,2026-09-17,Sent,,
review-clean4-clean-OFF-000986,review-clean4-clean-APP-014433,review-clean4-clean-CAND-01587,2026-07-10,Product Manager,99507,USD,2026-08-01,Accepted,2026-07-15,
review-clean4-clean-OFF-000987,review-clean4-clean-APP-014437,review-clean4-clean-CAND-00571,2026-08-23,Analyst,107155,USD,2026-09-22,Accepted,2026-08-30,
review-clean4-clean-OFF-000988,review-clean4-clean-APP-014438,review-clean4-clean-CAND-02127,2026-07-31,Sales Rep,64772,USD,2026-08-27,Accepted,,
review-clean4-clean-OFF-000989,review-clean4-clean-APP-014445,review-clean4-clean-CAND-04673,2026-08-30,Sales Rep,141149,USD,2026-09-15,Sent,2026-09-06,
review-clean4-clean-OFF-000990,review-clean4-clean-APP-014451,review-clean4-clean-CAND-02698,2026-09-12,Product Manager,97849,USD,2026-10-06,Accepted,2026-09-18,
review-clean4-clean-OFF-000991,review-clean4-clean-APP-014466,review-clean4-clean-CAND-03462,2026-08-24,Senior Engineer,138336,USD,2026-09-17,Sent,,
review-clean4-clean-OFF-000992,review-clean4-clean-APP-014468,review-clean4-clean-CAND-00747,2026-09-29,Product Manager,121086,USD,2026-10-20,Declined,2026-10-05,
review-clean4-clean-OFF-000993,review-clean4-clean-APP-014488,review-clean4-clean-CAND-00396,2026-07-06,Analyst,148547,USD,2026-07-20,Accepted,2026-07-09,
review-clean4-clean-OFF-000994,review-clean4-clean-APP-014490,review-clean4-clean-CAND-03100,2026-07-01,Senior Engineer,60764,USD,2026-07-20,Accepted,,
review-clean4-clean-OFF-000995,review-clean4-clean-APP-014552,review-clean4-clean-CAND-02848,2026-07-29,Sales Rep,140530,USD,2026-08-17,Declined,2026-08-01,
review-clean4-clean-OFF-000996,review-clean4-clean-APP-014614,review-clean4-clean-CAND-04427,2026-07-07,Sales Rep,102334,USD,2026-07-22,Declined,2026-07-10,Competing Offer
review-clean4-clean-OFF-000997,review-clean4-clean-APP-014642,review-clean4-clean-CAND-04293,2026-07-10,Sales Rep,82728,USD,2026-07-31,Sent,2026-07-17,
review-clean4-clean-OFF-000998,review-clean4-clean-APP-014644,review-clean4-clean-CAND-03750,2026-08-25,Product Manager,149680,USD,2026-09-23,Declined,2026-08-30,
review-clean4-clean-OFF-000999,review-clean4-clean-APP-014648,review-clean4-clean-CAND-04358,2026-08-22,Sales Rep,134672,USD,2026-09-07,Declined,2026-08-24,Competing Offer
review-clean4-clean-OFF-001000,review-clean4-clean-APP-014660,review-clean4-clean-CAND-04693,2026-08-15,Product Manager,110831,USD,2026-09-12,Sent,2026-08-22,
review-clean4-clean-OFF-001001,review-clean4-clean-APP-014668,review-clean4-clean-CAND-03015,2026-09-18,Sales Rep,73151,USD,2026-10-07,Declined,2026-09-23,
review-clean4-clean-OFF-001002,review-clean4-clean-APP-014678,review-clean4-clean-CAND-01679,2026-08-26,Senior Engineer,64950,USD,2026-09-25,Sent,2026-08-29,
review-clean4-clean-OFF-001003,review-clean4-clean-APP-014704,review-clean4-clean-CAND-02868,2026-08-13,Analyst,100610,USD,2026-08-28,Accepted,2026-08-15,
review-clean4-clean-OFF-001004,review-clean4-clean-APP-014713,review-clean4-clean-CAND-02718,2026-08-28,Product Manager,127240,USD,2026-09-16,Accepted,2026-09-02,
review-clean4-clean-OFF-001005,review-clean4-clean-APP-014743,review-clean4-clean-CAND-04813,2026-08-02,Senior Engineer,111924,USD,2026-08-23,Accepted,2026-08-07,
review-clean4-clean-OFF-001006,review-clean4-clean-APP-014747,review-clean4-clean-CAND-04775,2026-07-09,Senior Engineer,70308,USD,2026-07-23,Sent,2026-07-15,
review-clean4-clean-OFF-001007,review-clean4-clean-APP-014749,review-clean4-clean-CAND-01526,2026-08-04,Senior Engineer,71651,USD,2026-08-26,Declined,,Salary Negotiation
review-clean4-clean-OFF-001008,review-clean4-clean-APP-014788,review-clean4-clean-CAND-00831,2026-09-09,Analyst,129070,USD,2026-09-25,Declined,2026-09-13,Competing Offer
review-clean4-clean-OFF-001009,review-clean4-clean-APP-014828,review-clean4-clean-CAND-00883,2026-08-14,Senior Engineer,144187,USD,2026-09-11,Accepted,2026-08-16,
review-clean4-clean-OFF-001010,review-clean4-clean-APP-014833,review-clean4-clean-CAND-01779,2026-08-20,Sales Rep,82858,USD,2026-09-16,Declined,2026-08-27,
review-clean4-clean-OFF-001011,review-clean4-clean-APP-014837,review-clean4-clean-CAND-04562,2026-08-26,Senior Engineer,72614,USD,2026-09-11,Accepted,2026-09-02,
review-clean4-clean-OFF-001012,review-clean4-clean-APP-014870,review-clean4-clean-CAND-03075,2026-08-18,Product Manager,126856,USD,2026-09-10,Declined,2026-08-20,Competing Offer
review-clean4-clean-OFF-001013,review-clean4-clean-APP-014884,review-clean4-clean-CAND-03028,2026-07-20,Senior Engineer,117006,USD,2026-08-10,Sent,,
review-clean4-clean-OFF-001014,review-clean4-clean-APP-014895,review-clean4-clean-CAND-04281,2026-08-14,Product Manager,106612,USD,2026-09-13,Declined,2026-08-18,
review-clean4-clean-OFF-001015,review-clean4-clean-APP-014900,review-clean4-clean-CAND-00068,2026-09-22,Product Manager,62639,USD,2026-10-07,Accepted,2026-09-28,
review-clean4-clean-OFF-001016,review-clean4-clean-APP-014944,review-clean4-clean-CAND-01660,2026-07-31,Product Manager,99193,USD,2026-08-30,Declined,2026-08-07,Competing Offer
review-clean4-clean-OFF-001017,review-clean4-clean-APP-014957,review-clean4-clean-CAND-04473,2026-08-03,Analyst,113902,USD,2026-08-17,Accepted,2026-08-08,
review-clean4-clean-OFF-001018,review-clean4-clean-APP-014963,review-clean4-clean-CAND-03196,2026-06-19,Sales Rep,138716,USD,2026-07-04,Declined,2026-06-22,
review-clean4-clean-OFF-001019,review-clean4-clean-APP-014964,review-clean4-clean-CAND-04950,2026-08-20,Senior Engineer,75604,USD,2026-09-11,Expired,2026-08-22,
review-clean4-clean-OFF-001020,review-clean4-clean-APP-014981,review-clean4-clean-CAND-04757,2026-07-24,Sales Rep,112068,USD,2026-08-07,Sent,2026-07-29,
review-clean4-clean-OFF-001021,review-clean4-clean-APP-014988,review-clean4-clean-CAND-04066,2026-09-20,Sales Rep,99341,USD,2026-10-11,Declined,,
review-clean4-clean-OFF-001022,review-clean4-clean-APP-015022,review-clean4-clean-CAND-04760,2026-07-16,Product Manager,138868,USD,2026-08-12,Accepted,2026-07-20,
review-clean4-clean-OFF-001023,review-clean4-clean-APP-015027,review-clean4-clean-CAND-01766,2026-08-28,Senior Engineer,73059,USD,2026-09-24,Declined,2026-08-30,
review-clean4-clean-OFF-001024,review-clean4-clean-APP-015029,review-clean4-clean-CAND-02453,2026-06-28,Analyst,79493,USD,2026-07-19,Declined,,Competing Offer
review-clean4-clean-OFF-001025,review-clean4-clean-APP-015065,review-clean4-clean-CAND-01718,2026-09-08,Product Manager,136930,USD,2026-10-06,Accepted,2026-09-14,
review-clean4-clean-OFF-001026,review-clean4-clean-APP-015068,review-clean4-clean-CAND-02105,2026-07-19,Sales Rep,134931,USD,2026-08-09,Declined,,Salary Negotiation
review-clean4-clean-OFF-001027,review-clean4-clean-APP-015070,review-clean4-clean-CAND-04550,2026-07-25,Sales Rep,93222,USD,2026-08-20,Declined,2026-07-31,
review-clean4-clean-OFF-001028,review-clean4-clean-APP-015084,review-clean4-clean-CAND-00612,2026-06-25,Product Manager,68752,USD,2026-07-09,Accepted,2026-06-27,
review-clean4-clean-OFF-001029,review-clean4-clean-APP-015139,review-clean4-clean-CAND-01955,2026-07-22,Product Manager,126479,USD,2026-08-09,Expired,2026-07-29,Salary Negotiation
review-clean4-clean-OFF-001030,review-clean4-clean-APP-015207,review-clean4-clean-CAND-04439,2026-07-07,Analyst,135382,USD,2026-07-23,Expired,,
review-clean4-clean-OFF-001031,review-clean4-clean-APP-015209,review-clean4-clean-CAND-01960,2026-09-07,Product Manager,107140,USD,2026-09-27,Expired,2026-09-11,Salary Negotiation
review-clean4-clean-OFF-001032,review-clean4-clean-APP-015225,review-clean4-clean-CAND-04063,2026-06-29,Analyst,98655,USD,2026-07-25,Declined,2026-07-01,Competing Offer
review-clean4-clean-OFF-001033,review-clean4-clean-APP-015253,review-clean4-clean-CAND-00444,2026-07-07,Senior Engineer,142181,USD,2026-07-26,Declined,2026-07-14,Salary Negotiation
review-clean4-clean-OFF-001034,review-clean4-clean-APP-015259,review-clean4-clean-CAND-01353,2026-08-23,Analyst,75946,USD,2026-09-06,Accepted,,
review-clean4-clean-OFF-001035,review-clean4-clean-APP-015268,review-clean4-clean-CAND-00211,2026-08-31,Senior Engineer,133312,USD,2026-09-18,Sent,2026-09-04,
review-clean4-clean-OFF-001036,review-clean4-clean-APP-015269,review-clean4-clean-CAND-04992,2026-08-12,Senior Engineer,64046,USD,2026-09-03,Sent,2026-08-16,
review-clean4-clean-OFF-001037,review-clean4-clean-APP-015270,review-clean4-clean-CAND-00766,2026-08-18,Senior Engineer,97798,USD,2026-09-17,Expired,2026-08-22,
review-clean4-clean-OFF-001038,review-clean4-clean-APP-015280,review-clean4-clean-CAND-02436,2026-09-22,Senior Engineer,136941,USD,2026-10-21,Sent,,
review-clean4-clean-OFF-001039,review-clean4-clean-APP-015281,review-clean4-clean-CAND-03673,2026-09-01,Senior Engineer,66101,USD,2026-09-26,Sent,2026-09-05,
review-clean4-clean-OFF-001040,review-clean4-clean-APP-015288,review-clean4-clean-CAND-00860,2026-06-30,Analyst,67938,USD,2026-07-18,Accepted,2026-07-07,
review-clean4-clean-OFF-001041,review-clean4-clean-APP-015290,review-clean4-clean-CAND-01191,2026-07-06,Sales Rep,79130,USD,2026-08-01,Accepted,2026-07-13,
review-clean4-clean-OFF-001042,review-clean4-clean-APP-015310,review-clean4-clean-CAND-02666,2026-08-16,Sales Rep,146641,USD,2026-09-01,Sent,,
review-clean4-clean-OFF-001043,review-clean4-clean-APP-015330,review-clean4-clean-CAND-02035,2026-10-03,Senior Engineer,95407,USD,2026-10-25,Declined,2026-10-08,Salary Negotiation
review-clean4-clean-OFF-001044,review-clean4-clean-APP-015347,review-clean4-clean-CAND-01016,2026-08-25,Senior Engineer,97674,USD,2026-09-18,Sent,2026-08-29,
review-clean4-clean-OFF-001045,review-clean4-clean-APP-015449,review-clean4-clean-CAND-02701,2026-09-22,Sales Rep,76772,USD,2026-10-21,Declined,,Competing Offer
review-clean4-clean-OFF-001046,review-clean4-clean-APP-015452,review-clean4-clean-CAND-03047,2026-07-17,Sales Rep,66945,USD,2026-08-10,Accepted,2026-07-22,
review-clean4-clean-OFF-001047,review-clean4-clean-APP-015490,review-clean4-clean-CAND-04141,2026-07-10,Product Manager,142627,USD,2026-08-04,Accepted,2026-07-12,
review-clean4-clean-OFF-001048,review-clean4-clean-APP-015506,review-clean4-clean-CAND-00329,2026-08-06,Analyst,148652,USD,2026-08-23,Accepted,2026-08-12,
review-clean4-clean-OFF-001049,review-clean4-clean-APP-015508,review-clean4-clean-CAND-01147,2026-07-05,Sales Rep,124115,USD,2026-07-19,Accepted,2026-07-09,
review-clean4-clean-OFF-001050,review-clean4-clean-APP-015521,review-clean4-clean-CAND-02915,2026-07-09,Product Manager,89023,USD,2026-08-01,Sent,,
review-clean4-clean-OFF-001051,review-clean4-clean-APP-015534,review-clean4-clean-CAND-00623,2026-07-14,Product Manager,65004,USD,2026-08-07,Accepted,,
review-clean4-clean-OFF-001052,review-clean4-clean-APP-015541,review-clean4-clean-CAND-01896,2026-07-16,Sales Rep,112050,USD,2026-08-15,Declined,2026-07-22,Salary Negotiation
review-clean4-clean-OFF-001053,review-clean4-clean-APP-015549,review-clean4-clean-CAND-04326,2026-07-13,Sales Rep,101351,USD,2026-07-27,Declined,2026-07-18,Salary Negotiation
review-clean4-clean-OFF-001054,review-clean4-clean-APP-015570,review-clean4-clean-CAND-00980,2026-08-03,Sales Rep,119710,USD,2026-08-31,Expired,2026-08-05,
review-clean4-clean-OFF-001055,review-clean4-clean-APP-015583,review-clean4-clean-CAND-04336,2026-07-29,Sales Rep,149468,USD,2026-08-19,Declined,2026-08-05,
review-clean4-clean-OFF-001056,review-clean4-clean-APP-015604,review-clean4-clean-CAND-04076,2026-08-13,Product Manager,103395,USD,2026-08-30,Declined,,Competing Offer
review-clean4-clean-OFF-001057,review-clean4-clean-APP-015613,review-clean4-clean-CAND-00532,2026-07-25,Senior Engineer,68527,USD,2026-08-12,Accepted,,
review-clean4-clean-OFF-001058,review-clean4-clean-APP-015626,review-clean4-clean-CAND-04022,2026-07-30,Senior Engineer,82935,USD,2026-08-24,Sent,,
review-clean4-clean-OFF-001059,review-clean4-clean-APP-015665,review-clean4-clean-CAND-03113,2026-09-09,Product Manager,112685,USD,2026-09-24,Accepted,2026-09-11,
review-clean4-clean-OFF-001060,review-clean4-clean-APP-015683,review-clean4-clean-CAND-04497,2026-07-06,Senior Engineer,72771,USD,2026-07-27,Accepted,2026-07-12,
review-clean4-clean-OFF-001061,review-clean4-clean-APP-015693,review-clean4-clean-CAND-03770,2026-07-25,Sales Rep,128329,USD,2026-08-11,Accepted,2026-07-30,
review-clean4-clean-OFF-001062,review-clean4-clean-APP-015699,review-clean4-clean-CAND-03952,2026-07-08,Sales Rep,149852,USD,2026-07-26,Expired,,
review-clean4-clean-OFF-001063,review-clean4-clean-APP-015705,review-clean4-clean-CAND-02616,2026-07-08,Sales Rep,73225,USD,2026-08-03,Accepted,,
review-clean4-clean-OFF-001064,review-clean4-clean-APP-015718,review-clean4-clean-CAND-04390,2026-09-17,Senior Engineer,82502,USD,2026-10-04,Accepted,2026-09-21,
review-clean4-clean-OFF-001065,review-clean4-clean-APP-015723,review-clean4-clean-CAND-02234,2026-06-22,Sales Rep,137241,USD,2026-07-12,Sent,,
review-clean4-clean-OFF-001066,review-clean4-clean-APP-015756,review-clean4-clean-CAND-02418,2026-07-02,Analyst,75168,USD,2026-07-18,Accepted,2026-07-05,
review-clean4-clean-OFF-001067,review-clean4-clean-APP-015795,review-clean4-clean-CAND-02329,2026-07-14,Senior Engineer,130777,USD,2026-08-04,Declined,2026-07-17,
review-clean4-clean-OFF-001068,review-clean4-clean-APP-015798,review-clean4-clean-CAND-03251,2026-06-26,Analyst,142797,USD,2026-07-13,Expired,2026-06-28,Salary Negotiation
review-clean4-clean-OFF-001069,review-clean4-clean-APP-015820,review-clean4-clean-CAND-01568,2026-09-13,Analyst,116341,USD,2026-10-03,Accepted,2026-09-18,
review-clean4-clean-OFF-001070,review-clean4-clean-APP-015827,review-clean4-clean-CAND-01400,2026-08-31,Sales Rep,64293,USD,2026-09-23,Sent,,
review-clean4-clean-OFF-001071,review-clean4-clean-APP-015862,review-clean4-clean-CAND-03977,2026-08-05,Sales Rep,104647,USD,2026-09-02,Declined,,Competing Offer
review-clean4-clean-OFF-001072,review-clean4-clean-APP-015889,review-clean4-clean-CAND-03273,2026-07-13,Product Manager,73800,USD,2026-08-05,Accepted,2026-07-15,
review-clean4-clean-OFF-001073,review-clean4-clean-APP-015897,review-clean4-clean-CAND-02941,2026-09-06,Sales Rep,73300,USD,2026-10-02,Sent,,
review-clean4-clean-OFF-001074,review-clean4-clean-APP-015904,review-clean4-clean-CAND-01706,2026-09-12,Sales Rep,124495,USD,2026-10-03,Declined,2026-09-15,
review-clean4-clean-OFF-001075,review-clean4-clean-APP-015923,review-clean4-clean-CAND-04672,2026-07-29,Senior Engineer,79365,USD,2026-08-15,Sent,2026-07-31,
review-clean4-clean-OFF-001076,review-clean4-clean-APP-015934,review-clean4-clean-CAND-04384,2026-09-06,Analyst,118040,USD,2026-10-05,Declined,,Salary Negotiation
review-clean4-clean-OFF-001077,review-clean4-clean-APP-015990,review-clean4-clean-CAND-04151,2026-09-05,Senior Engineer,81042,USD,2026-10-04,Sent,,
review-clean4-clean-OFF-001078,review-clean4-clean-APP-015999,review-clean4-clean-CAND-00251,2026-06-22,Senior Engineer,77867,USD,2026-07-10,Accepted,2026-06-28,
review-clean4-clean-OFF-001079,review-clean4-clean-APP-016017,review-clean4-clean-CAND-03836,2026-06-24,Senior Engineer,64598,USD,2026-07-09,Sent,,
review-clean4-clean-OFF-001080,review-clean4-clean-APP-016019,review-clean4-clean-CAND-01616,2026-07-29,Senior Engineer,142601,USD,2026-08-26,Accepted,2026-08-01,
review-clean4-clean-OFF-001081,review-clean4-clean-APP-016060,review-clean4-clean-CAND-03467,2026-07-22,Product Manager,122894,USD,2026-08-08,Accepted,2026-07-28,
review-clean4-clean-OFF-001082,review-clean4-clean-APP-016080,review-clean4-clean-CAND-03009,2026-08-24,Sales Rep,110736,USD,2026-09-08,Declined,2026-08-26,
review-clean4-clean-OFF-001083,review-clean4-clean-APP-016090,review-clean4-clean-CAND-02113,2026-08-13,Analyst,70863,USD,2026-09-05,Expired,2026-08-20,Salary Negotiation
review-clean4-clean-OFF-001084,review-clean4-clean-APP-016109,review-clean4-clean-CAND-01161,2026-08-18,Sales Rep,61234,USD,2026-09-12,Declined,2026-08-22,Salary Negotiation
review-clean4-clean-OFF-001085,review-clean4-clean-APP-016118,review-clean4-clean-CAND-02548,2026-07-06,Analyst,107482,USD,2026-08-01,Sent,2026-07-08,
review-clean4-clean-OFF-001086,review-clean4-clean-APP-016134,review-clean4-clean-CAND-02298,2026-07-02,Sales Rep,124532,USD,2026-07-16,Sent,2026-07-08,
review-clean4-clean-OFF-001087,review-clean4-clean-APP-016162,review-clean4-clean-CAND-03254,2026-09-22,Senior Engineer,88423,USD,2026-10-11,Accepted,,
review-clean4-clean-OFF-001088,review-clean4-clean-APP-016168,review-clean4-clean-CAND-01894,2026-07-18,Analyst,80642,USD,2026-08-15,Expired,,
review-clean4-clean-OFF-001089,review-clean4-clean-APP-016183,review-clean4-clean-CAND-01582,2026-08-09,Senior Engineer,132450,USD,2026-09-01,Accepted,2026-08-11,
review-clean4-clean-OFF-001090,review-clean4-clean-APP-016219,review-clean4-clean-CAND-00012,2026-09-14,Sales Rep,105525,USD,2026-10-14,Declined,2026-09-19,Competing Offer
review-clean4-clean-OFF-001091,review-clean4-clean-APP-016227,review-clean4-clean-CAND-03903,2026-08-14,Sales Rep,112219,USD,2026-09-09,Expired,2026-08-16,
review-clean4-clean-OFF-001092,review-clean4-clean-APP-016243,review-clean4-clean-CAND-00220,2026-08-23,Sales Rep,85548,USD,2026-09-17,Sent,2026-08-26,
review-clean4-clean-OFF-001093,review-clean4-clean-APP-016259,review-clean4-clean-CAND-01611,2026-07-13,Analyst,145722,USD,2026-07-28,Expired,,Salary Negotiation
review-clean4-clean-OFF-001094,review-clean4-clean-APP-016307,review-clean4-clean-CAND-03873,2026-08-29,Sales Rep,71012,USD,2026-09-19,Accepted,,
review-clean4-clean-OFF-001095,review-clean4-clean-APP-016332,review-clean4-clean-CAND-00944,2026-08-09,Senior Engineer,138625,USD,2026-09-08,Expired,2026-08-11,Salary Negotiation
review-clean4-clean-OFF-001096,review-clean4-clean-APP-016341,review-clean4-clean-CAND-01684,2026-08-10,Analyst,81503,USD,2026-09-09,Declined,2026-08-17,
review-clean4-clean-OFF-001097,review-clean4-clean-APP-016343,review-clean4-clean-CAND-03324,2026-08-18,Product Manager,120112,USD,2026-09-12,Sent,2026-08-20,
review-clean4-clean-OFF-001098,review-clean4-clean-APP-016367,review-clean4-clean-CAND-02380,2026-08-27,Senior Engineer,107876,USD,2026-09-19,Sent,2026-08-30,
review-clean4-clean-OFF-001099,review-clean4-clean-APP-016384,review-clean4-clean-CAND-02119,2026-07-09,Analyst,69517,USD,2026-07-23,Sent,2026-07-11,
review-clean4-clean-OFF-001100,review-clean4-clean-APP-016385,review-clean4-clean-CAND-03440,2026-08-02,Product Manager,98279,USD,2026-08-22,Declined,,
review-clean4-clean-OFF-001101,review-clean4-clean-APP-016413,review-clean4-clean-CAND-00041,2026-06-30,Senior Engineer,67566,USD,2026-07-27,Expired,2026-07-05,
review-clean4-clean-OFF-001102,review-clean4-clean-APP-016461,review-clean4-clean-CAND-02512,2026-07-13,Sales Rep,78849,USD,2026-08-03,Accepted,2026-07-18,
review-clean4-clean-OFF-001103,review-clean4-clean-APP-016464,review-clean4-clean-CAND-04397,2026-08-27,Sales Rep,99964,USD,2026-09-22,Sent,2026-09-01,
review-clean4-clean-OFF-001104,review-clean4-clean-APP-016470,review-clean4-clean-CAND-00742,2026-07-17,Analyst,71780,USD,2026-08-05,Declined,2026-07-22,Competing Offer
review-clean4-clean-OFF-001105,review-clean4-clean-APP-016495,review-clean4-clean-CAND-02242,2026-09-27,Product Manager,87695,USD,2026-10-26,Accepted,2026-10-04,
review-clean4-clean-OFF-001106,review-clean4-clean-APP-016506,review-clean4-clean-CAND-01657,2026-07-15,Product Manager,84183,USD,2026-07-30,Declined,2026-07-18,
review-clean4-clean-OFF-001107,review-clean4-clean-APP-016541,review-clean4-clean-CAND-00917,2026-07-22,Senior Engineer,148690,USD,2026-08-12,Accepted,,
review-clean4-clean-OFF-001108,review-clean4-clean-APP-016543,review-clean4-clean-CAND-02840,2026-07-25,Senior Engineer,107960,USD,2026-08-08,Accepted,2026-08-01,
review-clean4-clean-OFF-001109,review-clean4-clean-APP-016572,review-clean4-clean-CAND-00358,2026-07-26,Product Manager,122406,USD,2026-08-19,Declined,2026-07-31,Competing Offer
review-clean4-clean-OFF-001110,review-clean4-clean-APP-016581,review-clean4-clean-CAND-02532,2026-08-24,Analyst,75715,USD,2026-09-15,Sent,2026-08-26,
review-clean4-clean-OFF-001111,review-clean4-clean-APP-016582,review-clean4-clean-CAND-00228,2026-08-20,Product Manager,141484,USD,2026-09-10,Accepted,2026-08-23,
review-clean4-clean-OFF-001112,review-clean4-clean-APP-016588,review-clean4-clean-CAND-02336,2026-08-10,Analyst,138122,USD,2026-09-01,Accepted,,
review-clean4-clean-OFF-001113,review-clean4-clean-APP-016591,review-clean4-clean-CAND-02728,2026-08-30,Sales Rep,92199,USD,2026-09-27,Accepted,2026-09-01,
review-clean4-clean-OFF-001114,review-clean4-clean-APP-016616,review-clean4-clean-CAND-02515,2026-07-21,Sales Rep,108049,USD,2026-08-09,Declined,2026-07-27,Competing Offer
review-clean4-clean-OFF-001115,review-clean4-clean-APP-016628,review-clean4-clean-CAND-02504,2026-07-30,Senior Engineer,104238,USD,2026-08-16,Declined,2026-08-06,Salary Negotiation
review-clean4-clean-OFF-001116,review-clean4-clean-APP-016635,review-clean4-clean-CAND-02409,2026-08-22,Analyst,103043,USD,2026-09-16,Accepted,2026-08-25,
review-clean4-clean-OFF-001117,review-clean4-clean-APP-016648,review-clean4-clean-CAND-02748,2026-08-01,Senior Engineer,101174,USD,2026-08-24,Accepted,2026-08-03,
review-clean4-clean-OFF-001118,review-clean4-clean-APP-016651,review-clean4-clean-CAND-03906,2026-08-20,Sales Rep,131144,USD,2026-09-17,Accepted,2026-08-25,
review-clean4-clean-OFF-001119,review-clean4-clean-APP-016652,review-clean4-clean-CAND-03089,2026-07-31,Analyst,109460,USD,2026-08-24,Accepted,2026-08-04,
review-clean4-clean-OFF-001120,review-clean4-clean-APP-016654,review-clean4-clean-CAND-02683,2026-08-19,Sales Rep,74387,USD,2026-09-05,Accepted,2026-08-24,
review-clean4-clean-OFF-001121,review-clean4-clean-APP-016666,review-clean4-clean-CAND-02444,2026-09-18,Analyst,134933,USD,2026-10-15,Declined,2026-09-22,Salary Negotiation
review-clean4-clean-OFF-001122,review-clean4-clean-APP-016696,review-clean4-clean-CAND-01256,2026-08-03,Analyst,142688,USD,2026-08-28,Expired,2026-08-07,Competing Offer
review-clean4-clean-OFF-001123,review-clean4-clean-APP-016719,review-clean4-clean-CAND-02409,2026-07-18,Senior Engineer,69662,USD,2026-08-04,Accepted,2026-07-22,
review-clean4-clean-OFF-001124,review-clean4-clean-APP-016726,review-clean4-clean-CAND-00480,2026-07-25,Product Manager,74887,USD,2026-08-15,Sent,2026-07-27,
review-clean4-clean-OFF-001125,review-clean4-clean-APP-016742,review-clean4-clean-CAND-01138,2026-08-24,Analyst,148842,USD,2026-09-08,Expired,2026-08-31,Competing Offer
review-clean4-clean-OFF-001126,review-clean4-clean-APP-016747,review-clean4-clean-CAND-00724,2026-06-30,Sales Rep,115373,USD,2026-07-23,Sent,,
review-clean4-clean-OFF-001127,review-clean4-clean-APP-016749,review-clean4-clean-CAND-04621,2026-08-01,Sales Rep,70966,USD,2026-08-15,Accepted,2026-08-06,
review-clean4-clean-OFF-001128,review-clean4-clean-APP-016756,review-clean4-clean-CAND-03837,2026-07-27,Sales Rep,107379,USD,2026-08-24,Accepted,2026-07-29,
review-clean4-clean-OFF-001129,review-clean4-clean-APP-016760,review-clean4-clean-CAND-00786,2026-09-18,Senior Engineer,109696,USD,2026-10-15,Sent,2026-09-24,
review-clean4-clean-OFF-001130,review-clean4-clean-APP-016795,review-clean4-clean-CAND-01069,2026-07-12,Sales Rep,118080,USD,2026-08-04,Sent,,
review-clean4-clean-OFF-001131,review-clean4-clean-APP-016808,review-clean4-clean-CAND-03776,2026-09-16,Analyst,133666,USD,2026-10-11,Accepted,2026-09-19,
review-clean4-clean-OFF-001132,review-clean4-clean-APP-016819,review-clean4-clean-CAND-00987,2026-09-17,Sales Rep,85036,USD,2026-10-16,Sent,,
review-clean4-clean-OFF-001133,review-clean4-clean-APP-016842,review-clean4-clean-CAND-01496,2026-06-23,Analyst,72190,USD,2026-07-18,Declined,2026-06-29,
review-clean4-clean-OFF-001134,review-clean4-clean-APP-016844,review-clean4-clean-CAND-03886,2026-06-19,Sales Rep,110654,USD,2026-07-04,Accepted,,
review-clean4-clean-OFF-001135,review-clean4-clean-APP-016850,review-clean4-clean-CAND-00131,2026-08-20,Sales Rep,76128,USD,2026-09-17,Declined,,
review-clean4-clean-OFF-001136,review-clean4-clean-APP-016855,review-clean4-clean-CAND-04330,2026-06-26,Product Manager,126664,USD,2026-07-18,Declined,2026-07-03,Competing Offer
review-clean4-clean-OFF-001137,review-clean4-clean-APP-016872,review-clean4-clean-CAND-02014,2026-08-16,Senior Engineer,149787,USD,2026-09-01,Declined,2026-08-18,
review-clean4-clean-OFF-001138,review-clean4-clean-APP-016931,review-clean4-clean-CAND-03386,2026-09-05,Product Manager,80366,USD,2026-09-26,Declined,,Salary Negotiation
review-clean4-clean-OFF-001139,review-clean4-clean-APP-016950,review-clean4-clean-CAND-00655,2026-08-31,Analyst,102763,USD,2026-09-27,Sent,2026-09-07,
review-clean4-clean-OFF-001140,review-clean4-clean-APP-016977,review-clean4-clean-CAND-03560,2026-08-27,Sales Rep,130920,USD,2026-09-18,Accepted,2026-09-02,
review-clean4-clean-OFF-001141,review-clean4-clean-APP-016992,review-clean4-clean-CAND-02518,2026-07-27,Product Manager,91305,USD,2026-08-19,Sent,2026-08-01,
review-clean4-clean-OFF-001142,review-clean4-clean-APP-016995,review-clean4-clean-CAND-01405,2026-07-01,Sales Rep,119009,USD,2026-07-26,Declined,2026-07-04,
review-clean4-clean-OFF-001143,review-clean4-clean-APP-017003,review-clean4-clean-CAND-02860,2026-07-20,Analyst,131048,USD,2026-08-05,Accepted,,
review-clean4-clean-OFF-001144,review-clean4-clean-APP-017067,review-clean4-clean-CAND-01481,2026-07-28,Analyst,82567,USD,2026-08-27,Accepted,2026-08-02,
review-clean4-clean-OFF-001145,review-clean4-clean-APP-017070,review-clean4-clean-CAND-04533,2026-07-23,Sales Rep,79996,USD,2026-08-19,Declined,2026-07-30,Salary Negotiation
review-clean4-clean-OFF-001146,review-clean4-clean-APP-017089,review-clean4-clean-CAND-02044,2026-09-03,Product Manager,78448,USD,2026-09-17,Declined,2026-09-09,Competing Offer
review-clean4-clean-OFF-001147,review-clean4-clean-APP-017112,review-clean4-clean-CAND-02960,2026-07-27,Senior Engineer,96895,USD,2026-08-16,Declined,2026-08-03,
review-clean4-clean-OFF-001148,review-clean4-clean-APP-017135,review-clean4-clean-CAND-03850,2026-07-16,Senior Engineer,110436,USD,2026-08-08,Sent,2026-07-20,
review-clean4-clean-OFF-001149,review-clean4-clean-APP-017141,review-clean4-clean-CAND-01174,2026-08-11,Product Manager,69247,USD,2026-09-08,Declined,2026-08-16,Salary Negotiation
review-clean4-clean-OFF-001150,review-clean4-clean-APP-017155,review-clean4-clean-CAND-00720,2026-07-11,Sales Rep,82842,USD,2026-07-31,Sent,,
review-clean4-clean-OFF-001151,review-clean4-clean-APP-017212,review-clean4-clean-CAND-02973,2026-09-13,Analyst,111915,USD,2026-10-12,Declined,2026-09-19,
review-clean4-clean-OFF-001152,review-clean4-clean-APP-017221,review-clean4-clean-CAND-04267,2026-07-19,Senior Engineer,73826,USD,2026-08-06,Sent,,
review-clean4-clean-OFF-001153,review-clean4-clean-APP-017222,review-clean4-clean-CAND-00016,2026-09-04,Sales Rep,80674,USD,2026-09-26,Declined,,
review-clean4-clean-OFF-001154,review-clean4-clean-APP-017223,review-clean4-clean-CAND-00069,2026-07-31,Senior Engineer,93890,USD,2026-08-30,Accepted,2026-08-05,
review-clean4-clean-OFF-001155,review-clean4-clean-APP-017270,review-clean4-clean-CAND-04551,2026-07-28,Sales Rep,115137,USD,2026-08-18,Expired,,Salary Negotiation
review-clean4-clean-OFF-001156,review-clean4-clean-APP-017279,review-clean4-clean-CAND-01387,2026-08-28,Product Manager,85092,USD,2026-09-19,Expired,,
review-clean4-clean-OFF-001157,review-clean4-clean-APP-017290,review-clean4-clean-CAND-02686,2026-08-10,Analyst,83854,USD,2026-08-24,Accepted,,
review-clean4-clean-OFF-001158,review-clean4-clean-APP-017299,review-clean4-clean-CAND-01948,2026-09-08,Sales Rep,88656,USD,2026-09-29,Accepted,2026-09-10,
review-clean4-clean-OFF-001159,review-clean4-clean-APP-017316,review-clean4-clean-CAND-03357,2026-09-02,Senior Engineer,75805,USD,2026-09-27,Declined,,
review-clean4-clean-OFF-001160,review-clean4-clean-APP-017326,review-clean4-clean-CAND-01343,2026-08-21,Senior Engineer,80008,USD,2026-09-15,Accepted,2026-08-25,
review-clean4-clean-OFF-001161,review-clean4-clean-APP-017396,review-clean4-clean-CAND-00582,2026-09-18,Analyst,130124,USD,2026-10-11,Sent,2026-09-23,
review-clean4-clean-OFF-001162,review-clean4-clean-APP-017419,review-clean4-clean-CAND-01119,2026-07-11,Analyst,115523,USD,2026-08-06,Declined,2026-07-15,Salary Negotiation
review-clean4-clean-OFF-001163,review-clean4-clean-APP-017422,review-clean4-clean-CAND-01866,2026-07-08,Sales Rep,126564,USD,2026-08-07,Expired,2026-07-14,Salary Negotiation
review-clean4-clean-OFF-001164,review-clean4-clean-APP-017423,review-clean4-clean-CAND-04348,2026-08-09,Product Manager,119588,USD,2026-08-27,Accepted,2026-08-14,
review-clean4-clean-OFF-001165,review-clean4-clean-APP-017427,review-clean4-clean-CAND-01952,2026-09-05,Sales Rep,89458,USD,2026-09-19,Accepted,,
review-clean4-clean-OFF-001166,review-clean4-clean-APP-017428,review-clean4-clean-CAND-01714,2026-09-14,Senior Engineer,60726,USD,2026-10-14,Accepted,2026-09-20,
review-clean4-clean-OFF-001167,review-clean4-clean-APP-017436,review-clean4-clean-CAND-03317,2026-06-22,Analyst,79458,USD,2026-07-09,Accepted,2026-06-26,
review-clean4-clean-OFF-001168,review-clean4-clean-APP-017454,review-clean4-clean-CAND-03505,2026-08-08,Analyst,118643,USD,2026-09-07,Sent,2026-08-11,
review-clean4-clean-OFF-001169,review-clean4-clean-APP-017466,review-clean4-clean-CAND-02452,2026-08-18,Sales Rep,88723,USD,2026-09-16,Accepted,2026-08-21,
review-clean4-clean-OFF-001170,review-clean4-clean-APP-017494,review-clean4-clean-CAND-01007,2026-09-05,Sales Rep,106000,USD,2026-09-28,Sent,,
review-clean4-clean-OFF-001171,review-clean4-clean-APP-017498,review-clean4-clean-CAND-01440,2026-08-11,Analyst,80341,USD,2026-09-04,Sent,,
review-clean4-clean-OFF-001172,review-clean4-clean-APP-017499,review-clean4-clean-CAND-01827,2026-09-11,Analyst,110723,USD,2026-10-01,Declined,2026-09-18,Competing Offer
review-clean4-clean-OFF-001173,review-clean4-clean-APP-017510,review-clean4-clean-CAND-02844,2026-07-27,Sales Rep,71384,USD,2026-08-16,Sent,2026-08-03,
review-clean4-clean-OFF-001174,review-clean4-clean-APP-017514,review-clean4-clean-CAND-02481,2026-09-13,Product Manager,126202,USD,2026-10-03,Accepted,2026-09-19,
review-clean4-clean-OFF-001175,review-clean4-clean-APP-017522,review-clean4-clean-CAND-03004,2026-08-10,Sales Rep,76988,USD,2026-08-25,Declined,2026-08-14,
review-clean4-clean-OFF-001176,review-clean4-clean-APP-017555,review-clean4-clean-CAND-02607,2026-07-17,Senior Engineer,96387,USD,2026-08-08,Expired,2026-07-23,Salary Negotiation
review-clean4-clean-OFF-001177,review-clean4-clean-APP-017559,review-clean4-clean-CAND-01248,2026-08-21,Sales Rep,120373,USD,2026-09-18,Declined,2026-08-27,
review-clean4-clean-OFF-001178,review-clean4-clean-APP-017580,review-clean4-clean-CAND-04300,2026-09-05,Product Manager,127343,USD,2026-09-22,Declined,2026-09-11,Salary Negotiation
review-clean4-clean-OFF-001179,review-clean4-clean-APP-017583,review-clean4-clean-CAND-03776,2026-07-16,Senior Engineer,126673,USD,2026-08-08,Sent,2026-07-21,
review-clean4-clean-OFF-001180,review-clean4-clean-APP-017612,review-clean4-clean-CAND-01868,2026-08-27,Senior Engineer,143737,USD,2026-09-10,Accepted,,
review-clean4-clean-OFF-001181,review-clean4-clean-APP-017628,review-clean4-clean-CAND-04298,2026-07-10,Senior Engineer,71300,USD,2026-08-08,Declined,,Competing Offer
review-clean4-clean-OFF-001182,review-clean4-clean-APP-017655,review-clean4-clean-CAND-03923,2026-09-13,Sales Rep,120318,USD,2026-10-06,Sent,2026-09-15,
review-clean4-clean-OFF-001183,review-clean4-clean-APP-017681,review-clean4-clean-CAND-01225,2026-07-16,Senior Engineer,100365,USD,2026-08-15,Accepted,2026-07-23,
review-clean4-clean-OFF-001184,review-clean4-clean-APP-017691,review-clean4-clean-CAND-04402,2026-07-31,Analyst,140310,USD,2026-08-23,Sent,2026-08-02,
review-clean4-clean-OFF-001185,review-clean4-clean-APP-017693,review-clean4-clean-CAND-03834,2026-09-12,Analyst,116497,USD,2026-10-02,Accepted,2026-09-16,
review-clean4-clean-OFF-001186,review-clean4-clean-APP-017698,review-clean4-clean-CAND-02231,2026-08-23,Analyst,140047,USD,2026-09-18,Sent,,
review-clean4-clean-OFF-001187,review-clean4-clean-APP-017701,review-clean4-clean-CAND-00303,2026-09-13,Product Manager,146697,USD,2026-10-01,Accepted,2026-09-18,
review-clean4-clean-OFF-001188,review-clean4-clean-APP-017710,review-clean4-clean-CAND-02055,2026-08-24,Senior Engineer,120476,USD,2026-09-18,Sent,,
review-clean4-clean-OFF-001189,review-clean4-clean-APP-017727,review-clean4-clean-CAND-01484,2026-07-20,Senior Engineer,98975,USD,2026-08-10,Accepted,2026-07-22,
review-clean4-clean-OFF-001190,review-clean4-clean-APP-017733,review-clean4-clean-CAND-01192,2026-08-06,Senior Engineer,106818,USD,2026-08-21,Declined,,
review-clean4-clean-OFF-001191,review-clean4-clean-APP-017748,review-clean4-clean-CAND-01859,2026-09-24,Senior Engineer,145171,USD,2026-10-15,Sent,2026-10-01,
review-clean4-clean-OFF-001192,review-clean4-clean-APP-017769,review-clean4-clean-CAND-02705,2026-07-03,Sales Rep,134016,USD,2026-07-31,Accepted,,
review-clean4-clean-OFF-001193,review-clean4-clean-APP-017778,review-clean4-clean-CAND-02260,2026-08-21,Sales Rep,76571,USD,2026-09-10,Accepted,2026-08-24,
review-clean4-clean-OFF-001194,review-clean4-clean-APP-017780,review-clean4-clean-CAND-04590,2026-09-08,Product Manager,107689,USD,2026-09-24,Sent,2026-09-10,
review-clean4-clean-OFF-001195,review-clean4-clean-APP-017785,review-clean4-clean-CAND-01171,2026-09-26,Analyst,60674,USD,2026-10-25,Declined,2026-09-30,Salary Negotiation
review-clean4-clean-OFF-001196,review-clean4-clean-APP-017802,review-clean4-clean-CAND-03523,2026-08-23,Senior Engineer,134792,USD,2026-09-19,Declined,2026-08-29,
review-clean4-clean-OFF-001197,review-clean4-clean-APP-017819,review-clean4-clean-CAND-00444,2026-08-28,Senior Engineer,140707,USD,2026-09-24,Declined,2026-09-03,Competing Offer
review-clean4-clean-OFF-001198,review-clean4-clean-APP-017827,review-clean4-clean-CAND-01514,2026-07-11,Analyst,130201,USD,2026-08-02,Accepted,,
review-clean4-clean-OFF-001199,review-clean4-clean-APP-017845,review-clean4-clean-CAND-00263,2026-09-12,Senior Engineer,95203,USD,2026-09-29,Accepted,,
review-clean4-clean-OFF-001200,review-clean4-clean-APP-017847,review-clean4-clean-CAND-00949,2026-07-20,Product Manager,81314,USD,2026-08-10,Accepted,,
review-clean4-clean-OFF-001201,review-clean4-clean-APP-017849,review-clean4-clean-CAND-04589,2026-07-20,Product Manager,88424,USD,2026-08-12,Accepted,,
review-clean4-clean-OFF-001202,review-clean4-clean-APP-017880,review-clean4-clean-CAND-04035,2026-09-04,Sales Rep,92691,USD,2026-10-04,Accepted,,
review-clean4-clean-OFF-001203,review-clean4-clean-APP-017902,review-clean4-clean-CAND-03994,2026-07-21,Analyst,144573,USD,2026-08-16,Sent,,
review-clean4-clean-OFF-001204,review-clean4-clean-APP-017936,review-clean4-clean-CAND-04741,2026-07-31,Senior Engineer,104773,USD,2026-08-20,Declined,2026-08-04,Competing Offer
review-clean4-clean-OFF-001205,review-clean4-clean-APP-017946,review-clean4-clean-CAND-00470,2026-09-22,Product Manager,122780,USD,2026-10-11,Accepted,2026-09-28,
review-clean4-clean-OFF-001206,review-clean4-clean-APP-017991,review-clean4-clean-CAND-00220,2026-08-20,Analyst,97716,USD,2026-09-18,Sent,,
review-clean4-clean-OFF-001207,review-clean4-clean-APP-018012,review-clean4-clean-CAND-02051,2026-07-21,Senior Engineer,102575,USD,2026-08-08,Declined,,Salary Negotiation
review-clean4-clean-OFF-001208,review-clean4-clean-APP-018033,review-clean4-clean-CAND-03539,2026-08-30,Senior Engineer,141459,USD,2026-09-18,Declined,,Competing Offer
review-clean4-clean-OFF-001209,review-clean4-clean-APP-018036,review-clean4-clean-CAND-04377,2026-07-02,Analyst,137576,USD,2026-07-31,Accepted,,
review-clean4-clean-OFF-001210,review-clean4-clean-APP-018048,review-clean4-clean-CAND-01978,2026-07-31,Sales Rep,84196,USD,2026-08-25,Declined,2026-08-03,Competing Offer
review-clean4-clean-OFF-001211,review-clean4-clean-APP-018066,review-clean4-clean-CAND-02722,2026-07-09,Sales Rep,114431,USD,2026-08-04,Sent,2026-07-13,
review-clean4-clean-OFF-001212,review-clean4-clean-APP-018131,review-clean4-clean-CAND-00414,2026-08-08,Product Manager,127370,USD,2026-08-31,Declined,,
review-clean4-clean-OFF-001213,review-clean4-clean-APP-018148,review-clean4-clean-CAND-04993,2026-07-31,Analyst,72177,USD,2026-08-15,Sent,,
review-clean4-clean-OFF-001214,review-clean4-clean-APP-018160,review-clean4-clean-CAND-03227,2026-09-20,Senior Engineer,68595,USD,2026-10-19,Expired,,
review-clean4-clean-OFF-001215,review-clean4-clean-APP-018169,review-clean4-clean-CAND-02982,2026-09-10,Analyst,65276,USD,2026-10-10,Sent,2026-09-15,
review-clean4-clean-OFF-001216,review-clean4-clean-APP-018192,review-clean4-clean-CAND-03447,2026-09-01,Analyst,92732,USD,2026-09-17,Declined,,Competing Offer
review-clean4-clean-OFF-001217,review-clean4-clean-APP-018196,review-clean4-clean-CAND-04094,2026-07-22,Sales Rep,128734,USD,2026-08-16,Declined,,
review-clean4-clean-OFF-001218,review-clean4-clean-APP-018204,review-clean4-clean-CAND-04916,2026-07-28,Product Manager,110130,USD,2026-08-23,Declined,2026-08-03,
review-clean4-clean-OFF-001219,review-clean4-clean-APP-018209,review-clean4-clean-CAND-03582,2026-08-03,Product Manager,125009,USD,2026-08-23,Accepted,2026-08-10,
review-clean4-clean-OFF-001220,review-clean4-clean-APP-018216,review-clean4-clean-CAND-00851,2026-08-23,Sales Rep,142529,USD,2026-09-13,Accepted,2026-08-27,
review-clean4-clean-OFF-001221,review-clean4-clean-APP-018218,review-clean4-clean-CAND-03359,2026-07-21,Sales Rep,138679,USD,2026-08-04,Accepted,2026-07-28,
review-clean4-clean-OFF-001222,review-clean4-clean-APP-018222,review-clean4-clean-CAND-02270,2026-07-25,Senior Engineer,128080,USD,2026-08-13,Sent,2026-07-30,
review-clean4-clean-OFF-001223,review-clean4-clean-APP-018224,review-clean4-clean-CAND-01237,2026-07-16,Senior Engineer,130835,USD,2026-08-14,Declined,2026-07-21,Competing Offer
review-clean4-clean-OFF-001224,review-clean4-clean-APP-018298,review-clean4-clean-CAND-04037,2026-07-09,Sales Rep,129158,USD,2026-07-26,Accepted,,
review-clean4-clean-OFF-001225,review-clean4-clean-APP-018318,review-clean4-clean-CAND-02571,2026-08-16,Senior Engineer,118457,USD,2026-09-07,Expired,2026-08-21,Salary Negotiation
review-clean4-clean-OFF-001226,review-clean4-clean-APP-018336,review-clean4-clean-CAND-04085,2026-08-25,Sales Rep,137641,USD,2026-09-24,Sent,,
review-clean4-clean-OFF-001227,review-clean4-clean-APP-018355,review-clean4-clean-CAND-04515,2026-07-19,Analyst,97889,USD,2026-08-10,Declined,,
review-clean4-clean-OFF-001228,review-clean4-clean-APP-018409,review-clean4-clean-CAND-01731,2026-08-22,Product Manager,68564,USD,2026-09-06,Expired,,Competing Offer
review-clean4-clean-OFF-001229,review-clean4-clean-APP-018418,review-clean4-clean-CAND-03327,2026-08-22,Product Manager,97368,USD,2026-09-19,Declined,,Salary Negotiation
review-clean4-clean-OFF-001230,review-clean4-clean-APP-018421,review-clean4-clean-CAND-00939,2026-08-01,Product Manager,113868,USD,2026-08-25,Expired,2026-08-05,Salary Negotiation
review-clean4-clean-OFF-001231,review-clean4-clean-APP-018432,review-clean4-clean-CAND-00190,2026-08-14,Sales Rep,96711,USD,2026-09-03,Accepted,2026-08-18,
review-clean4-clean-OFF-001232,review-clean4-clean-APP-018441,review-clean4-clean-CAND-01783,2026-08-03,Product Manager,141554,USD,2026-08-19,Accepted,2026-08-08,
review-clean4-clean-OFF-001233,review-clean4-clean-APP-018448,review-clean4-clean-CAND-02432,2026-08-02,Analyst,75692,USD,2026-08-26,Accepted,2026-08-06,
review-clean4-clean-OFF-001234,review-clean4-clean-APP-018477,review-clean4-clean-CAND-03598,2026-07-20,Analyst,106370,USD,2026-08-03,Accepted,2026-07-22,
review-clean4-clean-OFF-001235,review-clean4-clean-APP-018484,review-clean4-clean-CAND-04788,2026-07-24,Product Manager,91751,USD,2026-08-20,Declined,2026-07-30,Salary Negotiation
review-clean4-clean-OFF-001236,review-clean4-clean-APP-018491,review-clean4-clean-CAND-04064,2026-08-15,Senior Engineer,98093,USD,2026-09-04,Sent,2026-08-17,
review-clean4-clean-OFF-001237,review-clean4-clean-APP-018504,review-clean4-clean-CAND-04697,2026-08-23,Analyst,122810,USD,2026-09-17,Expired,,Competing Offer
review-clean4-clean-OFF-001238,review-clean4-clean-APP-018542,review-clean4-clean-CAND-01511,2026-06-28,Analyst,73912,USD,2026-07-12,Accepted,2026-07-04,
review-clean4-clean-OFF-001239,review-clean4-clean-APP-018570,review-clean4-clean-CAND-01691,2026-09-06,Sales Rep,104777,USD,2026-09-25,Sent,2026-09-11,
review-clean4-clean-OFF-001240,review-clean4-clean-APP-018576,review-clean4-clean-CAND-00835,2026-09-18,Senior Engineer,82254,USD,2026-10-08,Accepted,2026-09-24,
review-clean4-clean-OFF-001241,review-clean4-clean-APP-018583,review-clean4-clean-CAND-01820,2026-08-27,Analyst,121881,USD,2026-09-17,Sent,2026-09-02,
review-clean4-clean-OFF-001242,review-clean4-clean-APP-018600,review-clean4-clean-CAND-02548,2026-09-19,Sales Rep,130206,USD,2026-10-11,Accepted,2026-09-21,
review-clean4-clean-OFF-001243,review-clean4-clean-APP-018628,review-clean4-clean-CAND-00215,2026-06-28,Analyst,61485,USD,2026-07-25,Sent,2026-07-02,
review-clean4-clean-OFF-001244,review-clean4-clean-APP-018662,review-clean4-clean-CAND-04458,2026-06-18,Product Manager,105152,USD,2026-07-02,Declined,,Salary Negotiation
review-clean4-clean-OFF-001245,review-clean4-clean-APP-018673,review-clean4-clean-CAND-01717,2026-09-04,Sales Rep,145378,USD,2026-09-28,Sent,2026-09-06,
review-clean4-clean-OFF-001246,review-clean4-clean-APP-018683,review-clean4-clean-CAND-04646,2026-08-22,Sales Rep,116180,USD,2026-09-08,Declined,2026-08-25,Competing Offer
review-clean4-clean-OFF-001247,review-clean4-clean-APP-018713,review-clean4-clean-CAND-02416,2026-07-15,Sales Rep,126872,USD,2026-08-10,Declined,,Salary Negotiation
review-clean4-clean-OFF-001248,review-clean4-clean-APP-018725,review-clean4-clean-CAND-04294,2026-07-26,Senior Engineer,69177,USD,2026-08-12,Expired,2026-07-30,
review-clean4-clean-OFF-001249,review-clean4-clean-APP-018769,review-clean4-clean-CAND-03243,2026-08-29,Senior Engineer,121892,USD,2026-09-26,Accepted,,
review-clean4-clean-OFF-001250,review-clean4-clean-APP-018777,review-clean4-clean-CAND-01838,2026-07-12,Sales Rep,98434,USD,2026-08-03,Declined,,
review-clean4-clean-OFF-001251,review-clean4-clean-APP-018778,review-clean4-clean-CAND-02849,2026-07-19,Senior Engineer,73993,USD,2026-08-03,Accepted,,
review-clean4-clean-OFF-001252,review-clean4-clean-APP-018790,review-clean4-clean-CAND-01747,2026-07-08,Sales Rep,69891,USD,2026-07-24,Accepted,2026-07-11,
review-clean4-clean-OFF-001253,review-clean4-clean-APP-018831,review-clean4-clean-CAND-04962,2026-07-14,Product Manager,67984,USD,2026-07-28,Declined,2026-07-18,Competing Offer
review-clean4-clean-OFF-001254,review-clean4-clean-APP-018832,review-clean4-clean-CAND-02360,2026-08-30,Sales Rep,109704,USD,2026-09-18,Accepted,2026-09-06,
review-clean4-clean-OFF-001255,review-clean4-clean-APP-018833,review-clean4-clean-CAND-00778,2026-09-15,Senior Engineer,96130,USD,2026-10-12,Sent,2026-09-18,
review-clean4-clean-OFF-001256,review-clean4-clean-APP-018841,review-clean4-clean-CAND-01230,2026-09-01,Sales Rep,96670,USD,2026-09-20,Sent,2026-09-04,
review-clean4-clean-OFF-001257,review-clean4-clean-APP-018860,review-clean4-clean-CAND-02536,2026-08-12,Product Manager,129692,USD,2026-08-31,Accepted,2026-08-18,
review-clean4-clean-OFF-001258,review-clean4-clean-APP-018894,review-clean4-clean-CAND-01394,2026-07-21,Analyst,60432,USD,2026-08-05,Accepted,2026-07-28,
review-clean4-clean-OFF-001259,review-clean4-clean-APP-018906,review-clean4-clean-CAND-04538,2026-07-31,Sales Rep,96253,USD,2026-08-14,Accepted,2026-08-07,
review-clean4-clean-OFF-001260,review-clean4-clean-APP-018916,review-clean4-clean-CAND-02280,2026-08-06,Sales Rep,69792,USD,2026-08-30,Sent,,
review-clean4-clean-OFF-001261,review-clean4-clean-APP-018924,review-clean4-clean-CAND-00125,2026-06-23,Sales Rep,138955,USD,2026-07-14,Sent,2026-06-30,
review-clean4-clean-OFF-001262,review-clean4-clean-APP-018955,review-clean4-clean-CAND-01888,2026-09-02,Analyst,96461,USD,2026-09-18,Accepted,,
review-clean4-clean-OFF-001263,review-clean4-clean-APP-018967,review-clean4-clean-CAND-02446,2026-08-22,Analyst,76997,USD,2026-09-07,Declined,,
review-clean4-clean-OFF-001264,review-clean4-clean-APP-018973,review-clean4-clean-CAND-04715,2026-09-08,Senior Engineer,148668,USD,2026-09-26,Declined,2026-09-15,Competing Offer
review-clean4-clean-OFF-001265,review-clean4-clean-APP-018982,review-clean4-clean-CAND-02629,2026-09-18,Product Manager,67061,USD,2026-10-09,Accepted,2026-09-24,
review-clean4-clean-OFF-001266,review-clean4-clean-APP-018983,review-clean4-clean-CAND-00809,2026-07-26,Sales Rep,65262,USD,2026-08-20,Declined,2026-07-31,
review-clean4-clean-OFF-001267,review-clean4-clean-APP-018987,review-clean4-clean-CAND-03660,2026-06-29,Product Manager,81623,USD,2026-07-20,Sent,2026-07-06,
review-clean4-clean-OFF-001268,review-clean4-clean-APP-018993,review-clean4-clean-CAND-03031,2026-07-22,Product Manager,146571,USD,2026-08-13,Declined,2026-07-28,Salary Negotiation
review-clean4-clean-OFF-001269,review-clean4-clean-APP-019013,review-clean4-clean-CAND-02064,2026-08-08,Sales Rep,141619,USD,2026-09-05,Accepted,,
review-clean4-clean-OFF-001270,review-clean4-clean-APP-019015,review-clean4-clean-CAND-02423,2026-07-18,Senior Engineer,84345,USD,2026-08-07,Expired,2026-07-21,
review-clean4-clean-OFF-001271,review-clean4-clean-APP-019037,review-clean4-clean-CAND-03941,2026-07-31,Analyst,98501,USD,2026-08-21,Sent,2026-08-04,
review-clean4-clean-OFF-001272,review-clean4-clean-APP-019040,review-clean4-clean-CAND-01874,2026-07-26,Sales Rep,149449,USD,2026-08-14,Sent,,
review-clean4-clean-OFF-001273,review-clean4-clean-APP-019065,review-clean4-clean-CAND-04706,2026-07-03,Sales Rep,61423,USD,2026-07-22,Accepted,,
review-clean4-clean-OFF-001274,review-clean4-clean-APP-019083,review-clean4-clean-CAND-03618,2026-08-22,Sales Rep,94532,USD,2026-09-05,Sent,2026-08-27,
review-clean4-clean-OFF-001275,review-clean4-clean-APP-019092,review-clean4-clean-CAND-04066,2026-08-08,Analyst,121425,USD,2026-09-03,Sent,2026-08-14,
review-clean4-clean-OFF-001276,review-clean4-clean-APP-019101,review-clean4-clean-CAND-03649,2026-07-12,Product Manager,139124,USD,2026-08-02,Accepted,2026-07-15,
review-clean4-clean-OFF-001277,review-clean4-clean-APP-019124,review-clean4-clean-CAND-03852,2026-07-27,Analyst,120047,USD,2026-08-25,Declined,2026-08-03,Competing Offer
review-clean4-clean-OFF-001278,review-clean4-clean-APP-019129,review-clean4-clean-CAND-04550,2026-07-31,Analyst,61646,USD,2026-08-24,Accepted,2026-08-02,
review-clean4-clean-OFF-001279,review-clean4-clean-APP-019132,review-clean4-clean-CAND-00188,2026-07-03,Product Manager,136643,USD,2026-08-01,Declined,2026-07-07,Salary Negotiation
review-clean4-clean-OFF-001280,review-clean4-clean-APP-019147,review-clean4-clean-CAND-02359,2026-09-01,Product Manager,69368,USD,2026-09-30,Declined,,Competing Offer
review-clean4-clean-OFF-001281,review-clean4-clean-APP-019179,review-clean4-clean-CAND-00774,2026-08-27,Product Manager,70339,USD,2026-09-13,Sent,2026-09-02,
review-clean4-clean-OFF-001282,review-clean4-clean-APP-019183,review-clean4-clean-CAND-01889,2026-08-23,Sales Rep,92265,USD,2026-09-12,Accepted,2026-08-26,
review-clean4-clean-OFF-001283,review-clean4-clean-APP-019201,review-clean4-clean-CAND-00650,2026-08-05,Senior Engineer,122021,USD,2026-08-21,Accepted,2026-08-07,
review-clean4-clean-OFF-001284,review-clean4-clean-APP-019222,review-clean4-clean-CAND-00148,2026-08-02,Sales Rep,140194,USD,2026-08-26,Sent,2026-08-06,
review-clean4-clean-OFF-001285,review-clean4-clean-APP-019239,review-clean4-clean-CAND-01819,2026-08-28,Senior Engineer,118174,USD,2026-09-17,Declined,,Salary Negotiation
review-clean4-clean-OFF-001286,review-clean4-clean-APP-019254,review-clean4-clean-CAND-01515,2026-08-15,Senior Engineer,81116,USD,2026-09-12,Expired,,
review-clean4-clean-OFF-001287,review-clean4-clean-APP-019281,review-clean4-clean-CAND-01561,2026-07-09,Analyst,92923,USD,2026-07-30,Declined,2026-07-14,
review-clean4-clean-OFF-001288,review-clean4-clean-APP-019283,review-clean4-clean-CAND-03971,2026-07-19,Analyst,68184,USD,2026-08-03,Accepted,2026-07-26,
review-clean4-clean-OFF-001289,review-clean4-clean-APP-019299,review-clean4-clean-CAND-00796,2026-07-31,Sales Rep,88128,USD,2026-08-28,Accepted,2026-08-04,
review-clean4-clean-OFF-001290,review-clean4-clean-APP-019301,review-clean4-clean-CAND-00173,2026-07-01,Senior Engineer,75734,USD,2026-07-16,Accepted,2026-07-03,
review-clean4-clean-OFF-001291,review-clean4-clean-APP-019302,review-clean4-clean-CAND-04650,2026-07-24,Analyst,127416,USD,2026-08-12,Accepted,2026-07-29,
review-clean4-clean-OFF-001292,review-clean4-clean-APP-019309,review-clean4-clean-CAND-02286,2026-08-04,Sales Rep,84021,USD,2026-08-22,Expired,,Competing Offer
review-clean4-clean-OFF-001293,review-clean4-clean-APP-019326,review-clean4-clean-CAND-00087,2026-09-03,Product Manager,68163,USD,2026-09-29,Sent,2026-09-06,
review-clean4-clean-OFF-001294,review-clean4-clean-APP-019353,review-clean4-clean-CAND-04849,2026-10-03,Product Manager,77374,USD,2026-10-29,Accepted,2026-10-07,
review-clean4-clean-OFF-001295,review-clean4-clean-APP-019365,review-clean4-clean-CAND-03204,2026-08-03,Product Manager,149083,USD,2026-08-17,Accepted,2026-08-07,
review-clean4-clean-OFF-001296,review-clean4-clean-APP-019376,review-clean4-clean-CAND-01380,2026-08-21,Senior Engineer,81145,USD,2026-09-19,Accepted,2026-08-24,
review-clean4-clean-OFF-001297,review-clean4-clean-APP-019384,review-clean4-clean-CAND-03387,2026-09-09,Analyst,78323,USD,2026-09-24,Declined,,Competing Offer
review-clean4-clean-OFF-001298,review-clean4-clean-APP-019410,review-clean4-clean-CAND-03393,2026-08-14,Analyst,127656,USD,2026-09-09,Accepted,2026-08-21,
review-clean4-clean-OFF-001299,review-clean4-clean-APP-019433,review-clean4-clean-CAND-03136,2026-08-03,Senior Engineer,78413,USD,2026-09-01,Accepted,,
review-clean4-clean-OFF-001300,review-clean4-clean-APP-019434,review-clean4-clean-CAND-01349,2026-08-16,Sales Rep,117397,USD,2026-09-07,Sent,,
review-clean4-clean-OFF-001301,review-clean4-clean-APP-019444,review-clean4-clean-CAND-04530,2026-06-24,Product Manager,146271,USD,2026-07-11,Accepted,,
review-clean4-clean-OFF-001302,review-clean4-clean-APP-019462,review-clean4-clean-CAND-01664,2026-09-05,Senior Engineer,82795,USD,2026-09-26,Sent,,
review-clean4-clean-OFF-001303,review-clean4-clean-APP-019463,review-clean4-clean-CAND-01236,2026-08-11,Analyst,76367,USD,2026-08-31,Sent,2026-08-13,
review-clean4-clean-OFF-001304,review-clean4-clean-APP-019512,review-clean4-clean-CAND-00475,2026-06-29,Product Manager,147315,USD,2026-07-22,Sent,2026-07-01,
review-clean4-clean-OFF-001305,review-clean4-clean-APP-019527,review-clean4-clean-CAND-04461,2026-09-22,Product Manager,146260,USD,2026-10-09,Accepted,,
review-clean4-clean-OFF-001306,review-clean4-clean-APP-019529,review-clean4-clean-CAND-03100,2026-08-01,Sales Rep,71002,USD,2026-08-21,Sent,2026-08-03,
review-clean4-clean-OFF-001307,review-clean4-clean-APP-019537,review-clean4-clean-CAND-03460,2026-06-24,Product Manager,80587,USD,2026-07-16,Declined,2026-06-28,Competing Offer
review-clean4-clean-OFF-001308,review-clean4-clean-APP-019557,review-clean4-clean-CAND-00576,2026-08-22,Senior Engineer,88150,USD,2026-09-13,Sent,2026-08-29,
review-clean4-clean-OFF-001309,review-clean4-clean-APP-019579,review-clean4-clean-CAND-00979,2026-09-22,Analyst,94048,USD,2026-10-22,Accepted,,
review-clean4-clean-OFF-001310,review-clean4-clean-APP-019596,review-clean4-clean-CAND-03980,2026-08-04,Analyst,133425,USD,2026-08-21,Accepted,2026-08-06,
review-clean4-clean-OFF-001311,review-clean4-clean-APP-019602,review-clean4-clean-CAND-03293,2026-07-19,Analyst,76969,USD,2026-08-16,Accepted,,
review-clean4-clean-OFF-001312,review-clean4-clean-APP-019617,review-clean4-clean-CAND-02072,2026-07-15,Analyst,69820,USD,2026-08-06,Sent,2026-07-17,
review-clean4-clean-OFF-001313,review-clean4-clean-APP-019618,review-clean4-clean-CAND-04105,2026-07-30,Product Manager,89749,USD,2026-08-14,Declined,2026-08-01,Salary Negotiation
review-clean4-clean-OFF-001314,review-clean4-clean-APP-019623,review-clean4-clean-CAND-04544,2026-08-18,Analyst,127630,USD,2026-09-13,Declined,,Competing Offer
review-clean4-clean-OFF-001315,review-clean4-clean-APP-019629,review-clean4-clean-CAND-03267,2026-08-23,Product Manager,122944,USD,2026-09-12,Expired,2026-08-25,
review-clean4-clean-OFF-001316,review-clean4-clean-APP-019663,review-clean4-clean-CAND-01443,2026-07-28,Analyst,84616,USD,2026-08-16,Accepted,2026-08-02,
review-clean4-clean-OFF-001317,review-clean4-clean-APP-019671,review-clean4-clean-CAND-04017,2026-08-05,Product Manager,98762,USD,2026-08-31,Declined,2026-08-07,
review-clean4-clean-OFF-001318,review-clean4-clean-APP-019680,review-clean4-clean-CAND-04619,2026-09-05,Product Manager,74161,USD,2026-09-19,Sent,2026-09-12,
review-clean4-clean-OFF-001319,review-clean4-clean-APP-019687,review-clean4-clean-CAND-01893,2026-07-10,Analyst,101847,USD,2026-08-09,Declined,2026-07-13,Competing Offer
review-clean4-clean-OFF-001320,review-clean4-clean-APP-019697,review-clean4-clean-CAND-02314,2026-07-30,Sales Rep,83794,USD,2026-08-28,Sent,,
review-clean4-clean-OFF-001321,review-clean4-clean-APP-019720,review-clean4-clean-CAND-04653,2026-09-22,Product Manager,135569,USD,2026-10-19,Declined,2026-09-29,
review-clean4-clean-OFF-001322,review-clean4-clean-APP-019764,review-clean4-clean-CAND-02694,2026-08-05,Product Manager,137166,USD,2026-08-29,Declined,2026-08-12,
review-clean4-clean-OFF-001323,review-clean4-clean-APP-019795,review-clean4-clean-CAND-04329,2026-08-25,Senior Engineer,141004,USD,2026-09-20,Declined,2026-08-31,Salary Negotiation
review-clean4-clean-OFF-001324,review-clean4-clean-APP-019867,review-clean4-clean-CAND-03492,2026-07-04,Sales Rep,123933,USD,2026-07-20,Sent,2026-07-11,
review-clean4-clean-OFF-001325,review-clean4-clean-APP-019882,review-clean4-clean-CAND-00414,2026-08-03,Senior Engineer,61867,USD,2026-08-27,Expired,2026-08-05,
review-clean4-clean-OFF-001326,review-clean4-clean-APP-019897,review-clean4-clean-CAND-01219,2026-09-16,Senior Engineer,60092,USD,2026-10-12,Sent,2026-09-19,
review-clean4-clean-OFF-001327,review-clean4-clean-APP-019912,review-clean4-clean-CAND-00531,2026-08-06,Analyst,133221,USD,2026-09-05,Sent,2026-08-11,
review-clean4-clean-OFF-001328,review-clean4-clean-APP-019921,review-clean4-clean-CAND-02270,2026-09-18,Senior Engineer,107449,USD,2026-10-11,Accepted,2026-09-22,
review-clean4-clean-OFF-001329,review-clean4-clean-APP-019924,review-clean4-clean-CAND-03324,2026-07-23,Senior Engineer,89568,USD,2026-08-16,Declined,,
review-clean4-clean-OFF-001330,review-clean4-clean-APP-019925,review-clean4-clean-CAND-00976,2026-09-19,Analyst,132848,USD,2026-10-15,Declined,2026-09-21,Competing Offer
review-clean4-clean-OFF-001331,review-clean4-clean-APP-019950,review-clean4-clean-CAND-04101,2026-08-16,Product Manager,112311,USD,2026-09-14,Declined,2026-08-21,Salary Negotiation
review-clean4-clean-OFF-001332,review-clean4-clean-APP-019969,review-clean4-clean-CAND-01448,2026-09-19,Analyst,145295,USD,2026-10-06,Declined,2026-09-21,Salary Negotiation
review-clean4-clean-OFF-001333,review-clean4-clean-APP-020008,review-clean4-clean-CAND-00962,2026-07-19,Sales Rep,112663,USD,2026-08-18,Accepted,,
review-clean4-clean-OFF-001334,review-clean4-clean-APP-020018,review-clean4-clean-CAND-04021,2026-07-30,Senior Engineer,126773,USD,2026-08-17,Declined,,
review-clean4-clean-OFF-001335,review-clean4-clean-APP-020024,review-clean4-clean-CAND-02398,2026-07-05,Senior Engineer,134285,USD,2026-08-01,Accepted,2026-07-10,
review-clean4-clean-OFF-001336,review-clean4-clean-APP-020049,review-clean4-clean-CAND-03995,2026-06-22,Sales Rep,123491,USD,2026-07-15,Accepted,2026-06-24,
review-clean4-clean-OFF-001337,review-clean4-clean-APP-020060,review-clean4-clean-CAND-02980,2026-09-15,Analyst,75702,USD,2026-10-01,Accepted,2026-09-20,
review-clean4-clean-OFF-001338,review-clean4-clean-APP-020096,review-clean4-clean-CAND-04482,2026-09-02,Analyst,117556,USD,2026-10-02,Accepted,,
review-clean4-clean-OFF-001339,review-clean4-clean-APP-020131,review-clean4-clean-CAND-00061,2026-08-04,Sales Rep,65129,USD,2026-08-19,Accepted,2026-08-07,
review-clean4-clean-OFF-001340,review-clean4-clean-APP-020140,review-clean4-clean-CAND-00753,2026-08-05,Senior Engineer,130547,USD,2026-08-23,Declined,2026-08-08,
review-clean4-clean-OFF-001341,review-clean4-clean-APP-020150,review-clean4-clean-CAND-00349,2026-07-07,Analyst,92879,USD,2026-07-23,Declined,,Salary Negotiation
review-clean4-clean-OFF-001342,review-clean4-clean-APP-020154,review-clean4-clean-CAND-01392,2026-09-03,Product Manager,91740,USD,2026-09-27,Sent,,
review-clean4-clean-OFF-001343,review-clean4-clean-APP-020195,review-clean4-clean-CAND-00829,2026-09-02,Sales Rep,84932,USD,2026-09-25,Sent,,
review-clean4-clean-OFF-001344,review-clean4-clean-APP-020200,review-clean4-clean-CAND-03999,2026-08-06,Product Manager,111017,USD,2026-09-05,Accepted,2026-08-09,
review-clean4-clean-OFF-001345,review-clean4-clean-APP-020203,review-clean4-clean-CAND-00994,2026-07-14,Sales Rep,82614,USD,2026-08-06,Sent,2026-07-16,
review-clean4-clean-OFF-001346,review-clean4-clean-APP-020205,review-clean4-clean-CAND-01845,2026-09-20,Analyst,65465,USD,2026-10-06,Sent,2026-09-25,
review-clean4-clean-OFF-001347,review-clean4-clean-APP-020210,review-clean4-clean-CAND-00481,2026-07-26,Senior Engineer,145887,USD,2026-08-13,Accepted,,
review-clean4-clean-OFF-001348,review-clean4-clean-APP-020213,review-clean4-clean-CAND-01750,2026-09-13,Analyst,140858,USD,2026-10-03,Accepted,2026-09-16,
review-clean4-clean-OFF-001349,review-clean4-clean-APP-020241,review-clean4-clean-CAND-01169,2026-08-21,Senior Engineer,112503,USD,2026-09-05,Sent,,
review-clean4-clean-OFF-001350,review-clean4-clean-APP-020261,review-clean4-clean-CAND-03528,2026-09-07,Sales Rep,78680,USD,2026-10-07,Expired,2026-09-14,
review-clean4-clean-OFF-001351,review-clean4-clean-APP-020270,review-clean4-clean-CAND-00765,2026-08-24,Product Manager,105158,USD,2026-09-07,Accepted,,
review-clean4-clean-OFF-001352,review-clean4-clean-APP-020287,review-clean4-clean-CAND-01120,2026-08-24,Product Manager,111543,USD,2026-09-15,Accepted,2026-08-29,
review-clean4-clean-OFF-001353,review-clean4-clean-APP-020300,review-clean4-clean-CAND-04216,2026-07-27,Sales Rep,100578,USD,2026-08-10,Accepted,2026-07-30,
review-clean4-clean-OFF-001354,review-clean4-clean-APP-020316,review-clean4-clean-CAND-03548,2026-07-09,Sales Rep,119631,USD,2026-08-08,Accepted,2026-07-14,
review-clean4-clean-OFF-001355,review-clean4-clean-APP-020323,review-clean4-clean-CAND-04854,2026-07-13,Analyst,101423,USD,2026-07-28,Accepted,2026-07-18,
review-clean4-clean-OFF-001356,review-clean4-clean-APP-020339,review-clean4-clean-CAND-04984,2026-08-19,Sales Rep,112138,USD,2026-09-08,Accepted,2026-08-21,
review-clean4-clean-OFF-001357,review-clean4-clean-APP-020353,review-clean4-clean-CAND-03673,2026-08-30,Senior Engineer,72880,USD,2026-09-23,Declined,2026-09-03,Salary Negotiation
review-clean4-clean-OFF-001358,review-clean4-clean-APP-020370,review-clean4-clean-CAND-03945,2026-09-26,Senior Engineer,150000,USD,2026-10-18,Declined,2026-09-30,
review-clean4-clean-OFF-001359,review-clean4-clean-APP-020385,review-clean4-clean-CAND-03314,2026-07-05,Sales Rep,76566,USD,2026-07-30,Accepted,2026-07-12,
review-clean4-clean-OFF-001360,review-clean4-clean-APP-020390,review-clean4-clean-CAND-01593,2026-09-07,Product Manager,129305,USD,2026-09-22,Declined,,Salary Negotiation
review-clean4-clean-OFF-001361,review-clean4-clean-APP-020399,review-clean4-clean-CAND-01064,2026-08-11,Analyst,109514,USD,2026-09-05,Accepted,2026-08-16,
review-clean4-clean-OFF-001362,review-clean4-clean-APP-020412,review-clean4-clean-CAND-00057,2026-07-03,Senior Engineer,144302,USD,2026-07-25,Expired,,Competing Offer
review-clean4-clean-OFF-001363,review-clean4-clean-APP-020439,review-clean4-clean-CAND-01266,2026-07-21,Analyst,90678,USD,2026-08-13,Declined,,Salary Negotiation
review-clean4-clean-OFF-001364,review-clean4-clean-APP-020441,review-clean4-clean-CAND-03868,2026-09-01,Analyst,90644,USD,2026-09-30,Declined,2026-09-03,Competing Offer
review-clean4-clean-OFF-001365,review-clean4-clean-APP-020453,review-clean4-clean-CAND-01506,2026-09-06,Product Manager,105999,USD,2026-09-27,Declined,2026-09-12,Competing Offer
review-clean4-clean-OFF-001366,review-clean4-clean-APP-020460,review-clean4-clean-CAND-00351,2026-07-26,Sales Rep,63358,USD,2026-08-13,Declined,2026-07-28,Salary Negotiation
review-clean4-clean-OFF-001367,review-clean4-clean-APP-020481,review-clean4-clean-CAND-01065,2026-08-01,Analyst,113671,USD,2026-08-15,Accepted,,
review-clean4-clean-OFF-001368,review-clean4-clean-APP-020519,review-clean4-clean-CAND-03590,2026-07-02,Product Manager,120982,USD,2026-07-17,Declined,2026-07-07,Competing Offer
review-clean4-clean-OFF-001369,review-clean4-clean-APP-020521,review-clean4-clean-CAND-04826,2026-08-20,Senior Engineer,80169,USD,2026-09-13,Accepted,,
review-clean4-clean-OFF-001370,review-clean4-clean-APP-020522,review-clean4-clean-CAND-01826,2026-07-19,Sales Rep,84544,USD,2026-08-13,Declined,2026-07-26,
review-clean4-clean-OFF-001371,review-clean4-clean-APP-020523,review-clean4-clean-CAND-00254,2026-09-26,Sales Rep,106589,USD,2026-10-14,Accepted,2026-09-29,
review-clean4-clean-OFF-001372,review-clean4-clean-APP-020543,review-clean4-clean-CAND-02469,2026-08-27,Analyst,117175,USD,2026-09-10,Accepted,2026-09-01,
review-clean4-clean-OFF-001373,review-clean4-clean-APP-020579,review-clean4-clean-CAND-00297,2026-06-26,Senior Engineer,78858,USD,2026-07-14,Accepted,2026-07-03,
review-clean4-clean-OFF-001374,review-clean4-clean-APP-020590,review-clean4-clean-CAND-04921,2026-07-04,Product Manager,94720,USD,2026-07-26,Sent,,
review-clean4-clean-OFF-001375,review-clean4-clean-APP-020599,review-clean4-clean-CAND-03286,2026-07-19,Analyst,103718,USD,2026-08-06,Declined,2026-07-21,Competing Offer
review-clean4-clean-OFF-001376,review-clean4-clean-APP-020631,review-clean4-clean-CAND-04147,2026-09-03,Sales Rep,67504,USD,2026-09-28,Accepted,2026-09-09,
review-clean4-clean-OFF-001377,review-clean4-clean-APP-020638,review-clean4-clean-CAND-00313,2026-07-04,Senior Engineer,109473,USD,2026-07-19,Accepted,,
review-clean4-clean-OFF-001378,review-clean4-clean-APP-020640,review-clean4-clean-CAND-02306,2026-07-20,Senior Engineer,131528,USD,2026-08-10,Accepted,2026-07-27,
review-clean4-clean-OFF-001379,review-clean4-clean-APP-020642,review-clean4-clean-CAND-01526,2026-09-28,Senior Engineer,71154,USD,2026-10-21,Accepted,,
review-clean4-clean-OFF-001380,review-clean4-clean-APP-020647,review-clean4-clean-CAND-04929,2026-09-21,Sales Rep,135522,USD,2026-10-19,Declined,2026-09-24,
review-clean4-clean-OFF-001381,review-clean4-clean-APP-020669,review-clean4-clean-CAND-00754,2026-06-21,Senior Engineer,67810,USD,2026-07-17,Declined,2026-06-25,Salary Negotiation
review-clean4-clean-OFF-001382,review-clean4-clean-APP-020691,review-clean4-clean-CAND-00397,2026-08-15,Analyst,121134,USD,2026-09-11,Declined,,
review-clean4-clean-OFF-001383,review-clean4-clean-APP-020692,review-clean4-clean-CAND-00258,2026-07-25,Product Manager,115122,USD,2026-08-14,Accepted,2026-07-27,
review-clean4-clean-OFF-001384,review-clean4-clean-APP-020704,review-clean4-clean-CAND-01790,2026-09-17,Product Manager,140671,USD,2026-10-02,Declined,,
review-clean4-clean-OFF-001385,review-clean4-clean-APP-020712,review-clean4-clean-CAND-01430,2026-07-25,Analyst,81397,USD,2026-08-23,Accepted,,
review-clean4-clean-OFF-001386,review-clean4-clean-APP-020741,review-clean4-clean-CAND-01722,2026-07-17,Product Manager,145817,USD,2026-08-09,Declined,2026-07-22,Competing Offer
review-clean4-clean-OFF-001387,review-clean4-clean-APP-020747,review-clean4-clean-CAND-00020,2026-09-06,Product Manager,91398,USD,2026-09-20,Sent,2026-09-12,
review-clean4-clean-OFF-001388,review-clean4-clean-APP-020774,review-clean4-clean-CAND-01351,2026-07-01,Senior Engineer,129800,USD,2026-07-16,Accepted,2026-07-03,
review-clean4-clean-OFF-001389,review-clean4-clean-APP-020777,review-clean4-clean-CAND-03869,2026-08-26,Analyst,68960,USD,2026-09-15,Accepted,2026-08-28,
review-clean4-clean-OFF-001390,review-clean4-clean-APP-020782,review-clean4-clean-CAND-01304,2026-08-06,Senior Engineer,109239,USD,2026-08-22,Sent,2026-08-11,
review-clean4-clean-OFF-001391,review-clean4-clean-APP-020792,review-clean4-clean-CAND-04935,2026-07-17,Analyst,94304,USD,2026-08-04,Sent,2026-07-19,
review-clean4-clean-OFF-001392,review-clean4-clean-APP-020794,review-clean4-clean-CAND-04738,2026-08-26,Sales Rep,98910,USD,2026-09-12,Sent,2026-09-01,
review-clean4-clean-OFF-001393,review-clean4-clean-APP-020809,review-clean4-clean-CAND-02395,2026-07-13,Analyst,133377,USD,2026-07-31,Declined,2026-07-15,
review-clean4-clean-OFF-001394,review-clean4-clean-APP-020846,review-clean4-clean-CAND-03444,2026-09-26,Product Manager,104890,USD,2026-10-13,Declined,2026-09-28,Competing Offer
review-clean4-clean-OFF-001395,review-clean4-clean-APP-020876,review-clean4-clean-CAND-02108,2026-07-15,Sales Rep,145842,USD,2026-08-11,Declined,,Salary Negotiation
review-clean4-clean-OFF-001396,review-clean4-clean-APP-020899,review-clean4-clean-CAND-02588,2026-07-21,Sales Rep,129632,USD,2026-08-05,Sent,,
review-clean4-clean-OFF-001397,review-clean4-clean-APP-020913,review-clean4-clean-CAND-01658,2026-09-02,Sales Rep,115819,USD,2026-09-17,Declined,2026-09-06,
review-clean4-clean-OFF-001398,review-clean4-clean-APP-020914,review-clean4-clean-CAND-02859,2026-08-22,Sales Rep,109340,USD,2026-09-05,Expired,2026-08-26,Salary Negotiation
review-clean4-clean-OFF-001399,review-clean4-clean-APP-020916,review-clean4-clean-CAND-03181,2026-06-25,Senior Engineer,87716,USD,2026-07-25,Expired,,
review-clean4-clean-OFF-001400,review-clean4-clean-APP-020923,review-clean4-clean-CAND-03010,2026-07-09,Product Manager,75508,USD,2026-07-31,Accepted,2026-07-15,
review-clean4-clean-OFF-001401,review-clean4-clean-APP-020941,review-clean4-clean-CAND-02246,2026-09-05,Senior Engineer,131134,USD,2026-09-21,Declined,,Salary Negotiation
review-clean4-clean-OFF-001402,review-clean4-clean-APP-020963,review-clean4-clean-CAND-03113,2026-07-26,Senior Engineer,80111,USD,2026-08-18,Expired,2026-07-29,
review-clean4-clean-OFF-001403,review-clean4-clean-APP-020983,review-clean4-clean-CAND-01678,2026-07-23,Product Manager,130802,USD,2026-08-17,Accepted,2026-07-27,
review-clean4-clean-OFF-001404,review-clean4-clean-APP-020984,review-clean4-clean-CAND-02636,2026-09-16,Sales Rep,136914,USD,2026-10-13,Declined,2026-09-20,
review-clean4-clean-OFF-001405,review-clean4-clean-APP-020986,review-clean4-clean-CAND-04086,2026-08-02,Analyst,96529,USD,2026-08-27,Sent,2026-08-04,
review-clean4-clean-OFF-001406,review-clean4-clean-APP-021014,review-clean4-clean-CAND-03624,2026-08-30,Product Manager,62886,USD,2026-09-13,Declined,2026-09-04,
review-clean4-clean-OFF-001407,review-clean4-clean-APP-021029,review-clean4-clean-CAND-02129,2026-10-07,Product Manager,92277,USD,2026-10-21,Accepted,,
review-clean4-clean-OFF-001408,review-clean4-clean-APP-021052,review-clean4-clean-CAND-02400,2026-08-15,Analyst,74575,USD,2026-09-05,Accepted,2026-08-20,
review-clean4-clean-OFF-001409,review-clean4-clean-APP-021073,review-clean4-clean-CAND-01365,2026-08-16,Product Manager,135060,USD,2026-09-14,Declined,,Salary Negotiation
review-clean4-clean-OFF-001410,review-clean4-clean-APP-021123,review-clean4-clean-CAND-00435,2026-07-24,Product Manager,78319,USD,2026-08-16,Accepted,2026-07-28,
review-clean4-clean-OFF-001411,review-clean4-clean-APP-021124,review-clean4-clean-CAND-01882,2026-07-18,Sales Rep,106949,USD,2026-08-14,Declined,2026-07-23,
review-clean4-clean-OFF-001412,review-clean4-clean-APP-021131,review-clean4-clean-CAND-00669,2026-09-01,Senior Engineer,117354,USD,2026-09-16,Declined,2026-09-03,Competing Offer
review-clean4-clean-OFF-001413,review-clean4-clean-APP-021132,review-clean4-clean-CAND-00220,2026-07-12,Senior Engineer,84322,USD,2026-08-06,Sent,,
review-clean4-clean-OFF-001414,review-clean4-clean-APP-021139,review-clean4-clean-CAND-04995,2026-09-10,Analyst,88246,USD,2026-10-09,Declined,,Competing Offer
review-clean4-clean-OFF-001415,review-clean4-clean-APP-021141,review-clean4-clean-CAND-02685,2026-09-23,Sales Rep,125601,USD,2026-10-13,Accepted,,
review-clean4-clean-OFF-001416,review-clean4-clean-APP-021154,review-clean4-clean-CAND-02110,2026-07-16,Analyst,65070,USD,2026-08-14,Accepted,2026-07-22,
review-clean4-clean-OFF-001417,review-clean4-clean-APP-021173,review-clean4-clean-CAND-04605,2026-08-18,Senior Engineer,148218,USD,2026-09-05,Accepted,,
review-clean4-clean-OFF-001418,review-clean4-clean-APP-021180,review-clean4-clean-CAND-00326,2026-09-08,Product Manager,112144,USD,2026-10-02,Declined,2026-09-14,
review-clean4-clean-OFF-001419,review-clean4-clean-APP-021181,review-clean4-clean-CAND-03674,2026-09-16,Sales Rep,100213,USD,2026-10-01,Sent,2026-09-22,
review-clean4-clean-OFF-001420,review-clean4-clean-APP-021195,review-clean4-clean-CAND-03770,2026-07-13,Analyst,105604,USD,2026-08-09,Declined,2026-07-20,
review-clean4-clean-OFF-001421,review-clean4-clean-APP-021236,review-clean4-clean-CAND-02853,2026-07-30,Sales Rep,73009,USD,2026-08-16,Expired,2026-08-01,Competing Offer
review-clean4-clean-OFF-001422,review-clean4-clean-APP-021242,review-clean4-clean-CAND-00714,2026-07-02,Sales Rep,71923,USD,2026-07-24,Sent,2026-07-04,
review-clean4-clean-OFF-001423,review-clean4-clean-APP-021248,review-clean4-clean-CAND-04859,2026-08-22,Sales Rep,94337,USD,2026-09-05,Sent,2026-08-29,
review-clean4-clean-OFF-001424,review-clean4-clean-APP-021271,review-clean4-clean-CAND-00163,2026-09-14,Sales Rep,73907,USD,2026-10-05,Accepted,2026-09-18,
review-clean4-clean-OFF-001425,review-clean4-clean-APP-021287,review-clean4-clean-CAND-02144,2026-07-18,Analyst,86514,USD,2026-08-02,Accepted,2026-07-21,
review-clean4-clean-OFF-001426,review-clean4-clean-APP-021305,review-clean4-clean-CAND-03970,2026-07-30,Analyst,124530,USD,2026-08-27,Accepted,,
review-clean4-clean-OFF-001427,review-clean4-clean-APP-021310,review-clean4-clean-CAND-02013,2026-07-14,Sales Rep,93189,USD,2026-08-12,Sent,2026-07-21,
review-clean4-clean-OFF-001428,review-clean4-clean-APP-021334,review-clean4-clean-CAND-04349,2026-08-05,Senior Engineer,130201,USD,2026-09-02,Declined,2026-08-09,
review-clean4-clean-OFF-001429,review-clean4-clean-APP-021362,review-clean4-clean-CAND-00319,2026-09-10,Sales Rep,93433,USD,2026-10-03,Accepted,,
review-clean4-clean-OFF-001430,review-clean4-clean-APP-021378,review-clean4-clean-CAND-00892,2026-08-27,Senior Engineer,102052,USD,2026-09-26,Accepted,2026-08-29,
review-clean4-clean-OFF-001431,review-clean4-clean-APP-021392,review-clean4-clean-CAND-01404,2026-07-02,Sales Rep,133463,USD,2026-07-17,Declined,2026-07-04,
review-clean4-clean-OFF-001432,review-clean4-clean-APP-021419,review-clean4-clean-CAND-01193,2026-08-26,Product Manager,66848,USD,2026-09-18,Sent,2026-09-02,
review-clean4-clean-OFF-001433,review-clean4-clean-APP-021421,review-clean4-clean-CAND-04688,2026-08-02,Senior Engineer,91475,USD,2026-08-23,Declined,2026-08-08,Competing Offer
review-clean4-clean-OFF-001434,review-clean4-clean-APP-021424,review-clean4-clean-CAND-01494,2026-09-19,Product Manager,63950,USD,2026-10-09,Sent,2026-09-24,
review-clean4-clean-OFF-001435,review-clean4-clean-APP-021440,review-clean4-clean-CAND-02773,2026-07-11,Analyst,66770,USD,2026-07-28,Sent,,
review-clean4-clean-OFF-001436,review-clean4-clean-APP-021444,review-clean4-clean-CAND-00216,2026-07-31,Product Manager,64158,USD,2026-08-26,Declined,2026-08-05,Competing Offer
review-clean4-clean-OFF-001437,review-clean4-clean-APP-021450,review-clean4-clean-CAND-03761,2026-07-04,Senior Engineer,105778,USD,2026-08-02,Declined,2026-07-08,
review-clean4-clean-OFF-001438,review-clean4-clean-APP-021451,review-clean4-clean-CAND-02887,2026-07-05,Senior Engineer,67593,USD,2026-07-21,Accepted,,
review-clean4-clean-OFF-001439,review-clean4-clean-APP-021503,review-clean4-clean-CAND-02184,2026-08-16,Sales Rep,110902,USD,2026-09-13,Declined,,
review-clean4-clean-OFF-001440,review-clean4-clean-APP-021530,review-clean4-clean-CAND-00506,2026-08-09,Sales Rep,73903,USD,2026-08-28,Declined,,Salary Negotiation
review-clean4-clean-OFF-001441,review-clean4-clean-APP-021548,review-clean4-clean-CAND-02170,2026-06-26,Product Manager,109923,USD,2026-07-13,Sent,,
review-clean4-clean-OFF-001442,review-clean4-clean-APP-021556,review-clean4-clean-CAND-00941,2026-07-15,Analyst,94990,USD,2026-08-10,Declined,,Competing Offer
review-clean4-clean-OFF-001443,review-clean4-clean-APP-021585,review-clean4-clean-CAND-04138,2026-08-12,Senior Engineer,135933,USD,2026-09-03,Declined,2026-08-14,
review-clean4-clean-OFF-001444,review-clean4-clean-APP-021622,review-clean4-clean-CAND-02040,2026-08-09,Product Manager,126302,USD,2026-08-23,Accepted,2026-08-15,
review-clean4-clean-OFF-001445,review-clean4-clean-APP-021627,review-clean4-clean-CAND-00960,2026-07-05,Senior Engineer,99292,USD,2026-07-29,Declined,,
review-clean4-clean-OFF-001446,review-clean4-clean-APP-021647,review-clean4-clean-CAND-00303,2026-07-18,Product Manager,67882,USD,2026-08-05,Declined,2026-07-21,Salary Negotiation
review-clean4-clean-OFF-001447,review-clean4-clean-APP-021670,review-clean4-clean-CAND-02287,2026-06-19,Product Manager,108032,USD,2026-07-06,Accepted,2026-06-22,
review-clean4-clean-OFF-001448,review-clean4-clean-APP-021688,review-clean4-clean-CAND-01667,2026-07-13,Product Manager,70965,USD,2026-08-04,Sent,,
review-clean4-clean-OFF-001449,review-clean4-clean-APP-021716,review-clean4-clean-CAND-01384,2026-07-15,Senior Engineer,121658,USD,2026-07-31,Accepted,2026-07-17,
review-clean4-clean-OFF-001450,review-clean4-clean-APP-021723,review-clean4-clean-CAND-02477,2026-08-30,Sales Rep,79940,USD,2026-09-27,Declined,,
review-clean4-clean-OFF-001451,review-clean4-clean-APP-021776,review-clean4-clean-CAND-04318,2026-08-01,Analyst,66537,USD,2026-08-28,Accepted,2026-08-08,
review-clean4-clean-OFF-001452,review-clean4-clean-APP-021781,review-clean4-clean-CAND-03206,2026-09-11,Product Manager,99311,USD,2026-09-25,Sent,2026-09-13,
review-clean4-clean-OFF-001453,review-clean4-clean-APP-021798,review-clean4-clean-CAND-00713,2026-07-25,Analyst,148941,USD,2026-08-16,Declined,2026-07-31,Salary Negotiation
review-clean4-clean-OFF-001454,review-clean4-clean-APP-021800,review-clean4-clean-CAND-04589,2026-08-20,Product Manager,75818,USD,2026-09-18,Accepted,2026-08-23,
review-clean4-clean-OFF-001455,review-clean4-clean-APP-021816,review-clean4-clean-CAND-01712,2026-09-20,Sales Rep,75411,USD,2026-10-15,Sent,,
review-clean4-clean-OFF-001456,review-clean4-clean-APP-021819,review-clean4-clean-CAND-00693,2026-09-18,Sales Rep,87709,USD,2026-10-10,Declined,,
review-clean4-clean-OFF-001457,review-clean4-clean-APP-021851,review-clean4-clean-CAND-03701,2026-09-11,Analyst,134866,USD,2026-10-06,Declined,2026-09-14,Competing Offer
review-clean4-clean-OFF-001458,review-clean4-clean-APP-021876,review-clean4-clean-CAND-04970,2026-08-25,Product Manager,93421,USD,2026-09-21,Declined,,Competing Offer
review-clean4-clean-OFF-001459,review-clean4-clean-APP-021882,review-clean4-clean-CAND-02184,2026-07-02,Analyst,133591,USD,2026-07-29,Declined,,
review-clean4-clean-OFF-001460,review-clean4-clean-APP-021897,review-clean4-clean-CAND-02518,2026-09-08,Analyst,97550,USD,2026-09-23,Declined,2026-09-14,Competing Offer
review-clean4-clean-OFF-001461,review-clean4-clean-APP-021907,review-clean4-clean-CAND-04058,2026-07-24,Product Manager,88055,USD,2026-08-12,Expired,2026-07-28,Salary Negotiation
review-clean4-clean-OFF-001462,review-clean4-clean-APP-021940,review-clean4-clean-CAND-00537,2026-08-27,Product Manager,92068,USD,2026-09-13,Declined,2026-08-29,
review-clean4-clean-OFF-001463,review-clean4-clean-APP-021948,review-clean4-clean-CAND-04963,2026-06-22,Analyst,85754,USD,2026-07-14,Expired,,Salary Negotiation
review-clean4-clean-OFF-001464,review-clean4-clean-APP-021972,review-clean4-clean-CAND-03245,2026-09-01,Product Manager,146090,USD,2026-09-15,Declined,2026-09-04,
review-clean4-clean-OFF-001465,review-clean4-clean-APP-021997,review-clean4-clean-CAND-01766,2026-07-21,Sales Rep,89207,USD,2026-08-14,Accepted,2026-07-28,
review-clean4-clean-OFF-001466,review-clean4-clean-APP-021998,review-clean4-clean-CAND-04851,2026-07-18,Senior Engineer,116859,USD,2026-08-08,Accepted,2026-07-22,
review-clean4-clean-OFF-001467,review-clean4-clean-APP-022050,review-clean4-clean-CAND-02169,2026-08-27,Analyst,62073,USD,2026-09-15,Declined,2026-09-01,
review-clean4-clean-OFF-001468,review-clean4-clean-APP-022054,review-clean4-clean-CAND-04671,2026-09-14,Product Manager,125544,USD,2026-09-28,Accepted,,
review-clean4-clean-OFF-001469,review-clean4-clean-APP-022059,review-clean4-clean-CAND-04635,2026-06-21,Sales Rep,146594,USD,2026-07-10,Expired,,Competing Offer
review-clean4-clean-OFF-001470,review-clean4-clean-APP-022072,review-clean4-clean-CAND-01183,2026-08-22,Sales Rep,74810,USD,2026-09-15,Accepted,2026-08-25,
review-clean4-clean-OFF-001471,review-clean4-clean-APP-022078,review-clean4-clean-CAND-04460,2026-07-28,Product Manager,79153,USD,2026-08-11,Accepted,,
review-clean4-clean-OFF-001472,review-clean4-clean-APP-022080,review-clean4-clean-CAND-03705,2026-07-18,Analyst,96497,USD,2026-08-14,Sent,,
review-clean4-clean-OFF-001473,review-clean4-clean-APP-022104,review-clean4-clean-CAND-02666,2026-08-23,Product Manager,107543,USD,2026-09-10,Declined,2026-08-29,
review-clean4-clean-OFF-001474,review-clean4-clean-APP-022118,review-clean4-clean-CAND-01291,2026-07-20,Senior Engineer,109905,USD,2026-08-19,Sent,2026-07-23,
review-clean4-clean-OFF-001475,review-clean4-clean-APP-022139,review-clean4-clean-CAND-00186,2026-09-20,Senior Engineer,148131,USD,2026-10-17,Accepted,2026-09-25,
review-clean4-clean-OFF-001476,review-clean4-clean-APP-022151,review-clean4-clean-CAND-00216,2026-07-22,Product Manager,67773,USD,2026-08-15,Sent,2026-07-25,
review-clean4-clean-OFF-001477,review-clean4-clean-APP-022168,review-clean4-clean-CAND-01406,2026-08-20,Senior Engineer,122220,USD,2026-09-15,Expired,2026-08-23,
review-clean4-clean-OFF-001478,review-clean4-clean-APP-022191,review-clean4-clean-CAND-00228,2026-08-24,Analyst,132014,USD,2026-09-21,Declined,,
review-clean4-clean-OFF-001479,review-clean4-clean-APP-022193,review-clean4-clean-CAND-01132,2026-07-31,Analyst,71307,USD,2026-08-14,Sent,,
review-clean4-clean-OFF-001480,review-clean4-clean-APP-022202,review-clean4-clean-CAND-04847,2026-09-11,Sales Rep,70980,USD,2026-10-03,Accepted,,
review-clean4-clean-OFF-001481,review-clean4-clean-APP-022213,review-clean4-clean-CAND-04089,2026-08-22,Analyst,65879,USD,2026-09-16,Accepted,,
review-clean4-clean-OFF-001482,review-clean4-clean-APP-022268,review-clean4-clean-CAND-03799,2026-09-22,Product Manager,91519,USD,2026-10-16,Declined,2026-09-25,
review-clean4-clean-OFF-001483,review-clean4-clean-APP-022321,review-clean4-clean-CAND-02846,2026-08-06,Sales Rep,63939,USD,2026-09-05,Declined,2026-08-09,
review-clean4-clean-OFF-001484,review-clean4-clean-APP-022324,review-clean4-clean-CAND-02751,2026-08-22,Senior Engineer,74322,USD,2026-09-14,Sent,,
review-clean4-clean-OFF-001485,review-clean4-clean-APP-022358,review-clean4-clean-CAND-03689,2026-07-07,Sales Rep,119482,USD,2026-07-24,Declined,2026-07-10,
review-clean4-clean-OFF-001486,review-clean4-clean-APP-022379,review-clean4-clean-CAND-02548,2026-08-25,Sales Rep,149194,USD,2026-09-16,Accepted,2026-09-01,
review-clean4-clean-OFF-001487,review-clean4-clean-APP-022398,review-clean4-clean-CAND-01531,2026-09-12,Senior Engineer,80986,USD,2026-09-26,Accepted,,
review-clean4-clean-OFF-001488,review-clean4-clean-APP-022424,review-clean4-clean-CAND-02117,2026-07-15,Product Manager,128916,USD,2026-08-05,Declined,,
review-clean4-clean-OFF-001489,review-clean4-clean-APP-022427,review-clean4-clean-CAND-00116,2026-06-24,Product Manager,79791,USD,2026-07-12,Sent,2026-06-26,
review-clean4-clean-OFF-001490,review-clean4-clean-APP-022444,review-clean4-clean-CAND-00130,2026-07-14,Product Manager,125886,USD,2026-08-12,Accepted,,
review-clean4-clean-OFF-001491,review-clean4-clean-APP-022451,review-clean4-clean-CAND-04087,2026-09-25,Sales Rep,79206,USD,2026-10-21,Declined,,Salary Negotiation
review-clean4-clean-OFF-001492,review-clean4-clean-APP-022458,review-clean4-clean-CAND-02020,2026-07-21,Analyst,130574,USD,2026-08-14,Declined,2026-07-26,Competing Offer
review-clean4-clean-OFF-001493,review-clean4-clean-APP-022460,review-clean4-clean-CAND-01756,2026-07-19,Senior Engineer,63379,USD,2026-08-18,Declined,2026-07-26,Salary Negotiation
review-clean4-clean-OFF-001494,review-clean4-clean-APP-022471,review-clean4-clean-CAND-01703,2026-07-18,Analyst,64521,USD,2026-08-16,Accepted,2026-07-20,
review-clean4-clean-OFF-001495,review-clean4-clean-APP-022476,review-clean4-clean-CAND-04934,2026-08-12,Analyst,90011,USD,2026-08-28,Accepted,2026-08-17,
review-clean4-clean-OFF-001496,review-clean4-clean-APP-022487,review-clean4-clean-CAND-00700,2026-09-16,Senior Engineer,89093,USD,2026-10-13,Accepted,2026-09-18,
review-clean4-clean-OFF-001497,review-clean4-clean-APP-022488,review-clean4-clean-CAND-03233,2026-09-10,Product Manager,126517,USD,2026-10-07,Declined,2026-09-16,
review-clean4-clean-OFF-001498,review-clean4-clean-APP-022490,review-clean4-clean-CAND-04479,2026-07-22,Senior Engineer,119931,USD,2026-08-10,Sent,2026-07-25,
review-clean4-clean-OFF-001499,review-clean4-clean-APP-022502,review-clean4-clean-CAND-01739,2026-08-09,Sales Rep,113750,USD,2026-09-03,Accepted,2026-08-15,
review-clean4-clean-OFF-001500,review-clean4-clean-APP-022510,review-clean4-clean-CAND-04167,2026-07-29,Analyst,70679,USD,2026-08-15,Declined,,Competing Offer
review-clean4-clean-OFF-001501,review-clean4-clean-APP-022517,review-clean4-clean-CAND-00504,2026-09-08,Product Manager,133838,USD,2026-10-02,Expired,2026-09-14,
review-clean4-clean-OFF-001502,review-clean4-clean-APP-022519,review-clean4-clean-CAND-02251,2026-09-15,Analyst,60418,USD,2026-10-10,Accepted,2026-09-21,
review-clean4-clean-OFF-001503,review-clean4-clean-APP-022538,review-clean4-clean-CAND-02109,2026-07-13,Senior Engineer,72258,USD,2026-07-30,Declined,2026-07-16,Salary Negotiation
review-clean4-clean-OFF-001504,review-clean4-clean-APP-022543,review-clean4-clean-CAND-04584,2026-09-06,Sales Rep,133643,USD,2026-10-04,Accepted,,
review-clean4-clean-OFF-001505,review-clean4-clean-APP-022544,review-clean4-clean-CAND-04147,2026-07-11,Analyst,126834,USD,2026-07-30,Declined,,Salary Negotiation
review-clean4-clean-OFF-001506,review-clean4-clean-APP-022563,review-clean4-clean-CAND-04461,2026-08-12,Senior Engineer,97167,USD,2026-08-31,Declined,2026-08-15,Salary Negotiation
review-clean4-clean-OFF-001507,review-clean4-clean-APP-022571,review-clean4-clean-CAND-03422,2026-08-22,Analyst,100213,USD,2026-09-06,Sent,2026-08-27,
review-clean4-clean-OFF-001508,review-clean4-clean-APP-022580,review-clean4-clean-CAND-01641,2026-08-07,Sales Rep,83179,USD,2026-08-22,Declined,2026-08-12,
review-clean4-clean-OFF-001509,review-clean4-clean-APP-022582,review-clean4-clean-CAND-03394,2026-09-16,Senior Engineer,115807,USD,2026-10-08,Declined,2026-09-20,Salary Negotiation
review-clean4-clean-OFF-001510,review-clean4-clean-APP-022586,review-clean4-clean-CAND-02611,2026-09-22,Product Manager,133427,USD,2026-10-07,Sent,2026-09-27,
review-clean4-clean-OFF-001511,review-clean4-clean-APP-022600,review-clean4-clean-CAND-02236,2026-07-06,Senior Engineer,84657,USD,2026-07-24,Sent,2026-07-09,
review-clean4-clean-OFF-001512,review-clean4-clean-APP-022645,review-clean4-clean-CAND-04075,2026-06-29,Product Manager,77728,USD,2026-07-16,Expired,,
review-clean4-clean-OFF-001513,review-clean4-clean-APP-022647,review-clean4-clean-CAND-03582,2026-07-06,Sales Rep,68405,USD,2026-07-22,Declined,2026-07-12,Salary Negotiation
review-clean4-clean-OFF-001514,review-clean4-clean-APP-022696,review-clean4-clean-CAND-02104,2026-07-15,Product Manager,90530,USD,2026-08-10,Declined,2026-07-18,
review-clean4-clean-OFF-001515,review-clean4-clean-APP-022707,review-clean4-clean-CAND-01900,2026-07-28,Sales Rep,83456,USD,2026-08-27,Accepted,2026-08-03,
review-clean4-clean-OFF-001516,review-clean4-clean-APP-022709,review-clean4-clean-CAND-04572,2026-09-18,Analyst,92452,USD,2026-10-15,Accepted,,
review-clean4-clean-OFF-001517,review-clean4-clean-APP-022713,review-clean4-clean-CAND-04600,2026-08-16,Analyst,144507,USD,2026-08-30,Declined,2026-08-22,
review-clean4-clean-OFF-001518,review-clean4-clean-APP-022717,review-clean4-clean-CAND-03323,2026-08-22,Sales Rep,137731,USD,2026-09-08,Expired,,Competing Offer
review-clean4-clean-OFF-001519,review-clean4-clean-APP-022723,review-clean4-clean-CAND-01593,2026-07-15,Senior Engineer,76920,USD,2026-08-12,Sent,2026-07-20,
review-clean4-clean-OFF-001520,review-clean4-clean-APP-022724,review-clean4-clean-CAND-01915,2026-07-07,Senior Engineer,97112,USD,2026-07-24,Accepted,,
review-clean4-clean-OFF-001521,review-clean4-clean-APP-022733,review-clean4-clean-CAND-03780,2026-07-10,Analyst,114387,USD,2026-07-27,Declined,2026-07-15,Competing Offer
review-clean4-clean-OFF-001522,review-clean4-clean-APP-022740,review-clean4-clean-CAND-03930,2026-06-23,Product Manager,68996,USD,2026-07-23,Accepted,2026-06-28,
review-clean4-clean-OFF-001523,review-clean4-clean-APP-022752,review-clean4-clean-CAND-00137,2026-09-03,Product Manager,108161,USD,2026-09-22,Expired,2026-09-09,
review-clean4-clean-OFF-001524,review-clean4-clean-APP-022761,review-clean4-clean-CAND-02992,2026-06-28,Senior Engineer,69219,USD,2026-07-21,Accepted,2026-07-02,
review-clean4-clean-OFF-001525,review-clean4-clean-APP-022762,review-clean4-clean-CAND-01135,2026-07-23,Analyst,143006,USD,2026-08-07,Accepted,2026-07-30,
review-clean4-clean-OFF-001526,review-clean4-clean-APP-022777,review-clean4-clean-CAND-02714,2026-07-29,Product Manager,70319,USD,2026-08-27,Expired,,
review-clean4-clean-OFF-001527,review-clean4-clean-APP-022802,review-clean4-clean-CAND-02677,2026-08-11,Analyst,66084,USD,2026-08-25,Sent,2026-08-16,
review-clean4-clean-OFF-001528,review-clean4-clean-APP-022814,review-clean4-clean-CAND-01314,2026-07-05,Analyst,119503,USD,2026-07-23,Sent,2026-07-08,
review-clean4-clean-OFF-001529,review-clean4-clean-APP-022831,review-clean4-clean-CAND-02900,2026-07-02,Analyst,60457,USD,2026-07-27,Declined,2026-07-07,
review-clean4-clean-OFF-001530,review-clean4-clean-APP-022878,review-clean4-clean-CAND-00546,2026-07-22,Analyst,132835,USD,2026-08-05,Expired,2026-07-25,Competing Offer
review-clean4-clean-OFF-001531,review-clean4-clean-APP-022898,review-clean4-clean-CAND-03706,2026-08-25,Senior Engineer,107740,USD,2026-09-10,Accepted,2026-08-27,
review-clean4-clean-OFF-001532,review-clean4-clean-APP-022913,review-clean4-clean-CAND-02658,2026-08-20,Product Manager,112665,USD,2026-09-13,Declined,,
review-clean4-clean-OFF-001533,review-clean4-clean-APP-022947,review-clean4-clean-CAND-01684,2026-09-13,Senior Engineer,61847,USD,2026-10-04,Accepted,2026-09-16,
review-clean4-clean-OFF-001534,review-clean4-clean-APP-022996,review-clean4-clean-CAND-02797,2026-09-23,Senior Engineer,62482,USD,2026-10-11,Accepted,2026-09-26,
review-clean4-clean-OFF-001535,review-clean4-clean-APP-023005,review-clean4-clean-CAND-03986,2026-09-08,Sales Rep,132873,USD,2026-09-26,Accepted,2026-09-15,
review-clean4-clean-OFF-001536,review-clean4-clean-APP-023007,review-clean4-clean-CAND-03310,2026-09-14,Analyst,81817,USD,2026-10-12,Accepted,,
review-clean4-clean-OFF-001537,review-clean4-clean-APP-023008,review-clean4-clean-CAND-00758,2026-08-02,Sales Rep,136196,USD,2026-08-17,Expired,2026-08-05,Salary Negotiation
review-clean4-clean-OFF-001538,review-clean4-clean-APP-023017,review-clean4-clean-CAND-01048,2026-08-21,Product Manager,84518,USD,2026-09-18,Declined,,
review-clean4-clean-OFF-001539,review-clean4-clean-APP-023022,review-clean4-clean-CAND-03089,2026-09-13,Product Manager,69905,USD,2026-10-06,Sent,2026-09-17,
review-clean4-clean-OFF-001540,review-clean4-clean-APP-023026,review-clean4-clean-CAND-02338,2026-09-17,Analyst,113413,USD,2026-10-07,Accepted,2026-09-22,
review-clean4-clean-OFF-001541,review-clean4-clean-APP-023055,review-clean4-clean-CAND-04992,2026-07-15,Product Manager,83566,USD,2026-08-04,Accepted,2026-07-20,
review-clean4-clean-OFF-001542,review-clean4-clean-APP-023083,review-clean4-clean-CAND-04474,2026-08-09,Analyst,76799,USD,2026-08-29,Accepted,2026-08-15,
review-clean4-clean-OFF-001543,review-clean4-clean-APP-023109,review-clean4-clean-CAND-02270,2026-08-04,Product Manager,127180,USD,2026-08-22,Expired,,Salary Negotiation
review-clean4-clean-OFF-001544,review-clean4-clean-APP-023155,review-clean4-clean-CAND-04480,2026-07-28,Product Manager,86390,USD,2026-08-25,Accepted,,
review-clean4-clean-OFF-001545,review-clean4-clean-APP-023158,review-clean4-clean-CAND-01445,2026-07-22,Analyst,118111,USD,2026-08-17,Sent,,
review-clean4-clean-OFF-001546,review-clean4-clean-APP-023169,review-clean4-clean-CAND-00304,2026-06-28,Analyst,73129,USD,2026-07-25,Sent,2026-07-05,
review-clean4-clean-OFF-001547,review-clean4-clean-APP-023205,review-clean4-clean-CAND-00381,2026-09-16,Sales Rep,130891,USD,2026-10-03,Accepted,,
review-clean4-clean-OFF-001548,review-clean4-clean-APP-023213,review-clean4-clean-CAND-02140,2026-07-21,Product Manager,99024,USD,2026-08-09,Sent,,
review-clean4-clean-OFF-001549,review-clean4-clean-APP-023233,review-clean4-clean-CAND-03712,2026-08-12,Senior Engineer,70505,USD,2026-09-07,Declined,2026-08-18,Salary Negotiation
review-clean4-clean-OFF-001550,review-clean4-clean-APP-023267,review-clean4-clean-CAND-01820,2026-08-12,Product Manager,90644,USD,2026-09-10,Declined,,Competing Offer
review-clean4-clean-OFF-001551,review-clean4-clean-APP-023285,review-clean4-clean-CAND-03275,2026-07-03,Analyst,94320,USD,2026-07-28,Declined,2026-07-10,
review-clean4-clean-OFF-001552,review-clean4-clean-APP-023288,review-clean4-clean-CAND-03785,2026-09-02,Analyst,111892,USD,2026-09-29,Declined,2026-09-09,
review-clean4-clean-OFF-001553,review-clean4-clean-APP-023295,review-clean4-clean-CAND-01997,2026-09-13,Product Manager,121383,USD,2026-10-07,Declined,2026-09-15,
review-clean4-clean-OFF-001554,review-clean4-clean-APP-023320,review-clean4-clean-CAND-03655,2026-07-19,Senior Engineer,112899,USD,2026-08-18,Accepted,2026-07-24,
review-clean4-clean-OFF-001555,review-clean4-clean-APP-023323,review-clean4-clean-CAND-02677,2026-09-24,Senior Engineer,100525,USD,2026-10-24,Declined,,
review-clean4-clean-OFF-001556,review-clean4-clean-APP-023340,review-clean4-clean-CAND-04078,2026-06-26,Product Manager,105363,USD,2026-07-17,Declined,2026-07-02,Salary Negotiation
review-clean4-clean-OFF-001557,review-clean4-clean-APP-023346,review-clean4-clean-CAND-03403,2026-08-13,Product Manager,130347,USD,2026-08-31,Accepted,2026-08-15,
review-clean4-clean-OFF-001558,review-clean4-clean-APP-023348,review-clean4-clean-CAND-04244,2026-08-12,Senior Engineer,115476,USD,2026-09-06,Expired,2026-08-18,
review-clean4-clean-OFF-001559,review-clean4-clean-APP-023351,review-clean4-clean-CAND-04088,2026-07-01,Product Manager,149650,USD,2026-07-15,Sent,,
review-clean4-clean-OFF-001560,review-clean4-clean-APP-023387,review-clean4-clean-CAND-01273,2026-07-24,Analyst,116132,USD,2026-08-22,Accepted,2026-07-27,
review-clean4-clean-OFF-001561,review-clean4-clean-APP-023420,review-clean4-clean-CAND-03084,2026-08-06,Sales Rep,112026,USD,2026-08-22,Accepted,2026-08-11,
review-clean4-clean-OFF-001562,review-clean4-clean-APP-023437,review-clean4-clean-CAND-04536,2026-06-26,Product Manager,127313,USD,2026-07-17,Sent,,
review-clean4-clean-OFF-001563,review-clean4-clean-APP-023456,review-clean4-clean-CAND-00519,2026-07-27,Analyst,77388,USD,2026-08-12,Sent,,
review-clean4-clean-OFF-001564,review-clean4-clean-APP-023508,review-clean4-clean-CAND-04532,2026-06-20,Senior Engineer,71514,USD,2026-07-04,Sent,2026-06-27,
review-clean4-clean-OFF-001565,review-clean4-clean-APP-023513,review-clean4-clean-CAND-00687,2026-09-27,Sales Rep,108844,USD,2026-10-13,Accepted,2026-10-01,
review-clean4-clean-OFF-001566,review-clean4-clean-APP-023530,review-clean4-clean-CAND-01121,2026-08-31,Senior Engineer,102271,USD,2026-09-23,Sent,2026-09-02,
review-clean4-clean-OFF-001567,review-clean4-clean-APP-023552,review-clean4-clean-CAND-01407,2026-08-23,Sales Rep,143954,USD,2026-09-18,Accepted,2026-08-26,
review-clean4-clean-OFF-001568,review-clean4-clean-APP-023569,review-clean4-clean-CAND-04108,2026-08-06,Sales Rep,92425,USD,2026-08-31,Sent,2026-08-09,
review-clean4-clean-OFF-001569,review-clean4-clean-APP-023572,review-clean4-clean-CAND-01817,2026-07-20,Sales Rep,148292,USD,2026-08-07,Sent,,
review-clean4-clean-OFF-001570,review-clean4-clean-APP-023616,review-clean4-clean-CAND-03532,2026-07-27,Senior Engineer,90529,USD,2026-08-20,Sent,,
review-clean4-clean-OFF-001571,review-clean4-clean-APP-023628,review-clean4-clean-CAND-03776,2026-08-05,Sales Rep,86768,USD,2026-08-19,Sent,,
review-clean4-clean-OFF-001572,review-clean4-clean-APP-023696,review-clean4-clean-CAND-04188,2026-07-08,Sales Rep,71725,USD,2026-07-22,Expired,,Competing Offer
review-clean4-clean-OFF-001573,review-clean4-clean-APP-023697,review-clean4-clean-CAND-00929,2026-08-06,Senior Engineer,92251,USD,2026-09-05,Sent,2026-08-12,
review-clean4-clean-OFF-001574,review-clean4-clean-APP-023701,review-clean4-clean-CAND-00089,2026-06-29,Sales Rep,88896,USD,2026-07-28,Declined,,Salary Negotiation
review-clean4-clean-OFF-001575,review-clean4-clean-APP-023703,review-clean4-clean-CAND-02947,2026-08-18,Sales Rep,104009,USD,2026-09-03,Expired,2026-08-21,Salary Negotiation
review-clean4-clean-OFF-001576,review-clean4-clean-APP-023736,review-clean4-clean-CAND-02313,2026-08-18,Sales Rep,80499,USD,2026-09-06,Sent,,
review-clean4-clean-OFF-001577,review-clean4-clean-APP-023740,review-clean4-clean-CAND-00579,2026-09-15,Product Manager,76287,USD,2026-10-01,Sent,2026-09-18,
review-clean4-clean-OFF-001578,review-clean4-clean-APP-023799,review-clean4-clean-CAND-03571,2026-08-13,Senior Engineer,132347,USD,2026-08-31,Accepted,2026-08-18,
review-clean4-clean-OFF-001579,review-clean4-clean-APP-023813,review-clean4-clean-CAND-03625,2026-07-21,Senior Engineer,138194,USD,2026-08-07,Sent,,
review-clean4-clean-OFF-001580,review-clean4-clean-APP-023822,review-clean4-clean-CAND-02491,2026-07-25,Analyst,95505,USD,2026-08-16,Expired,2026-07-28,Salary Negotiation
review-clean4-clean-OFF-001581,review-clean4-clean-APP-023826,review-clean4-clean-CAND-00064,2026-07-11,Sales Rep,60067,USD,2026-08-10,Accepted,2026-07-17,
review-clean4-clean-OFF-001582,review-clean4-clean-APP-023852,review-clean4-clean-CAND-02075,2026-08-28,Product Manager,82389,USD,2026-09-19,Declined,2026-09-01,
review-clean4-clean-OFF-001583,review-clean4-clean-APP-023853,review-clean4-clean-CAND-03511,2026-09-05,Analyst,132285,USD,2026-09-22,Expired,2026-09-08,Competing Offer
review-clean4-clean-OFF-001584,review-clean4-clean-APP-023858,review-clean4-clean-CAND-04306,2026-09-14,Product Manager,137109,USD,2026-10-04,Declined,,Salary Negotiation
review-clean4-clean-OFF-001585,review-clean4-clean-APP-023860,review-clean4-clean-CAND-02236,2026-08-08,Analyst,68475,USD,2026-09-06,Accepted,2026-08-13,
review-clean4-clean-OFF-001586,review-clean4-clean-APP-023873,review-clean4-clean-CAND-01006,2026-07-20,Product Manager,139942,USD,2026-08-12,Declined,,
review-clean4-clean-OFF-001587,review-clean4-clean-APP-023892,review-clean4-clean-CAND-01264,2026-07-21,Analyst,84763,USD,2026-08-05,Accepted,2026-07-25,
review-clean4-clean-OFF-001588,review-clean4-clean-APP-023902,review-clean4-clean-CAND-02940,2026-08-04,Product Manager,61871,USD,2026-08-18,Declined,,
review-clean4-clean-OFF-001589,review-clean4-clean-APP-023913,review-clean4-clean-CAND-04081,2026-08-26,Sales Rep,135904,USD,2026-09-15,Accepted,2026-08-28,
review-clean4-clean-OFF-001590,review-clean4-clean-APP-023918,review-clean4-clean-CAND-00665,2026-09-03,Product Manager,128030,USD,2026-09-17,Accepted,2026-09-07,
review-clean4-clean-OFF-001591,review-clean4-clean-APP-023930,review-clean4-clean-CAND-04163,2026-07-22,Product Manager,135944,USD,2026-08-09,Sent,2026-07-29,
review-clean4-clean-OFF-001592,review-clean4-clean-APP-023940,review-clean4-clean-CAND-03828,2026-07-01,Sales Rep,73200,USD,2026-07-19,Declined,2026-07-06,Competing Offer
review-clean4-clean-OFF-001593,review-clean4-clean-APP-023945,review-clean4-clean-CAND-02406,2026-07-21,Senior Engineer,120068,USD,2026-08-15,Accepted,2026-07-26,
review-clean4-clean-OFF-001594,review-clean4-clean-APP-023958,review-clean4-clean-CAND-03854,2026-08-27,Analyst,141095,USD,2026-09-16,Declined,2026-08-30,
review-clean4-clean-OFF-001595,review-clean4-clean-APP-024031,review-clean4-clean-CAND-03216,2026-09-21,Sales Rep,119557,USD,2026-10-17,Accepted,2026-09-23,
review-clean4-clean-OFF-001596,review-clean4-clean-APP-024042,review-clean4-clean-CAND-02956,2026-07-15,Analyst,142644,USD,2026-08-03,Accepted,2026-07-22,
review-clean4-clean-OFF-001597,review-clean4-clean-APP-024043,review-clean4-clean-CAND-03751,2026-07-25,Senior Engineer,121917,USD,2026-08-09,Accepted,2026-07-30,
review-clean4-clean-OFF-001598,review-clean4-clean-APP-024048,review-clean4-clean-CAND-02527,2026-08-26,Analyst,121851,USD,2026-09-17,Accepted,,
review-clean4-clean-OFF-001599,review-clean4-clean-APP-024084,review-clean4-clean-CAND-00436,2026-09-10,Analyst,139276,USD,2026-10-01,Accepted,2026-09-16,
review-clean4-clean-OFF-001600,review-clean4-clean-APP-024091,review-clean4-clean-CAND-02243,2026-07-12,Product Manager,81038,USD,2026-08-07,Accepted,2026-07-17,
review-clean4-clean-OFF-001601,review-clean4-clean-APP-024097,review-clean4-clean-CAND-00760,2026-08-06,Senior Engineer,82402,USD,2026-08-22,Accepted,2026-08-09,
review-clean4-clean-OFF-001602,review-clean4-clean-APP-024098,review-clean4-clean-CAND-04866,2026-07-02,Analyst,81005,USD,2026-07-30,Sent,2026-07-05,
review-clean4-clean-OFF-001603,review-clean4-clean-APP-024101,review-clean4-clean-CAND-02978,2026-08-30,Sales Rep,146354,USD,2026-09-20,Declined,2026-09-05,
review-clean4-clean-OFF-001604,review-clean4-clean-APP-024120,review-clean4-clean-CAND-04495,2026-07-13,Senior Engineer,74677,USD,2026-07-28,Accepted,2026-07-16,
review-clean4-clean-OFF-001605,review-clean4-clean-APP-024122,review-clean4-clean-CAND-02746,2026-08-28,Sales Rep,132693,USD,2026-09-16,Sent,,
review-clean4-clean-OFF-001606,review-clean4-clean-APP-024126,review-clean4-clean-CAND-01636,2026-09-13,Sales Rep,119957,USD,2026-10-13,Expired,2026-09-16,
review-clean4-clean-OFF-001607,review-clean4-clean-APP-024135,review-clean4-clean-CAND-01440,2026-08-21,Sales Rep,91234,USD,2026-09-19,Sent,,
review-clean4-clean-OFF-001608,review-clean4-clean-APP-024162,review-clean4-clean-CAND-04210,2026-08-11,Sales Rep,86706,USD,2026-08-26,Accepted,,
review-clean4-clean-OFF-001609,review-clean4-clean-APP-024181,review-clean4-clean-CAND-04152,2026-07-27,Product Manager,71323,USD,2026-08-10,Sent,2026-07-31,
review-clean4-clean-OFF-001610,review-clean4-clean-APP-024200,review-clean4-clean-CAND-01601,2026-08-13,Sales Rep,63215,USD,2026-09-09,Declined,2026-08-19,Competing Offer
review-clean4-clean-OFF-001611,review-clean4-clean-APP-024241,review-clean4-clean-CAND-01640,2026-08-20,Analyst,130643,USD,2026-09-13,Declined,2026-08-27,
review-clean4-clean-OFF-001612,review-clean4-clean-APP-024251,review-clean4-clean-CAND-03789,2026-06-30,Sales Rep,143096,USD,2026-07-15,Accepted,2026-07-02,
review-clean4-clean-OFF-001613,review-clean4-clean-APP-024262,review-clean4-clean-CAND-01331,2026-08-03,Sales Rep,81075,USD,2026-08-17,Accepted,2026-08-08,
review-clean4-clean-OFF-001614,review-clean4-clean-APP-024269,review-clean4-clean-CAND-01046,2026-07-17,Senior Engineer,121528,USD,2026-08-14,Declined,2026-07-23,Salary Negotiation
review-clean4-clean-OFF-001615,review-clean4-clean-APP-024285,review-clean4-clean-CAND-02039,2026-08-13,Analyst,129114,USD,2026-09-12,Accepted,2026-08-18,
review-clean4-clean-OFF-001616,review-clean4-clean-APP-024295,review-clean4-clean-CAND-03402,2026-07-02,Analyst,147797,USD,2026-07-25,Sent,2026-07-05,
review-clean4-clean-OFF-001617,review-clean4-clean-APP-024311,review-clean4-clean-CAND-03890,2026-08-24,Analyst,108164,USD,2026-09-19,Declined,2026-08-28,Competing Offer
review-clean4-clean-OFF-001618,review-clean4-clean-APP-024312,review-clean4-clean-CAND-00298,2026-09-07,Analyst,144764,USD,2026-09-27,Sent,,
review-clean4-clean-OFF-001619,review-clean4-clean-APP-024319,review-clean4-clean-CAND-00823,2026-08-02,Product Manager,148330,USD,2026-08-25,Declined,,
review-clean4-clean-OFF-001620,review-clean4-clean-APP-024327,review-clean4-clean-CAND-04610,2026-08-13,Senior Engineer,68289,USD,2026-09-08,Declined,,
review-clean4-clean-OFF-001621,review-clean4-clean-APP-024329,review-clean4-clean-CAND-03641,2026-07-22,Analyst,139985,USD,2026-08-09,Declined,2026-07-28,Competing Offer
review-clean4-clean-OFF-001622,review-clean4-clean-APP-024334,review-clean4-clean-CAND-03720,2026-06-29,Analyst,131514,USD,2026-07-18,Accepted,2026-07-03,
review-clean4-clean-OFF-001623,review-clean4-clean-APP-024341,review-clean4-clean-CAND-04376,2026-08-23,Sales Rep,69201,USD,2026-09-09,Sent,2026-08-30,
review-clean4-clean-OFF-001624,review-clean4-clean-APP-024373,review-clean4-clean-CAND-03298,2026-07-14,Sales Rep,146741,USD,2026-08-09,Declined,,
review-clean4-clean-OFF-001625,review-clean4-clean-APP-024382,review-clean4-clean-CAND-04472,2026-09-08,Senior Engineer,144087,USD,2026-09-24,Accepted,2026-09-12,
review-clean4-clean-OFF-001626,review-clean4-clean-APP-024417,review-clean4-clean-CAND-03716,2026-07-22,Analyst,101123,USD,2026-08-06,Accepted,2026-07-27,
review-clean4-clean-OFF-001627,review-clean4-clean-APP-024421,review-clean4-clean-CAND-02765,2026-07-08,Analyst,64949,USD,2026-07-26,Sent,2026-07-14,
review-clean4-clean-OFF-001628,review-clean4-clean-APP-024430,review-clean4-clean-CAND-00321,2026-08-23,Product Manager,71369,USD,2026-09-07,Accepted,2026-08-28,
review-clean4-clean-OFF-001629,review-clean4-clean-APP-024458,review-clean4-clean-CAND-03397,2026-06-30,Product Manager,136410,USD,2026-07-21,Declined,2026-07-05,Salary Negotiation
review-clean4-clean-OFF-001630,review-clean4-clean-APP-024468,review-clean4-clean-CAND-02915,2026-08-13,Senior Engineer,116540,USD,2026-09-08,Sent,2026-08-18,
review-clean4-clean-OFF-001631,review-clean4-clean-APP-024471,review-clean4-clean-CAND-00721,2026-07-26,Analyst,132490,USD,2026-08-16,Expired,,
review-clean4-clean-OFF-001632,review-clean4-clean-APP-024475,review-clean4-clean-CAND-01506,2026-09-15,Senior Engineer,88514,USD,2026-09-29,Sent,,
review-clean4-clean-OFF-001633,review-clean4-clean-APP-024490,review-clean4-clean-CAND-01177,2026-06-28,Product Manager,83754,USD,2026-07-16,Declined,,Competing Offer
review-clean4-clean-OFF-001634,review-clean4-clean-APP-024515,review-clean4-clean-CAND-01594,2026-09-03,Product Manager,95506,USD,2026-09-18,Accepted,2026-09-08,
review-clean4-clean-OFF-001635,review-clean4-clean-APP-024526,review-clean4-clean-CAND-00771,2026-07-12,Sales Rep,120770,USD,2026-08-06,Accepted,,
review-clean4-clean-OFF-001636,review-clean4-clean-APP-024537,review-clean4-clean-CAND-03310,2026-08-06,Senior Engineer,65154,USD,2026-09-01,Accepted,2026-08-12,
review-clean4-clean-OFF-001637,review-clean4-clean-APP-024543,review-clean4-clean-CAND-02764,2026-07-10,Senior Engineer,62395,USD,2026-08-02,Declined,,
review-clean4-clean-OFF-001638,review-clean4-clean-APP-024545,review-clean4-clean-CAND-04483,2026-08-07,Analyst,66724,USD,2026-09-05,Expired,2026-08-12,
review-clean4-clean-OFF-001639,review-clean4-clean-APP-024564,review-clean4-clean-CAND-02944,2026-09-08,Sales Rep,140604,USD,2026-09-30,Accepted,2026-09-12,
review-clean4-clean-OFF-001640,review-clean4-clean-APP-024568,review-clean4-clean-CAND-04433,2026-08-09,Sales Rep,143561,USD,2026-08-25,Accepted,2026-08-13,
review-clean4-clean-OFF-001641,review-clean4-clean-APP-024574,review-clean4-clean-CAND-02401,2026-07-26,Senior Engineer,65167,USD,2026-08-13,Declined,2026-08-02,Competing Offer
review-clean4-clean-OFF-001642,review-clean4-clean-APP-024576,review-clean4-clean-CAND-03344,2026-07-31,Senior Engineer,126152,USD,2026-08-14,Declined,,
review-clean4-clean-OFF-001643,review-clean4-clean-APP-024579,review-clean4-clean-CAND-03087,2026-07-18,Analyst,67572,USD,2026-08-07,Accepted,,
review-clean4-clean-OFF-001644,review-clean4-clean-APP-024617,review-clean4-clean-CAND-02623,2026-07-08,Analyst,136866,USD,2026-08-07,Expired,,Competing Offer
review-clean4-clean-OFF-001645,review-clean4-clean-APP-024646,review-clean4-clean-CAND-04852,2026-08-10,Analyst,111644,USD,2026-08-30,Accepted,2026-08-16,
review-clean4-clean-OFF-001646,review-clean4-clean-APP-024657,review-clean4-clean-CAND-03839,2026-07-17,Product Manager,126682,USD,2026-08-04,Accepted,2026-07-20,
review-clean4-clean-OFF-001647,review-clean4-clean-APP-024658,review-clean4-clean-CAND-03768,2026-09-26,Senior Engineer,97789,USD,2026-10-23,Accepted,2026-09-28,
review-clean4-clean-OFF-001648,review-clean4-clean-APP-024674,review-clean4-clean-CAND-00172,2026-08-22,Analyst,133139,USD,2026-09-19,Declined,2026-08-28,Salary Negotiation
review-clean4-clean-OFF-001649,review-clean4-clean-APP-024688,review-clean4-clean-CAND-00359,2026-08-22,Senior Engineer,111158,USD,2026-09-06,Declined,,Competing Offer
review-clean4-clean-OFF-001650,review-clean4-clean-APP-024710,review-clean4-clean-CAND-03308,2026-07-12,Sales Rep,97331,USD,2026-07-26,Expired,2026-07-17,
review-clean4-clean-OFF-001651,review-clean4-clean-APP-024729,review-clean4-clean-CAND-03413,2026-06-29,Analyst,115733,USD,2026-07-24,Accepted,2026-07-01,
review-clean4-clean-OFF-001652,review-clean4-clean-APP-024742,review-clean4-clean-CAND-04667,2026-07-05,Senior Engineer,64709,USD,2026-08-04,Sent,,
review-clean4-clean-OFF-001653,review-clean4-clean-APP-024746,review-clean4-clean-CAND-03772,2026-09-13,Senior Engineer,105502,USD,2026-10-12,Accepted,,
review-clean4-clean-OFF-001654,review-clean4-clean-APP-024748,review-clean4-clean-CAND-01947,2026-09-18,Analyst,89903,USD,2026-10-06,Sent,2026-09-23,
review-clean4-clean-OFF-001655,review-clean4-clean-APP-024755,review-clean4-clean-CAND-00083,2026-07-23,Senior Engineer,86301,USD,2026-08-13,Sent,2026-07-26,
review-clean4-clean-OFF-001656,review-clean4-clean-APP-024782,review-clean4-clean-CAND-04274,2026-07-07,Analyst,106801,USD,2026-07-28,Accepted,,
review-clean4-clean-OFF-001657,review-clean4-clean-APP-024787,review-clean4-clean-CAND-01589,2026-08-17,Analyst,117535,USD,2026-09-09,Sent,2026-08-23,
review-clean4-clean-OFF-001658,review-clean4-clean-APP-024794,review-clean4-clean-CAND-00814,2026-08-22,Product Manager,119230,USD,2026-09-12,Sent,,
review-clean4-clean-OFF-001659,review-clean4-clean-APP-024801,review-clean4-clean-CAND-03870,2026-07-13,Senior Engineer,60595,USD,2026-07-31,Expired,,Competing Offer
review-clean4-clean-OFF-001660,review-clean4-clean-APP-024813,review-clean4-clean-CAND-00510,2026-09-06,Product Manager,77700,USD,2026-09-20,Accepted,2026-09-10,
review-clean4-clean-OFF-001661,review-clean4-clean-APP-024818,review-clean4-clean-CAND-01736,2026-07-04,Senior Engineer,133681,USD,2026-07-23,Accepted,2026-07-06,
review-clean4-clean-OFF-001662,review-clean4-clean-APP-024837,review-clean4-clean-CAND-00834,2026-08-03,Product Manager,84827,USD,2026-09-01,Accepted,2026-08-06,
review-clean4-clean-OFF-001663,review-clean4-clean-APP-024852,review-clean4-clean-CAND-04875,2026-08-02,Product Manager,90133,USD,2026-08-19,Declined,2026-08-05,
review-clean4-clean-OFF-001664,review-clean4-clean-APP-024865,review-clean4-clean-CAND-03695,2026-07-11,Product Manager,69973,USD,2026-07-30,Expired,2026-07-13,Competing Offer
review-clean4-clean-OFF-001665,review-clean4-clean-APP-024885,review-clean4-clean-CAND-03429,2026-08-06,Product Manager,88276,USD,2026-08-24,Accepted,,
review-clean4-clean-OFF-001666,review-clean4-clean-APP-024889,review-clean4-clean-CAND-02342,2026-06-29,Product Manager,125152,USD,2026-07-18,Declined,,
review-clean4-clean-OFF-001667,review-clean4-clean-APP-024908,review-clean4-clean-CAND-03616,2026-09-13,Sales Rep,81644,USD,2026-10-09,Sent,2026-09-20,
review-clean4-clean-OFF-001668,review-clean4-clean-APP-024914,review-clean4-clean-CAND-04074,2026-08-29,Product Manager,88886,USD,2026-09-15,Sent,2026-09-03,
review-clean4-clean-OFF-001669,review-clean4-clean-APP-024925,review-clean4-clean-CAND-02146,2026-07-15,Sales Rep,67500,USD,2026-08-05,Declined,2026-07-19,Salary Negotiation
review-clean4-clean-OFF-001670,review-clean4-clean-APP-024949,review-clean4-clean-CAND-03984,2026-07-11,Analyst,90129,USD,2026-07-28,Sent,,
review-clean4-clean-OFF-001671,review-clean4-clean-APP-024969,review-clean4-clean-CAND-02152,2026-07-04,Senior Engineer,71957,USD,2026-07-31,Accepted,2026-07-10,
review-clean4-clean-OFF-001672,review-clean4-clean-APP-024981,review-clean4-clean-CAND-03215,2026-07-02,Product Manager,66141,USD,2026-07-17,Declined,,
review-clean4-clean-OFF-001673,review-clean4-clean-APP-024991,review-clean4-clean-CAND-04639,2026-07-05,Senior Engineer,139513,USD,2026-07-31,Accepted,2026-07-10,
review-clean4-clean-OFF-001674,review-clean4-clean-APP-024992,review-clean4-clean-CAND-04094,2026-07-04,Senior Engineer,61544,USD,2026-07-30,Sent,2026-07-08,
